id,sentence,VI,normalized-VI,homogeneity,completeness,V-score
0,-,3.620451370029866,0.5310709871173936,0.45274927858863784,0.48630802369617854,0.4689290128826062
1,"In an Oct. 19 review of `` The Misanthrope '' at Chicago 's Goodman Theatre -LRB- `` Revitalized Classics Take the Stage in Windy City , '' Leisure & Arts -RRB- , the role of Celimene , played by Kim Cattrall , was mistakenly attributed to Christina Haag .",2.397962620890973,0.39601097819843745,0.6235084776932175,0.5856546128990238,0.6039890218015623
2,Ms. Haag plays Elianti .,0.5509775004326936,0.16732395949356627,1.0,0.7133204400839018,0.8326760405064336
3,"Rolls-Royce Motor Cars Inc. said it expects its U.S. sales to remain steady at about 1,200 cars in 1990 .",1.7987084225518544,0.30130840261188224,0.7031373251722766,0.6943017344114844,0.6986915973881177
4,"The luxury auto maker last year sold 1,214 cars in the U.S.",1.2378960810227788,0.2575615639035634,0.7279828422902023,0.757479751590903,0.7424384360964364
5,"Howard Mosher , president and chief executive officer , said he anticipates growth for the luxury auto maker in Britain and Europe , and in Far Eastern markets .",1.5481585155944746,0.2568055586326801,0.7677590310200884,0.7201530148490708,0.7431944413673198
6,BELL INDUSTRIES Inc. increased its quarterly to 10 cents from seven cents a share .,1.7333333333333316,0.33463350090278354,0.6176682336889603,0.721048078187136,0.6653664990972162
7,The new rate will be payable Feb. 15 .,0.6666666666666679,0.11751192005564601,0.8492234537424981,0.918464939457502,0.8824880799443541
8,A record date has n't been set .,1.0943609377704333,0.22308223737786706,0.7622556248918265,0.7921550211540894,0.7769177626221327
9,"Bell , based in Los Angeles , makes and distributes electronic , computer and building products .",1.6626272062641414,0.3032711917573779,0.7179507881581512,0.6767254133480454,0.6967288082426222
10,Investors are appealing to the Securities and Exchange Commission not to limit their access to information about stock purchases and sales by corporate insiders .,1.9166458784357445,0.3231536652094269,0.6296930246859662,0.7316332348399245,0.6768463347905733
11,"A SEC proposal to ease reporting requirements for some company executives would undermine the usefulness of information on insider trades as a stock-picking tool , individual investors and professional money managers contend .",1.3358372348342407,0.2335266171475261,0.7962978942878365,0.7388023089130459,0.7664733828524739
12,"They make the argument in letters to the agency about rule changes proposed this past summer that , among other things , would exempt many middle-management executives from reporting trades in their own companies ' shares .",1.4590635733053379,0.2544229631506794,0.7319640029132586,0.7597060155002848,0.7455770368493205
13,The proposed changes also would allow executives to report exercises of options later and less often .,1.197913410388252,0.21524889883734755,0.7617654713790528,0.8091670330384365,0.7847511011626527
14,Many of the letters maintain that investor confidence has been so shaken by the 1987 stock market crash -- and the markets already so stacked against the little guy -- that any decrease in information on insider-trading patterns might prompt individuals to get out of stocks altogether .,2.0899634423401494,0.34751813011387334,0.6239857402878786,0.6837052658799708,0.6524818698861268
15,"`` The SEC has historically paid obeisance to the ideal of a level playing field , '' wrote Clyde S. McGregor of Winnetka , Ill. , in one of the 92 letters the agency has received since the changes were proposed Aug. 17 .",2.364951282067499,0.3748428251548517,0.6164038686210874,0.6341626666988903,0.6251571748451481
16,`` Apparently the commission did not really believe in this ideal . '',1.1930596157174582,0.20220912397478485,0.8191502648510406,0.7775170749472929,0.7977908760252154
17,"Currently , the rules force executives , directors and other corporate insiders to report purchases and sales of their companies ' shares within about a month after the transaction .",0.9421554168830131,0.16853274634835105,0.7880268635469874,0.8799764102723632,0.831467253651649
18,"But about 25 % of the insiders , according to SEC figures , file their reports late .",1.0621897488202086,0.1746254963580665,0.7685198597912819,0.8913133361109988,0.8253745036419334
19,"The changes were proposed in an effort to streamline federal bureaucracy and boost compliance by the executives `` who are really calling the shots , '' said Brian Lane , special counsel at the SEC 's office of disclosure policy , which proposed the changes .",1.780663231140423,0.28466805587736566,0.6918843983943519,0.740424484134183,0.7153319441226345
20,"Investors , money managers and corporate officials had until today to comment on the proposals , and the issue has produced more mail than almost any other issue in memory , Mr. Lane said .",1.9153065005380254,0.307939021871885,0.6923786051109191,0.691743642432878,0.6920609781281148
21,"The SEC will probably vote on the proposal early next year , he said .",0.9836591668108969,0.1498691029643386,0.8610201506583447,0.839513634617286,0.850130897035661
22,Not all those who wrote oppose the changes .,0.6121972227029939,0.12651934181054594,0.8734806581894543,0.8734806581894543,0.8734806581894543
23,"The Committee on Federal Regulation of Securities for the American Bar Association argues , for example , in its lengthy letter to the SEC , that the proposed changes `` would substantially improve the -LCB- law -RCB- by conforming it more closely to contemporary business realities . ''",2.4798185157192556,0.3949587530559561,0.5899138471267438,0.6209649015314544,0.6050412469440439
24,What the investors who oppose the proposed changes object to most is the effect they say the proposal would have on their ability to spot telltale `` clusters '' of trading activity -- buying or selling by more than one officer or director within a short period of time .,2.112863700190523,0.35488390939734504,0.6185984387350631,0.6740090462334081,0.6451160906026551
25,"According to some estimates , the rule changes would cut insider filings by more than a third .",1.3208020839342964,0.2323018618056375,0.8532793321410699,0.6977191355291726,0.7676981381943624
26,The SEC 's Mr. Lane vehemently disputed those estimates .,1.5509775004326931,0.3304959712585601,0.5936091441574138,0.7676506995164393,0.6695040287414398
27,"The rules will eliminate filings policy-making divisions , such as sales , marketing , finance and research and development , Mr. Lane said .",1.3962406251802886,0.2503730795759069,0.76383896350762,0.7359340776677856,0.7496269204240927
28,"The proposed rules also would be tougher on the insiders still required to file reports , he said .",0.9870993422191283,0.15479874916485237,0.8539774808001082,0.8366035705801139,0.8452012508351474
29,Companies would be compelled to publish in annual proxy statements the names of insiders who fail to file reports on time .,1.5759561119571392,0.2707951422694007,0.7565757457998398,0.7037452362739888,0.7292048577305992
30,"Considered as a whole , Mr. Lane said , the filings required under the proposed rules `` will be at least as effective , if not more so , for investors following transactions . ''",1.8420372435096377,0.2928650831571283,0.7099431027448685,0.7043488590188892,0.7071349168428713
31,"But Robert Gabele , president of Invest/Net , a North Miami , Fla. , company that packages and sells the insider-trading data , said the proposal is worded so vaguely that key officials may fail to file the reports .",1.7788039275963445,0.27586407101428606,0.7037593375283392,0.7457276681236755,0.7241359289857137
32,"Many investors wrote asking the SEC to require insiders to report their purchases and sales immediately , not a month later .",1.3809336548910789,0.23399444613889403,0.7340533923979512,0.8008659586862837,0.7660055538611055
33,"But Mr. Lane said that while the SEC regulates who files , the law tells them when to do so .",1.9706703802501968,0.32561978513567136,0.6505525424410744,0.7000197125406434,0.6743802148643283
34,"Investors who want to change the required timing should write their representatives in Congress , he added .",0.9455305560363261,0.15600275901110455,0.8288034636052817,0.8597584916341778,0.8439972409888954
35,"The SEC would likely be amenable to legislation that required insiders to file transactions on a more timely basis , he said .",1.7239775849740546,0.26988010702843335,0.7053418629300058,0.7567021645642392,0.7301198929715668
36,"The nation 's largest pension fund , which oversees $ 80 billion for college employees , plans to offer two new investment options to its 1.2 million participants .",1.7607377237455264,0.3058431130671647,0.6602599057646679,0.7317226846519029,0.6941568869328351
37,"The Teachers Insurance and Annuity Association-College Retirement Equities Fund said it will introduce a stock and bond fund that will invest in `` socially responsible '' companies , and a bond fund .",1.7610872091246472,0.2763674570100932,0.7243443359649041,0.7229221475597862,0.7236325429899066
38,"Both funds are expected to begin operation around March 1 , subject to Securities and Exchange Commission approval .",1.5584021302335156,0.2590478250971424,0.6834895043327969,0.8089637814959858,0.7409521749028576
39,"For its employees to sign up for the options , a college also must approve the plan .",1.1111111111111116,0.17760802390023692,0.8223919760997632,0.8223919760997632,0.8223919760997632
40,"Some 4,300 institutions are part of the pension fund .",1.1999999999999993,0.2379132066518327,0.8277293767706427,0.706090693026516,0.7620867933481671
41,"The new options carry out part of an agreement that the pension fund , under pressure to relax its strict participation rules and to provide more investment options , reached with the SEC in December .",1.675998679582742,0.2858360098899531,0.6987026814815409,0.7303250574885469,0.7141639901100469
42,"The new `` social choice '' fund will shun securities of companies linked to South Africa , nuclear power and in some cases , Northern Ireland .",1.9296246470411074,0.34245871329476457,0.6271560634227751,0.6910207020353769,0.6575412867052356
43,"Also excluded will be investments in companies with `` significant '' business stemming from weapons manufacture , alcoholic beverages or tobacco .",1.9527967508413813,0.35204504099995737,0.6622375626725083,0.6342754201815536,0.6479549590000423
44,"Sixty percent of the fund will be invested in stocks , with the rest going into bonds or short-term investments .",1.0195195016293823,0.16746359642723396,0.8318865955652606,0.8331872275373431,0.8325364035727655
45,"The bond fund will invest in high-grade or medium-grade bonds , mortgages or asset-backed securities , including as much as 15 % in foreign securities .",1.6536045561419606,0.2688462189067103,0.7166121589876983,0.7462977893192301,0.7311537810932897
46,"The fund also might buy and sell futures and options contracts , subject to approval by the New York State Insurance Department .",2.0901753878759557,0.3471048351725673,0.6383975658997644,0.6680665268126234,0.6528951648274328
47,"Under two new features , participants will be able to transfer money from the new funds to other investment funds or , if their jobs are terminated , receive cash from the funds .",1.3174702211609182,0.21316874580575348,0.7623258116022125,0.8129645095760986,0.7868312541942466
48,"The investment choices offered by the pension fund currently are limited to a stock fund , an annuity and a money-market fund .",1.1534489136078623,0.20354682429234355,0.8963783535139721,0.7165721728856285,0.7964531757076565
49,"New Brunswick Scientific Co. , a maker of biotechnology instrumentation and equipment , said it adopted an anti-takeover plan giving shareholders the right to purchase shares at half price under certain conditions .",1.5804538763157918,0.26373467312519194,0.7411492204592034,0.7314453779494221,0.736265326874808
50,"The company said the plan , under review for some time , will protect shareholders against `` abusive takeover tactics .",1.6210401895222102,0.29938362706513705,0.750456674670156,0.6569839059166825,0.700616372934863
51,"W. Ed Tyler , 37 years old , a senior vice president at this printing concern , was elected president of its technology group , a new position .",1.909795792594971,0.3390323553661791,0.6204961135601467,0.7070870219433419,0.660967644633821
52,"Solo woodwind players have to be creative if they want to work a lot , because their repertoire and audience appeal are limited .",1.3868421881310127,0.23846879805768376,0.7574346292225539,0.7656723281209232,0.7615312019423162
53,"The oboist Heinz Holliger has taken a hard line about the problem : He commissions and splendidly interprets fearsome contemporary scores and does some conducting , so he does n't have to play the same Mozart and Strauss concertos over and over again .",3.035565623923596,0.46401582300841226,0.4982230431341555,0.5799386710443886,0.5359841769915877
54,"Richard Stoltzman has taken a gentler , more audience-friendly approach .",1.1595352274694068,0.20133168756759667,0.7892637221938954,0.8082997290653979,0.7986683124324035
55,"Years ago , he collaborated with the new music gurus Peter Serkin and Fred Sherry in the very countercultural chamber group Tashi , which won audiences over to dreaded contemporary scores like Messiaen 's `` Quartet for the End of Time . ''",2.337426612319587,0.3893939131637073,0.585536487413854,0.6379184050657392,0.610606086836293
56,"Today , the pixie-like clarinetist has mostly dropped the missionary work -LRB- though a touch of the old Tashi still survives -RRB- and now goes on the road with piano , bass , a slide show , and a repertoire that ranges from light classical to light jazz to light pop , with a few notable exceptions .",2.001280111352365,0.32319911888719816,0.6724915620074404,0.6811657845481845,0.676800881112802
57,"Just the thing for the Vivaldi-at-brunch set , the yuppie audience that has embraced New Age as its very own easy listening .",1.8621270184048004,0.301112999177353,0.6815896613443454,0.7170851423821376,0.6988870008226468
58,But you ca n't dismiss Mr. Stoltzman 's music or his motives as merely commercial and lightweight .,1.9874687506009625,0.3364065688657669,0.6051789968227544,0.7344894575966645,0.6635934311342329
59,"He believes in what he plays , and he plays superbly .",0.9779447911258008,0.21227285258508272,0.7703767029171951,0.8058771335512019,0.7877271474149173
60,"His recent appearance at the Metropolitan Museum , dubbed `` A Musical Odyssey , '' was a case in point .",1.5585264739619307,0.25619959054118174,0.7934913401694568,0.6999663110848275,0.743800409458818
61,"It felt more like a party , or a highly polished jam session with a few friends , than a classical concert .",0.8027997150743547,0.13717983855746252,0.8518377908375964,0.8740894124342897,0.8628201614425376
62,"Clad in his trademark black velvet suit , the soft-spoken clarinetist announced that his new album , `` Inner Voices , '' had just been released , that his family was in the front row , and that it was his mother 's birthday , so he was going to play her favorite tune from the record .",2.24611943812194,0.35801126859572474,0.6173767896667259,0.6686444774538,0.6419887314042753
63,"He launched into Saint-Saens 's `` The Swan '' from `` Carnival of the Animals , '' a favorite encore piece for cellists , with lovely , glossy tone and no bite .",1.872035802226546,0.3161506955634381,0.7100231893747048,0.6595365305423457,0.6838493044365618
64,"Then , as if to show that he could play fast as well , he offered the second movement from Saint-Saens 's Sonata for Clarinet , a whimsical , puckish tidbit that reflected the flip side of the Stoltzman personality .",1.1966193655761055,0.18036014718296328,0.7835416515900303,0.8592248198487146,0.819639852817037
65,"And so it went through the first half : an ingeniously chosen potpourri of pieces , none longer than five minutes , none that would disturb or challenge a listener .",1.813117452140224,0.28572669569124975,0.6996101409576528,0.7295642778889323,0.7142733043087502
66,"Mr. Stoltzman introduced his colleagues : Bill Douglas , pianist/bassoonist/composer and an old buddy from Yale , and jazz bassist Eddie Gomez .",2.1631021706310047,0.3954697479475217,0.6056933413030854,0.603371621110416,0.6045302520524782
67,"An improvisational section was built around pieces by Mr. Douglas , beginning with `` Golden Rain , '' a lilting , laid-back lead in to the uptempo `` Sky , '' which gave Mr. Stoltzman the opportunity to wail in a high register and show off his fleet fingers .",2.1155304443580354,0.3403617041298739,0.6561203640455407,0.663194155363109,0.659638295870126
68,Bach 's `` Air '' followed .,0.7871107149038483,0.18493401620490652,0.8150659837950935,0.8150659837950937,0.8150659837950937
69,"Mr. Stoltzman tied the composer in by proclaiming him `` the great improviser of the 18th century , '' and then built on the image by joining with Mr. Douglas in some Bach two-part inventions , cleverly arranged for clarinet and bassoon by Mr. Douglas .",1.8082015628202965,0.29264139222013225,0.6722099878313442,0.7463857409975018,0.7073586077798676
70,"Keeping the mood light , the two then chanted and chortled their way through some murderous polyrhythms , devised by Mr. Douglas as an alternative to Hindemith 's dry theory-teaching techniques , and then , with Mr. Gomez , soared and improvised on the composer 's tight `` Bebop Etudes . ''",2.5422465749689915,0.41613068705545603,0.5338110518451447,0.644287532899923,0.5838693129445439
71,"The end of the first half , however , brought what the standing-room-only crowd seemed to be waiting for : the pop singer Judy Collins , who appears on `` Inner Voices . ''",2.0216460596861108,0.3345419811715255,0.6312258719475836,0.7036159687148961,0.6654580188284746
72,"Glamorous and pure-voiced as ever , Ms. Collins sang Joni Mitchell 's `` For Free '' -- about an encounter with a street-corner clarinetist , to which Mr. Stoltzman contributed a clarinet obligatto -- and Mr. Douglas 's lush setting of a Gaelic blessing , `` Deep Peace . ''",2.9205856179869665,0.4701405206638103,0.5198226729677133,0.5402915005926356,0.5298594793361896
73,"`` Deep Peace '' also featured a slide show of lovely but predictable images of clouds , beaches , deserts , sunsets , etc .",1.7019232562657192,0.31604846890848737,0.7008452634224822,0.6678530688900995,0.6839515310915124
74,"It was all too mellow to be believed , but they probably would have gotten away with it , had they not felt compelled to add Ms. Collins 's signature tune , `` Amazing Grace , '' and ask for audience participation .",2.757440574496996,0.43694739816807077,0.5345778145064601,0.5947315332533031,0.5630526018319292
75,That went over the permissible line for warm and fuzzy feelings .,0.6258145836939129,0.1128791702435233,0.8612305753409129,0.9146159516898931,0.887120829756477
76,Was this why some of the audience departed before or during the second half ?,0.9836591668108978,0.17370532699406593,0.7782389615434551,0.880675786766833,0.8262946730059338
77,Or was it because Ms. Collins had gone ?,0.8888888888888902,0.16307012108499616,0.836929878915004,0.8369298789150039,0.836929878915004
78,"Either way it was a pity , because Mr. Stolzman offered the most substantial music of the evening just after intermission : Steve Reich 's `` New York Counterpoint , '' one of a series of Reich works that juxtapose a live performer with recorded tracks of his or her own playing .",2.4062613365725447,0.39650460032383045,0.5496009304304572,0.6691089569012277,0.6034953996761696
79,-LRB- Mr. Reich 's new `` Different Trains '' for string quartet uses the technique magisterially . -RRB-,1.9566267193818692,0.3616379089161088,0.6041803689883329,0.676643437386585,0.6383620910838913
80,Mr. Stoltzman must have worried that his audience might not be able to take it : He warned us in advance that `` New York Counterpoint '' lasts 11 1/2 minutes .,2.2688549666914937,0.37156912492498634,0.5812123512097528,0.6840000160517186,0.6284308750750136
81,"He also unfortunately illustrated this intricate , jazzy tapestry with Mr. Pearson 's images , this time of geometric or repeating objects , in a kitschy mirroring of the musical structure that was thoroughly distracting from Mr. Reich 's piece and Mr. Stoltzman 's elegant execution of it .",2.2307362410586165,0.36110764007352397,0.5818530034922575,0.7083303580525336,0.6388923599264762
82,"The rest of the concert was more straight jazz and mellow sounds written by Charlie Parker , Ornette Coleman , Bill Douglas and Eddie Gomez , with pictures for the Douglas pieces .",1.7180036984654956,0.30481192763780457,0.6958045688355283,0.6945726673776772,0.6951880723621953
83,"It was enjoyable to hear accomplished jazz without having to sit in a smoke-filled club , but like the first half , much of it was easy to take and ultimately forgettable .",2.2292390137163096,0.35309071315152246,0.6340579852807128,0.660292314671982,0.6469092868484775
84,Is this the future of chamber music ?,0.9387218755408666,0.20580237598473092,0.7529301269245373,0.84025111448191,0.7941976240152688
85,"Managers and presenters insist that chamber music concerts are a hard sell , but can audiences really enjoy them only if the music is purged of threatening elements , served up in bite-sized morsels and accompanied by visuals ?",2.6120520332254884,0.4241888960496719,0.5653297444572323,0.5866884595382154,0.5758111039503282
86,What 's next ?,0.0,0.0,1.0,1.0,1.0
87,Slides to illustrate Shostakovich quartets ?,0.33333333333333304,0.06891905627080991,1.0,0.8710490642551528,0.93108094372919
88,"It was not an unpleasant evening , certainly , thanks to the high level of performance , the compositional talents of Mr. Douglas , and the obvious sincerity with which Mr. Stoltzman chooses his selections .",1.4033958293800017,0.22998817473245048,0.7284630680560173,0.8165868257777561,0.7700118252675495
89,But it was neither deep nor lasting : light entertainment that was no substitute for an evening of Brahms .,1.8937151490463604,0.31826390939038124,0.624749989298363,0.7501615096068575,0.6817360906096187
90,Ms. Waleson is a free-lance writer based in New York .,1.1595352274694068,0.21490020251485778,0.8305079401435886,0.7443996387538636,0.7850997974851422
91,One of Ronald Reagan 's attributes as President was that he rarely gave his blessing to the claptrap that passes for `` consensus '' in various international institutions .,2.1856578615604882,0.356792357259338,0.5911764823596759,0.7052815190285812,0.6432076427406622
92,"In fact , he liberated the U.S. from one of the world 's most corrupt organizations -- UNESCO .",1.3823506582363363,0.23110778884772024,0.722812121220989,0.8212476791945464,0.7688922111522798
93,"This is the U.N. group that managed to traduce its own charter of promoting education , science and culture .",1.5987084225518542,0.2644614299124565,0.7401599417324631,0.7309745497093562,0.7355385700875434
94,"Ever since , the remaining members have been desperate for the United States to rejoin this dreadful group .",1.5928769740258089,0.2539906880795792,0.7032494314629397,0.7943057141107727,0.7460093119204206
95,Now UNESCO apologists are lobbying President Bush to renege on President Reagan 's decision to depart .,1.4776126752213972,0.2843346486245825,0.6817835226220118,0.7530908606919056,0.7156653513754176
96,But we can think of many reasons to stay out for the foreseeable future and well beyond .,1.0621897488202086,0.17225026902347865,0.7617971520279271,0.9062043623611118,0.8277497309765215
97,"The U.S. , along with Britain and Singapore , left the agency when its anti-Western ideology , financial corruption and top leadership got out of hand .",1.175382870129984,0.20177607574890352,0.7362238665628497,0.8716267449469631,0.7982239242510965
98,"The personal antics of agency Director Amadou-Mahtar M'Bow drew much attention , such as when several of his top aides were uncovered as KGB plants and ejected from France and when a mysterious office fire was set just before Congress sent accountants to trace U.S. funds .",2.4647991997900447,0.405399620723063,0.5339401800317166,0.6708101894157135,0.594600379276937
99,"Mr. M'Bow was an extreme case , but even his replacement , the more personally genial Spanish biochemist Federico Mayor , has had little success at achieving reforms .",1.92246034222459,0.3097771387431137,0.6624274952938857,0.720452968019511,0.6902228612568863
100,"Several ridiculous projects continue , including the `` New International Economic Order , '' which means redistributionism from the West to pay for everyone else 's statism .",1.9006886053169136,0.3149572232090913,0.6623079991645333,0.7093938513362747,0.6850427767909084
101,"The Orwellian `` New World Information Order '' would give government officials rights against the press ; journalists would be obliged to kowtow to their government , which would have licensing and censorship powers and , indeed , duties to block printing of `` wrong '' ideas .",2.6584198447733227,0.4508814201277288,0.5301038596733774,0.5695481592662321,0.5491185798722712
102,UNESCO somehow converted the founding U.N. ideals of individual rights and liberty into `` peoples ' rights . '',1.0923625001138646,0.1896340044862019,0.760052492749177,0.8678129616957251,0.8103659955137977
103,Million-dollar conferences were held to chew on subjects such as `` ethical responsibilities of scientists in support of disarmament '' and `` the impact of the activities of transnational corporations . '',1.9551279324264526,0.3487469770619117,0.6622452570631046,0.6406197385526238,0.6512530229380883
104,The agency was so totally subverted from the high principles of its founding that even the Soviets now wonder about an agency that seemed so congenial to them .,1.831703982026335,0.30594523921046757,0.6426082733451286,0.7544556195532333,0.694054760789532
105,"Glasnost may be partly responsible , but Soviet Foreign Minister Eduard Shevardnadze last year admitted , `` The exaggerated ideological approach undermined tolerance intrinsic to UNESCO . ''",2.5485088012961166,0.42771984466617535,0.5527326098155642,0.5932609988244959,0.5722801553338247
106,UNESCO is now holding its biennial meetings in Paris to devise its next projects .,0.9836591668108978,0.16312425566674513,0.7787213119006942,0.90441705842224,0.8368757443332548
107,Mr. Mayor 's hope that references to `` press freedom '' would survive unamended seems doomed to failure ; the current phrasing is `` educating the public and media to avoid manipulation . '',2.1382344975025207,0.3746876261709814,0.5865526169019869,0.6695571192135905,0.6253123738290189
108,He has n't been able to replace the M'Bow cabal .,0.9090909090909092,0.16101116140298177,0.7650772524126412,0.9287082776283171,0.8389888385970182
109,"Soviets remain in charge of education programs , a former head of an African military tribunal for executions is in charge of culture , and a hard-line Polish communist in exile directs the human-rights and peace division .",1.3324887062300883,0.23767601849040987,0.7982142740367396,0.7295223019677184,0.7623239815095902
110,"Of the agency 's 2,750 staff members , 230 are in the field working on actual projects , such as literacy and oceanographic research .",1.726450378349206,0.29600567723635446,0.7037143013864391,0.7042745670812858,0.7039943227636457
111,"The position of the United States , which once contributed 25 % of the budget , is that nothing has changed .",1.267013771860328,0.1931146603288383,0.7678140471045093,0.8501462201090432,0.8068853396711617
112,"John Bolton , the assistant secretary of state for international organizations , told Congress that the continuing `` statist , restrictive , nondemocratic '' programs make rejoining any time soon `` extremely unlikely . ''",2.666837856098729,0.46622873812694604,0.5219554296759309,0.5461344497006769,0.5337712618730539
113,"This has n't much bothered the UNESCO delegates , who last week could n't even agree to raise funds by selling off a fancy 19th-century French chateau the agency somehow owns .",1.9340723566228348,0.29669387458236113,0.6759810430056746,0.7329333839419974,0.7033061254176386
114,"Other countries , including West Germany , may have a hard time justifying continued membership .",1.0165414066556515,0.18026667895188161,0.8604016476977772,0.7827359918560793,0.8197333210481186
115,We see an even stronger argument against UNESCO than its unsurprising failure to reform .,1.4079610319175817,0.2511605780970204,0.6981911995368666,0.8074106471253816,0.748839421902979
116,This is that the Reagan Revolution spanning Eastern Europe and Tiananmen Square shows the power of ideas unencumbered by international civil servants or government functionaries .,2.3637735348615823,0.4112148859204006,0.5528674746163261,0.6296938638475379,0.5887851140795994
117,"Free markets , free minds and free elections have an appeal that seems to get muddled only when delivered through U.N. organizations -- which of course are made up largely of governments that fear these principles at home .",1.534576190563187,0.2592807991469059,0.6706937123680317,0.8270717359259483,0.7407192008530942
118,The Babelists of the United Nations are experts at obfuscation .,1.114969318771855,0.21962822845596433,0.7981683138708774,0.7633515296090193,0.7803717715440356
119,"This can have its purposes at times , but there 's no reason to cloud the importance and allure of Western concepts of freedom and justice .",1.1344144623366939,0.19068761513626345,0.7988686979188082,0.820032751506761,0.8093123848637367
120,"We can see plenty of reasons to stay out , and none to rejoin UNESCO .",1.353217778400202,0.24371669749578548,0.6555479421545141,0.8935989898240562,0.7562833025042146
121,Researchers at Plant Genetic Systems N.V. in Belgium said they have developed a genetic engineering technique for creating hybrid plants for a number of key crops .,1.8659459410223649,0.31613534213872524,0.6665418892007358,0.7021118549761608,0.683864657861275
122,The researchers said they have isolated a plant gene that prevents the production of pollen .,0.6415414066556497,0.11864459519366302,0.9326113475522253,0.8354399621312938,0.8813554048063369
123,The gene thus can prevent a plant from fertilizing itself .,0.7958988638330426,0.13819300836452342,0.8516589220365602,0.8721998193769319,0.8618069916354767
124,"Such so-called male-sterile plants can then be fertilized by pollen from another strain of the plant , thereby producing hybrid seed .",1.2206705896487886,0.21125279797256558,0.7864918911101763,0.7910154846102895,0.7887472020274345
125,"The new generation of plants will possess the flourishing , high-production trait known as `` hybrid vigor , '' similar to that now seen in hybrid corn .",2.0426231928539544,0.35194095186118135,0.6491162024493273,0.6470053316044805,0.6480590481388189
126,"`` The development could have a dramatic effect on farm production , especially cotton , '' said Murray Robinson , president of Delta & Pine Land Co. , a Southwide Inc. subsidiary that is one of the largest cotton seed producers in the U.S. .",2.303661176061069,0.3654875726458898,0.6456589402957861,0.6237442448606564,0.6345124273541103
127,"On a commercial scale , the sterilization of the pollen-producing male part has only been achieved in corn and sorghum feed grains .",1.6326790862736251,0.26954865984849846,0.7607679308651014,0.7024583840115165,0.7304513401515016
128,"That 's because the male part , the tassel , and the female , the ear , are some distance apart on the corn plant .",1.1500051742265427,0.20191310623427616,0.8552654791930585,0.7480745353066822,0.7980868937657235
129,"In a labor-intensive process , the seed companies cut off the tassels of each plant , making it male sterile .",1.4399443313108335,0.255744370515032,0.7806321700273352,0.7111183511064222,0.744255629484968
130,"They sow a row of male-fertile plants nearby , which then pollinate the male-sterile plants .",0.7971804688852169,0.13050435829323756,0.8993570498455006,0.8415534888052965,0.8694956417067622
131,The first hybrid corn seeds produced using this mechanical approach were introduced in the 1930s and they yielded as much as 20 % more corn than naturally pollinated plants .,2.3282823810654767,0.38474379373814055,0.5759481124238617,0.6603228204772545,0.6152562062618594
132,The vast majority of the U.S. corn crop now is grown from hybrid seeds produced by seed companies .,0.980483709636351,0.17046853780041124,0.8325051952969886,0.826578898010785,0.8295314621995888
133,"A similar technique is almost impossible to apply to other crops , such as cotton , soybeans and rice .",1.6937151490463607,0.2984702960352728,0.685493476632083,0.7183341971943595,0.701529703964727
134,"The male part , the anthers of the plant , and the female , the pistils , of the same plant are within a fraction of an inch or even attached to each other .",1.558442929233081,0.271814196879932,0.7689136003345171,0.6915555075179692,0.7281858031200679
135,The anthers in these plants are difficult to clip off .,1.1595352274694068,0.21490020251485778,0.7752397622423199,0.7952138773323885,0.7850997974851424
136,"In China , a great number of workers are engaged in pulling out the male organs of rice plants using tweezers , and one-third of rice produced in that country is grown from hybrid seeds .",1.8353136099580079,0.30054154003656,0.7296490680500457,0.6716669706521882,0.6994584599634401
137,"At Plant Genetic Systems , researchers have isolated a pollen-inhibiting gene that can be inserted in a plant to confer male sterility .",1.6308597827968239,0.2585734395857026,0.7289137692706201,0.754376452977391,0.7414265604142973
138,"Jan Leemans , research director , said this gene was successfully introduced in oil-producing rapeseed plants , a major crop in Europe and Canada , using as a carrier a `` promoter gene '' developed by Robert Goldberg at the University of California in Los Angeles .",2.156558434814706,0.36897530248044663,0.6262216313312484,0.6359020113924407,0.6310246975195533
139,The sterilizing gene is expressed just before the pollen is about to develop and it deactivates the anthers of every flower in the plant .,1.4429613568458777,0.2344297303495921,0.7698465163027676,0.7613412668883116,0.7655702696504078
140,Mr. Leemans said this genetic manipulation does n't hurt the growth of that plant .,1.1169925001442307,0.19271326669753225,0.778238961543455,0.838586995629092,0.8072867333024675
141,The researchers also pulled off a second genetic engineering trick in order to get male-sterile plants in large enough numbers to produce a commercial hybrid seed crop .,1.1822643945628641,0.21525634986660525,0.7791532819272334,0.7904148190504632,0.7847436501333942
142,"They attached a second gene , for herbicide resistance , to the pollen-inhibiting gene .",0.9836591668108978,0.17370532699406593,0.880675786766833,0.7782389615434551,0.8262946730059338
143,"Both genes are then inserted into a few greenhouse plants , which are then pollinated and allowed to mature and produce seed .",1.5056169775256834,0.24480770450820344,0.7176017081075438,0.7969388509678368,0.7551922954917968
144,The laws of heredity dictate that half of the plants springing from these greenhouse-produced seeds will be male sterile and herbicide resistant and half will be male fertile and herbicide susceptible .,2.116422449235943,0.39255281629753513,0.5764189251840977,0.6420059493802904,0.6074471837024648
145,"The application of herbicide would kill off the male-fertile plants , leaving a large field of male-sterile plants that can be cross-pollinated to produce hybrid seed .",0.9817124972843194,0.16140826566772373,0.8638235279447751,0.8147921202331707,0.8385917343322764
146,Mr. Leemans said the hybrid rapeseeds created with this genetic engineering yield 15 % to 30 % more output than the commercial strains used currently .,2.2462933843810777,0.3973044368354107,0.5423223144355527,0.6781945976724811,0.6026955631645892
147,"`` This technique is applicable to a wide variety of crops , '' he said , and added that some modifications may be necessary to accommodate the peculiarities of each type of crop .",1.8784478772243078,0.29025129695871066,0.7384916629027489,0.683159341875939,0.7097487030412892
148,"He said the company is experimenting with the technique on alfalfa , and plans to include cotton and corn , among other crops .",0.8495983135651333,0.13643689969409475,0.8837266869671633,0.8442991144898113,0.8635631003059049
149,"He said that even though virtually all corn seeds currently planted are hybrids , the genetic approach will obviate the need for mechanical emasculation of anthers , which costs U.S. seed producers about $ 70 million annually .",1.918073100902113,0.28932898436935717,0.6938193356125417,0.7283616696147396,0.7106710156306428
150,"In recent years , demand for hybrid seeds has spurred research at a number of chemical and biotechnology companies , including Monsanto Co. , Shell Oil Co. and Eli Lilly & Co .",1.9959151704863913,0.3657208520750991,0.626402334447968,0.6423565810640683,0.6342791479249008
151,One technique developed by some of these companies involves a chemical spray supposed to kill only a plant 's pollen .,1.7083001419489143,0.31859092398270594,0.6762755679926689,0.6866211155666464,0.6814090760172941
152,"But there have been problems with chemical sprays damaging plants ' female reproductive organs and concern for the toxicity of such chemical sprays to humans , animals and beneficial insects .",2.0202964671964736,0.359507166416387,0.626492522900766,0.6551331808099661,0.6404928335836129
153,"However , Paul Johanson , Monsanto 's director of plant sciences , said the company 's chemical spray overcomes these problems and is `` gentle on the female organ . ''",1.9407999043993716,0.32564366045182025,0.6640951196565217,0.6849396370613952,0.6743563395481796
154,"Biosource Genetics Corp. , Vacaville , Calif. , is developing a spray containing a gene that spreads from cell to cell and interferes with the genes that are responsible for producing pollen .",2.5878815277653837,0.4095723863578241,0.590026615137502,0.5908291575770215,0.5904276136421758
155,"This gene , called `` gametocide , '' is carried into the plant by a virus that remains active for a few days .",1.2651886656916789,0.20943275771167796,0.8514337623895206,0.7378224631102223,0.7905672422883222
156,"Robert Erwin , president of Biosource , called Plant Genetic 's approach `` interesting '' and `` novel , '' and `` complementary rather than competitive . ''",2.5097773164773822,0.4672184839859607,0.5287554506140254,0.5368693626028409,0.5327815160140392
157,"`` There is a large market out there hungry for hybrid seeds , '' he said .",1.3829279414309985,0.21876892173612295,0.8613869702934531,0.7147229282206943,0.7812310782638777
158,"Mr. Robinson of Delta & Pine , the seed producer in Scott , Miss. , said Plant Genetic 's success in creating genetically engineered male steriles does n't automatically mean it would be simple to create hybrids in all crops .",2.606772572668392,0.3977687631101803,0.5906159714888902,0.6143125272503586,0.60223123688982
159,"That 's because pollination , while easy in corn because the carrier is wind , is more complex and involves insects as carriers in crops such as cotton .",1.7536121714577018,0.2891304751650744,0.7155284787870703,0.706270849224061,0.7108695248349255
160,"`` It 's one thing to say you can sterilize , and another to then successfully pollinate the plant , '' he said .",1.734402204393347,0.27947413836603274,0.7244799728423726,0.7166146781132984,0.7205258616339673
161,"Nevertheless , he said , he is negotiating with Plant Genetic to acquire the technology to try breeding hybrid cotton .",1.0056864513697024,0.1532078364179278,0.8598910380549935,0.8340863761540186,0.8467921635820723
162,"A bitter conflict with global implications has erupted between Nomura Securities Co. and Industrial Bank of Japan , two of the world 's most powerful financial companies .",1.4161244448001158,0.24394782362669737,0.6896444966732073,0.8366117155369274,0.7560521763733026
163,The clash is a sign of a new toughness and divisiveness in Japan 's once-cozy financial circles .,0.7449949741231698,0.13412815479102663,0.8333625416795722,0.9010204708154324,0.8658718452089731
164,Not only are Japan 's financial institutions putting their enormous clout to work ; increasingly they 're squaring off against one another in unprecedented public fashion .,2.0451585536619863,0.3163973709045622,0.647575499624814,0.7238745709839768,0.6836026290954379
165,"Already , the consequences are being felt by other players in the financial markets -- even governments .",0.48638263900908196,0.08117453315386455,0.9612018691162393,0.8800277779072339,0.9188254668461353
166,What triggered the latest clash was a skirmish over the timing of a New Zealand government bond issue .,1.1115481830928289,0.21055862562035405,0.7732529638791553,0.8063221026841147,0.789441374379646
167,"Nomura was attempting to organize the 50 billion-yen -LRB- $ 352 million -RRB- borrowing in Japan at a time when many Japanese banks , led by Industrial Bank of Japan , were pressuring the Wellington government to help them recover loans made to a defunct investment bank that had been owned by New Zealand 's civil-service pension fund .",2.399851644426807,0.3683004759900775,0.5943328939183411,0.6740799767873085,0.6316995240099228
168,"Unwilling to put up new money for New Zealand until those debts are repaid , most banks refused even to play administrative roles in the new financing , forcing an embarrassed Nomura to postpone it this week .",1.5220886599233676,0.25121887473682203,0.6848031709698771,0.8259453307769672,0.748781125263178
169,The dispute shows clearly the global power of Japan 's financial titans .,0.7111624998335797,0.12585825369955722,0.8158841195325163,0.9413588038935677,0.8741417463004427
170,"Aside from Nomura 's injured pride , the biggest victim so far has been the New Zealand government .",1.3028888159033398,0.2077509011923953,0.7808767956818206,0.8039575384462635,0.7922490988076045
171,"Barred by its budget law from making any new domestic bond issues , Wellington 's Debt Management Office had been casting abroad to raise the 3 billion New Zealand dollars -LRB- US$ 1.76 billion -RRB- to NZ$ 4 billion it needs to come up with by the end of its fiscal year next June 30 .",2.8772900925500333,0.4632286461381501,0.46165240349307574,0.6410875530529239,0.5367713538618502
172,"With Japan 's cash-flush banks aligned against it , though , raising money may be difficult .",1.3829279414309976,0.22722670426665226,0.7141687955262614,0.8418557535383241,0.7727732957333477
173,"Not only can they block Wellington from raising money in Japan , bankers here say , but as the largest underwriters in the Eurobond market , they might be able to scuttle borrowings there , too .",2.172768763044531,0.3376591619626372,0.6176555552977732,0.7139960268581244,0.6623408380373627
174,"New Zealand 's finance minister , David Caygill , lashed out at such suggestions .",1.9412943652509158,0.3827105780370699,0.5714746977406758,0.6710902553101074,0.6172894219629299
175,"He told reporters in Wellington Tuesday that the government had n't guaranteed the loans to DFC New Zealand Ltd. , an investment bank 80%-owned by the National Provident Fund , and would n't bail it out .",1.9943364849140783,0.31578914805857766,0.6601081090165171,0.7101404417688127,0.6842108519414225
176,"`` It may very well be what the Japanese banks want , '' he told Radio New Zealand .",1.7453294451963242,0.2994238940494475,0.68728524811064,0.7143911429369699,0.7005761059505522
177,`` I think it would be irresponsible and I am not about to be blackmailed by Japanese banks or any other international interests . '',2.1549721192370876,0.3525603704111604,0.6138389757810978,0.6849318013937657,0.6474396295888395
178,No less significant than the Japanese banks ' attempt to cut off funds to pressure a foreign government are the implications of a confrontation between Japan securities and banking industries .,1.5375726749273575,0.2716011242840507,0.6912704893900814,0.769741994787823,0.7283988757159493
179,Anxiety is rising over recent government proposals to eventually lower the strict barriers that now separate -- and protect -- the two industries from each other .,1.9068127205690395,0.3023834895494026,0.656168156109247,0.7446542929270612,0.6976165104505978
180,"Both sides are jealously guarding their turf , and relations have been at a flashpoint for months .",1.3263501656070682,0.22471413306397423,0.7705352707299976,0.7800954044216682,0.7752858669360257
181,The banks badly want to break into all aspects of the securities business .,1.0539205358688184,0.19847503880466677,0.8151780547108088,0.7883216745263812,0.801524961195333
182,"Meanwhile , the securities companies -- most of them smaller than the banks -- are seeking access only to limited kinds of banking that would n't open them to the full brunt of competition from the banks .",1.9324472926452971,0.3236541456091676,0.6586836257571086,0.6949813869476696,0.6763458543908324
183,"Nomura , the world 's biggest securities company largely by virtue of its protected home field , and Industrial Bank of Japan , Japan 's most innovative and aggressive bank in capital markets abroad , captain the opposing sides .",2.27601390471435,0.3876022416636156,0.5632702926703551,0.6709136964501541,0.6123977583363841
184,And their suspicions of each other run deep .,1.0566416671474377,0.20000000000000004,0.6666666666666666,1.0,0.8
185,"In the past year , both have tried to stretch the limits of their businesses .",1.0471804688852169,0.17874675602809464,0.7937728686370845,0.850704592623425,0.8212532439719055
186,"Nomura started a credit-card venture with American Express Co. that allowed cardholders to use their Nomura securities accounts like a bank account , attracting the wrath of banks .",1.559285549961161,0.2740649821328368,0.7558460594537182,0.6983011950486173,0.7259350178671633
187,"And Industrial Bank of Japan started up a London securities subsidiary that sells Japanese stocks to non-Japanese institutions overseas , a move that stirred the anger of the stock brokerage firms .",2.164324405193168,0.35661172386311635,0.6459850883922256,0.6408122582758436,0.6433882761368838
188,The New Zealand bond issue simply has brought the two institutions face-to-face .,1.1349913463202679,0.20086552489115553,0.7858146592777019,0.8129136273233449,0.7991344751088446
189,"ITEL CORP. reported third-quarter earnings , which were mistakenly shown in the Quarterly Earnings Surprises table in yesterday 's edition to be lower than the average of analysts ' estimates .",1.7003322438560762,0.28165200052885414,0.6945036831307082,0.7438878156432308,0.7183479994711458
190,"On a pretax basis , Itel 's third-quarter earnings of 30 cents a share were actually 7.14 % higher than the average of estimates .",1.56245575954481,0.2563043912492421,0.7166506934114681,0.7728618156133118,0.7436956087507576
191,"Raymond E. Ross , 53 years old , formerly group vice president , U.S. plastics machinery , at this machine tool , plastics machinery and robots concern , was named senior vice president , industrial systems , succeeding David A. Entrekin , who resigned Monday .",2.0416026762432558,0.3835816722983357,0.5909008360437435,0.6442391853394216,0.6164183277016646
192,"John A. Conlon Jr. , 45 , was named a managing director at this investment-banking company .",1.639664881231015,0.28127610786724105,0.6952563789036974,0.7438309805477037,0.7187238921327593
193,"He will be in charge of research , equity sales and trading , and the syndicate operation of Rothschild .",0.8775809492146678,0.15116863162396116,0.8914563530552291,0.8100966002026362,0.848831368376039
194,Mr. Conlon was executive vice president and director of the equity division of the international division of Nikko Securities Co .,1.6964596621638237,0.3498468833986707,0.6105056810015679,0.695307765812521,0.6501531166013289
195,"As Yogi Berra might say , it 's deja vu all over again .",1.7942439627688396,0.3241778662993333,0.6457408716199593,0.7088429497633071,0.6758221337006668
196,"Crouched at shortstop , Bert Campaneris , once Oakland 's master thief , effortlessly scoops up a groundball and flips it to second .",2.1776942711037677,0.3609587898079132,0.5948569219810255,0.6903159227496529,0.6390412101920868
197,"In the outfield , Paul Blair , the Orioles ' eight-time Gold Glove winner , elegantly shags a fly .",1.323219672335508,0.24084067440242696,0.7276714422727854,0.7934955577048963,0.7591593255975732
198,"On the mound , former Red Sox great Luis Tiant , the wily master of 1,001 moves , throws an off-speed strike .",1.061146606807248,0.19578676098276526,0.7677753495597842,0.8442820645624595,0.8042132390172346
199,"`` Babies , kiddies , '' growls their manager -- a fellow named Earl Weaver , who , in a different time , handled four World Series teams and now handles the Gold Coast Suns .",2.3535803020563058,0.38292622707750806,0.6340469454056807,0.6009856378635786,0.6170737729224917
200,"`` Old-time kiddies , '' he says .",1.25,0.2631578947368421,0.8749999999999998,0.6363636363636362,0.7368421052631577
201,Perhaps .,0.0,0.0,1.0,1.0,1.0
202,"But for the next few months , these boys of summers long past are going to be reveling in an Indian summer of the soul .",1.0251931550789841,0.1713829569715642,0.8400991206776416,0.8174445967036446,0.8286170430284355
203,"Now that the baseball season is officially over , you see , it 's time for a new season to begin .",1.5620239989363771,0.24486503812814192,0.7640387517777241,0.7464363035777548,0.755134961871858
204,"Today is the debut of the Senior Professional Baseball Association , a new eight-team pro sports circuit , modeled after the highly successful senior tennis and golf tours and complete with good salaries , a cable television contract and even expansion plans .",2.199440945308574,0.38566076232799995,0.6052697978386641,0.6236846073594061,0.614339237672
205,"One hundred and ninety two former greats , near greats , hardly knowns and unknowns begin a 72-game , three-month season in spring-training stadiums up and down Florida .",1.553935791423413,0.26913542763255766,0.6975374864426739,0.7675360643881437,0.7308645723674425
206,"For everyone involved , it 's one more swig of that elixir of youth , baseball .",1.338522794244911,0.2305247791102592,0.7915671977435089,0.7485828997555783,0.7694752208897411
207,"`` Someone always makes you quit , '' says legendary St. Louis Cardinals centerfielder Curt Flood , the league 's commissioner .",1.94222981605457,0.3237634423384363,0.7040809523914288,0.6505107131934755,0.6762365576615637
208,"`` You feel you want one more -- one more at-bat , one more hit , one more game . ''",2.1532990928035063,0.40288564643055014,0.6447379026279518,0.5560423027764945,0.5971143535694499
209,"Until the baby-faced heroes of today reclaim these ballparks for spring training , there is one more .",1.1733008599313184,0.1937598657209568,0.8220776196954686,0.7910013394525959,0.8062401342790433
210,And not just for the players .,0.0,0.0,1.0,1.0,1.0
211,"It 's one more for the baseball-loving lawyers , accountants and real estate developers who ponied up about $ 1 million each for the chance to be an owner , to step into the shoes of a Gene Autry or have a beer with Rollie Fingers .",2.0132364963359564,0.3097589713550776,0.6677121810637605,0.7143432242870008,0.6902410286449225
212,"`` Nothing can be better than this , '' says Don Sider , owner of the West Palm Beach Tropics .",1.6004590702112766,0.2713778352166235,0.7631905021566876,0.6970496449166668,0.7286221647833764
213,"Early in the morning Mr. Sider , an estate lawyer , pores over last wills and testaments .",1.2697084984596305,0.2161149303584679,0.7865964540162063,0.7811923132466392,0.7838850696415323
214,"Midmorning , he dons an orange-and-blue uniform and , for fun , may field a bunt from Dave Kingman .",1.3754887502163458,0.21515952625685036,0.8035723095836882,0.7669620488355589,0.7848404737431494
215,"It 's one more , too , for the fans who dream of a season that never ends .",1.2962731833205625,0.210880701407604,0.7884451222302402,0.7897946288782143,0.7891192985923964
216,"`` I feel like a little kid , '' says a gleeful Alex de Castro , a car salesman , who has stopped by a workout of the Suns to slip six Campaneris cards to the Great Man Himself to be autographed .",2.175018312449545,0.3257672610868624,0.6643576275959086,0.6844058500121857,0.6742327389131376
217,The league 's promoters hope retirees and tourists will join die-hard fans like Mr. de Castro and pack the stands to see the seniors .,1.3486566408269542,0.22896290334553693,0.7307288491474452,0.8160519094442272,0.7710370966544629
218,The league is the brainchild of Colorado real estate developer James Morley -- once a minor-leaguer himself -- who says he had the idea last January while lying on a beach in Australia .,2.4673622179979637,0.40856714039730285,0.5736948555201459,0.6103027385349571,0.5914328596026973
219,"When he sent letters offering 1,250 retired major leaguers the chance of another season , 730 responded .",1.798029332033348,0.3060395235176291,0.6757196986724532,0.7132133809614577,0.6939604764823709
220,"Eventually , about 250 made the trip to Florida to compete for the available slots .",1.1415414066556497,0.18687879916210773,0.7753976048971918,0.8547030584861192,0.8131212008378921
221,"-LRB- Players have to be 35 or older , except for catchers , who are eligible at 32 because life behind the plate is so rough . -RRB-",1.8526536778902596,0.2975842783988998,0.6637134009321931,0.745911140096459,0.7024157216011004
222,"For some players , the lure is money -- up to $ 15,000 a month .",1.2971804688852169,0.21235806858027947,0.8651389153328953,0.7228874762399461,0.7876419314197205
223,"Others , just released from the majors , hope the senior league will be their bridge back into the big-time .",0.9290369049679486,0.1501352386481965,0.8631492943895712,0.8369829485480308,0.8498647613518033
224,"But as they hurl fireballs that smolder rather than burn , and relive old duels in the sun , it 's clear that most are there to make their fans cheer again or recapture the camaraderie of seasons past or prove to themselves and their colleagues that they still have it -- or something close to it .",2.9499998237954324,0.47309932453955045,0.5085485532989124,0.546626942215616,0.5269006754604494
225,`` My fastball is good .,0.33333333333333304,0.06891905627080991,1.0000000000000002,0.8710490642551529,0.9310809437291903
226,"Real good , '' says 39-year-old Pete Broberg , working in the midday heat of the Tropics camp .",1.4015363412152997,0.24035288880973604,0.7623330797758984,0.756980003382694,0.7596471111902641
227,"Mr. Broberg , who started with the now-defunct Washington Senators , says that when he left baseball in 1978 , he `` never looked back . ''",1.9720412036235784,0.32973251958389754,0.6339710703510986,0.7109724072583665,0.670267480416103
228,"For a long time , he ignored baseball altogether , even the sports pages .",1.2503258334775644,0.2169403172002644,0.80883411684448,0.7588771841590056,0.7830596827997356
229,"Now Mr. Broberg , a lawyer , claims he 'd play for free .",1.2506982145947818,0.20576456593872597,0.7942354340612741,0.7942354340612743,0.7942354340612742
230,"`` You ca n't give it up that easily , '' he says .",2.026037712614306,0.40381490122139846,0.5729012338360503,0.6214417484159102,0.5961850987786015
231,`` I tried . '',1.3509775004326938,0.41027247824384333,0.7082316448032829,0.5051961085524235,0.5897275217561565
232,"The nagging memory of one afternoon fourteen years ago drove Jim Gideon , a lean 36-year-old righthander to take a four-month leave from selling insurance in Texas to try out for Mr. Weaver 's team .",2.270675896575591,0.38240956607662613,0.5625092864527605,0.6846296600798297,0.6175904339233741
233,"`` It does n't replace pitching in the majors , but it proves to me that I would have been able to play if I 'd stayed healthy , '' he says .",2.2877529478911476,0.39707238471333406,0.5527573013734083,0.6631143461026964,0.6029276152866658
234,"Back in 1975 , late in the season , a then-21 Mr. Gideon made his only major league appearance , five and two-thirds innings for the Texas Rangers against the Chicago White Sox .",1.8484611122639008,0.30280606660774956,0.6640338886009993,0.733839900389176,0.6971939333922504
235,"He gave up seven hits , walked five and did n't get a decision .",1.3836591668108973,0.2346462183570576,0.7074096709670947,0.8336372241241875,0.7653537816429424
236,Arm troubles forced him back to the minors the next year .,1.0,0.1982510129995096,0.734857455662813,0.8820378393743272,0.8017489870004904
237,"`` There 's a satisfaction in going against the rules , '' offers Will McEnaney , once a stopper with Cincinnati 's Big Red Machine .",1.624570421443364,0.2504165787501575,0.7495834212498422,0.7495834212498422,0.7495834212498422
238,He means the rule that a player ca n't cut it after a certain age .,0.7193609377704338,0.11628331660780732,0.8662139552211867,0.9019413190475449,0.8837166833921927
239,These days he hustles to house-painting jobs in his Chevy pickup before and after training with the Tropics .,1.6584092107540478,0.28033184787421217,0.6889036148947724,0.7533088496796277,0.7196681521257877
240,"While sipping a beer after practice , he vividly recounts getting the Red Sox 's Carl Yastrzemski to pop out to end the 1975 World Series , and repeating the feat against the Yankees ' Roy White in 1976 .",1.5602634517508793,0.2443683197156784,0.7367873842237485,0.7754652121210254,0.7556316802843215
241,Some of the game 's reigning philosophers dislike the idea of middle-aged men attempting a young man 's sport .,0.9327511016026797,0.1643714987017326,0.8753110339468447,0.7993879674896702,0.8356285012982674
242,"`` I personally do n't enjoy seeing players who I remember vividly from their playing days running about and being gallant about their deficiencies , '' says Roger Angell , New Yorker magazine 's resident baseball sage .",2.623436433466077,0.42801626408531346,0.5386093949582816,0.609767298382749,0.5719837359146864
243,`` I feel people should be allowed to remember players as they were . '',2.297626229780677,0.470615781110672,0.4864447063759963,0.5806384107362845,0.5293842188893281
244,"Worse , says baseball author Lawrence Ritter , `` Someone will get a heart attack and that will be the end of the whole story . ''",1.4344094797481697,0.2193968859648402,0.822635685910029,0.7426570506738382,0.7806031140351601
245,But the ballplayers disagree .,0.0,0.0,1.0,1.0,1.0
246,Most are trim .,0.5,0.14285714285714285,1.0,0.75,0.8571428571428571
247,Some have been training for months ; others only recently left active status .,1.0,0.17699973680200304,0.8027033654250937,0.8443502301267316,0.823000263197997
248,"-LRB- No one has worked out the players ' average age , but most appear to be in their late 30s . -RRB-",1.4984518889873986,0.23269507496909408,0.7927554069850075,0.7434377292409652,0.767304925030906
249,And there 's pride .,0.0,0.0,1.0,1.0,1.0
250,"`` I 'm not going to look stupid , '' vows former Pittsburgh Pirate second baseman Rennie Stennett , sweat dotting his brow as he prepares for some practice swings .",2.6724172211069015,0.4434823949816845,0.5237760644776628,0.5936254718546431,0.5565176050183155
251,"`` It 's going to be a tough league , '' promises the 47-year-old Mr. Campaneris .",1.2941176470588234,0.21263442516767125,0.8028856779789108,0.7724341126930214,0.7873655748323288
252,`` There will be a lot of malice . '',1.1509775004326936,0.20953994535979173,0.8203288689862431,0.7626899194318092,0.7904600546402083
253,"Men who have played hard all their lives are n't about to change their habits , he says .",1.9139225250842244,0.3511888143494872,0.6003175031947159,0.7058280131745117,0.6488111856505127
254,"Nonetheless , one ca n't help wonder whether the game will be just a little bit slower .",1.2641604167868596,0.19986262938426128,0.7812338869732938,0.819978352466989,0.8001373706157388
255,"At the weatherbeaten Pompano Beach municipal stadium , Mr. Blair , the 45-year-old former Oriole , knows his power is n't what it used to be .",1.5629529977859171,0.25649419108893073,0.7457278067936828,0.7412970131833587,0.7435058089110694
256,So he adjusts .,0.0,0.0,1.0,1.0,1.0
257,He no longer crowds the plate .,0.5714285714285712,0.11330491807453007,0.8866950819254699,0.8866950819254699,0.88669508192547
258,"He 's not thinking about home runs anymore , just base hits .",1.5007519234097644,0.2839782279897047,0.6812201453844658,0.7545706712796418,0.7160217720102952
259,"Still , `` how sweet it is , '' he says , savoring the fat sound of the well-hit line drive that bounces off the center field wall .",1.9132394294953103,0.3193327300620182,0.7018546925261314,0.6607215644408426,0.6806672699379819
260,"And do n't expect many complete games by pitchers -- perhaps three out of 288 , laughs Mr. Fingers , the former Oakland reliever .",1.815363119410165,0.2885211637465497,0.6577281145474722,0.774796605064689,0.7114788362534503
261,"Expect `` tricky '' stuff from pitchers , says Mr. Weaver , the manager .",1.3903168648182227,0.2517407253423421,0.8105299687146867,0.6948740902106468,0.7482592746576577
262,"Expect brushbacks but no beanballs , says Mr. McEnaney .",1.2754887502163474,0.2567219042739966,0.7321538422979833,0.7547456055646927,0.7432780957260036
263,"Even expect stolen bases , says the wiry and fit Mr. Campaneris : `` If you know how to slide , it 's no problem , '' he says .",2.0318151121069894,0.3243134366805086,0.6816763620025542,0.669801110873934,0.6756865633194914
264,And expect slower fastballs .,0.0,0.0,1.0,1.0,1.0
265,"`` I 'm not so young anymore , '' concedes the cigar-chomping , 48-year-old Mr. Tiant .",1.9926060577016016,0.34886200379851934,0.6708615298503782,0.632541095027453,0.6511379962014807
266,"`` I wo n't be throwing 90 mph , but I will throw 80-plus , '' he says .",1.8728320487091517,0.3284831261574732,0.6632816804147355,0.6799591316913638,0.6715168738425266
267,"White-haired Pedro Ramos , at 54 the league 's oldest player and a pitcher-coach with the Suns , has lost even more speed .",1.6970439980500238,0.2647505394590606,0.6980433309726225,0.7766451123531999,0.7352494605409395
268,"Stuffing a wad of Red Man into his cheek , he admits the fastball he brought into the majors in 1955 has become a slowball .",0.8225700749197227,0.1328399253996013,0.9191313937812158,0.8207515408620312,0.8671600746003986
269,Its maximum velocity is 72 mph .,0.5714285714285712,0.1133049180745301,0.8866950819254699,0.8866950819254699,0.88669508192547
270,But he is n't worried .,0.3333333333333339,0.06891905627081008,0.8710490642551528,1.0,0.93108094372919
271,He will compensate with the guile learned from his years in the majors .,1.0189044647493146,0.17755085976978002,0.874186671965825,0.7764934471794495,0.82244914023022
272,He has good control .,0.40000000000000036,0.09425390072448082,0.8277293767706427,1.0,0.9057460992755192
273,"He will keep the ball down , move it around .",0.6140806820148601,0.1033606415678971,0.9140541218792252,0.8798757686112751,0.896639358432103
274,"After all , he says , `` Even to make love , you need experience .",0.6006025296523001,0.11767679493288274,0.9289624439781125,0.8401432011991677,0.882323205067117
275,Alltel Corp. said it will acquire the 55 % of Pond Branch Telephone Company Inc. 's cellular franchise that it does n't own already .,2.065026116217611,0.32457250580231095,0.6418430313316104,0.7127206303302975,0.6754274941976889
276,Terms were n't disclosed .,0.40000000000000036,0.09425390072448082,0.8277293767706427,1.0,0.9057460992755192
277,"Alltel holds 45 % of the franchise , which has operations in Aiken , S.C. , and Augusta , Ga .",1.4632883787238349,0.23683594840009323,0.7856250894951674,0.741951638588138,0.7631640515999064
278,"Alltel , which provides local telephone service in 25 states , said it exercised its right of first refusal following an offer from an undisclosed third party to acquire the majority position in the franchise .",1.1760749007677056,0.1921114395120239,0.825986913250958,0.7905663150352905,0.8078885604879763
279,Stewart & Stevenson Services Inc. said it received two contracts totaling $ 19 million to build gas-turbine generators .,1.9086664477100213,0.33222606927005,0.6513355616538222,0.6850635241650512,0.66777393072995
280,"The separate contracts were from Paragould Light & Water Commission , a utility in Paragould , Ark. , and PSE Inc. , a cogeneration-plant operator in Houston .",1.5918274640338304,0.29340191348570327,0.7160118409275603,0.6974286542554277,0.7065980865142968
281,Stewart & Stevenson makes equipment powered with diesel and gas turbines .,1.6037593748197114,0.33595840202479327,0.6554047186459501,0.6729091495179331,0.6640415979752067
282,"Liberty National Bancorp said its acquisition of Florence Deposit Bank , Florence , Ky. , first announced in April , has been completed in a transaction valued at $ 13.1 million .",2.159174497806276,0.3527218813541714,0.6478231236940488,0.6467340298379031,0.6472781186458288
283,"Liberty National exchanged about 78.64 shares of its common stock for each of Florence Deposit 's 5,600 shares outstanding .",1.6987084225518538,0.31056934578008416,0.6113368944708404,0.7903981648516101,0.6894306542199157
284,"Liberty National , a bank holding company , has assets exceeding $ 3 billion .",1.7182958340544898,0.29479315197369904,0.7642518017064259,0.6546310314641796,0.705206848026301
285,"Hani Zayadi was appointed president and chief executive officer of this financially troubled department store chain , effective Nov. 15 , succeeding Frank Robertson , who is retiring early .",2.1882913497248184,0.3563308196963056,0.6014891673874929,0.6922111612849197,0.6436691803036942
286,"Mr. Zayadi was previously president and chief operating officer of Zellers Inc. , a retail chain that is owned by Toronto-based Hudson 's Bay Co. , Canada 's largest department store operator .",2.1135941200561947,0.35735271828066595,0.5947757485017152,0.6988993818755895,0.6426472817193338
287,"Tuesday , October 31 , 1989",1.0,0.28544854659256574,0.7896900821428475,0.6524693142571201,0.7145514534074342
288,The key U.S. and foreign annual interest rates below are a guide to general levels but do n't always represent actual transactions .,1.4186604557865516,0.23950599933126582,0.7113596974454548,0.8169194158738267,0.7604940006687342
289,PRIME RATE : 10 1/2 % .,0.5714285714285716,0.12778340647665157,0.8722165935233486,0.8722165935233486,0.8722165935233486
290,The base rate on corporate loans at large U.S. money center commercial banks .,0.7124406036455069,0.16450399774306285,0.7991839831597395,0.8752648602288879,0.8354960022569372
291,"FEDERAL FUNDS : 9 % high , 8 13/16 % low , 8 7/8 % near closing bid , 8 15/16 % offered .",1.8952786424176127,0.39026808972551225,0.5799560382357114,0.6427307358479144,0.6097319102744875
292,Reserves traded among commercial banks for overnight use in amounts of $ 1 million or more .,1.4176391453005812,0.2623705142585737,0.7249259981609206,0.7507861423647825,0.7376294857414264
293,Source : Fulton Prebon -LRB- U.S.A . -RRB- Inc .,1.636452797660028,0.42980809468447584,0.7975782308623056,0.4436959778266252,0.5701919053155241
294,DISCOUNT RATE : 7 % .,1.0,0.23981246656813146,0.8262346571285601,0.7039180890341349,0.7601875334318687
295,The charge on loans to depository institutions by the New York Federal Reserve Bank .,1.8649445634024722,0.4130688486045249,0.6164709572474969,0.5600928489227107,0.5869311513954748
296,CALL MONEY : 9 3/4 % to 10 % .,0.6754887502163465,0.1462923337906896,0.8056404908414813,0.9078744580780113,0.8537076662093104
297,The charge on loans to brokers on stock exchange collateral .,1.2281613640297215,0.29963163821590133,0.8875715099209508,0.5783789185101378,0.7003683617840986
298,COMMERCIAL PAPER placed directly by General Motors Acceptance Corp. : 8.55 % 30 to 44 days ; 8.25 % 45 to 59 days ; 8.40 % 60 to 89 days ; 8 % 90 to 119 days ; 7.90 % 120 to 149 days ; 7.80 % 150 to 179 days ; 7.55 % 180 to 270 days .,1.8464029232982053,0.3809504107326855,0.5703658811240022,0.6768196858721732,0.6190495892673145
299,"COMMERCIAL PAPER : High-grade unsecured notes sold through dealers by major corporations in multiples of $ 1,000 : 8.62 % 30 days ; 8.55 % 60 days ; 8.45 % 90 days .",1.9979442239968828,0.38722397018463117,0.5982339084696909,0.6280427571873689,0.6127760298153688
300,CERTIFICATES OF DEPOSIT : 8.09 % one month ; 8.04 % two months ; 8.03 % three months ; 7.96 % six months ; 7.92 % one year .,0.9383766398846891,0.2459296037536084,0.6851588213922845,0.8383939836508187,0.7540703962463916
301,"Average of top rates paid by major New York banks on primary new issues of negotiable C.D.s , usually on amounts of $ 1 million and more .",1.4780948881692604,0.269468261212177,0.6784376268083311,0.7912913719667268,0.7305317387878228
302,"The minimum unit is $ 100,000 .",0.2857142857142865,0.053615035438314584,0.8982265179691366,1.0,0.9463849645616855
303,Typical rates in the secondary market : 8.53 % one month ; 8.50 % three months ; 8.30 % six months .,0.8272604972827153,0.17373303843588273,0.7696268371630585,0.8919061420057568,0.8262669615641173
304,BANKERS ACCEPTANCES : 8.49 % 30 days ; 8.44 % 60 days ; 8.27 % 90 days ; 8.12 % 120 days ; 8.05 % 150 days ; 7.98 % 180 days .,1.3001508861615942,0.3444095366313602,0.6352299113759325,0.6772994386357275,0.65559046336864
305,"Negotiable , bank-backed business credit instruments typically financing an import order .",0.9045627476894449,0.17600045874836076,0.9270336884000545,0.7415776977054399,0.8239995412516392
306,LONDON LATE EURODOLLARS : 8 3/4 % to 8 5/8 % one month ; 8 3/4 % to 8 5/8 % two months ; 8 11/16 % to 8 9/16 % three months ; 8 9/16 % to 8 7/16 % four months ; 8 1/2 % to 8 3/8 % five months ; 8 7/16 % to 8 5/16 % six months .,1.5486364036655744,0.376034557902086,0.5917514446257244,0.6598887235096056,0.623965442097914
307,LONDON INTERBANK OFFERED RATES -LRB- LIBOR -RRB- : 8 3/4 % one month ; 8 11/16 % three months ; 8 7/16 % six months ; 8 7/16 % one year .,1.8932023790603694,0.4843839144147307,0.4624881344933538,0.5825342356348446,0.5156160855852694
308,The average of interbank offered rates for dollar deposits in the London market based on quotations at five major banks .,1.1242685940207995,0.22305200819167828,0.7813036643564698,0.7726406147044084,0.7769479918083214
309,FOREIGN PRIME RATES : Canada 13.50 % ; Germany 9 % ; Japan 4.875 % ; Switzerland 8.50 % ; Britain 15 % .,0.9303997530317116,0.1992099389117853,0.7778209809484044,0.8251569747418679,0.8007900610882147
310,These rate indications are n't directly comparable ; lending practices vary widely by location .,1.200000000000001,0.22032648186089587,0.7475577566831666,0.814672594079725,0.7796735181391042
311,"TREASURY BILLS : Results of the Monday , October 30 , 1989 , auction of short-term U.S. government bills , sold at a discount from face value in units of $ 10,000 to $ 1 million : 7.78 % 13 weeks ; 7.62 % 26 weeks .",2.315136952709388,0.40144554271389765,0.6050200739002661,0.5922255706031528,0.5985544572861022
312,FEDERAL HOME LOAN MORTGAGE CORP . -LRB- Freddie Mac -RRB- : Posted yields on 30-year mortgage commitments for delivery within 30 days .,2.555952711485674,0.5453980876814383,0.4342740882728719,0.4769262294656159,0.45460191231856184
313,"9.78 % , standard conventional fixed-rate mortgages ; 7.875 % , 2 % rate capped one-year adjustable rate mortgages .",1.338544996658349,0.27714165737625546,0.7078949454197868,0.7384679891043008,0.7228583426237445
314,Source : Telerate Systems Inc .,0.792481250360578,0.21356207401649877,1.0000000000000002,0.6480409554829327,0.7864379259835014
315,"FEDERAL NATIONAL MORTGAGE ASSOCIATION -LRB- Fannie Mae -RRB- : Posted yields on 30 year mortgage commitments for delivery within 30 days -LRB- priced at par -RRB- 9.75 % , standard conventional fixed-rate mortgages ; 8.75 % , 6/2 rate capped one-year adjustable rate mortgages .",2.3885048703508365,0.4662900715554854,0.4805575445487204,0.6000824424364928,0.5337099284445149
316,Source : Telerate Systems Inc .,0.792481250360578,0.21356207401649877,1.0000000000000002,0.6480409554829327,0.7864379259835014
317,MERRILL LYNCH READY ASSETS TRUST : 8.63 % .,2.0405031085111425,0.529326781939373,0.5472499780600136,0.4128965505043613,0.470673218060627
318,Annualized average rate of return after expenses for the past 30 days ; not a forecast of future returns .,0.5427376486136675,0.10289543627168328,0.8734676098767289,0.9220563809198439,0.8971045637283167
319,"Canada 's gross domestic product rose an inflation-adjusted 0.3 % in August , mainly as a result of service-industry growth , Statistics Canada , a federal agency , said .",1.4834497821339294,0.23433998731968353,0.7535757289417951,0.778138178005517,0.7656600126803161
320,The August GDP was up 2.4 % from its year-earlier level .,0.8962406251802886,0.1508733437979496,0.7378106902709922,0.9999999999999998,0.8491266562020502
321,GDP is the total value of a nation 's output of goods and services .,0.5333333333333323,0.09757592505137547,0.8604447297196373,0.948709687636806,0.9024240749486245
322,Statistics Canada said service-industry output in August rose 0.4 % from July .,1.4503656132517948,0.29531193504717823,0.6595983981066893,0.7563946534238905,0.7046880649528215
323,Output of goods-producing industries increased 0.1 % .,1.0,0.2,0.7272727272727271,0.8888888888888888,0.7999999999999999
324,"Separately , Statistics Canada reported that its industrial-product price index dropped 0.2 % in September , its third consecutive monthly decline .",1.6593744284852985,0.2751259061431121,0.6693984786167065,0.7903755415586603,0.7248740938568878
325,It also reported a 2.6 % decline in its raw-materials price index for September .,1.256983531484889,0.212227467549675,0.7508840405506684,0.8284727031124103,0.7877725324503247
326,"Columbia Pictures Entertainment Inc. was dropped , effective today , from the recreational products and services industry group of the Dow Jones Equity Market Index .",1.7187325728484844,0.31419735662798914,0.6838355773267171,0.6877810586694331,0.6858026433720107
327,"Columbia Pictures is being acquired by Sony Corp. , which is based in Japan .",1.0909685317733508,0.19637650005374654,0.9239796806527161,0.7110086058703077,0.8036234999462529
328,People 's Savings Financial Corp. said it will buy back as much as 10 % of its 2.4 million shares outstanding because the stock is undervalued .,1.818280886288921,0.2732425597093806,0.6603310824178706,0.8080429526299975,0.7267574402906195
329,The holding company said it has been `` unfairly associated '' with other banks in New England that have had major loan losses in recent quarters .,1.8425409615501653,0.3005857369743001,0.6749457503666103,0.7257236029329751,0.6994142630257003
330,The company said its People 's Savings Bank unit does n't have a `` large exposure to construction and commercial loans that have caused the loan-loss problems in many of the banks .,2.0394839063274697,0.32575279794800194,0.6416673807677126,0.7103123834898097,0.6742472020519982
331,"A seat on the Chicago Mercantile Exchange was sold for $ 410,000 , down $ 6,000 from the previous sale Oct .",1.159535227469406,0.18066996204314853,0.7967582538534097,0.8432180048082994,0.8193300379568513
332,"Seats currently are quoted at $ 400,000 bid , $ 425,000 asked .",0.7692307692307692,0.12785854520757853,0.895028872709094,0.8503953912764539,0.8721414547924212
333,"The record price for a full membership on the exchange is $ 550,000 , set March 9 .",1.4444444444444446,0.23506538084829004,0.7513487665396685,0.7790208368206328,0.76493461915171
334,"In a surprise move , the British government cleared the way for a bidding war for Jaguar PLC by agreeing to remove an obstacle to a takeover of the auto maker .",1.664910542495111,0.29085536681550295,0.7260485174673706,0.6930099537744404,0.7091446331844969
335,Trade and Industry Secretary Nicholas Ridley told the House of Commons yesterday that he will relinquish the government 's so-called golden share in the company as long as Jaguar shareholders agree .,2.242730073609895,0.3566734311309142,0.6055623940501239,0.6861141229500971,0.6433265688690859
336,The golden share restricts any individual holding to 15 % and expires at the end of 1990 .,2.0147034725828004,0.376412549409331,0.548218908263124,0.7229822709198808,0.6235874505906691
337,"It was in Jaguar 's best interests `` for the company 's future to be assured and the present climate of uncertainty resolved as quickly as possible , '' Mr. Ridley said .",1.7822043610040437,0.27757776932813233,0.6819518401984503,0.7679990899473778,0.722422230671868
338,Mr. Ridley 's decision fires the starting pistol for perhaps a costly contest between the world 's auto giants for Britain 's leading luxury-car maker .,1.7379650387574261,0.32048277022937544,0.6435634066325987,0.7197260134403978,0.6795172297706246
339,Both General Motors Corp. and Ford Motor Co. have been trying to amass 15 % stakes in Jaguar .,1.2692567316375456,0.2237185892134678,0.7332718053227197,0.8246507944984679,0.7762814107865321
340,"Ford , which already has an unwelcome 13.2 % holding , is prepared to bid for the entire company and had lobbied the government to lift the takeover restrictions early .",1.6409924323637695,0.24782384728178256,0.7092220023024949,0.8006687934954713,0.7521761527182175
341,GM has been negotiating a friendly transaction with Jaguar that likely would involve joint ventures and an eventual stake of just under 30 % .,1.1083802377818675,0.1690078288601711,0.7647579889910312,0.9097870329446344,0.830992171139829
342,"But the government 's action , which caught Jaguar management flat-footed , may scuttle the GM minority deal by forcing it to fight for all of Jaguar .",1.5529979805487155,0.24128502997070433,0.7216924629026842,0.79974135091253,0.7587149700292957
343,"`` I ca n't believe they -LRB- GM -RRB- will let Ford have a free run , '' said Stephen Reitman , a European auto industry analyst at UBS-Phillips & Drew .",2.511891887737618,0.4007007808448097,0.596097137522939,0.6025358881117168,0.5992992191551904
344,`` I am sure they will be going for a full bid . '',1.6253491072973922,0.27137271884560915,0.7533792067813669,0.7054500459535574,0.7286272811543911
345,Many investors certainly believe a bidding war is imminent .,0.8754887502163458,0.16308286645303974,0.9182485351882308,0.7688208852920502,0.8369171335469601
346,"Jaguar shares skyrocketed yesterday after Mr. Ridley 's announcement , following their temporary suspension on London 's Stock Exchange .",1.658062972936508,0.3376700944324949,0.5920832549962858,0.7514889585061733,0.6623299055675053
347,"In late trading , the shares were up a whopping 122 pence -LRB- $ 1.93 -RRB- -- a 16.3 % gain -- to a record 869 pence on very heavy volume of 9.7 million shares .",2.0072376083480763,0.3500448945489456,0.630844841065794,0.6702593589250347,0.6499551054510544
348,"In the U.S. over-the-counter market , Jaguar shares trading as American Depositary Receipts closed at $ 13.625 , up $ 1.75 .",1.4310883388801834,0.23993017894943963,0.722859145487349,0.8013194012029522,0.7600698210505604
349,"Analysts expect Ford will make the first move , perhaps today , with an initial offer of about 900 pence -LRB- $ 14.25 -RRB- a share .",1.4829296302706583,0.23076553670552383,0.7782048376004965,0.7604685355055033,0.7692344632944762
350,Such a proposal values Jaguar at more than # 1.6 billion -LRB- $ 2.53 billion -RRB- .,1.735869117901585,0.30277627258767825,0.6697371709471425,0.7270629816228288,0.6972237274123219
351,Speculation about a takeover fight has sent Jaguar shares soaring in the past six weeks .,1.1784220607670832,0.19715229687641447,0.8275503772375027,0.7795770499508917,0.8028477031235856
352,The share price was languishing at about 400 pence before Ford 's Sept. 19 announcement of its interest in a minority stake .,1.3909967323782304,0.24317828922184515,0.7454887870921127,0.7685045197288266,0.7568217107781547
353,"Ford is `` in the driving seat at the moment , '' observed Bob Barber , an auto analyst at brokers James Capel & Co .",1.8693599590049144,0.3233547055127605,0.7065631229694135,0.6491581506258275,0.6766452944872394
354,An aggressive Ford bid for Jaguar would put pressure on GM to make a better offer as the British company 's `` white knight . '',1.8215765538057669,0.310497598186408,0.660772784481506,0.7208438373092088,0.6895024018135922
355,Such a countermove could end Jaguar 's hopes for remaining independent and British-owned .,1.1967776787259625,0.19516228911119476,0.7755234415435721,0.8364551585364794,0.8048377108888053
356,But it is n't clear how long GM would be willing to fight Ford for Jaguar .,1.7597733506408026,0.3082308871604794,0.6307653138206452,0.7658361440987489,0.6917691128395207
357,"Because of their longstanding rivalry , GM just `` wants to make sure Ford pays a huge packet for -LRB- Jaguar -RRB- , '' said John Lawson , an auto analyst at London 's Nomura Research Institute .",2.7674015647034236,0.4702211463104972,0.519029052084242,0.5409833590208887,0.5297788536895026
358,People close to the GM-Jaguar talks agreed that Ford now may be able to shut out General Motors .,1.8034032898152823,0.29125025225060963,0.6596600240389631,0.765733078380001,0.70874974774939
359,"`` It 's either going to be a shootout , or there only may be one player in town , '' one person said .",1.218575737868405,0.1855111773803835,0.8309083412920703,0.7987056587896584,0.8144888226196165
360,"Another person close to the talks said , `` It is very hard to justify paying a silly price for Jaguar if an out-and-out bidding war were to start now . ''",1.7657341707505605,0.2743064713143173,0.726489058957385,0.7248997387737316,0.725693528685683
361,"In a statement , Jaguar 's board said they `` were not consulted about the -LRB- Ridley decision -RRB- in advance and were surprised at the action taken . ''",2.0209730161030253,0.32497629289130764,0.674662570198611,0.6753852308483475,0.6750237071086925
362,The statement emphasized that holders representing 75 % of the shares voting at a special shareholders ' meeting must agree to lift the takeover restrictions .,1.8694654960302461,0.3266600368408995,0.6345200696840293,0.7172193956089832,0.6733399631591003
363,"Jaguar officials in the U.S. noted that Ford , as Jaguar 's largest shareholder , now has the power to call for such a meeting .",1.5965298078587278,0.25096096121371314,0.7446251747433802,0.7535055423809199,0.7490390387862865
364,U.S. auto analysts also noted that Ford is in the best position to benefit from the large number of Jaguar shares that have moved over the past month into the hands of arbitragers waiting for the highest takeover bid .,1.435875608002421,0.23417285033195068,0.7571930487126354,0.7746604271867292,0.765827149668049
365,"Jaguar 's own defenses against a hostile bid are weakened , analysts add , because fewer than 3 % of its shares are owned by employees and management .",1.2436183298714028,0.19497834272623984,0.7363682134729432,0.8877927919204046,0.8050216572737603
366,Ford officials in the U.S. declined to comment on the British government 's action or on any plans to call a special Jaguar shareholders meeting .,2.192066094603499,0.3702829459593762,0.6238608628224328,0.6356842313958448,0.6297170540406236
367,"But GM officials said they , too , were surprised by the move , which left them to `` consider all our options and explore matters further . ''",2.0833888200555366,0.34658397162092947,0.6206640805021133,0.6898171273117993,0.6534160283790708
368,"Although GM has U.S. approval to buy up to 15 % of Jaguar 's stock , it has n't yet disclosed how many shares it now owns .",2.0013964291895627,0.31724414251077493,0.6101513698226073,0.7749731893721071,0.6827558574892251
369,"In a prepared statement , GM suggested its plans for Jaguar would be more valuable in the long run than the initial windfalls investors might reap from a hostile Ford bid .",1.6026316410982595,0.2532841929013413,0.7577735178093937,0.7359761713089901,0.7467158070986588
370,"`` Our intensive discussions with Jaguar , at their invitation , '' GM said , `` have as their objectives to create a cooperative business relationship with Jaguar that would provide for the continued independence of this great British car company , to ensure a secure future for its employees and to provide an attractive long-term return for its shareholders . ''",1.523818980195129,0.2396705987499313,0.7425335365277755,0.7789992175096823,0.7603294012500686
371,"Jaguar was shocked by Mr. Ridley 's decision , because management had believed the government would n't lift the golden share without consulting the company first .",1.4043017392923582,0.2228805064483638,0.7468425663549443,0.8099549925535593,0.7771194935516363
372,"Indeed , the government is taking a calculated risk .",0.40000000000000124,0.06844795405812697,1.0,0.8718740509574638,0.9315520459418732
373,"Mr. Ridley 's announcement set off a howl of protests from members of the opposition Labor Party , who accused the Thatcher administration of backing down on promised protection for a privatized company .",1.610913676833544,0.2726910850966388,0.6949743648898249,0.762799095173655,0.7273089149033614
374,The British government retained the single golden share after selling its stake in Jaguar in,0.9660149997115388,0.18181657256807343,0.7565710707013469,0.8907204115557129,0.8181834274319268
375,"The Conservative government 's decision may reflect its desire to shed a politically sensitive issue well before the next election , expected in late 1991 .",1.208073443623733,0.19119286528846885,0.7807664849481423,0.8389369330132055,0.8088071347115312
376,"`` It 's now a very good time politically to get this over and done with , '' observed Daniel Jones , professor of motor industry management at the University of Cardiff in Wales .",2.546986578989816,0.4026838863272025,0.5865387494016046,0.608496949186188,0.5973161136727975
377,"The government , already buffeted by high interest rates and a slowing economy , has been badly hurt by last week 's shake-up in Mrs. Thatcher 's cabinet .",2.070865946493493,0.33050379409653097,0.6405111677088624,0.7012289024518088,0.6694962059034693
378,"At the same time , the government did n't want to appear to favor GM by allowing a minority stake that might preclude a full bid by Ford .",1.515459893174972,0.2365171852476782,0.747393789516895,0.780279771196923,0.7634828147523219
379,Mr. Ridley hinted at this motive in answering questions from members of Parliament after his announcement .,0.8835029416855233,0.17076560639471364,0.7803503654035187,0.8846522787781708,0.8292343936052866
380,He said he was giving up the golden share `` to clear the way so the playing field is level between all contestants . '',1.7549721192370873,0.28340974410697456,0.7135710157493248,0.719635154437305,0.7165902558930253
381,Bradley A. Stertz in Detroit contributed to this article .,2.026466250649041,0.4388770013720691,0.5295295168711933,0.596725622198572,0.5611229986279309
382,"Dow Chemical Co. , Midland , Mich. , and Eli Lilly & Co. , Indianapolis , said they completed the formation of Dow Elanco , a joint venture combining their plant-sciences businesses as well as Dow 's industrial pest-control business .",2.0551314346672496,0.34417275333437586,0.6359618817088413,0.6769736859805181,0.6558272466656243
383,"The companies said Dow Elanco will be the largest research-based agricultural concern in North America , with projected first-year revenue of $ 1.5 billion .",1.4668413785222825,0.23810504673644264,0.7349267488654431,0.7909177526775575,0.7618949532635569
384,"Dow will own 60 % of the venture , with Eli Lilly holding the rest .",1.3443609377704338,0.21839502351905402,0.7511004097668444,0.814692207525924,0.7816049764809458
385,The venture will be based in Indianapolis .,0.75,0.14285714285714285,0.818181818181818,0.8999999999999999,0.857142857142857
386,"William A. Wise , 44 years old , president of the El Paso Natural Gas Co. unit of this energy and natural-resources concern , was named to the additional post of chief executive officer , succeeding Travis H. Petty , 61 , who continues as a vice chairman of the parent .",2.0641711751875316,0.3516949449858204,0.6308682380173946,0.6667331566975997,0.6483050550141795
387,"Erwin Tomash , the 67-year-old founder of this maker of data communications products and a former chairman and chief executive , resigned as a director .",1.3460177854749862,0.24406946580101696,0.7532710657648853,0.758608847991658,0.755930534198983
388,"Dataproducts is fighting a hostile tender offer by DPC Acquisition Partners , a group led by New York-based Crescott Investments Associates .",1.386647155758026,0.25379780871698066,0.755592249622536,0.7370426564332664,0.7462021912830193
389,"Under the circumstances , Dataproducts said , Mr. Tomash said he was unable to devote the time required because of other commitments .",1.613887629511468,0.2551957813348977,0.7417948542858583,0.7478380996979375,0.7448042186651024
390,Mr. Tomash will remain as a director emeritus .,0.8888888888888893,0.163070121084996,0.836929878915004,0.8369298789150039,0.836929878915004
391,The company had no comment on whether a replacement would be named .,2.0861088829818275,0.41663197191129464,0.5824743842791947,0.58426441820394,0.5833680280887054
392,"Robert Q. Marston , president emeritus , University of Florida , and a director of this maker of medical devices , was named chairman .",1.637151475736811,0.28674728420404516,0.7208777943049,0.7057872573089402,0.7132527157959546
393,"Dr. Marston , 66 years old , succeeds Alexander T. Daignault , 72 , who did n't stand for re-election due to mandatory board retirement policy .",2.1477844771126158,0.3687442277198276,0.5994927663998348,0.6665728935608767,0.6312557722801725
394,SFE Technologies said William P. Kuehn was elected chairman and chief executive officer of this troubled electronics parts maker .,1.7119415478763753,0.3256854720591469,0.627737965015215,0.7283567491368645,0.6743145279408531
395,"The 45-year-old Mr. Kuehn , who has a background in crisis management , succeeds Alan D. Rubendall , 45 .",1.0099865470109863,0.1681236436255791,0.8605251792718946,0.8050736402038827,0.8318763563744206
396,"Jerome J. Jahn , executive vice president and chief financial officer , said Mr. Rubendall was resigning by `` mutual agreement '' with the board .",2.0570747482832314,0.3677663288374728,0.6152033501496313,0.6502337177219619,0.6322336711625272
397,"`` He is going to pursue other interests , '' Mr. Jahn said .",1.5364125003090665,0.2652378886760717,0.7728839625036504,0.7002241445328234,0.7347621113239282
398,Mr. Rubendall could n't be reached .,1.1428571428571428,0.255566812953303,0.7444331870466971,0.7444331870466971,0.7444331870466971
399,"Mr. Kuehn , the company said , will retain the rest of the current management team .",0.8967713234021506,0.15137774460423592,0.8906746503925389,0.8103617605775179,0.8486222553957644
400,"For the nine months ended July 29 , SFE Technologies reported a net loss of $ 889,000 on sales of $ 23.4 million .",1.5508033728697335,0.2690623159733726,0.6932991671847015,0.7728975154062464,0.7309376840266273
401,That compared with an operating loss of $ 1.9 million on sales of $ 27.4 million in the year-earlier period .,1.2195066892588935,0.21821826159374091,0.8086556460908505,0.756636571281415,0.7817817384062588
402,"In national over-the-counter trading , SFE Technologies shares closed yesterday at 31.25 cents a share , up 6.25 cents .",1.4314595241545334,0.2462769846079999,0.7530760680148049,0.7543710752750706,0.7537230153919999
403,Sales of new cars in Europe fell 4.2 % in September from a year earlier and analysts say the market could continue to soften in the months ahead .,1.6430600169567091,0.2602410918376861,0.6981231408246771,0.7866759259605215,0.7397589081623137
404,"After a stronger-than-expected pace early this year , analysts say the market , after a series of sharp swings in recent months , now shows signs of retreating .",1.3378240193552902,0.2321308921061218,0.8251893957425666,0.717994892219007,0.7678691078938783
405,"Statistics from 12 countries which normally account for 94 % of non-communist Europe 's passenger car sales showed new car registrations totaled 911,606 in September , down 21 % from August and down 4.2 % for the year to date .",2.201796519261026,0.36431925366872575,0.5754986924559742,0.7099197094444571,0.6356807463312746
406,Tokyo stocks rebounded Tuesday from two consecutive daily losses in relatively active dealings .,1.2649647103247643,0.2534386977786137,0.6554811363607733,0.867037578460213,0.7465613022213865
407,"London shares also rose , while trading in Frankfurt , West Germany , ended higher .",1.125,0.20341229780894052,0.8391693451865839,0.7581187766055523,0.7965877021910593
408,"In Tokyo , the Nikkei index of 225 selected issues was up 132.00 points to 35549.44 .",1.5738169118919698,0.2710479026086007,0.73091184590421,0.7270028298803441,0.7289520973913998
409,The index fell 109.85 Monday .,0.33333333333333304,0.06891905627080991,0.8710490642551528,1.0,0.93108094372919
410,"Volume on the First Section was estimated at 900 million shares , up from 582 million shares Monday .",1.1976256580086018,0.20381135752806753,0.7668949424023408,0.8278091305524905,0.7961886424719321
411,"Advancing issues outnumbered decliners 542 to 362 , while 208 issues were unchanged .",1.8760473218921727,0.3440427527500814,0.676011104026894,0.6370589066798418,0.6559572472499189
412,Small-lot buying targeted at incentive-backed issues pushed up the Nikkei .,1.5231715911057697,0.2822940395764253,0.7086923215378836,0.7269518364431847,0.7177059604235748
413,"But other sectors failed to attract investor interest and remained sluggish , making overall trading appear mixed .",1.3955230821535425,0.27456481063109917,0.7637538205717239,0.6907778670516016,0.7254351893689008
414,"Individuals and corporations , as well as dealers trading for their own account , actively bought Tuesday .",1.3955230821535425,0.24272755182619515,0.7317492109629425,0.784640521632366,0.7572724481738051
415,"An official at Wako Securities said these investors feel the need to make quick profits , despite destabilizing external factors , such as political uncertainty tied to the ruling party 's fate at next year 's Lower House elections - an event which could directly affect the stock market .",2.123250270728024,0.35907604570608864,0.6105039326292989,0.674534472024986,0.6409239542939112
416,"The Tokyo Stock Price Index of all issues listed in the First Section , which declined 5.16 on Monday , was up 16.05 , or 0.60 % , at 2692.65 on Tuesday .",1.9588623924677426,0.31642876927886476,0.6451539749922498,0.7268534814004837,0.683571230721135
417,"The Second Section index , which fell 21.44 points Monday , was up 6.84 points , or 0.19 % , to close at 3642.90 .",1.5687712379549428,0.25474678422112523,0.6851315294207143,0.8169414949216771,0.7452532157788744
418,"Second Section volume was estimated at 14 million shares , unchanged from Monday .",1.3396348215831049,0.23487339775836114,0.7533792067813672,0.777246153529084,0.7651266022416391
419,Institutional investors mostly remained on the sidelines Tuesday .,0.6666666666666679,0.11751192005564601,0.8492234537424981,0.9184649394575018,0.8824880799443541
420,A fund manager at a life-insurance company said three factors make it difficult to read market direction .,1.3831442751244314,0.2496877466472923,0.7688677088913058,0.7326313083588795,0.7503122533527079
421,"First , he said , domestic interest rates are likely to stay at higher levels as increased anticipation of inflation followed rising consumer prices reported last week .",1.619365500188847,0.2896033569420545,0.7247626024948646,0.696589127175159,0.7103966430579454
422,"Second , the dollar is showing persistent strength despite a slowdown in the U.S. economy shown by economic indicators .",0.5132331253245184,0.0831866273176205,0.953558207282601,0.8827953455596554,0.9168133726823792
423,"Third , oil prices have n't declined although supply has been increasing .",1.3469057695636115,0.24765720609709369,0.768759002007145,0.736613036122242,0.7523427939029064
424,"The topic that attracted participants ' attention was Mitsubishi Estate 's purchase of 51 % of Rockefeller Center Properties , announced late Monday in New York .",1.7814764988929586,0.3051160207262688,0.6609252597348124,0.7325213469024275,0.6948839792737314
425,"Mitsubishi Estate ended the day at 2680 , up 150 .",1.3413534092875894,0.2404932399324342,0.7268685223512301,0.7952138773323885,0.759506760067566
426,"The gains also sparked buying interest in other real-estate companies , traders said .",1.2506982145947818,0.23165249077098454,0.859294521979671,0.6948094579391227,0.7683475092290158
427,Sumitomo Realty & Development rose 40 to 2170 .,1.5010861115918823,0.31022098728418146,0.6897790127158184,0.6897790127158184,0.6897790127158184
428,Heiwa Real Estate gained 40 to 2210 .,1.3443609377704333,0.2887596997535768,0.7680502228963819,0.6622556248918265,0.711240300246423
429,"Investor focus shifted quickly , traders said .",1.0943609377704333,0.22308223737786706,1.0,0.6352130207431887,0.7769177626221329
430,Many of the morning-session winners turned out to be losers by afternoon .,1.3469057695636115,0.24765720609709366,0.7974596812615404,0.7120575944898915,0.7523427939029063
431,"In other stock-market news , the Tokyo Stock Exchange said that for the week ended Friday , the balance of margin buying rose 189.8 billion yen -LRB- $ 1.34 billion -RRB- , to 7.160 trillion yen -LRB- $ 50.46 billion -RRB- .",2.282553043467295,0.39939887860238577,0.5574000016951322,0.6510614429727861,0.600601121397614
432,"The balance of short positions outstanding fell 159.7 billion yen , to 779.8 billion yen .",1.6503982472854184,0.34031624274335565,0.6093720962722214,0.7190508371948638,0.6596837572566444
433,"In London , prices finished at intraday peaks , comforted by a reassuring early performance on Wall Street and news that the British government will waive its `` golden share '' in auto maker Jaguar .",1.8189984293156671,0.2976779664452675,0.6864558971560134,0.7189389547072733,0.7023220335547324
434,"But trading was very sketchy , as investment decision makers remain wary from gyrations and upsets of recent weeks .",1.9530696994310142,0.36644179432895374,0.6249520419485027,0.6424047086467125,0.633558205671046
435,"`` Volume has been appalling , '' said a dealer at a British brokerage concern .",1.6721804688852169,0.2869307225382374,0.7915502975675365,0.6487469902469251,0.7130692774617626
436,`` The market was dragged up by the scruff of its neck by Wall Street and by market makers getting caught short .,1.4431934521700311,0.2389902344697994,0.7100208724460066,0.8198886163080072,0.7610097655302005
437,No one wants stock on their books . '',1.0566416671474381,0.2183701645473637,0.7816298354526364,0.7816298354526364,0.7816298354526364
438,"Meanwhile , the broad-based Financial Times 100-share index added 30.4 points to end at 2142.6 , while reaching its minimum of 2120.5 a half hour into the session .",2.0053440661524524,0.3193606282150841,0.6276081107368489,0.7434598008089343,0.6806393717849158
439,"At the close , the narrower 30-share index was up 19.7 points to 1721.4 .",0.850325833477565,0.14670561271056334,0.8459493049228771,0.8607681363941797,0.8532943872894367
440,"Volume totaled a modest 334.5 million shares , up from 257.8 million shares Monday .",1.4079610319175817,0.2511605780970204,0.7180168983590406,0.7824268922870957,0.748839421902979
441,The market also moved at early afternoon on news that Jaguar shares were being temporarily suspended at 746 pence -LRB- $ 11.80 -RRB- each .,1.4064503783492066,0.23086463338544208,0.689252676697796,0.8699617993698743,0.7691353666145581
442,"Secretary of State for Trade and Industry Nicholas Ridley said later in the day that the government would abolish its golden share in Jaguar , the luxury auto maker being stalked by General Motors and Ford Motor .",1.9310474815821284,0.3218347893220961,0.6511157777623967,0.7075594962748349,0.6781652106779036
443,The golden share dates from Jaguar 's public offering in 1984 and was designed to protect the company from takeover .,1.5585264739619307,0.2513009267794528,0.71831074294544,0.7817721557290476,0.7486990732205471
444,The golden share was scheduled to expire at the beginning of,0.18181818181818166,0.03220223228059633,1.0,0.937604800157335,0.9677977677194037
445,"But although the golden share has been waived , a hostile bidder for Jaguar would still have to alter the British concern 's articles of association which ban shareholdings of more than 15 % .",1.641478671833811,0.24671275734486983,0.6933194543195449,0.8246109200836232,0.7532872426551296
446,"Jaguar shares closed at 869 pence , up 122 pence , on hefty turnover of 9.7 million shares .",0.9098398146212068,0.17658588884140203,0.7812232534649709,0.8704222636910143,0.8234141111585978
447,"As the London trading session drew to a close , the market was still listening to the parliamentary debate on the economy , with new Chancellor of the Exchequer John Major expected to clarify his approach to the British economy and currency issues .",1.5540085066848945,0.24960683295281325,0.7107135924738142,0.7947654057667088,0.7503931670471871
448,"On the Frankfurt Stock Exchange , share prices closed higher in fairly thin trading , as selective buying by foreigners helped propel prices .",1.8215173341947448,0.3097324694640013,0.6884760225321189,0.6920683863578644,0.6902675305359984
449,"The DAX index closed at 1472.76 , up from 1466.29 .",0.614080682014861,0.11009943522349477,0.8516589220365602,0.9317379591107964,0.8899005647765054
450,"Despite the modest gains , traders said the market remains dull , with investors remaining cautiously on the sidelines .",1.2741971727682007,0.2161792271165756,0.8167654244026828,0.7534307575735758,0.7838207728834243
451,"Contributing to the market 's reserved stance was the release later in the day of new data on the health of the U.S. economy , in the form of the U.S. index of leading indicators .",1.2388055706086156,0.23889954967585506,0.7212783590332741,0.8055766890044945,0.7611004503241451
452,"Additionally , the end of the month position-squaring might have also played a minor role , traders said .",1.006285025198089,0.167271298048295,0.8880413354186066,0.7839024723627837,0.8327287019517047
453,"Elsewhere , share prices closed higher in Amsterdam , Brussels , Milan and Paris .",1.0666666666666664,0.20076052386749338,0.8250181412013934,0.7750229691907686,0.7992394761325063
454,Prices were mixed in Zurich and lower in Stockholm .,0.4754887502163463,0.08857231841333532,0.898789115431153,0.9244267583903902,0.9114276815866645
455,"Stocks closed higher in Hong Kong , Manila , Singapore , Sydney and Wellington , but were lower in Seoul .",1.2029107108971449,0.21189337927278373,0.8544860344454759,0.7312969581042248,0.7881066207272162
456,Taipei was closed for a holiday .,0.0,0.0,1.0,1.0,1.0
457,"Here are price trends on the world 's major stock markets , as calculated by Morgan Stanley Capital International Perspective , Geneva .",1.9649325826048147,0.3388306900293164,0.6468406376536643,0.6761471742765356,0.6611693099706839
458,"To make them directly comparable , each index is based on the close of 1969 equaling 100 .",1.5485723878292896,0.24399134910304215,0.6931258289343166,0.8314398050243157,0.7560086508969579
459,The percentage change is since year-end .,0.9649839288804953,0.207535658331763,0.865741148370179,0.7306239305568805,0.7924643416682369
460,"French consumer prices rose 0.2 % in September from the previous month and were up 3.4 % from a year earlier , according to definitive figures from the National Statistics Institute .",2.202012295209693,0.34794472423068995,0.619867404885521,0.6877690786350305,0.6520552757693102
461,"The state agency 's figures confirm previous estimates and leave the index at 178.9 , up from 178.5 in August and 173.1 a year earlier .",2.29418232660556,0.3745266316595508,0.5898813024181797,0.6656363155759604,0.625473368340449
462,The index is based on 1980 equaling 100 .,1.1111111111111116,0.2125007834794058,0.7553948183725061,0.8224536244341406,0.7874992165205942
463,A breakdown showed that food prices were the most active part of growth with a rise of 0.6 % .,1.465502203205359,0.2743409418070072,0.6523836163649683,0.8174778071652671,0.7256590581929928
464,An official linked the gain essentially to higher prices for beef and pork .,0.7682062501545346,0.14807414986523432,0.8207935519962146,0.8855129223492966,0.8519258501347658
465,He said summer drought problems that had hit several southern agricultural regions had stopped being a major source of price pressure in September .,1.5881615792130575,0.2713790435289005,0.7482105377247007,0.7100309887476502,0.7286209564710995
466,"Japan 's index of leading indicators rose to 63.6 in August , above the so-called boom-or-bust line of 50 for the first time since May , the Economic Planning Agency said .",1.7684351683315436,0.2914727362071757,0.7178195072195641,0.6994725238525158,0.7085272637928244
467,"The leading index recovered from July 's revised level of 36.6 on strong performances in consumer durables and machinery orders , among other factors , according to an agency spokeswoman .",1.586275094421774,0.2851096121919746,0.6959385757382093,0.7349032876272776,0.7148903878080253
468,The index is intended to measure future economic performance .,0.20000000000000018,0.03813987126305844,0.9265226732566291,1.0,0.9618601287369417
469,A figure above 50 indicates the economy is likely to expand ; one below 50 indicates a contraction may be ahead .,1.9079167477744114,0.3162347405367759,0.6650493390143888,0.7035650962567359,0.6837652594632238
470,"Metromedia Co. said its Metromedia Long Distance unit has been renamed Metromedia-ITT Long Distance , reflecting acquisitions from ITT Corp. , which licenses its name to closely held Metromedia .",2.522646690348353,0.4512395020775697,0.5551753137433664,0.5424922297698036,0.5487604979224304
471,"Metromedia said its unit is the fifth-largest provider of long-distance communications service in the U.S. , with projected 1989 revenue of more than $ 550 million .",1.746611685039686,0.2918127283408384,0.68324242463137,0.7350225871146369,0.7081872716591618
472,"Metromedia , headed by John W. Kluge , has interests in telecommunications , robotic painting , computer software , restaurants and entertainment .",1.6753073467669335,0.3124738234016442,0.7452521896410902,0.6380999967781728,0.6875261765983557
473,"South Korean consumer prices rose 5 % in the first 10 months of this year , matching the government 's target for the entire year , according to the Bank of Korea and the Economic Planning Board .",1.998822288900036,0.3275071469550253,0.6416642661568859,0.7064332482369077,0.6724928530449747
474,"According to reports released by the two government agencies , domestic consumer and wholesale prices each rose by 0.2 % in October from the previous month .",1.8425409615501671,0.3109370093177808,0.6641564646583605,0.7159103382880169,0.6890629906822197
475,"As a result , consumer prices for the first 10 months of 1989 surged by 5 % and wholesale prices by 1.3 % .",1.4221620971715372,0.2626614823480486,0.6764661406279151,0.8102495035886694,0.7373385176519515
476,The South Korean government had been projecting a 5 % consumer price increase for the entire year .,1.6505281080303722,0.29302712763837074,0.6900249761001056,0.7247742553820848,0.7069728723616293
477,Martin Marietta Corp. said it won a $ 38.2 million contract from the U.S. Postal Service to manufacture and install automated mail-sorting machines .,1.7489236854598795,0.2778191910479015,0.7092483138643977,0.7355936878676069,0.7221808089520985
478,"Under terms of the three-year contract , Martin Marietta said it will make and install 267 of the new machines at 156 postal offices .",1.2700539969805238,0.20169587584188853,0.7608408287553974,0.839647823465343,0.7983041241581114
479,"The new machines are capable of sorting by zip code up to 10,000 large flat mail pieces , including magazines and parcels , an hour .",2.021352175459374,0.3477280998507114,0.6665841932381812,0.6385612895116222,0.6522719001492885
480,"Thomas A. Donovan , 37 years old , formerly vice president , West Coast operations , at this hazardous-waste-site remediation concern , was named executive vice president and chief operating officer , both newly created posts , and a director , filling a vacancy .",2.0888132618170476,0.3837109286530838,0.5806530654855316,0.6565852062495036,0.6162890713469164
481,"Canonie said it anticipates naming Mr. Donovan to succeed Richard F. Brissette , 55 , as president and chief executive officer , effective March 1 .",1.8812542070478178,0.3207579706452364,0.6656257036252927,0.693427071831743,0.6792420293547635
482,Mr. Brissette will remain a Canonie board member and will be a consultant to the company .,0.7717303222802228,0.1340708854560731,0.8830766916261701,0.849434795566386,0.8659291145439272
483,Yields on savings-type certificates of deposit dropped slightly in the week ended yesterday .,0.7403234269000194,0.14347073235987928,0.8855129223492966,0.8293828034932161,0.8565292676401206
484,"The average yield on a six-month CD of $ 50,000 or less was 7.90 % , compared with 7.94 % a week earlier .",1.5362818918032017,0.2584192172289113,0.6825419388017469,0.811800277249224,0.7415807827710884
485,"The average one-year savings-type CD was down to 7.99 % from 8.01 % , according to Banxquote Money Markets , a New York information service that tracks CD yields .",2.0262304121390153,0.3328838501862961,0.6154524705038997,0.7282483953721313,0.6671161498137038
486,"`` This week was uneventful for the CD market , '' said Norberto Mehl , chairman of Banxquote .",2.0589166041454603,0.3680032175076723,0.6672058165431047,0.6003175031947158,0.6319967824923277
487,`` The major banks have n't even reacted to sharp rises in the three-month Treasury bill rates '' in the past two weeks .,1.39100324938559,0.22757611224545654,0.743847869836665,0.8032832020103172,0.7724238877545434
488,"Banks that adjusted payouts on CDs in the most recent week made only fractional moves , he said .",1.2823435777158032,0.21086259353240222,0.8389049381046935,0.7449440481948888,0.7891374064675977
489,The CD trend runs counter to the direction of short-term interest rates at the Treasury bill auction Monday .,1.444829132325446,0.2779918465277578,0.7194689577208663,0.7245653356859069,0.722008153472242
490,"The average six-month bill was sold with a yield of 8.04 % , up from 7.90 % .",0.7777777777777777,0.12657366661061767,0.8284844825251501,0.9235236662337629,0.8734263333893825
491,The average three-month issue rose to 8.05 % from 7.77 % .,1.0629072918469564,0.20812680752015125,0.6928890434198678,0.923852057893157,0.7918731924798489
492,"Typically , banks offer CD yields higher than those on Treasury bills , which are considered the safest short-term investments ; banks need a competitive edge to sell their products .",1.8188156248471747,0.29873871739926944,0.6834713744781256,0.7200020383794774,0.7012612826007304
493,"But when market interest rates move up rapidly , increases in bank CD yields sometimes lag .",2.0083358500044888,0.390985214080005,0.7027884653330405,0.5373197428284476,0.609014785919995
494,"Most yields on short-term jumbo CDs , those with denominations over $ 90,000 , also moved in the opposite direction of Treasury bill yields .",0.7385757378684055,0.12052547650696861,0.8838295879093636,0.8751621677319785,0.8794745234930313
495,"The average six-month yield on a jumbo CD was at 7.90 % , down from 7.93 % , Banxquote said .",0.9930834748701587,0.16216377771812499,0.7925697359183905,0.8885865728970295,0.8378362222818749
496,"For longer-term CDs , yields were up .",1.0,0.2,0.8888888888888888,0.7272727272727271,0.7999999999999999
497,"The average two-year and five-year jumbos were up 0.02 of a percentage point to 7.91 % and 7.96 % , respectively .",1.6815326572586802,0.27357913222170427,0.6836280673891783,0.7749287836095311,0.7264208677782957
498,"However , CDs sold through major broker-dealer networks were up slightly almost across the board .",1.3671439363079516,0.24270883559766634,0.7802774363896723,0.7356204471807979,0.7572911644023337
499,"The average six-month CD in that category added 0.05 percentage point to 8.35 % , for example .",1.5541204695020605,0.27387224194714627,0.7315341518059041,0.7208006898128022,0.7261277580528538
500,Mr. Mehl attributed the rise specifically to the Treasury bill increase .,0.8333333333333321,0.1599249631740632,0.8335401475536951,0.8467132018086355,0.8400750368259366
501,"Among the major banks surveyed by Banxquote in six regions of the country , 8.33 % is the highest yield available .",1.267013771860328,0.21305593832326514,0.7729739795708391,0.8014284051578286,0.7869440616767349
502,It is offered by the flagship banks of New York 's Manufacturers Hanover Corp. in the one-year maturity only .,1.2987084225518535,0.21396727870758703,0.753476770341349,0.8215290504759276,0.7860327212924126
503,The yield is offered across a range of maturities at San Francisco 's BankAmerica Corp. and Wells Fargo & Co .,1.3029043047119,0.24302083212829673,0.7213081202352656,0.7963618690646151,0.7569791678717032
504,"Just two weeks ago , BankAmerica 's yields in many of those maturities was 8.61 % .",1.3385227942449118,0.21026732118601238,0.7532256092101057,0.8299588265703486,0.7897326788139882
505,"Still , on average , the major California banks have the highest yields on CDs , according to Banxquote .",0.7754887502163461,0.1338693233198757,0.8698110846263655,0.8624812831232977,0.866130676680124
506,The average yield there on six-month issues is 8.32 % .,0.4322625001966802,0.07505432916145048,0.8603710954403706,1.0000000000000002,0.9249456708385498
507,I had to reach back to French 101 when the monsieur avec clipboard leaned over my shoulder during the coffee phase of dinner and asked whether I wanted to ride in a montgolfiere .,2.089960294881225,0.3318020510874974,0.6230739862601166,0.7203680986823966,0.668197948912503
508,"I was a last-minute -LRB- read interloping -RRB- attendee at a French journalism convention and so far the festivities had been taken up entirely by eating , drinking , smoking , sleeping and drinking .",2.248860985153281,0.3815313352188121,0.5949873250543222,0.6438795497080133,0.6184686647811878
509,The man with the clipboard represented a halfhearted attempt to introduce a bit of les sportif into our itinerary .,1.1950067264945066,0.2129227133596506,0.7606480281916741,0.8154092632731194,0.7870772866403493
510,"But as the French embody a Zen-like state of blase when it comes to athletics -LRB- try finding a Nautilus machine in Paris -RRB- , my fellow conventioners were having none of it .",2.0453470548921757,0.3176934807618427,0.6574282390058052,0.7091417321008415,0.6823065192381573
511,"The diners at my table simply lit more Gauloises and scoffed at the suggestion of interrupting a perfectly good Saturday morning to go golfing or even montgolfing -LRB- ballooning to you ; the brothers Montgolfier , French of course , were the world 's first hot-air balloonists -RRB- .",2.576401216883074,0.41745871110595867,0.5396637093761397,0.632820390776662,0.5825412888940413
512,Back in the U.S.A. this kind of chi-chi airborne activity wins heartwarmingly covetous responses .,1.2503258334775644,0.23611165911098278,0.7040188738318657,0.8348867573731481,0.7638883408890171
513,As in : `` You went ballooning ? ? ! !,1.9108681826048977,0.44638919239755087,0.7028805497318296,0.456635727877528,0.5536108076024492
514,In France ? ? ! ! '',0.6935361388961923,0.23185837894960334,0.9999999999999997,0.6235632554656044,0.7681416210503966
515,Americans it seems have followed Malcolm Forbes 's hot-air lead and taken to ballooning in a heady way .,1.4618125005693337,0.23608322217129898,0.71960115699198,0.8140488248880987,0.7639167778287008
516,"During the past 25 years , the number of balloonists -LRB- those who have passed a Federal Aviation Authority lighter-than-air test -RRB- have swelled from a couple hundred to several thousand , with some estimates running as high as 10,000 .",1.973242813279449,0.30800495987192905,0.6486887966125142,0.7414971368866217,0.6919950401280712
517,"Some 30 balloon shows are held annually in the U.S. , including the world 's largest convocation of ersatz Phineas Foggs -- the nine-day Albuquerque International Balloon Fiesta that attracts some 800,000 enthusiasts and more than 500 balloons , some of which are fetchingly shaped to resemble Carmen Miranda , Garfield or a 12-story-high condom .",2.6312219163987836,0.41273583812464515,0.5372873426768027,0.6474918676723631,0.587264161875355
518,-LRB- The condom balloon was denied official entry status this year . -RRB-,1.7580579209441032,0.357961800676592,0.6891478448618832,0.6009572020002572,0.6420381993234078
519,"But in Epinal , a gray 16th-century river town adjacent to France 's Vosges mountain region , none of these Yankee-come-lately enthusiasms for things aloft was evident .",2.50114374507168,0.41890230514086413,0.579398711819726,0.5828066711293697,0.581097694859136
520,Ballooning at the de rigueur hour of 6 a.m. held all the attraction for most people of sunrise root-canal work .,1.4059898778728774,0.2661142538927381,0.7039817320420292,0.7664430152300792,0.7338857461072618
521,"Feeling the naggings of a culture imperative , I promptly signed up .",0.8853673080251498,0.15005901246939615,0.9220700732329219,0.7882778229819996,0.849940987530604
522,"The first thing anybody will tell you about ballooning is that it requires zip in the way of athletic prowess , or even a measure of derring-do .",1.6449234432489241,0.26149257789281183,0.7333234837297922,0.7437651738553097,0.738507422107188
523,-LRB- So long as you do n't look down . -RRB-,2.3522093619024744,0.5150837847790251,0.42669059801624676,0.5615437032976908,0.48491621522097483
524,"They will also tell you that even if you hate heights , you can still balloon .",1.8726589978599688,0.4049805807754425,0.5228251111030716,0.6903458261313677,0.5950194192245576
525,-LRB- I still say do n't look down .,2.17884894160409,0.5236357572409647,0.3959144152523304,0.5978467249425141,0.4763642427590353
526,At least not when you are ascending . -RRB-,1.3333333333333344,0.2663195633487892,0.6230586343562454,0.8920629867197594,0.7336804366512107
527,What they wo n't tell you is not to go aloft in anything you do n't want to get wet .,1.886935852640014,0.36915362486902326,0.593800257800479,0.6728225494094349,0.6308463751309764
528,I 'm not referring to the traditional champagne drenching during the back-on-terra-firma toast .,0.822126786023353,0.1385115102148457,0.8412410788254996,0.8827345872551084,0.8614884897851546
529,I 'm talking about landing in a canal .,0.0,0.0,1.0,1.0,1.0
530,In a porous wicker basket .,0.6666666666666674,0.14804095548293278,0.8519590445170674,0.8519590445170674,0.8519590445170674
531,With a pilot who speaks no English .,0.8443609377704338,0.1637742533134754,0.7838687499016604,0.8960775105770447,0.8362257466865246
532,"To wit , my maiden voyage -LRB- and novitiates are referred to as virgins -RRB- began at dawn on a dew-sodden fairway and ended at noon in a soggy field .",2.2658572554898755,0.3926753841023464,0.6143370484567914,0.6004704653099306,0.6073246158976535
533,"-LRB- Balloon flights almost always occur at dawn or dusk , when the winds are lightest . -RRB-",2.2207871361687275,0.3972258285221887,0.6228594498945044,0.5839438015822155,0.6027741714778114
534,In between came lots of coffee drinking while watching the balloons inflate and lots of standing around deciding who would fly in what balloon and in what order -LRB- the baskets hold no more than four passengers -RRB- .,2.4488939990383267,0.39790307862226204,0.5842193252650683,0.6211031944934111,0.602096921377738
535,"When it was n't my turn in the balloon I followed its progress from the `` chase car , '' listening to the driver holler into a walkie-talkie .",2.2580670157022085,0.36630443640939014,0.6634825738311435,0.6064682097938474,0.6336955635906102
536,After long stretches of this attendant ground activity came 20 or so lovely minutes of drifting above the Vosges watching the silver mists rise off the river and the French cows amble about the fields .,2.177433765636236,0.39931505473397666,0.5337155186108267,0.6868721187168464,0.6006849452660233
537,"It 's hard not to feel that God 's in his heaven with this kind of bird's-eye view of the world , even if your pilote in silly plaid beret kept pointing out how `` belle '' it all was .",2.5309796055044913,0.39336607001633606,0.576205623593602,0.6404551286782715,0.6066339299836643
538,Eventually little French farmers and their little French farmwives came out of their stone houses and put their hands above their tiny eyes and squinted at us .,1.5364125003090674,0.30567939999431765,0.6234418216176729,0.7833830093380025,0.6943206000056826
539,No wonder .,4.440892098500626e-16,1.4009454786722165e-16,1.0,1.0,1.0
540,We were coming down straight into their canal .,0.5283208335737184,0.09843720765687439,0.8876900403616652,0.9158760328571389,0.9015627923431254
541,"See , the other rule of thumb about ballooning is that you ca n't steer .",1.147782998537516,0.1910470201631564,0.7700616213250833,0.8519816449208658,0.8089529798368433
542,And neither can your pilot .,0.33333333333333304,0.06891905627080991,0.8710490642551528,1.0,0.93108094372919
543,"You can go only up or down -LRB- by heating the balloon 's air with a propane burner , which does make the top of your head feel hot -RRB- and ride the air currents .",1.790677595741947,0.2877597215921856,0.6704203516764055,0.7596246502220384,0.7122402784078142
544,Which makes the chase car necessary .,0.5714285714285712,0.1133049180745301,0.8866950819254699,0.8866950819254699,0.88669508192547
545,"Most balloonists seldom go higher than 2,000 feet and most average a leisurely 5-10 miles an hour .",1.2277703038949932,0.2155923329163944,0.7577255929809087,0.8130374585520601,0.7844076670836057
546,When the balloon is cruising along at a steady altitude there is little sense of motion .,0.8679345589507923,0.14157599733188944,0.8688036828606505,0.8482894084620143,0.8584240026681105
547,"Only when one is ascending -- or in our case descending a tad trop rapidement -- does one feel , well , airborne in a picnic basket .",2.1783470878461078,0.33109504185069166,0.6375979635040516,0.7034451459775779,0.6689049581493085
548,"`` What 's he doing ? '' hissed my companion , who was the only other English-speaking member of the convention and whose knuckles were white .",1.9581764964176633,0.317764694447558,0.6887250200996816,0.6758667518287754,0.6822353055524424
549,"`` Attention , '' yelled our pilot as our basket plunged into the canal .",1.6679700005769247,0.2971895912970821,0.7567433310436987,0.6560536188813095,0.7028104087029178
550,"`` You bet attention , '' I yelled back , leaping atop the propane tanks , `` I 'm wearing alligator loafers ! ''",1.6708277279212456,0.3050602329140542,0.7259186433575912,0.6664967447447613,0.6949397670859458
551,"Our pilot simply laughed , fired up the burner and with another blast of flame lifted us , oh , a good 12-inches above the water level .",1.6458459985690297,0.2753244301854583,0.7202881185496801,0.7291167987317541,0.7246755698145415
552,We scuttled along for a few feet before he plunged us into the drink again .,1.0943609377704329,0.17778185606841873,0.8222181439315813,0.8222181439315813,0.8222181439315813
553,Eventually we came to rest in a soggy patch of field where we had the exquisite pleasure of scrambling out of the basket into the mud while the French half of our ballooning tag team scrambled in .,1.6157918530594122,0.26533800624364423,0.7334160805871658,0.7359121471956204,0.7346619937563559
554,I looked at my watch .,0.33333333333333304,0.06891905627080991,1.0,0.8710490642551528,0.93108094372919
555,Barely half-an-hour aloft .,0.5,0.14285714285714285,1.0,0.75,0.8571428571428571
556,"Back in the chase car , we drove around some more , got stuck in a ditch , enlisted the aid of a local farmer to get out the trailer hitch and pull us out of the ditch .",1.984688060997854,0.31616294358741415,0.6897532081385533,0.6780215296480269,0.683837056412586
557,"We finally rendezvoused with our balloon , which had come to rest on a dirt road amid a clutch of Epinalers who watched us disassemble our craft -- another half-an-hour of non-flight activity -- that included the precision routine of yanking the balloon to the ground , punching all the air out of it , rolling it up and cramming it and the basket into the trailer .",2.4517616444095744,0.4018271016083299,0.5901915090416657,0.6063731179330496,0.5981728983916701
558,It was the most exercise we 'd had all morning and it was followed by our driving immediately to the nearest watering hole .,2.2924812503605785,0.3792917554300061,0.5825193599511937,0.6642556052415544,0.6207082445699941
559,"This meant returning to the golf course , where we watched a few French duffers maul the first tee while we sat under Cinzano umbrellas , me nursing an espresso and my ego .",1.986604230264489,0.32033789454892925,0.671597141786734,0.687923121819562,0.679662105451071
560,A whole morning of ballooning and I had been off the ground barely 30 minutes .,1.047180468885216,0.17143121343675838,0.7786581729937128,0.885315976982112,0.8285687865632415
561,"Still , I figured the event 's envy-quotient back in the U.S.A. was near peerless .",1.4693609377704338,0.24364929199181778,0.7525274423645013,0.7602130207431886,0.7563507080081822
562,"As for the ride back to camp , our pilot and all the other French-speaking passengers clambered into the chase car .",1.7140684520248488,0.2993384293184224,0.6923638606346352,0.709160582874413,0.7006615706815774
563,My American companion and I were left to ride alfresco in the wicker basket .,1.0843108337660254,0.17499787844353398,0.7691047553978448,0.8896613586396259,0.8250021215564656
564,"As we streaked by a blase gendarme , I could n't resist rearing up on my soggy loafers and saluting .",1.2147511906822341,0.1911449049294488,0.7550524692164422,0.870913615956073,0.8088550950705509
565,Ms. de Vries is a free-lance writer .,1.0943609377704333,0.22308223737786706,0.7921550211540895,0.7622556248918265,0.7769177626221329
566,"Treasury Undersecretary David Mulford defended the Treasury 's efforts this fall to drive down the value of the dollar , saying it helped minimize damage from the 190-point drop in the stock market Oct. 13 .",2.038446610701503,0.3372551857645113,0.670809374849084,0.654871856611765,0.6627448142354885
567,"Testifying before a House subcommittee , Mr. Mulford said that if the Treasury had n't intervened in foreign-exchange markets in September and early October to reduce the dollar 's value , the plunge in the stock market might have provoked a steep fall in the currency that might have `` unhinged financial markets . ''",2.0887218668905385,0.31840984120631255,0.666426429801401,0.6974600196638349,0.6815901587936875
568,"Mr. Mulford , responding to critics of intervention , also said intervention is `` highly visible , '' is taken seriously by financial markets and works better than `` was recognized some time ago . ''",2.646473020941219,0.448486660555065,0.5200911218634362,0.5869765579949318,0.551513339444935
569,Differences between the Treasury and the Federal Reserve on the usefulness of intervention to help restrain the dollar resurfaced at the hearing .,1.2490893892695887,0.23428243046561983,0.741529198949005,0.7915371794092015,0.76571756953438
570,"Fed Vice Chairman Manuel Johnson , who had dissented from the Treasury 's policy , told lawmakers , `` I became convinced about what looked to me like an attempt to push the dollar down against the fundamentals in the market . ''",2.4014215099730225,0.3787599268312972,0.6133379159997001,0.6293485085002108,0.6212400731687023
571,"Intervention , he added , is useful only to smooth disorderly markets , not to fundamentally influence the dollar 's value .",1.517582815814218,0.26434780257694,0.7479936310315821,0.7237114055594652,0.7356521974230598
572,"Rep. John LaFalce -LRB- D. , N.Y . -RRB- said Mr. Johnson refused to testify jointly with Mr. Mulford and instead asked to appear after the Treasury official had completed his testimony .",2.2420435430115733,0.3941302932585242,0.5679618955560705,0.6491996142421063,0.6058697067414754
573,A Fed spokesman denied Mr. LaFalce 's statement .,0.8344194449252158,0.18074556772997027,0.7816298354526364,0.8606844062868315,0.8192544322700299
574,"Mr. Mulford said reports of tension between the Treasury and Fed have been exaggerated , insisting that they involved `` nuances . ''",1.9332344976830518,0.32194986589574487,0.6388939387630295,0.7223192563886898,0.6780501341042553
575,"Mr. Johnson also said that `` in the scheme of things , these things are minor . ''",1.3752715278979704,0.22131697602667982,0.8019494966403067,0.7567285199799839,0.7786830239733201
576,"On other matters , Mr. Mulford said West Germany is contributing to imbalances in the world economy because of its success as an exporter .",1.8784611407404155,0.3216278697068935,0.6967842898447187,0.6609079833319931,0.6783721302931063
577,"`` The solution is stronger domestic growth -LCB- in Germany -RCB- , '' he said .",1.3137218755408675,0.22130396318999349,0.8703284107135696,0.7045206987471389,0.7786960368100064
578,"But because the growth of the German economy has been stronger than expected , Mr. Mulford said , it 's difficult for the U.S. to argue that Germany ought to adopt more stimulative monetary and fiscal policies .",1.8032171015178973,0.2716106703268324,0.6953345595969597,0.7647436654075147,0.7283893296731679
579,"Germany 's trade surplus is largely with other European countries rather than with the U.S. , Mr. Mulford acknowledged .",1.7132331253245203,0.28887911214491335,0.6921834742094823,0.7311236642457306,0.7111208878550866
580,"But nonetheless U.S. companies might be more successful in European markets if not for the German export push , he said .",1.3458927488380361,0.2062156586686573,0.7639386253164848,0.8260569075531774,0.7937843413313426
581,"Five officials of this investment banking firm were elected directors : E. Garrett Bewkes III , a 38-year-old managing director in the mergers and acquisitions department ; Michael R. Dabney , 44 , a managing director who directs the principal activities group which provides funding for leveraged acquisitions ; Richard Harriton , 53 , a general partner who heads the correspondent clearing services ; Michael Minikes , 46 , a general partner who is treasurer ; and William J. Montgoris , 42 , a general partner who is also senior vice president of finance and chief financial officer .",2.2614435363462926,0.37090166083733395,0.6069958496605316,0.6528712871636277,0.6290983391626662
582,The board increased by one to 26 members .,0.9727652780181648,0.1976104737709516,0.7889467394418684,0.8162983545263643,0.8023895262290488
583,"In the past year , one inside director resigned , while three others retired .",1.0666666666666664,0.19116588315551983,0.8088341168444801,0.8088341168444801,0.8088341168444801
584,"Some U.S. allies are complaining that President Bush is pushing conventional-arms talks too quickly , creating a risk that negotiators will make errors that could affect the security of Western Europe for years .",1.537747614710371,0.24441160890968242,0.7390711568875561,0.772860777309126,0.7555883910903178
585,"Concerns about the pace of the Vienna talks -- which are aimed at the destruction of some 100,000 weapons , as well as major reductions and realignments of troops in central Europe -- also are being registered at the Pentagon .",1.5281083694772786,0.24807827430837953,0.7097140859285741,0.7994670962424388,0.7519217256916204
586,Mr. Bush has called for an agreement by next September at the latest .,0.39355535745192416,0.06923011781302006,0.93076988218698,0.93076988218698,0.93076988218698
587,But some American defense officials believe the North Atlantic Treaty Organization should take more time to examine the long-term implications of the options being considered .,1.3121491500428215,0.22550370658564217,0.7337263728627258,0.8200635902404807,0.7744962934143577
588,"For one thing , Pentagon officials , who asked not to be identified , worry that the U.S. will have a much tougher time persuading Europeans to keep some short-range nuclear weapons on their soil once Soviet armored forces are thinned out .",2.1178191315898465,0.3251857907026131,0.6235277065152114,0.7352937074474842,0.6748142092973867
589,"At the same time , they contend that a reduction of NATO forces under a treaty will increase the possibility of a conventional Soviet attack unless the West retains a residual force of nuclear weapons in Europe .",1.123343339317385,0.18445194271399487,0.8196039864164761,0.8115320731881892,0.8155480572860054
590,"Allies concerned about the deadline include the British , French and smaller NATO allies , some of whom do n't have adequate staffs to provide quick answers to the questions being raised by what generally are considered the most complex arms-control talks ever attempted .",2.4192553715143035,0.37782248765884263,0.5742405830786748,0.6788468498643622,0.6221775123411577
591,"So far , no ally has complained openly , preserving the impression that NATO is in line with the Bush position that a quick agreement bringing Soviet conventional forces down to parity with NATO is the West 's top bargaining priority .",2.1844906181393915,0.33870129733422033,0.6587110245672787,0.6639067917982044,0.6612987026657797
592,"But even though NATO negotiators have only 10 months left under the Bush timetable , they are still wrestling over such seemingly fundamental questions as `` What is a tank ? ''",2.2543426714818002,0.34294525098665474,0.6190339482412336,0.7000516206287741,0.657054749013345
593,Five of the six categories of weapons under negotiation have n't even been defined .,0.7169925001442312,0.12300820084064645,0.8502029132863091,0.9055237799577378,0.8769917991593534
594,Tanks currently are defined as armored vehicles weighing 25 tons or more that carry large guns .,1.5161433829892559,0.26935485108364166,0.6994713174009892,0.7647272893566393,0.7306451489163585
595,"The Soviets complicated the issue by offering to include light tanks , which are as light as 10 tons .",1.8182263988300136,0.2863285062754232,0.6695727858111155,0.7639885122231009,0.7136714937245767
596,"Oleg A. Grinevsky , the chief Soviet negotiator in the conventional-arms talks , argued that this would mean the Soviets would have to destroy some 1,800 tanks , while the U.S. would lose none because it has no light tanks in Europe .",1.5225061847717907,0.2313739650134283,0.7464423554975808,0.7921686643976604,0.7686260349865717
597,But the issue is stickier than it seems .,0.8888888888888902,0.16307012108499616,0.7738351806137472,0.9112268122170702,0.836929878915004
598,"France , Britain and Italy all have light tanks they would like to keep out of the talks .",1.5789473684210504,0.26336241527388926,0.6638476657543512,0.8273559458264325,0.7366375847261103
599,"And some U.S. Army analysts worry that the proposed Soviet redefinition is aimed at blocking the U.S. from developing lighter , more transportable , high-technology tanks .",1.667983794061385,0.27342533596118807,0.703977815623478,0.7506702850435767,0.7265746640388121
600,Defining combat aircraft is even tougher .,0.8571428571428577,0.18016411739235047,0.8722165935233486,0.7733901638509398,0.8198358826076496
601,"The Soviets insisted that aircraft be brought into the talks , then argued for exempting some 4,000 Russian planes because they are `` solely defensive . ''",2.642999644405552,0.42889493156821196,0.5277999464865409,0.6221515881864677,0.5711050684317879
602,NATO has n't budged from its insistence that any gun-carrying plane has offensive capability .,1.5346366672435918,0.25524196573607255,0.6737179287696066,0.8325457166351196,0.7447580342639272
603,"The dispute over that issue , according to one U.S. official , is a `` potential treaty stopper , '' and only President Bush and Soviet leader Mikhail Gorbachev may be able to resolve it .",2.125173261852126,0.3412722467464678,0.605325735738607,0.722463718669238,0.6587277532535322
604,Accounting problems raise more knotty issues .,0.9649839288804953,0.2366144122242709,0.8449203299593961,0.6962021387801476,0.7633855877757291
605,"Greece and Turkey , for example , are suspected of overstating their arsenals in hopes that they can emerge from the arms-reduction treaty with large remaining forces to deter each other .",1.7224817337113674,0.266739003750131,0.6933331610096176,0.7780685959000465,0.7332609962498693
606,Other nations are n't sure how many weapons they have in their own arsenals .,1.4843108337660258,0.27341322641048554,0.7069268700427961,0.7473714563743113,0.7265867735895141
607,"`` It 's just going to be sloppy , both on our side and theirs -LCB- the Warsaw Pact 's -RCB- , '' says one NATO analyst .",2.665900104074793,0.4180242694596653,0.5487469602942051,0.6194881563136032,0.5819757305403347
608,"So far , neither the Bush administration nor arms-control experts in Congress seem moved by arguments that these problems may take more time to thrash out than President Bush has allowed .",1.5873978588165594,0.250520577909532,0.6906013478769543,0.8193326424403232,0.7494794220904681
609,They argue that the bigger danger would be that the West would delay action so long that the Soviets might back away from the current conciliatory attitude .,0.8571428571428577,0.13898335363659103,0.800819496242489,0.9309993421180972,0.8610166463634089
610,"`` So what if you miss 50 tanks somewhere ? '' asks Rep. Norman Dicks -LRB- D. , Wash. -RRB- , a member of the House group that visited the talks in Vienna .",2.1000833640857737,0.3399887040735105,0.6725001036616206,0.647977883354842,0.6600112959264893
611,"`` The bottom line is that if we can get that -LCB- Warsaw Pact -RCB- superiority brought down to parity , we ought to keep pressing ahead as quickly as possible .",2.5327333207719134,0.40233496987072476,0.5509025913362051,0.6531025394194864,0.5976650301292751
612,I worry more about things becoming so unraveled on the other side that they might become unable to negotiate .,1.3754887502163475,0.23439035888316145,0.6840175630680169,0.869303264886665,0.7656096411168386
613,"International Lease Finance Corp. announced a leasing contract with charter carrier American Trans Air Inc. , in a transaction involving six Boeing Co. 757-200s .",2.1811730005192325,0.41738887637919586,0.5941134253028202,0.57154574237559,0.5826111236208042
614,"The value of the jets , including spares , is in excess of $ 250 million .",1.0514295871133665,0.1840824638646907,0.8615717628015989,0.7748582140169361,0.8159175361353093
615,"Two of the 757-200s are new aircraft to be delivered to American Trans Air , the main subsidiary of Amtran Inc. , in December 1991 and January 1992 .",1.698101635126311,0.28013685165950103,0.6805977302476717,0.7639365981784421,0.7198631483404988
616,Four of the planes were purchased by International Lease from Singapore Airlines in a previously announced transaction .,1.1166591927838825,0.185239139323214,0.8028510875737955,0.8270293018447,0.8147608606767859
617,"Delivery of the first aircraft is set for early November , a second for December and two for April 1990 .",1.5585264739619316,0.2561995905411819,0.7119796133708202,0.778598636811235,0.7438004094588182
618,"Norway 's unemployment rate for October was 3.6 % , unchanged from September but up from 2.6 % in the same month last year .",1.6504449971536,0.25802372687119796,0.7013579450265996,0.7875885460030698,0.7419762731288019
619,"The figure excludes a record number employed by extraordinary government work programs , the Labor Directorate announced Tuesday .",1.9933843674172214,0.3767560465960725,0.6401509356233256,0.607207049879283,0.6232439534039276
620,"Including those in the state programs , there were 143,800 Norwegians , or about 6.5 % of the work force , without permanent employment in October , up from September 's 136,800 .",1.8852424063201392,0.29598783906671383,0.6592699433630466,0.7552695150842879,0.7040121609332862
621,"The number of people registered as jobless at the end of October declined by 900 from September to 78,600 .",1.3875674962256537,0.2653182801854786,0.7111047971324229,0.7598756570317815,0.7346817198145211
622,"Those employed in state-funded special programs increased by 7,400 to 65,200 in the same period , the Directorate said .",1.4182263988300132,0.2306006300405189,0.7766303718102334,0.7623017778914337,0.7693993699594809
623,"In October 1988 , there were 40,800 fewer employed by government programs .",1.6545980772559181,0.2879424055101084,0.6979514857327775,0.7267456544042901,0.7120575944898914
624,"Coca-Cola Co. , aiming to boost soft-drink volume in Singapore , said it is discussing a joint venture with Fraser & Neave Ltd. , its bottling franchisee in that country .",1.7989471727586004,0.28043038002106674,0.7293667128973572,0.7100322341211013,0.7195696199789332
625,The venture would be the latest in Coke 's rapid expansion of overseas investment .,0.6163408331891018,0.10394534351868444,0.8836838405658369,0.9087767516318911,0.8960546564813155
626,"So far this year , it has put nearly $ 700 million into bottling operations in Australia , New Zealand and France .",1.750637500282192,0.2678785170231085,0.7006350264341152,0.7665710989441319,0.7321214829768915
627,The move also reflects Coke 's eagerness to have a hand in developing the soft-drink markets in Pacific Basin countries .,1.4585328801471755,0.24633740495475395,0.7749141791455679,0.7335455229966148,0.7536625950452459
628,"Aside from Europe , the Pacific division is where Coke will be focusing much of its attention for years to come .",1.396775270600025,0.2285259315493475,0.7374720516109715,0.8087630402195274,0.7714740684506523
629,"That 's because when Coke looks to the Pacific area , it sees an economic and demographic gold mine .",1.5754887502163468,0.2435682210291863,0.7310574293141782,0.783630907027435,0.7564317789708138
630,"In countries such as Taiwan , South Korea and Singapore , economies are growing , resulting in a rise in disposable income that consumers can use for soft drinks .",1.5681793852538926,0.26191696959657923,0.7475076927204523,0.7288930634569829,0.7380830304034204
631,"And unlike Europe and the U.S. , where populations are aging , the Pacific Basin countries have growing proportions of youths -- the heaviest consumers of Coca-Cola and other sodas .",1.58127580673077,0.2629916841487627,0.7048998670946082,0.7721814662478005,0.7370083158512372
632,"A Coca-Cola spokesman said it is too early to say how the joint venture would be structured , or how much the company would invest in the transaction .",1.496002689146696,0.23343662058813525,0.7343037229103436,0.8017877655860397,0.7665633794118651
633,"In the past , however , Coke has typically taken a minority stake in such ventures .",1.1187970593325813,0.18296088528845925,0.8370916653300027,0.797924807107088,0.8170391147115409
634,"By acquiring stakes in bottling companies in the U.S. and overseas , Coke has been able to improve bottlers ' efficiency and production , and in some cases , marketing .",1.3350587725133156,0.20720944003023692,0.7730386749328474,0.8135782708508182,0.7927905599697631
635,Coke has tended to increase its control when results were sluggish in a given country .,0.7971804688852169,0.12537322641680126,0.8681847463512027,0.8811651166039725,0.8746267735831987
636,"That does n't appear to be the case in Singapore , a country of about three million people with a relatively high soft-drink consumption rate -- a key indicator of Coke 's success in a market .",1.8125264512352652,0.292947905312781,0.7010110357583815,0.7131981779889031,0.7070520946872192
637,"In Singapore , per-capita consumption is about one-third that of the U.S. .",1.1930596157174564,0.21333454424511872,0.838450101734473,0.7409053995053972,0.7866654557548812
638,"And combining Fraser & Neave 's own soft drinks with Coca-Cola 's gives the Singapore company more than half the share of the soda market there , Coke said .",2.254188430181344,0.376182442491071,0.5857674968407189,0.6671543117210648,0.6238175575089289
639,"Fraser & Neave , which also has interests in packaging , beer and dairy products , holds the Coke licenses for Malaysia and Brunei , where per-capita consumption is n't as high as in Singapore .",1.782236759756871,0.2843547186821228,0.701566533725999,0.7303006533611379,0.7156452813178773
640,Coke could be interested in more quickly developing some of the untapped potential in those markets .,1.7070323534502299,0.27388771450713223,0.7028307349921429,0.7509891012255674,0.726112285492868
641,A Coke spokesman said he could n't say whether that is the direction of the talks .,1.0070244399272799,0.16406622210202368,0.8194430251257652,0.8531018932890072,0.8359337778979765
642,"Coke said the joint-venture arrangement , which needs approval from both companies ' boards , should be completed early next year .",1.6891481572150076,0.2835574306759324,0.7458148258214482,0.6892961740966328,0.7164425693240675
643,"AMERICAN BRANDS Inc. , Old Greenwich , Conn. , said it increased its quarterly 11 % to 68 cents a share from 61 cents , payable Dec. 1 to stock of record Nov. 10 .",2.6059846237404054,0.43884386315682233,0.5465570631915652,0.5765565254695666,0.5611561368431774
644,"The increase follows the company 's report of strong earnings for the third quarter , and reflects what American Brands called its `` tradition of sharing earnings growth '' with shareholders .",1.838533985524342,0.3069705011606847,0.6643800223142897,0.7242611778732322,0.6930294988393152
645,"American Brands is a consumer products company with core businesses in tobacco , distilled spirits and life insurance .",1.3718385034879281,0.2539766927072985,0.8289321670008255,0.6781913717780647,0.7460233072927012
646,"As of Sept. 30 , American Brands had 95.2 million shares outstanding .",1.5588201928069547,0.2982432050445841,0.6891286350873544,0.7148564117625182,0.7017567949554159
647,Giovanni Agnelli & Co. announced a transaction that will strengthen its indirect control of Fiat S.p . A. and will admit Prince Karim Aga Khan as its first non-family shareholder .,1.8568878325592642,0.3236668900538654,0.6443266704301592,0.7116855508475627,0.6763331099461346
648,"Giovanni Agnelli , a limited partnership that is the master holding company for Fiat 's Agnelli family , owns approximately 75 % of the shares in Istituto Finanziario Industriale , which in turn owns approximately 40 % of Fiat , Italy 's biggest private-sector industrial group .",2.1380054626263405,0.3416781645253868,0.6134379385702732,0.7102923558260987,0.6583218354746133
649,"The company said Maria Sole Agnelli Teodorani , sister of Fiat Chairman Giovanni Agnelli , agreed to trade her shares in IFI for new ordinary shares in the limited partnership , which will give her control of 4.67 % of Giovanni Agnelli & Co .",2.1522058899323566,0.3562262465772857,0.6011162984439565,0.6929479230584524,0.6437737534227147
650,"The Aga Khan , meanwhile , agreed to trade some of his stake in Luxembourg-based Ifint S.A. , another Agnelli family company , for 7.45 % of Giovanni Agnelli & Co. 's capital .",2.2734958912602,0.38189290833772566,0.5555092836919825,0.6966042477130637,0.6181070916622742
651,"His new stake would be in the form of preferred shares , which receive higher dividends but have voting rights only in extraordinary shareholders assemblies .",0.7251828066258952,0.12028138594394304,0.8861930973269625,0.8733380491362508,0.8797186140560564
652,"The Aga Khan owns 10 % of Ifint 's capital , while IFI owns 23 % .",1.6011341734631555,0.2966535058703107,0.6032805504827913,0.843209347253858,0.7033464941296894
653,"As a result of the transaction , which is expected to be approved at a shareholders meeting Nov. 24 , Giovanni Agnelli & Co. will control 79.18 % of IFI 's ordinary shares .",1.9425941874171784,0.2937045729606792,0.6688493058936917,0.7481831221989063,0.7062954270393208
654,Its capital will also be raised to 232.4 billion lire -LRB- $ 172.5 million -RRB- from the current 204.3 billion lire .,1.8736036794942539,0.3123236868452937,0.6568213783436386,0.7215730308345883,0.687676313154706
655,"IFI also has nonvoting preferred shares , which are quoted on the Milan stock exchange .",1.3915414066556506,0.21884885876464338,0.7753976048971917,0.786990699623835,0.7811511412353566
656,"The value of the two transactions was n't disclosed , but an IFI spokesman said no cash would change hands .",1.4585328801471746,0.23588470487651067,0.7766754593473931,0.751954904352835,0.7641152951234891
657,"The move strengthens the existing links between the Agnellis and the Aga Khan , the head of the world 's Ismaili Moslems who is a longtime family friend and frequently goes sailing with Mr. Agnelli .",1.7384125064252416,0.29465538662321084,0.6784407563494649,0.7344703477028509,0.7053446133767892
658,"Mr. Agnelli and the Aga Khan also have some business ties , and a spokesman for the Agnelli company did n't rule out that the current agreement could lead to further collaboration .",2.1166203464231605,0.3293776092925148,0.6407107475037187,0.7034636596846058,0.6706223907074851
659,"For instance , Ifint earlier this year bought an 18 % stake in Alisarda , the Aga Khan 's airline , which flies between Italy and Sardinia .",1.72870099978243,0.28256894091801477,0.6709230901180991,0.7708670831293148,0.7174310590819852
660,"Giovanni Agnelli & Co. , which was formed in January 1987 as a way of keeping the Agnellis ' controlling stake in Fiat together despite an ever-growing family tree , has been playing a more active role in the Agnelli group of late .",2.2080509502486,0.3332596875478415,0.6324374659541149,0.7049776754941146,0.6667403124521585
661,"It raised financing of 300 billion lire for the purchase this summer by another Agnelli-related group of the food concern Galbani S.p . A. , by selling a chunk of its IFI shares to Mediobanca S.p . A.",2.6598595383411867,0.4689608525028433,0.5047995025423924,0.5601562547230893,0.5310391474971565
662,Mediobanca said during the weekend that it agreed to sell the shares back to Giovanni Agnelli for 333 billion lire .,1.93472335633765,0.3177925785885078,0.6610099913060868,0.7048094223875605,0.6822074214114918
663,Your Oct. 2 page-one article on people riding so-called `` railbikes '' on railroad tracks was a disservice to your readers .,1.7577742937753231,0.32627064352382384,0.6342982294711519,0.7183879158621158,0.6737293564761762
664,It unfortunately encourages others to engage in a highly dangerous and illegal activity that only a very few are doing now .,1.396775270600025,0.22598855486046587,0.7413012446224168,0.8097416025888508,0.7740114451395341
665,"And it treats such activities in a frivolous , cavalier fashion , with total indifference to common sense and public safety .",1.4997144754404985,0.25934120720394027,0.7921170088788891,0.6954784946133139,0.7406587927960596
666,Saul Resnick,-0.0,0.0,1.0,1.0,1.0
667,Vice President,1.0,1.0,1.0,0.0,0.0
668,Public Affairs,1.0,1.0,1.0,0.0,0.0
669,Conrail,-0.0,0.0,1.0,1.0,1.0
670,"MCI Communications Corp. said it received a three-year contract valued at more than $ 15 million to provide network , credit-card and other telecommunications services to Drexel Burnham Lambert Inc .",2.670545560134532,0.4248456956515697,0.5558847179723877,0.5958078135296284,0.5751543043484304
671,"Congressional Democrats and the Bush administration agreed on a compromise minimum-wage bill , opening the way for the first wage-floor boost in more than nine years .",1.7830262759287523,0.305462532940368,0.6951625269150059,0.6939135302476417,0.694537467059632
672,The agreement ended a long impasse between the congressional leaders and the White House over the wage issue .,1.477580732691945,0.2811974634098068,0.6968492191739736,0.7421840687705622,0.7188025365901931
673,President Bush in June vetoed a measure passed by Congress and said he would n't accept any minimum-wage rise that went beyond limits he set early in this year 's debate on the issue .,2.0659001853273358,0.33397234355797695,0.6554505602895858,0.6769517197724862,0.6660276564420228
674,The compromise was a somewhat softened version of what the White House had said it would accept .,1.6121972227029921,0.24782329291494246,0.765246931425712,0.7395454574298495,0.7521767070850576
675,"Under the agreement with the House and Senate leaders , the minimum wage would rise from the current $ 3.35 an hour to $ 4.25 an hour by April 1991 .",1.7761739996329116,0.2938649511028756,0.6789142362629588,0.7356298529929138,0.706135048897124
676,"Employers could also pay a subminimum `` training wage '' for 90 days to new workers who are up to 19 years old , and then for another 90 days if the company institutes a specific training program for the newcomers .",2.583535409831776,0.4163572800594811,0.5636053075519061,0.6051574009419545,0.5836427199405191
677,"White House officials were delighted that the compromise includes the concept of a training wage , which Mr. Bush has fought for throughout the year .",1.7002554237056522,0.2771799227931621,0.7278557061712745,0.7178536469294418,0.7228200772068377
678,"`` For the first time in history , we have a training wage that will be part '' of the nation 's labor laws , said Roger Porter , assistant to the president for economic and domestic policy .",1.9253711621497738,0.3011534235706664,0.7293989675749027,0.6707507862069698,0.6988465764293338
679,"White House aides said that although they made a small compromise on the length of a training wage , the final minimum-wage increase will meet the standards set by Mr. Bush .",1.2186394506984248,0.19357438506297367,0.8319629985233779,0.7824092988021708,0.806425614937026
680,"The bill vetoed by the president in June , which the House failed to override , would have lifted the minimum wage to $ 4.55 an hour by late 1991 , with a training wage for up to two months , generally for a worker 's first job .",1.9069782529841648,0.289687818789081,0.699021208030211,0.7219738988170056,0.7103121812109189
681,"Mr. Bush had been holding out for a bill boosting the wage floor to $ 4.25 an hour by the end of 1991 , coupled with a six-month training wage for workers newly hired by any employer .",2.1222421819498454,0.3539014134855666,0.6252813199915278,0.6683497136052214,0.6460985865144331
682,"Under the compromise , the $ 4.25 level would be reached nine months earlier , while the training subminimum would be shorter , unless it is tied to a training plan .",1.3628012648261514,0.2034494249041596,0.7924123273113836,0.8007322724752295,0.7965505750958404
683,"Democrats argued that the training wage was a way of allowing employers to pay less than the minimum wage , while new workers need far less than six months to be trained for their jobs .",1.9109440977630907,0.3132576577172751,0.6333615033860649,0.7499494189689498,0.6867423422827252
684,Democrats had been negotiating with some Republican congressional leaders on a compromise lately .,1.393555357451925,0.23478551047134022,0.7342035593779759,0.7989605956434818,0.76521448952866
685,"With congressional elections next year , GOP leaders have worried about opposing a minimum-wage rise for low-paid workers at a time when Congress is moving toward a capital-gains tax cut that would directly benefit wealthier taxpayers .",1.7840313476320322,0.2984572749188344,0.6756505013045108,0.729498507800543,0.7015427250811656
686,Republicans have been imploring the White House to compromise on the wage issue .,1.4824919644402481,0.2535689819761051,0.7533792067813668,0.7396098201582222,0.7464310180238949
687,"In the Senate , Edward Kennedy -LRB- D. , Mass. -RRB- , chairman of the Labor Committee , and Pete Domenici , -LRB- R. , N.M . -RRB- ranking minority member of the Budget Committee , have been working on a compromise , and their soundings showed that the Senate appeared to be heading toward enough strength to override another Bush veto , a Democratic staff official said .",2.5091573856863887,0.4113983375758316,0.5785227280068108,0.5990380109610398,0.5886016624241684
688,"The House is scheduled to vote this week on the compromise , as a substitute to a new Democratic bill , itself watered down from last spring 's version .",1.208052497339538,0.19012174617398966,0.8055581179093085,0.8142449765864668,0.8098782538260103
689,The Senate will probably vote not long afterward .,0.40107116382631247,0.0963881426415412,0.8241714974966584,1.0,0.903611857358459
690,Some Democrats thought they might have compromised too much .,2.075488750216347,0.45431738529705123,0.457925154970927,0.6750502518635925,0.5456826147029488
691,"Rep. Austin Murphy -LRB- D. , Pa. -RRB- , chairman of the House labor standards subcommittee , said they might have done better `` if we 'd held their feet to the fire . ''",2.6237798263367784,0.43276707646839,0.5664763182861992,0.5679915525760298,0.5672329235316099
692,"Mr. Kennedy suggested Democrats `` yielded a great deal '' on the size of the increase , but he cited concessions from the White House on the training wage , which he said make it `` less harsh . ''",2.1511323332587953,0.3473644850150057,0.6472400443107871,0.6581216964168889,0.652635514984994
693,"With only 16-year-olds to 19-year-olds eligible , 68 % of workers getting less than $ 4.25 an hour , who are adults , wo n't be subject to the training wage , he said .",1.9717065968769836,0.2999900313113325,0.6737170144584119,0.7284385230135828,0.7000099686886672
694,"The AFL-CIO , which previously opposed the administration 's subminimum idea , said the compromise has `` adequate safeguards , so the youth are not exploited and older workers are not displaced . ''",1.6841507332011778,0.2686581765959736,0.7031924492533214,0.7618388618573569,0.7313418234040265
695,Gerald F. Seib contributed to this article .,1.1887218755408666,0.27572377406989873,0.6490076375015823,0.8192937242965953,0.7242762259301012
696,Moody 's Investors Service Inc. said it lowered the ratings on about $ 3.2 billion of Houston Lighting & Power Co. 's securities because of the company 's low levels of interest coverage and internal cash generation .,2.2899881581224695,0.3815402990832677,0.5821177089381412,0.6596415578432536,0.6184597009167323
697,"Houston Lighting is a unit of Houston Industries Inc. , a utility holding company in Houston .",1.3385227942449096,0.2551016401908284,0.8059298417986193,0.6924597450944788,0.7448983598091716
698,"Downgraded by Moody 's were Houston Lighting 's first-mortgage bonds and secured pollution-control bonds to single-A-3 from single-A-2 ; unsecured pollution-control bonds to Baa-1 from single-A-3 ; preferred stock to single-A-3 from single-A-2 ; a shelf registration for preferred stock to a preliminary rating of single-A-3 from a preliminary rating of single-A-2 ; two shelf registrations for collateralized debt securities to a preliminary rating of single-A-3 from a preliminary rating of single-A-2 , and the unit 's rating for commercial paper to Prime-2 from Prime-1 .",2.283438401579335,0.4318314346594288,0.5545931137413418,0.5824252992676019,0.5681685653405709
699,"Moody 's said Houston Lighting 's current situation has some positive aspects , including managing `` very well '' the construction and commercial operation risks of Units 1 and 2 of the South Texas Project nuclear power plant .",2.805792870903093,0.45481071969206344,0.5129224091358171,0.5817883640231556,0.5451892803079368
700,"Capital requirements will be declining and no new generating facilities will be required for several years , Moody 's said .",1.6004590702112749,0.26810943793862463,0.7141203397440349,0.7505677442349857,0.731890562061375
701,"Scott C. Smith , formerly vice president , finance , and chief financial officer of this media concern , was named senior vice president .",1.778575737868405,0.3252487913684828,0.6498195650527822,0.701672286891821,0.674751208631517
702,"Mr. Smith , 39 , retains the title of chief financial officer .",0.7315211541789957,0.12730339996838497,0.872696600031615,0.8726966000316149,0.8726966000316149
703,Armstrong World Industries Inc. agreed in principle to sell its carpet operations to Shaw Industries Inc .,2.118588966529618,0.4421966765188475,0.5529623638791681,0.5627297929343678,0.5578033234811526
704,The price was n't disclosed but one analyst estimated that it was $ 150 million .,1.3915414066556497,0.22780565430562869,0.7189021860093046,0.8340201937903012,0.7721943456943715
705,"Armstrong , which has faced a takeover threat from the Belzberg family of Canada since July , said that disposing of the carpet business would improve `` total financial performance . ''",1.4091744978062772,0.21954392095116598,0.8005090696424092,0.7613832030650678,0.7804560790488342
706,"The move also would allow the company to concentrate on core businesses , which include ceramic tile , floor coverings and furniture .",0.9042057166143431,0.14588253453440644,0.8589178032522066,0.8493704859257761,0.8541174654655938
707,"Moreover , such a sale could help Armstrong reassure its investors and deter the Belzbergs , who own a 9.85 % stake in the Lancaster , Pa. , company .",1.5208550968480106,0.2385305735030825,0.7432195366082357,0.7806381368698941,0.7614694264969175
708,"Analysts expect Armstrong to use proceeds of the sale to reduce debt , buy back stock or perhaps finance an acquisition .",1.2293355253462162,0.22778693582507797,0.72780172070654,0.8223967084961119,0.7722130641749215
709,"The carpet division had 1988 sales of $ 368.3 million , or almost 14 % of Armstrong 's $ 2.68 billion total revenue .",1.902812370225281,0.3436206016230554,0.5881053730699478,0.7425874807648778,0.6563793983769447
710,The company has been manufacturing carpet since 1967 .,1.1949875002403858,0.23226811204890577,0.7246199192766692,0.8162983545263643,0.7677318879510943
711,Recently it upgraded its plants so that it could make stain-resistant products with higher quality dyes .,1.3096860297935544,0.23387422721511333,0.7119435355579448,0.8292343936052867,0.7661257727848869
712,"For the past year or two , the carpet division 's operating profit margins have hovered around 5 % , high by industry standards , but disappointing compared with the 13 % to 19 % margins for two of Armstrong 's chief businesses , flooring and building products .",1.7097489682380465,0.2869619135902606,0.6592661548621985,0.7763606313604106,0.7130380864097395
713,"Analysts hailed the planned transaction as being beneficial to Armstrong and Shaw , the market leader in the U.S. carpet industry , with an estimated 17 % to 20 % share .",2.0712710917966852,0.3285787066606324,0.6506227727471099,0.6935934620798084,0.6714212933393678
714,"Shaw , based in Dalton , Ga. , has annual sales of about $ 1.18 billion , and has economies of scale and lower raw-material costs that are expected to boost the profitability of Armstrong 's brands , sold under the Armstrong and Evans-Black names .",2.1195642583992953,0.3192435061427504,0.6645228424114359,0.6978031511126211,0.6807564938572498
715,"Yesterday , in composite trading on the New York Stock Exchange , Shaw 's shares closed ex-dividend at $ 26.125 , up $ 2.25 .",1.6945811190640105,0.2642522619466688,0.739691471673049,0.7318458341768871,0.7357477380533314
716,"Armstrong 's shares , also listed on the Big Board , closed at $ 39.125 , up 12.5 cents .",1.0509775004326931,0.1663626134463605,0.8269642869504708,0.8404190579883735,0.8336373865536392
717,"Yesterday , Armstrong reported flat earnings for the third quarter and nine months , worsened by the stock dilution of an employee stock ownership plan adopted earlier this year .",1.6269545102391247,0.2944314249416911,0.6889280430180346,0.7230328835396496,0.7055685750583088
718,"For the quarter , earnings were $ 47 million , or 92 cents a share , including a one-time gain of $ 5.9 million .",1.3393577382145612,0.2185648963740637,0.8075521838002906,0.7569544083018083,0.7814351036259364
719,"In the year-ago quarter , earnings were $ 42.9 million , or 93 cents a share .",1.338522794244911,0.22154700256464477,0.7999083311911117,0.7581185590057898,0.7784529974353556
720,"Yesterday , Armstrong announced an agreement to sell its small Applied Color Systems unit to a subsidiary of the Swiss company , Brauerei Eichof Ltd .",1.7956556497715614,0.3117961178398747,0.682980142202947,0.6935081450280416,0.6882038821601252
721,The price was n't disclosed .,0.33333333333333304,0.06891905627080991,0.8710490642551528,1.0,0.93108094372919
722,"Armstrong expects to close the sale of the color unit in late November and the carpet sale in December , with the gains to be applied to fourth quarter or first-quarter results .",1.53421789342699,0.250923402913867,0.7115904761399865,0.7907318329556955,0.7490765970861332
723,"The government 's primary economic-forecasting gauge rose a slight 0.2 % in September , but economists said the report offered little new information on the degree to which the U.S. economy is slowing .",1.8606213214364722,0.28696682865063294,0.6933791347099633,0.7338339105751202,0.7130331713493671
724,"The small increase in the index of leading indicators , which had climbed 0.5 % in August but was unchanged in July , does lend support to the view that the economy has slowed noticeably .",2.125814583693911,0.31693565243674676,0.6551442844314849,0.713470060639045,0.6830643475632531
725,"However , it does n't give much of a clue as to whether a recession is on the horizon .",1.8509775004326938,0.2895374040991227,0.7217525417424228,0.6995204140137107,0.7104625959008771
726,"`` I do n't think it provides much new information on the economy , '' said Richard Rippe , economist at Dean Witter Reynolds Inc .",1.9612968638342672,0.3158891652722787,0.6768349671530409,0.6915448309843881,0.6841108347277212
727,"So far this year , the index of leading indicators has risen in four months , fallen in four months and remained unchanged in the other month .",1.1594426230967905,0.18582046861893667,0.8120210930193649,0.8163494750421714,0.8141795313810632
728,"In another report yesterday , the Commerce Department said sales of new single-family houses plunged 14 % in September to an annual rate of 618,000 from 719,000 in August .",2.2492289433354427,0.40549237711872327,0.5515686202508598,0.6446965295008507,0.5945076228812768
729,"The declines were particularly pronounced in the Northeast and in the South , where Hurricane Hugo was a factor .",1.3427376486136673,0.21567900657483732,0.8079100476599932,0.762070349486689,0.7843209934251626
730,"Although September 's weakness followed two strong months for home sales , the decline supports other indications that the drop in mortgage rates earlier this year has had only a limited beneficial effect on the housing market .",1.8925023092234392,0.31701714938571973,0.6666923297069985,0.7000894242072705,0.6829828506142799
731,"The September drop was the largest since a 19 % drop in January 1982 , but monthly changes in this measure are even less reliable than those in other economic indicators .",1.8003012648261496,0.2856752359223175,0.6720640727472257,0.7622569588786687,0.7143247640776824
732,"Because the figures are based on a small sample , the department said it is 90 % confident only that new-home sales fell somewhere between 5 % and 23 % during the month .",1.61043786771069,0.24074010472606883,0.7174778492557446,0.8062091759000615,0.759259895273931
733,The department also said it takes four months to establish a trend .,0.6734528847818062,0.11839445431635921,0.8906982617617161,0.872696600031615,0.8816055456836408
734,"So far this year , 534,000 newly built homes have been sold , down 4.5 % from the like months of 1988 .",1.9793820624056724,0.3383356342596207,0.603385596806963,0.7324045999672829,0.6616643657403793
735,The index of leading indicators got a major boost in September from a surge in consumer expectations as measured by the University of Michigan .,1.7290476410000322,0.3138078151262783,0.6994615341200882,0.673416922900774,0.6861921848737217
736,This measure had dropped sharply in August .,0.75,0.14285714285714285,0.75,0.9999999999999999,0.857142857142857
737,"The Commerce Department said that as a result of a new adjustment to the formula used to calculate the index , the influence of this component has been reduced .",1.409447296671753,0.22421870232228722,0.8123548122172437,0.7423591020978955,0.7757812976777129
738,"Of the 11 components to the index , only three others rose in September : the money supply , the length of the average work week and stock prices .",1.4452748812097083,0.2583371273894825,0.7376209569319239,0.7457493290445967,0.7416628726105176
739,Several components that track the health of the manufacturing sector of the economy turned down in September .,0.8399675265979853,0.14332814893130771,0.855861607884226,0.8574836298194295,0.856671851068692
740,"These include new orders for manufactured consumer goods , lead times on vendor deliveries , orders for new plant and equipment , and backlogs of orders for durable goods .",1.14494501554744,0.2319005166186922,0.801548438695251,0.7373303750216692,0.7680994833813074
741,"Meanwhile , the National Association of Manufacturers said yesterday a recent poll of 53 executives on its board found that 61 % do n't expect a recession to occur until 1991 or later .",1.9860525716273676,0.30023215402662806,0.6290441082495846,0.7884090638453856,0.699767845973372
742,The remainder expect a downturn to begin sometime in,0.6666666666666679,0.12750047008764365,0.9112268122170702,0.8369298789150039,0.8724995299123565
743,"Although manufacturers often are quick to call for lower interest rates , 60 % of the executives said they would prefer that the Fed keep inflation-fighting as its top priority even if that means higher rates .",1.9353912268990072,0.2939015397607931,0.6651586845690779,0.7524083559362245,0.7060984602392069
744,The other 40 % said the Fed ought to worry less about inflation and bring interest rates down .,1.6828509711072144,0.27578844672211683,0.6247178154317202,0.8613996935440812,0.724211553277883
745,All the figures are adjusted to remove usual seasonal patterns .,0.3636363636363633,0.06654744070443613,0.9334525592955639,0.9334525592955639,0.9334525592955639
746,Here are the net contributions of the components of the Commerce Department 's index of leading indicators .,1.0677378304929794,0.2004546081138568,0.7157871021057909,0.9055034642400697,0.7995453918861433
747,"After various adjustments , they produced a 0.5 % rise in the index for August and a 0.2 % rise for September .",1.4089726937637703,0.2217067880764062,0.7555173829265254,0.802484924553089,0.778293211923594
748,"September , and the change from August , are : from 1.11 in the previous month .",1.147633823783937,0.18856589969071172,0.827428628564014,0.7960462068902864,0.8114341003092883
749,Boston Edison Co. said it will take a previously reported $ 60 million charge against earnings in the fourth quarter .,1.5723595242216124,0.23261721503611774,0.7567208410811848,0.7783494689891732,0.7673827849638821
750,The charge resulted from a settlement approved yesterday by the Massachusetts Department of Public Utilities .,1.375,0.2651226885645274,0.7673327299825595,0.705055975914005,0.7348773114354729
751,"As expected , the settlement limits rate increases for three years and ties future charges to customers for operation of the troubled Pilgrim Nuclear Power Station to that plant 's performance .",1.9539556578225676,0.34139379625938665,0.6132322025411904,0.7112313108674687,0.6586062037406133
752,"In its order , the state regulatory agency said the company `` must be held accountable for the mistakes made in the management of the plant 's operation . ''",1.5822643674786834,0.2690571096396348,0.7424693227508153,0.7197688701492825,0.7309428903603651
753,Pilgrim had been closed for 32 months .,0.25,0.043478260869565216,0.9166666666666666,0.9999999999999999,0.9565217391304347
754,"The average interest rate rose to 8.3875 % at Citicorp 's $ 50 million weekly auction of 91-day commercial paper , or corporate IOUs , from 8.337 % at last week 's sale .",1.7991282886354845,0.330243180048902,0.5813774233308527,0.7898236364950084,0.669756819951098
755,Bids totaling $ 515 million were submitted .,0.5,0.09090909090909091,1.0,0.8333333333333333,0.9090909090909091
756,Accepted bids ranged from 8.38 % to 8.395 % .,0.6754887502163465,0.13069673511333496,0.8253117886877817,0.9182485351882309,0.8693032648866649
757,Citicorp also said that the average rate rose to 8.0087 % at its $ 50 million auction of 182-day commercial paper from 7.962 % at last week 's sale .,1.4918295834054494,0.24736093014962246,0.6725831047569266,0.8543276560274254,0.7526390698503774
758,Bids totaling $ 475 million were submitted .,0.5,0.09090909090909091,1.0,0.8333333333333333,0.9090909090909091
759,Accepted bids ranged from 8 % to 8.019 % .,0.6754887502163465,0.13069673511333496,0.8253117886877817,0.9182485351882309,0.8693032648866649
760,The bank holding company will auction another $ 50 million in each maturity next Tuesday .,1.7193609377704338,0.30237017960389967,0.6717168362116362,0.7256223299573068,0.6976298203961002
761,"An imaginative novelist writing a thriller about amateur spy-chasing might invent a Clifford Stoll , but it 's unlikely .",1.626466250649039,0.25344669189147506,0.7554396616672253,0.7378735870024612,0.7465533081085247
762,It 's also unnecessary .,0.40000000000000036,0.09425390072448082,0.8277293767706427,1.0,0.9057460992755192
763,"Amateur spy-chaser Clifford Stoll is a real person , or as he might waggishly put it , a surreal person .",1.703544643372254,0.26958294854164544,0.692603338842608,0.7725982030331624,0.7304170514583544
764,"He is 37 , an astronomer with impressive credentials , and something of a genius at making computers do his bidding .",1.2058784096809472,0.1915939739707499,0.82025372060253,0.796895713087925,0.8084060260292504
765,"He once described himself as a `` Berkeley Hippie , '' and played the role well ; obligatory ragged jeans , a thicket of long hair and rejection of all things conventional , including , for a time at least , formal marriage to his `` sweetheart , '' Martha Matthews .",2.2252629241926,0.3722911113337072,0.6069036782109151,0.6499911778239919,0.6277088886662926
766,"He also is an entertaining writer , combining wisecracks and wordplay with programmatic detail and lucid explanations of how computers work .",0.852494886461975,0.14546478110622893,0.8211303104837429,0.8907733174051838,0.8545352188937709
767,"In `` The Cuckoo 's Egg '' -LRB- Doubleday , 326 pages , $ 19.95 -RRB- , he spins a remarkable tale of his efforts over 18 months to catch a computer spy .",2.087660293863122,0.33973654122159797,0.6587178541876964,0.6618163335895175,0.6602634587784021
768,"The result last spring was the arrest by West German authorities of five young West Germans , accused of stealing information from computers in the U.S. and Europe and selling it to the Soviet KGB .",2.2133929075863676,0.3812477495224715,0.5642714402797211,0.6848776790918518,0.6187522504775286
769,"One of them , 25-year-old Markus Hess of Hannover , allegedly used the international telecommunications network to break into more than 30 high-security computers in the U.S. , searching for secrets .",1.5669284203148832,0.2550444176512617,0.7059224159888112,0.7885579873848907,0.7449555823487382
770,"He probably did n't penetrate any top-secret files , but the KGB in East Berlin was willing to pay two of his associates , Peter Carl and Dirk Brezinski , $ 15,000 for some of the material Hess collected .",2.077985386969093,0.31120848278283375,0.6472123800252194,0.7360798015541371,0.6887915172171661
771,They promised yet more for really good stuff .,1.1949875002403854,0.23226811204890568,0.7246199192766694,0.8162983545263645,0.7677318879510943
772,"Mr. Stoll draws his title from the cuckoo 's habit of laying eggs in the nests of other birds , making them surrogate parents .",1.8628467597178888,0.31810395089993926,0.6488009490547123,0.7185489702990456,0.6818960491000607
773,The computer spy had discovered that a popular editing/electronic mail program called Gnu-Emacs could do tricks with the widely used Unix operating system created by AT&T .,2.514456126367806,0.4155773861232337,0.5751563415118286,0.5939923508480744,0.5844226138767665
774,"Using Gnu-Emacs , the spy could substitute a bogus `` atrun '' program for the one that routinely cleans up the Unix system every five minutes .",1.99689433188495,0.32456393984956,0.6492618889356698,0.7038092387257985,0.6754360601504401
775,"Once his cuckoo 's egg was laid , he could enter Unix and become a `` super-user , '' with access to everything .",1.6095496034621126,0.2611152518216296,0.710546622232522,0.7695771379203862,0.7388847481783704
776,Mr. Stoll was scanning the heavens at the Keck observatory of the Lawrence Berkeley Laboratory in 1986 when his grant ran low and he was asked to switch to helping run the lab 's computers .,1.938178819744926,0.30910421939386423,0.6526032995742163,0.7339621124618425,0.6908957806061357
777,"He discovered a 75-cent discrepancy in the charges made to various departments for computer time and traced it to a user named `` Hunter , '' who had no valid billing address .",2.4573813312060864,0.4124441086016781,0.5933682384749347,0.5818563095859839,0.587555891398322
778,Mr. Stoll suspected the intruder was one of those precocious students who has fun breaking into computers .,1.5136173609909198,0.2585847442034363,0.736141044049372,0.7467655889610232,0.7414152557965641
779,"But after much tracking , it became evident to Mr. Stoll , through various clues , that the hacker was not on the Berkeley campus or even in California .",1.6406426982957871,0.2534794959665129,0.7187236016286924,0.7765540193356255,0.746520504033487
780,Finding him became an obsession for Mr. Stoll .,1.1949875002403858,0.23226811204890577,0.7246199192766695,0.8162983545263645,0.7677318879510944
781,He made a midnight requisition of all the printers he could lay hands on so that he could monitor all the telephone lines coming into the lab 's computers .,1.7169925001442312,0.29573642535138533,0.6895772156137312,0.7195891159737869,0.7042635746486146
782,"After discovering that the hacker had taken over the dormant account of a legitimate user named Joe Sventek , he rigged up an alarm system , including a portable beeper , to alert him when Sventek came on the line .",2.0281508366690115,0.32092674924204084,0.6500517171235538,0.7108072110565925,0.6790732507579595
783,Some nights he slept under his desk .,0.25,0.047619047619047616,1.0000000000000002,0.9090909090909091,0.9523809523809526
784,His boss complained about neglect of other chores .,0.5283208335737193,0.10732468827245414,0.9081491772631822,0.8777199272247982,0.892675311727546
785,The hacker was pawing over the Berkeley files but also using Berkeley and other easily accessible computers as stepping stones to the network of computers used by the military and national security agencies .,2.2429168994462674,0.3953801957720874,0.5643183378614788,0.6511203389054524,0.6046198042279127
786,The White Sands missile range and CIA contractor Mitre Inc. were among the targets .,1.4733243646739917,0.2848028071720948,0.7500896670360354,0.6834066611797303,0.7151971928279053
787,"When the hacker moved , Mr. Stoll moved too , calling up other systems managers to alert them but keeping his own system open to avoid arousing suspicion .",2.385423168611506,0.4140471022522569,0.5314189312494038,0.6529592788611858,0.5859528977477433
788,"Sometimes , if the hacker seemed to be into a sensitive file , he would drag his keychain across the terminal to create static or slow the system down to frustrate his quarry .",1.6301741754476629,0.25161266346355526,0.7298770479182347,0.7678609279242877,0.7483873365364445
789,"The FBI initially showed little interest , and he had the impression other federal security agencies were tangled up in legal red tape .",1.5649157240212928,0.2563330623933745,0.7162449438783853,0.7732722666603448,0.7436669376066257
790,The CIA told him it does not do domestic counterespionage .,1.1595352274694068,0.20133168756759667,0.7429097216466913,0.8634759182215924,0.7986683124324035
791,"One learns a lot from this book , or seems to , about crippling federal bureaucracy .",0.8679345589507941,0.14365709779809116,0.846086044975649,0.8668514929682319,0.8563429022019092
792,`` Seems to '' because it 's possible that the CIA and the National Security Agency were more interested than they let on to Mr. Stoll .,2.0709684059590243,0.3292511944033333,0.6519513247273491,0.6906624300082216,0.6707488055966668
793,"Finally , he got help .",0.6666666666666679,0.14804095548293286,0.8519590445170675,0.8519590445170675,0.8519590445170675
794,Tymnet is a major network linking computers .,0.25,0.047619047619047616,1.0000000000000002,0.9090909090909091,0.9523809523809526
795,"One of its international specialists , Steve White , took a quick interest in Mr. Stoll 's hunt , ultimately tracing the hacker to West Germany .",1.4353662037838335,0.22535850186154469,0.7734511533389486,0.7758355124773878,0.7746414981384556
796,The West Germans then took over and finally found Markus Hess .,1.5932846232303128,0.3481341096441527,0.6333043787726007,0.671548292414262,0.6518658903558473
797,"Eventually , Mr. Stoll was invited to both the CIA and NSA to brief high-ranking officers on computer theft .",1.7804820237218397,0.28773674754304374,0.6710043907670041,0.7589284047495438,0.7122632524569561
798,He savored the humor of his uncombed appearance among these buttoned-up chaps .,1.0769230769230766,0.2037796535825822,0.7736969608933126,0.8200944261408446,0.7962203464174179
799,"Back in Berkeley , he was violently scolded by a left-wing lady friend for consorting with such people .",1.4670685779435368,0.2371333731103217,0.7094259233843851,0.8250145655722118,0.7628666268896781
800,He became angry in return .,0.0,0.0,1.0,1.0,1.0
801,He had developed a hatred for the hacker and a grudging appreciation of the federal `` spooks '' who make national security their business .,1.4269828816282981,0.24138825101995617,0.7542494744643238,0.7630247762995234,0.7586117489800437
802,"At several different levels , it 's a fascinating tale .",0.18181818181818254,0.033004541755190915,0.9999999999999999,0.9360999096884659,0.9669954582448091
803,Mr. Melloan is deputy editor of the Journal .,0.612197222702993,0.11587603285713903,0.8841239671428609,0.8841239671428609,0.8841239671428609
804,Mips Computer Systems Inc. today will unveil a new general-purpose computer that will compete with more expensive machines from companies such as Sun Microsystems Inc. and Digital Equipment Corp .,1.4799820626813158,0.25671058223135146,0.7203417519126948,0.7677472638190287,0.7432894177686484
805,"The closely held Sunnyvale , Calif. , company also will announce an agreement to supply computers to Control Data Corp. , which will sell Mips machines under its own label .",1.86211349598549,0.2931638214377088,0.6842276115758841,0.7309898863827142,0.7068361785622912
806,"The new Mips machine , called the RC6280 , will cost $ 150,000 for a basic system .",0.7505430557959416,0.1173765342871441,0.8943550142883883,0.8711957054013173,0.8826234657128561
807,"The computer processes 55 million instructions per second and uses only one central processing chip , unlike many rival machines using several processors .",2.269349726946256,0.41705044979262385,0.5455426503491244,0.6258639395727271,0.5829495502073762
808,"The machine employs reduced instruction-set computing , or RISC , technology .",1.1887218755408675,0.2236736702549647,0.7856256510484163,0.7672445821239798,0.7763263297450355
809,"At that price , an analyst familiar with the machine said , the computer offers up to 10 times the performance of similar machines .",1.8472323786953613,0.3327322194996992,0.7182474762856336,0.6230453327080882,0.6672677805003007
810,"`` In the price range it 's a tremendously high-performing product , '' said Sandy Gant , an analyst at the market-research firm InfoCorp .",1.3460593781761299,0.2187828360860658,0.810558279375203,0.7539260583986288,0.7812171639139345
811,"The machine is part of an effort by Mips to establish itself as a supplier of computers , not just of integrated-circuit technology .",1.1735332098491886,0.19907989871058024,0.7850783811321749,0.817414312702665,0.8009201012894198
812,Mips also wants to wedge into markets other than traditional RISC applications such as engineering ; Mips said the new machine will also be used by businesses and for communications .,2.3401721756123974,0.39191439669978023,0.5644593441330183,0.6590203478300543,0.6080856033002198
813,"`` This clearly demonstrates that Mips is a systems company rather than just a chip company , '' said Mips Vice President John Hime .",1.7811730005192317,0.2936061054307318,0.7330238818448752,0.6816309581996746,0.7063938945692682
814,"The Control Data deal is a boon for Mips because it gives the the five-year-old company one more ally as it battles more established electronic concerns such as Sun , Hewlett-Packard Co. , Motorola Inc. and Intel Corp. for the emerging market for RISC machines .",2.0837002976462817,0.3521292770401343,0.5941586004378279,0.7122591741239119,0.6478707229598658
815,RISC technology speeds up a computer by simplifying the internal software .,0.5629072918469555,0.10269776158941002,0.8612305753409129,0.9365276331003518,0.8973022384105899
816,"For Mips , which expects revenue of $ 100 million this year , big-name allies such as Control Data are essential to attract software developers to the company 's RISC architecture .",2.159976574987194,0.34618221966614,0.627101199851329,0.6829120888582257,0.6538177803338603
817,"`` The thing it says about Mips is that they 're on a roll right now , '' said Ms. Gant at InfoCorp .",2.14624062518029,0.3502668832825098,0.6519062683650275,0.6475744054817404,0.6497331167174905
818,"`` They 're getting some major wins , '' she added .",1.3962406251802895,0.2566453183191383,0.7822377339362117,0.7081541369886306,0.7433546816808617
819,"Last month , for example , Mips agreed to supply its computers to Nixdorf Computer AG of West Germany and France 's Groupe Bull .",1.8472323786953617,0.3420992023112401,0.6407542774237367,0.6759902284734931,0.6579007976887599
820,"Sony Corp. , Tandem Computers Inc. and Digital Equipment have agreed to sell MIPS computers and companies such as Japan 's NEC Corp. and West Germany 's Siemens A.G. have agreed to make Mips chips under license .",1.9580624199096497,0.3663641150768843,0.6391791693276141,0.6281879221622527,0.6336358849231156
821,"Today 's agreement gives Control Data a machine to compete against Digital and other general-purpose computer makers , said John Logan , a computer-market analyst at Aberdeen Group Inc. of Boston .",1.8135007769377185,0.33271599740677904,0.6261318309173585,0.7142261233959828,0.6672840025932208
822,"The machine is essentially a mainframe computer , he said .",0.7958988638330426,0.13819300836452342,1.0000000000000002,0.7571712225449464,0.8618069916354768
823,"`` Suddenly CDC -LRB- Control Data -RRB- has a competitive product to fight back against the VAX9000 , '' a machine Digital announced last month , he added .",2.2334793080402413,0.353009130540469,0.6708743693890845,0.6247494425285736,0.6469908694595313
824,"Control Data , based in Minneapolis , Minn. , expects its sales of Mips systems , including the new RC6280 , to amount to more than $ 100 million by the end of 1991 , Mips said .",2.0645940612829135,0.3326339471881522,0.6537489065794386,0.6815625381209942,0.6673660528118478
825,"Nixdorf , Bull and others will also sell versions of the machine , said Mips President Robert Miller .",1.3220744988823014,0.2298580837934217,0.783769630955375,0.7569800033826942,0.7701419162065785
826,"Mips will start shipping its new machine in the first quarter of 1990 , he said .",0.8390977944994376,0.12656179301355833,0.8993317083744516,0.8489940249793925,0.8734382069864418
827,"The machine uses a single processor , which makes it easier to program than competing machines using several processors .",1.4314595241545334,0.2462769846079999,0.781277328402352,0.7280460774164486,0.753723015392
828,The computer can process 13.3 million calculations called floating-point operations every second .,1.4803932690643489,0.2852964445403686,0.706794019467839,0.7227921217807113,0.7147035554596314
829,"The machine can run software written for other Mips computers , the company said .",1.333333333333334,0.2280581209202719,0.8088341168444801,0.7382682644544192,0.7719418790797282
830,Another fight is brewing between Congress and the Bush administration over how to pay for the savings-and-loan bailout without adding to the federal budget deficit .,1.6294049221769322,0.26637859028197125,0.6847733359937571,0.7899739323080556,0.7336214097180285
831,"In a hearing before the House Ways and Means Committee , the General Accounting Office and the Congressional Budget Office , which both are arms of Congress , advised the new S&L bailout agency to abandon plans to raise temporary working capital through debt issued from an agency that would n't be counted on the federal budget .",2.139609207667955,0.3455609558565409,0.6293565820455849,0.6816037728290393,0.6544390441434591
832,Officials of the Resolution Trust Corp. have said privately that such a plan was the most likely alternative to raise short-term cash for the bailout .,1.807450709988113,0.28668800960443386,0.7003014169921316,0.7268151500799471,0.7133119903955658
833,"Instead , the GAO and the Congressional Budget Office said , the RTC should consider using Treasury debt , which is less expensive and subject to oversight by Congress .",1.721716148480108,0.26592589230006797,0.7364702081994671,0.731693548029736,0.7340741076999321
834,The spending could be exempted from meeting deficit-reduction targets in the Gramm-Rudman budget law .,1.3660149997115356,0.23496154306171588,0.7478864200688605,0.7829956902663218,0.7650384569382838
835,The RTC has projected that it will require between $ 50 billion to $ 100 billion in temporary working capital .,1.0835660715315925,0.16522279738302417,0.8041513708701349,0.8678281425800203,0.8347772026169755
836,The borrowing to raise these funds would be paid off as assets of sick thrifts are sold .,1.0894244708020455,0.18676224339332653,0.7685866191301484,0.8633969100002901,0.8132377566066736
837,The new S&L law allows the RTC to issue notes for as much as 85 % of the value of the assets it holds .,1.602961356845877,0.2617520354844674,0.6914388614795738,0.7918550538322399,0.7382479645155325
838,"But higher interest rates paid on off-budget debt could add billions to the bailout costs , and would n't be subject to congressional scrutiny , Ways and Means members argued .",1.7181008041561299,0.28732375791848297,0.6930074486121562,0.7334941198447485,0.712676242081517
839,"`` To allow this massive level of unfettered federal borrowing without prior congressional approval would be irresponsible , '' said Rep. Fortney Stark -LRB- D. , Calif. -RRB- , who has introduced a bill to limit the RTC 's authority to issue debt .",2.4884284893520734,0.4003599764681821,0.5966706655265773,0.6026390836342291,0.5996400235318178
840,The RTC will have to sell or merge hundreds of insolvent thrifts over the next three years .,1.0147034725828004,0.16552645169674018,0.7731313144132663,0.9063887728770902,0.8344735483032599
841,"The new S&L bailout law allows $ 50 billion to be spent to sell or merge sick S&Ls and their assets , but that is a net cost .",1.8708566685700347,0.2956537443926025,0.6856769968590269,0.7240606033473916,0.7043462556073975
842,"In the meantime , the agency must raise cash to maintain assets , such as real estate , until they can be sold .",1.4947626242053005,0.24709483984385341,0.7295148447126092,0.77784508005009,0.7529051601561465
843,Then the short-term debt is paid off through the proceeds of selling the assets .,0.4503258334775646,0.07725850766499885,0.8945551209776181,0.9527618899788689,0.922741492335001
844,"David Mullins , assistant secretary of the Treasury , said that the working capital is necessary to reduce the final costs of the bailout , by allowing the agency to sell savings and loans without their bad assets , then hold the assets until they can be sold under favorable conditions .",1.5793510000708215,0.24195913217266204,0.7289706825852698,0.7895258982458736,0.7580408678273379
845,"He said it has n't yet been determined how the RTC will raise the cash , but the administration does n't want it to be included on the federal budget , because it would `` distort '' the budget process by requiring either exemptions from Gramm-Rudman or big increases in the budget deficit .",2.2651810176815115,0.3396295077727809,0.6269114079479106,0.6976024501685238,0.6603704922272191
846,"But the worst possibility would be raising no working capital , he said .",0.6792696431662097,0.11175327641027527,0.9320587458988349,0.8483686100754009,0.8882467235897248
847,"`` If working capital financing is not provided , '' he said , `` the RTC may have to slow -LCB- S&L sales -RCB- or dump acquired assets through fire sales .",1.916439265472209,0.3098137933928544,0.705393473174897,0.6756207960456627,0.6901862066071457
848,"Panhandle Eastern Corp. said it applied , on behalf of two of its subsidiaries , to the Federal Energy Regulatory Commission for permission to build a 352-mile , $ 273 million pipeline system from Pittsburg County , Okla. , to Independence , Miss .",1.8500644177026455,0.30256810057314215,0.7066075047584842,0.6884915377940979,0.697431899426858
849,The natural gas pipeline concern said the 500 million cubic feet a day capacity pipeline would be built by a proposed joint venture between two Panhandle Eastern units - Texas Eastern Transmission Corp. and Trunkline Gas Co .,2.5137643019124147,0.46038051899963417,0.4991139920021655,0.5872800690786592,0.5396194810003656
850,"Texas Eastern Transmission will build and operate the system , which will connect the Arkoma Basin with several interstate pipelines .",1.0416334752822474,0.16435320619998894,0.8441776570677951,0.8272866233923493,0.8356467938000108
851,Now was that a quarter cup or a half cup ?,0.8645250003933569,0.16228916254812334,0.7841810392837507,0.8990841569354387,0.8377108374518766
852,"Not a gripping question , unless you 're the pastry chef of this city 's Chez Panisse restaurant and you 've just lost your priceless personal dessert notebook .",1.9379160641740087,0.3104365132329488,0.6306980254111341,0.7605483787341655,0.6895634867670514
853,Chez Panisse was listed among the top 30 restaurants in the world this year by Connoisseur magazine .,1.5758071098111275,0.27210008128682517,0.718627940979175,0.7374142841214996,0.7278999187131748
854,"The tattered black binder , bulging with 18 years ' worth of recipes held together by rubber bands , was in chef Lindsey Shere 's purse when it was stolen from her house recently .",2.3145637397341265,0.3741265259926383,0.5950348533419741,0.6600833349237942,0.6258734740073617
855,The Berkeley police do n't have any leads but doubt the crime was driven by a passion for sweets .,1.2232196723355075,0.21291352666578953,0.7786488710302516,0.7957089421430634,0.7870864733342104
856,"Instead , they figure the culprit probably took money from Ms. Shere 's wallet and discarded all the tips in the five-by-eight-inch looseleaf .",1.3049644341243134,0.20371567283740058,0.7880336767342399,0.8047095729083601,0.7962843271625993
857,"Chez Panisse , whose founder , Alice Waters , is considered the inventor of the cooking style known as California cuisine and whose patrons make reservations a month in advance , has n't exactly subjected diners to vanilla ice cream because of the theft .",2.0241833563169944,0.3268922005769779,0.6684347840967345,0.6778466126703924,0.6731077994230219
858,"For one thing , Ms. Shere can draw on her cookbook , published by Random House four years ago , which is teeming with recipes for such specialties as kiwi sherbet , gooseberry fool -LRB- a creamy dish made with crushed stewed berries -RRB- and hazelnut `` oeufs a la neige . ''",2.6551845710956092,0.4308747964810984,0.5329691565828315,0.6105438319153231,0.5691252035189015
859,"For another , sympathetic fans have sent Ms. Shere copies of her recipes clipped from magazines over the years .",2.047730922119161,0.3627417751593316,0.6115048105706498,0.6652762119337376,0.6372582248406683
860,"Still , the restaurant 's ever-changing menu of five-course dinners -- it supposedly has n't repeated a meal since opening in 1971 -- requires constant improvisation .",1.6818485012673001,0.2578134836870464,0.7162019321322948,0.7701275816427625,0.7421865163129538
861,And that puts added pressure on Chez Panisse dessert-menu planners .,1.1149693187718546,0.20494789217736595,0.7600623495021037,0.8334188609495299,0.795052107822634
862,"`` We make what we know how to make , '' says business manager Richard Mazzera .",2.0888102943721725,0.37197047356771545,0.6701490245103817,0.5908914421387068,0.6280295264322844
863,"Many in the Bay Area 's pastry community express disbelief that Ms. Shere kept only one copy of such valuable notes , but she has received moral support from Baker 's Dozen , a group of California pastry chefs that meets regularly to discuss issues like how to keep meringues from weeping and how bovine eating habits affect butter texture .",2.471803575280373,0.3896303395095554,0.5721484464897898,0.6540630104331956,0.6103696604904446
864,Ms. Shere has offered a $ 500 reward for the book 's return but figures she 'll have to reinvent many recipes from scratch .,1.1960053811956053,0.1805960434391723,0.784302000548547,0.8577951470702869,0.8194039565608278
865,"`` It 's an overwhelming job , '' she says .",1.2727272727272734,0.22541562596417458,0.9232356122056502,0.6671635896245882,0.7745843740358256
866,`` There are so many possible proportions when you consider how many things are made out of eggs and butter and milk .,1.6253946950110505,0.28068232472690885,0.6826932156282841,0.7600944825801291,0.7193176752730912
867,"Newport Electronics Inc. named a new slate of officers , a move that follows replacement of the company 's five incumbent directors last week .",1.5132983600384318,0.26445653194118435,0.6906311795182335,0.7867034092238961,0.7355434680588153
868,"Milton B. Hollander , 60 years old , was named chief executive officer , succeeding Barrett B. Weekes .",1.876393918652802,0.37626812711180074,0.6099448363673602,0.6381566008929906,0.6237318728881993
869,"Mr. Hollander 's Stamford , Conn.-based High Technology Holding Co. acquired most of its 49.4 % stake in Newport in August .",1.6623258633157816,0.3075410240366094,0.6769085216306143,0.708740703238655,0.6924589759633903
870,"Mr. Hollander was named chairman last week , succeeding Mr. Weekes , who was among the ousted directors .",1.7776019742535425,0.3025114476251354,0.7053548420157018,0.6897957811842442,0.6974885523748645
871,"The company has declined requests to discuss the changes , but Mr. Weekes has said that Mr. Hollander wanted to have his own team .",1.1149721192370867,0.17831735732157017,0.797921277442052,0.8469026276883056,0.8216826426784296
872,"Scott Wakeman was named president and chief operating officer of U.S. operations , titles that had been held by Mr. Weekes .",1.85132072514548,0.3233076470050199,0.6558672308609438,0.6988833238056245,0.6766923529949801
873,"Mr. Wakeman was vice president of the instrument and controls division of closely held Omega Engineering Inc. , another company controlled by Mr. Hollander .",2.0023142564387966,0.374668770590239,0.5952369960764718,0.6586305391931929,0.6253312294097609
874,A company spokesman did n't know Mr. Wakeman 's age .,1.228161364029721,0.2305512034373273,0.7694487965626727,0.7694487965626726,0.7694487965626727
875,"James R. Lees , 51 , vice president of Newport 's European operations , was named executive vice president and chief operating officer of European operations , assuming some former duties of Mr. Weekes .",1.8569633845625977,0.33414553571129346,0.6088083798228903,0.7346964100530006,0.6658544642887063
876,"Arthur B. Crozier , 34 , an attorney , was named secretary , succeeding John Virtue , who was another of the ousted directors .",1.5451676193236263,0.2667125143954964,0.7430356259660368,0.7237918114749977,0.7332874856045035
877,UNIFIRST Corp. declared a 2-for-1 stock split .,1.0,0.2,0.7999999999999999,0.7999999999999999,0.7999999999999999
878,"The Wilmington , Mass. , garment service company also boosted its quarterly dividend 20 % to three cents a share adjusted for the split .",2.0504449971536003,0.33305447343902267,0.6502237327298579,0.6845500908202868,0.6669455265609773
879,The dividend had been five cents a share .,0.9727652780181648,0.1976104737709516,0.8162983545263642,0.7889467394418683,0.8023895262290486
880,"The split and quarterly dividend will be payable Jan. 3 to stock of record Nov. 16 , the company said .",1.6225730438641417,0.26435800009719346,0.711547920259033,0.7614249919930098,0.7356419999028067
881,The split will raise the number of shares outstanding to about 10.2 million .,1.1428571428571432,0.19729663457490648,0.8179308623673724,0.788032489347351,0.8027033654250938
882,"Separately , UniFirst reported that net income rose 21 % to $ 3 million , or 29 cents a share adjusted for the split , for the fourth quarter ended Aug. 26 .",2.0522884356227333,0.3284697574326052,0.6381157539385944,0.7086375564452121,0.6715302425673948
883,"A year earlier UniFirst earned $ 2.4 million , or 24 cents a share adjusted for the split .",1.8483902883559846,0.31136426648240884,0.6560095209747822,0.724677083201514,0.6886357335175907
884,Sales rose to $ 52.4 million from $ 50.1 million .,0.7272727272727275,0.1425834447433658,0.9232356122056502,0.8003576778866915,0.8574165552566343
885,"Fibreboard Corp. said it completed the previously reported sale of approximately 27,500 acres of timberland near Truckee , Calif. , to closely held Sierra Pacific Industries Corp. , Arcata , Calif. , for $ 32.5 million .",2.3196049688016247,0.3790609569556492,0.6158336188975092,0.6261298254764108,0.6209390430443509
886,"The lumber , insulation and fireproofing concern said the transaction , which includes a swap of other timber interests , would result in a $ 13.5 million after-tax gain , to be recorded in the fourth quarter .",1.565792656987921,0.2389372601961671,0.7800905253019867,0.7429410945256449,0.7610627398038327
887,Healthcare International Inc. said it reached a 120-day standstill agreement with its HealthVest affiliate calling for Healthcare to pay HealthVest $ 5 million right away and additional amounts in the future .,2.339711418852401,0.3496841609351884,0.6167531811398326,0.6877415639023993,0.6503158390648115
888,"Under the agreement , Healthcare , a manager of health-care facilities , said it would pay HealthVest $ 3.9 million in overdue rent and mortgage payments and repay $ 1.1 million in funds that HealthVest advanced for construction work on facilities .",1.9073213240481088,0.29611902616010966,0.7104205144292679,0.6974607302484994,0.7038809738398902
889,"In return , HealthVest agreed that it wo n't exercise its rights and remedies against Healthcare during the 120-day period .",1.4645184524839747,0.22578580738086781,0.7376343566583174,0.8146113761882007,0.774214192619132
890,"After the payment , Healthcare still will be $ 6.5 million in arrears on rent and mortgage payments to HealthVest , a real estate investment trust whose portfolio consists largely of properties operated by Healthcare .",2.336475942734853,0.35963821710704935,0.6393652722764004,0.641361404668657,0.6403617828929506
891,"Healthcare has given HealthVest a 12 % note for that overdue amount , to be repaid over three years .",1.0999999999999996,0.17005836639285002,0.7931554377769793,0.8703060399953613,0.8299416336071498
892,"In addition , Healthcare agreed to make monthly rent and mortgage payments of $ 2.7 million to $ 3 million to HealthVest during the standstill period , to be paid when Healthcare successfully completes asset sales .",2.4397528599874194,0.3862368374034001,0.5604364894869684,0.678305292292169,0.6137631625965997
893,"Because Healthcare actually owes HealthVest $ 4.2 million in rent and mortgage payments each month , the amount due above the amount paid will be added to the three-year note .",1.8629467717584864,0.2818795973517972,0.691269353771399,0.7471417072824811,0.7181204026482028
894,"The funds should help ease a cash bind at HealthVest , which has been unable to pay its debts because Healthcare has n't made complete rent and mortgage payments since July .",1.718048154672311,0.2744850309563642,0.6775952705804679,0.7807282567851034,0.7255149690436358
895,A spokesman said HealthVest has paid two of the three banks it owed interest to in October and is in negotiations with the third bank .,1.7650121312281044,0.2823453851631436,0.7091811457062834,0.7263330187255514,0.7176546148368563
896,"Healthcare , which has been in a severe liquidity bind , said it is able to make the payments because it completed a transaction with Greenery Rehabilitation Group Inc. in which Greenery purchased stock and warrants for $ 500,000 and loaned Healthcare $ 9 million .",2.0797281931610154,0.29440561901820095,0.7032968334218326,0.7079069891128581,0.705594380981799
897,The loan is backed by Healthcare 's 5.4 % stake in HealthVest and interest in certain facilities .,1.0645144143738978,0.1791507927224975,0.727937838868808,0.9409484892020578,0.8208492072775023
898,I was pleased to note that your Oct. 23 Centennial Journal item recognized the money-fund concept as one of the significant events of the past century .,2.0783658481893843,0.35046418762986803,0.606410975322561,0.6992638709209867,0.6495358123701319
899,"Actually , about two years ago , the Journal listed the creation of the money fund as one of the 10 most significant events in the world of finance in the 20th century .",1.6099620585878371,0.28252142443307376,0.7125323198245543,0.7224939831683042,0.7174785755669264
900,"But the Reserve Fund , America 's first money fund , was not named , nor were the creators of the money-fund concept , Harry Brown and myself .",1.9201267032959937,0.31362267692615786,0.6584320258036008,0.7167998799093684,0.6863773230738422
901,"We innovated telephone redemptions , daily dividends , total elimination of share certificates and the constant $ 1 pershare pricing , all of which were painfully thought out and not the result of some inadvertence on the part of the SEC .",1.2699500669677555,0.20489417023039241,0.7574584769743222,0.8366912244341663,0.795105829769608
902,President,-0.0,0.0,1.0,1.0,1.0
903,The Reserve Fund,0.666666666666667,0.26631956334878915,1.0,0.5793801642856952,0.7336804366512111
904,"The crowning moment in the career of Joseph F. O'Kicki came as 300 local and state dignitaries packed into his elegant , marble-columned courtroom here last year for his swearing in as President Judge of Cambria County .",2.2545896568824695,0.38728191340126117,0.551002419691954,0.690002634208171,0.6127180865987384
905,Baskets of roses and potted palms adorned his bench .,1.275488750216347,0.2567219042739965,0.7321538422979834,0.7547456055646927,0.7432780957260037
906,The local American Legion color guard led the way .,1.0754887502163455,0.22554653429056049,0.7547456055646928,0.7952181416542046,0.7744534657094395
907,"As the judge marched down the center aisle in his flowing black robe , he was heralded by a trumpet fanfare .",1.9256603625727395,0.31072549598914667,0.7094340204071183,0.6702290492964168,0.6892745040108531
908,"To many , it was a ceremony more befitting a king than a rural judge seated in the isolated foothills of the southern Allegheny Mountains .",1.9447791891084618,0.32139127861337624,0.6933500370344008,0.6644811863935719,0.6786087213866236
909,"But then Judge O'Kicki often behaved like a man who would be king -- and , some say , an arrogant and abusive one .",2.2113685006057695,0.3435752567292436,0.6357028368157538,0.6785431073586091,0.6564247432707563
910,"While his case may be extreme , it reflects the vulnerability of many small communities to domineering judges .",0.9076374998861318,0.15039382777404656,0.8589329545101094,0.8404797651615376,0.8496061722259532
911,"Last March , nine months after the judge 's swearing-in , the state attorney general 's office indicted him on a sweeping array of charges alleging more than 10 years of `` official oppression '' in Cambria County , a depressed steel and mining community in western Pennsylvania .",2.202981369710535,0.38424604142658486,0.5799103242025344,0.6563204188365073,0.615753958573415
912,"The allegations , ranging from theft and bribery to coercion and lewdness , paint a disquieting picture .",1.3208020839342964,0.24175051342317763,0.7967735705282678,0.7232788785302563,0.7582494865768223
913,"According to testimony in a public , 80-page grand-jury report handed up to the state attorney general , Judge O'Kicki extorted cash from lawyers , muscled favorable loans from banks and bullied local businesses for more than a decade .",1.736667668369603,0.30292522049287834,0.7216485805018006,0.674119455015694,0.6970747795071217
914,"Prosecutors , in an indictment based on the grand jury 's report , maintain that at various times since 1975 , he owned a secret and illegal interest in a beer distributorship ; plotted hidden ownership interests in real estate that presented an alleged conflict of interest ; set up a dummy corporation to buy a car and obtain insurance for his former girlfriend -LRB- now his second wife -RRB- ; and maintained 54 accounts in six banks in Cambria County .",2.3594515278587935,0.3765321605377672,0.6035677139403949,0.6447249531178743,0.6234678394622327
915,"In testimony recorded in the grand jury report , court employees said the judge , now 59 years old , harassed his secretaries , made imperial demands on his staff and hounded anyone who crossed him .",2.107261635830265,0.3631210949916079,0.6256169995560341,0.648553700385926,0.6368789050083923
916,"Bailiffs claimed they were required to chauffeur him to and from work , mow his lawn , chop his wood , fix his car and even drop by his house to feed his two grown mutts , Dixie and Husky .",2.198338788588217,0.37099168896470547,0.5822152449727735,0.6839803099764952,0.6290083110352949
917,One former bailiff charged that the judge double-crossed him by reneging on a promise of a better paying job after pocketing a $ 500 bribe .,1.176541940991651,0.19852844507678782,0.7364259831596407,0.8791207902260638,0.8014715549232121
918,Some of the allegations are simply bizarre .,0.5,0.09090909090909091,0.909090909090909,0.909090909090909,0.9090909090909088
919,"Two former secretaries told the grand jury they were summoned to the judge 's chambers on separate occasions to take dictation , only to find the judge in his bikini underwear .",1.4794448126652417,0.23573819354995232,0.7639697320497593,0.7645541042625429,0.7642618064500477
920,One secretary testified that the judge once called her to his office while wearing nothing at all .,1.125814583693912,0.1970636396504444,0.7534442077330804,0.8593877175107406,0.8029363603495558
921,"The judge , suspended from his bench pending his trial , which began this week , vehemently denies all the allegations against him , calling them `` ludicrous '' and `` imaginative , political demagoguery . ''",2.7190097009223733,0.48101611757989904,0.5117763147385628,0.5263973646858735,0.518983882420101
922,"He blames the indictment on local political feuding , unhappiness with his aggressive efforts to clear the courthouse 's docket and a vendetta by state investigators and prosecutors angered by some of his rulings against them .",1.7927096386225854,0.3226472982642993,0.646617836171446,0.7111551369725557,0.6773527017357007
923,"`` I do n't know whose toes I 've stepped on , '' says the judge .",1.8749589988780722,0.32163960797839364,0.7005961180745437,0.6574926951088298,0.6783603920216064
924,"`` I 'll find out , eventually , who pushed the state police buttons into action . ''",1.4010711638263134,0.24041713241599677,0.8056656632439974,0.7184865771149277,0.7595828675840033
925,"Even if only some of the allegations stand up , however , they provide ample testimony to the awesome power of judges in rural communities .",1.2840029994328521,0.2108782428533931,0.801086860469424,0.7775088175326331,0.7891217571466069
926,"That power can sometimes be abused , particularly since jurists in smaller jurisdictions operate without many of the restraints that serve as corrective measures in urban areas .",1.4815694091201426,0.24231472522978106,0.7552362224580904,0.7601502621499608,0.7576852747702186
927,Lawyers and their clients who frequently bring business to a country courthouse can expect to appear before the same judge year after year .,1.0570027314271107,0.17877753391265627,0.8033255858380397,0.8399349476009733,0.8212224660873436
928,"Fear of alienating that judge is pervasive , says Maurice Geiger , founder and director of the Rural Justice Center in Montpelier , Vt. , a public interest group that researches rural justice issues .",2.511151868912305,0.41922457654211936,0.5811682550510855,0.580383122562702,0.5807754234578801
929,"As a result , says Mr. Geiger , lawyers think twice before appealing a judge 's ruling , are reluctant to mount , or even support , challenges against him for re-election and are usually loath to file complaints that might impugn a judge 's integrity .",2.447998001346871,0.39738354281772703,0.5628769000381997,0.6483935584759201,0.6026164571822729
930,"Judge O'Kicki , a stern and forbidding-looking man , has been a fixture in the local legal community for more than two decades .",1.3595496034621135,0.2176160934903246,0.7908741663956979,0.7740740011917628,0.7823839065096755
931,"The son of an immigrant stonemason of Slovenian descent , he was raised in a small borough outside Ebensburg , the Cambria County seat , and put himself through the University of Pittsburgh Law School .",1.952044438394255,0.31383084766018937,0.6922225114627063,0.6802207464544942,0.6861691523398105
932,"He graduated near the top of his class , serving on the school law review with Richard Thornburgh , who went on to become governor of Pennsylvania and , now , U.S. Attorney General .",1.7882051835414492,0.30128582624538786,0.6806009546054658,0.7178178677167568,0.6987141737546119
933,It was also in law school that Mr. O'Kicki and his first wife had the first of seven daughters .,1.7377443751081731,0.2881533726344077,0.6535685965873221,0.781535317295758,0.7118466273655923
934,He divorced his first wife three years ago and married the daughter of his court clerk .,1.9637692932502464,0.35670691055494835,0.5888382676699079,0.7088460379954279,0.6432930894450519
935,"Last year , Pennsylvania Supreme Court Justice John P. Flaherty called Mr. O'Kicki one of the finest judges `` not only in Pennsylvania but in the United States . ''",1.9866846039853487,0.345762249762339,0.6758403169402813,0.6339734175297834,0.654237750237661
936,"Clearly , the judge has had his share of accomplishments .",0.18181818181818166,0.030960844767388262,1.0,0.9399378843056375,0.9690391552326116
937,"After practicing law locally , he was elected to his first 10-year term as judge in 1971 ; in 1981 , he was effectively re-elected .",2.1920660946034993,0.3574861910368622,0.6101213198697083,0.6785387058360377,0.6425138089631378
938,"Six years ago , Judge O'Kicki was voted president of the Pennsylvania Conference of State Trial Judges by the state 's 400 judges .",1.6411175811630336,0.28609209667488156,0.6860342247945318,0.7441425315031331,0.7139079033251184
939,He has been considered several times for appointments to federal district and appellate court vacancies in Pennsylvania .,0.925279001780754,0.16533792616134768,0.8093900571273582,0.8615631178028249,0.8346620738386521
940,"And when he ran unsuccessfully for a state appellate court seat in 1983 , the Pennsylvania Bar Association rated him `` one of the best available , '' after interviewing local lawyers .",2.6441933626115572,0.40367150161618903,0.5637537801186787,0.6328985257499833,0.596328498383811
941,"`` He probably was the smartest guy who ever sat on our bench , '' says a former president of Cambria County 's 150-member bar association , who , like most lawyers in Cambria County , refuses to talk about the judge publicly .",2.011869314947276,0.3123817746628921,0.6852303152160631,0.6900228365730915,0.6876182253371081
942,`` He 's sharp as a tack .,0.25,0.043478260869565216,0.9999999999999999,0.9166666666666666,0.9565217391304347
943,He could grasp an issue with the blink of an eye . '',0.3076923076923084,0.057810249498213874,0.9421897505017861,0.9421897505017862,0.9421897505017861
944,"For more than a decade , virtually no one complained about Judge O'Kicki .",1.6253491072973905,0.28496666496271356,0.7040550481376403,0.7263594125136521,0.7150333350372864
945,"`` What about those institutions that are supposed to be the bedrock of society , the banks and the bar association ... ? '' wrote a columnist for the Tribune-Democrat , a newspaper in nearby Johnstown , shortly after the scandal became public .",2.063499716351619,0.32209311617255604,0.6743568582301762,0.6814944841217125,0.6779068838274438
946,"`` If only a banker or a lawyer had spoken out years ago , the judicial process would n't be under the taint it is today . ''",2.0544924084046583,0.3131744379722884,0.683119765995743,0.6905717838526069,0.6868255620277116
947,"Officials with the Pennsylvania Judicial Inquiry and Review Board , the arm of the state that investigates judicial misconduct , counter that they had no inkling of anything amiss in Ebensburg .",2.0692419803507267,0.3340258577172059,0.6560573892895922,0.6761952933726448,0.665974142282794
948,"`` Nobody told us ; nobody called us , '' says an official close to the case who asked not to be named .",2.034538392637935,0.3444976183824203,0.6523686923564296,0.6586663218921183,0.6555023816175797
949,`` Nobody had the guts to complain . '',1.1949875002403858,0.23226811204890577,0.8162983545263646,0.7246199192766694,0.7677318879510944
950,Certainly not the lawyers .,0.0,0.0,1.0,1.0,1.0
951,"Johnstown attorney Richard J. Green Jr. shelled out $ 500 in loans to the judge over five years , he said in testimony to the grand jury .",1.584447427735725,0.2552211359539567,0.7708280790970216,0.7204327006687801,0.7447788640460433
952,"`` The judge never made a pretense of repaying the money , '' said Mr. Green .",1.691463970715498,0.28552429619943775,0.7955625486338685,0.6483893288335864,0.7144757038005621
953,"Eventually , Mr. Green testified , he began ducking out of his office rather than face the judge when he visited .",1.6992762720570074,0.2947552535244265,0.7100298585314895,0.7005236993828433,0.7052447464755736
954,"When Mr. Green won a $ 240,000 verdict in a land condemnation case against the state in June 1983 , he says Judge O'Kicki unexpectedly awarded him an additional $ 100,000 .",1.8588732329801259,0.28393763905150066,0.7041781678133884,0.7283545716358021,0.7160623609484994
955,"Mr. Green thought little of it , he told the grand jury , until the judge walked up to him after the courtroom had cleared and suggested a kickback .",1.825696664438901,0.28434249270512973,0.6751676390447597,0.7613135543725733,0.7156575072948705
956,`` Do n't you think I ought to get a commission ... or part of your fee in this case ? '' Mr. Green said the judge asked him .,2.7152703968800376,0.43109720464738127,0.5643932278488017,0.5734850072306582,0.5689027953526189
957,"Appalled , Mr. Green never paid the money , he testified .",0.7295739585136216,0.1263619399621494,0.883261654795452,0.8642219131602642,0.8736380600378503
958,"But he did n't complain to the state 's Judicial Inquiry and Review Board , either , saying later that he feared retribution .",1.829839456703903,0.28861431660373615,0.6558026864741868,0.7772631428313757,0.7113856833962641
959,Mr. O'Kicki said he will respond to Mr. Green 's allegation at his trial .,1.4666666666666668,0.2522741428388088,0.7652767234747441,0.7309619659424721,0.747725857161191
960,"Like most of Cambria County 's lawyers and residents who had dealings with the judge , Mr. Green declined to be interviewed for this article .",1.969972344187446,0.3158096365208878,0.6617104939084448,0.708251335445922,0.6841903634791119
961,And no one with a complaint about the judge would allow his name to be printed .,0.7946926473133509,0.13314850703176842,0.8668514929682318,0.8668514929682318,0.8668514929682318
962,"`` I do n't have anything much to say , and I think that 's what you 're going to find from everyone else you talk to up here , '' says local attorney Edward F. Peduzzi .",2.7638263387994266,0.4697478245647171,0.49584228507453654,0.5697940875968526,0.530252175435283
963,Says another lawyer : `` The practice of law is a matter of biting one 's lip when you live in a small community .,1.616254878262665,0.25774812905247935,0.7672282881351715,0.718850353306262,0.7422518709475203
964,One had best not dance on top of a coffin until the lid is sealed tightly shut . '',1.4220815794028336,0.23933998012871383,0.7506214843430218,0.7709706982991763,0.7606600198712858
965,"The judge was considered imperious , abrasive and ambitious , those who practiced before him say .",1.4043707635839544,0.2446396812859163,0.730327646982743,0.782169933925805,0.7553603187140837
966,"He sipped tea sweetened with honey from his high-backed leather chair at his bench , while scribbling notes ordering spectators to stop whispering or to take off their hats in his courtroom .",2.054046662596778,0.3705888910650813,0.6228526455458028,0.6361091596940658,0.6294111089349187
967,"Four years ago , he jailed all nine members of the Cambria County School Board for several hours after they defied his order to extend the school year by several weeks to make up for time lost during a teachers ' strike .",1.8493375290743534,0.300422766625289,0.6544245988848192,0.7514223156400468,0.6995772333747108
968,"Visitors in his chambers say he could cite precisely the years , months , weeks and days remaining until mandatory retirement would force aside the presiding president judge , giving Judge O'Kicki the seniority required to take over as the county 's top court administrator .",2.0803276237855295,0.3307757104760305,0.6487258042073912,0.6910604686581807,0.6692242895239697
969,"The judge , they say , was fiercely proud of his abilities and accomplishments .",1.4339850002884615,0.24527394344523148,0.7338867538521462,0.7767834451966402,0.7547260565547683
970,"`` My name is judge , '' Judge O'Kicki told a car salesman in Ebensburg when he bought a new red Pontiac Sunbird in October 1984 , according to the grand-jury report .",1.9780950715104106,0.3069939178655476,0.7120631758787531,0.6749424578289519,0.6930060821344521
971,The dealership dutifully recorded the sale under the name `` Judge O'Kicki . '',1.5903330361778862,0.29164645751269713,0.7300092533557452,0.6879456476952736,0.7083535424873031
972,"Yet , despite the judge 's imperial bearing , no one ever had reason to suspect possible wrongdoing , says John Bognato , president of Cambria County 's 150-member bar association .",2.117143936307952,0.36575031856330203,0.6110917356694267,0.6592319498109389,0.634249681436698
973,"`` The arrogance of a judge , his demeanor , the way he handles people are not a basis for filing a complaint , '' says Mr. Bognato .",1.8414770475488398,0.30634774706083445,0.736312998296488,0.6556641662157682,0.6936522529391658
974,"`` Until this came up and hit the press , there was never any indication that he was doing anything wrong . ''",2.6050498678649414,0.4400173141871432,0.5292165365386101,0.5945468296933885,0.559982685812857
975,"State investigators dispute that view now , particularly in light of the judge 's various business dealings in Cambria County .",1.8695773775638118,0.3173733519760997,0.7056833472329154,0.6610289365046947,0.6826266480239004
976,"The judge came under scrutiny in late 1987 , after the state attorney general 's office launched an unrelated investigation into corruption in Cambria County .",1.5996493877221019,0.28191664417196144,0.6838552380637904,0.7559183551681146,0.7180833558280385
977,The inquiry soon focused on the judge .,0.5,0.1,0.9000000000000001,0.9,0.9
978,"Even his routine business transactions caused trouble , according to the grand jury report .",1.3316112300691385,0.24588873049456764,0.7471678987405911,0.7611848991194627,0.7541112695054321
979,"When the judge bought his new Sunbird from James E. Black Pontiac-Cadillac in Ebensburg five years ago , the dealership had `` certain apprehensions '' about the judge 's reputation , according to the grand-jury report .",2.027290024072824,0.337941810388006,0.6202071374298374,0.7099661005821187,0.662058189611994
980,"The dealership took the extra step of having all the paper work for the transaction pre-approved by Ebensburg 's local lender , Laurel Bank .",1.9305865002596163,0.34673116145865857,0.6188776138915337,0.6917072278631887,0.6532688385413415
981,"Then , as an additional precaution , the car dealership took the judge 's photograph as he stood next to his new car with sales papers in hand -- proof that he had received the loan documents .",1.8291323958333754,0.29387042478408354,0.7190457716937247,0.6936692169884756,0.7061295752159166
982,"But when the judge received his payment book , he disavowed the deal .",0.5714285714285721,0.10177348203086359,0.9463849645616856,0.8547319924326142,0.8982265179691367
983,"`` There was no loan , there is no loan , there never shall be a loan , '' the judge wrote the bank on his judicial stationery , according to the report .",1.8095819833920732,0.29635422677429646,0.7565049637835236,0.6576910001947557,0.703645773225704
984,"Later , the judge went a step farther .",1.1111111111111116,0.2125007834794058,0.9025783848842867,0.6984469074849964,0.7874992165205943
985,"After Laurel Bank tried to repossess the car , a vice president asked him to intervene in an unrelated legal dispute involving a trust account .",1.3347394001629862,0.22003108932791526,0.7776790939269235,0.7822722516195547,0.7799689106720846
986,The judge wrote again .,0.0,0.0,1.0,1.0,1.0
987,"`` I find myself in an adversary relationship with Laurel Bank , and I am not inclined to extend myself as far as any favors are concerned , '' the judge wrote back in a letter attached to the grand jury 's report .",2.7552504476078177,0.40824005217430376,0.5768241788823496,0.6074897434475902,0.5917599478256963
988,"`` Perhaps if my personal matters can be resolved with Laurel bank in the near future , I may be inclined to reconsider your request ... . ''",1.8882416215456024,0.2891778115466565,0.6950765017939861,0.7272977894426601,0.7108221884533438
989,The judge now says it was `` unfortunate '' that he chose to write the letter but says `` there was certainly no intent to extort there . '',2.6600440957066076,0.5298089466768112,0.38849372176549707,0.5953990270962386,0.47019105332318917
990,The bank acquiesced .,0.0,0.0,1.0,1.0,1.0
991,"It refinanced the judge 's loan , lowered its interest rate and accepted a trade-in that had n't originally been part of the deal -- a beat up 1981 Chevy Citation the dealer had to repair before it could be resold .",2.096935475202102,0.32734040717686874,0.6242768592840754,0.7291719071308149,0.672659592823131
992,The incident was n't the only time the judge got special treatment from his local bank .,0.5882352941176467,0.1084073350312443,0.8868794342032045,0.8963562593600338,0.8915926649687558
993,"Two years later , he wrote to complain that the interest he was paying on an unsecured $ 10,000 loan was `` absolutely onerous . ''",1.995165499266431,0.3032897027755724,0.6514814448561158,0.7486876538033685,0.6967102972244273
994,"Paul L. Kane , Laurel 's president at the time , quickly responded .",0.9649839288804962,0.16658957138861863,0.876650475752496,0.7942354340612741,0.8334104286113815
995,"The bank , he wrote back , was `` immediately '' lowering the rate by 3.5 % , `` as a concession to you . ''",1.9865955559385862,0.3305863083074864,0.6709102327133653,0.6679238122197443,0.6694136916925135
996,"The judge says he ca n't discuss in detail how he will defend himself at his trial , although he contends that if he were as corrupt as state prosecutors believe , he would be far wealthier than he is .",2.420306083346791,0.4128872854590841,0.5419812291938398,0.640443262058633,0.5871127145409158
997,His seven-bedroom cedar and brick house outside of Johnstown is up for sale to pay for his lawyers .,1.537856892045979,0.2738652292170245,0.6783850777517402,0.7811153716884573,0.7261347707829752
998,The judge says he is confident he will return to his old bench .,1.4474758933207443,0.25867159330776607,0.7297304778304616,0.753300951504992,0.7413284066922341
999,"Already , he notes , the 76 charges originally filed against him have been trimmed to 27 .",1.5361935808001794,0.2634577704925024,0.6958246778956546,0.7823213014195941,0.7365422295074977
1000,Most of the allegations no longer pending were ethics charges withdrawn by state prosecutors as part of a pre-trial agreement .,1.3293403314711245,0.24800864535615397,0.7861920017554995,0.7206422305546648,0.7519913546438459
1001,The heart of the case -- `` official oppression '' -- remains intact .,1.775339498019524,0.3440513277214987,0.7193214907510408,0.6028381339166665,0.6559486722785013
1002,"`` If I lose , I lose my position , my career , my pension , my home and my investments , '' says the judge .",0.9608140188835765,0.1784623979086244,0.9262417227162734,0.7381012385395432,0.8215376020913757
1003,`` My God and I know I am correct and innocent .,1.5220552088742,0.32747371953232174,0.6196959076659584,0.7352039560906469,0.6725262804676782
1004,"Many thanks for Alexander Cockburn 's comic masterpiece -LRB- `` U.S. . Economy : A House Built on Junk-Bond Sand , '' Viewpoint , Oct. 19 -RRB- .",2.9531088176450226,0.5701962986829937,0.4187295892153204,0.44147947813669886,0.4298037013170063
1005,The use of the abominable construction practices in the Soviet Union -- as evidenced by the collapse of sand apartment blocks during the Armenian earthquake -- as a metaphor for the U.S. economic system was a sublime example of Mr. Cockburn 's satirical muse .,1.697472242657856,0.3079335867313886,0.6804938715878742,0.7040393719041224,0.6920664132686113
1006,I await his sequel : the economic and social resiliency of the San Francisco Bay area and the outstanding work of the local governments and the private charitable organizations there as metaphors for the supremacy of whatever failed system Mr. Cockburn now believes in .,2.2031508067107746,0.3730178937691596,0.5813322753503086,0.6804123192423703,0.6269821062308403
1007,It should be a scream .,0.0,0.0,1.0,1.0,1.0
1008,William S. Smith,0.9182958340544896,1.0,1.0,0.0,0.0
1009,"As a money manager and a grass-roots environmentalist , I was very disappointed to read in the premiere issue of Garbage that The Wall Street Journal uses 220,000 metric tons of newsprint each year , but that only 1.4 % of it comes from recycled paper .",2.4394533035951156,0.3705243861175987,0.5811601256032969,0.6865530798342884,0.6294756138824013
1010,"By contrast , the Los Angeles Times , for example , uses 83 % recycled paper .",1.2267501748396086,0.21929418691658778,0.742787102565181,0.8227042315970327,0.7807058130834124
1011,"With newspapers being the largest single component of solid waste in our landfills , and with our country overflowing with trash , all sectors of our society and all types of businesses must become more responsible in our use and disposal of precious natural resources .",1.4823783542558058,0.25256190010826896,0.7115841417314028,0.7870968498077539,0.7474380998917309
1012,The Wall Street Journal is an excellent publication that I enjoy reading -LRB- and must read -RRB- daily .,1.893377286896687,0.3213778409024285,0.6206052399256864,0.7486050675587004,0.6786221590975712
1013,"Please make me and thousands of other readers more comfortable with our daily purchase of your newspaper by raising your environmental standards to your overall impeccable quality levels , and increase your use of recycled paper .",1.7915277244113037,0.33652391224773054,0.6196691546358843,0.7139479741069473,0.6634760877522694
1014,Virginia M.W. Gardiner,1.584962500721156,1.0,1.0,0.0,0.0
1015,"FIRST AMERICAN FINANCIAL Corp. declared a special dividend of one share of Class B common stock for each share of Class A common stock , payable to holders of record on Nov. 10 if the Securities and Exchange Commission approves this as the effective date of the registration statement .",2.380432694314766,0.43467884239862076,0.5222262588757498,0.6161682948596331,0.5653211576013794
1016,"Shareholders of the Santa Ana , Calif. , title-insurance company approved the creation of this second class of stock , which will be traded on the national over-the-counter market and which the company said would be used for acquisitions and other general corporate purposes .",1.4488359002973157,0.23198932322285587,0.7547975972130796,0.7816946007760943,0.768010676777144
1017,"The following were among yesterday 's offerings and pricings in the U.S. and non-U.S. capital markets , with terms and syndicate manager , as compiled by Dow Jones Capital Markets Report :",2.2449802836590007,0.39819612408094607,0.5597656841851004,0.6506688620188772,0.6018038759190539
1018,Continental Cablevision Inc. --,1.1887218755408673,0.42284036758887655,1.0,0.4056390622295664,0.5771596324111234
1019,"$ 350 million of senior subordinated debentures , due Nov. 1 , 2004 , was priced at par to yield 12 7/8 % .",1.884136706203067,0.323365882206934,0.6522884923531269,0.7028675247790408,0.6766341177930659
1020,"Rated single-B-1 by Moody 's Investors Service Inc. and single-B by Standard & Poor 's Corp. , the issue , which is non-callable for five years , will be sold through underwriters led by Morgan Stanley & Co .",2.2014200386690135,0.357481769329277,0.6005193097123527,0.6908335167866935,0.6425182306707231
1021,Beatrice Co. --,0.666666666666667,0.26631956334878915,1.0,0.5793801642856952,0.7336804366512111
1022,"$ 251 million of notes , due Nov. 1 , 1997 , was priced in a two-part offering through underwriters at Salomon Brothers Inc .",1.7181847376953288,0.2812843782953384,0.7095428917387271,0.7281286216867119,0.7187156217046617
1023,The size of the issue was scaled back from an originally planned $ 350 million .,1.2665414066556497,0.21167379817159201,0.7782050402297958,0.7987140996910017,0.7883262018284081
1024,"The first part , consisting of $ 151 million of 13 3/4 % senior subordinated reset notes , was priced at 99.75 .",1.038013173083792,0.17924997012269267,0.7930333267347527,0.8504743089940694,0.8207500298773075
1025,The rate on the notes will be reset annually to give the issue a market value of 101 .,1.137349498654567,0.1932683147460235,0.8185150321095128,0.7952827898839183,0.8067316852539761
1026,"However , the maximum coupon at which the notes can be reset is 16 1/4 % .",1.2652808826074669,0.2039537931097137,0.7669573197253077,0.827428628564014,0.7960462068902863
1027,The minimum coupon is 13 3/4 % .,0.75,0.14285714285714285,0.818181818181818,0.9,0.8571428571428571
1028,"The second part , consisting of $ 100 million of senior subordinated floating-rate notes , was priced at 99 3/4 to float 4.25 % above the three-month London interbank offered rate .",1.30080165329501,0.21365611212203017,0.7410206995739177,0.8375724915810077,0.7863438878779698
1029,The initial coupon on the floating-rate notes will be 12.9375 % .,0.625814583693912,0.10647734120445335,0.851165802851765,0.9403159227496529,0.8935226587955468
1030,The issue is rated single-B-3 by Moody 's and single-B-plus by S&P .,0.9511175366615614,0.1720954859374624,0.7063456211507935,0.9999999999999999,0.8279045140625378
1031,New Jersey Wastewater Treatment Trust --,1.6016067457394683,0.5519638373508048,1.0,0.28868982115845626,0.44803616264919527
1032,"$ 75.1 million , two-part offering of bonds apparently was won by a Merrill Lynch Capital Markets group .",1.1631508142163076,0.190021648533059,0.7602360312318205,0.8666856831696563,0.8099783514669405
1033,"The group 's bid for $ 40.9 million of wastewater treatment insured bonds , Series 1989 A , produced a 7.0826 % true interest cost .",1.8525977307322767,0.32987739865422244,0.6316377277969181,0.7136014169500933,0.6701226013457774
1034,The Series 1989 A bonds are insured and rated triple-A by Moody 's and S&P .,1.9449634674227338,0.3350475843705375,0.5799703122514954,0.7791148419528139,0.6649524156294625
1035,"The group 's bid for $ 34.2 million of wastewater treatment bonds , Series 1989 B , produced a 7.0808 % true interest cost .",1.681033261958515,0.3003386556265563,0.6674413014252769,0.7351499528921973,0.6996613443734434
1036,The Series 1989 B bonds are uninsured and rated double-A by Moody 's and S&P .,2.069963467422734,0.3644278440025291,0.5635773464729056,0.7286549912710998,0.6355721559974706
1037,"Both the Series 1989 A and Series 1989 B bonds were priced to yield from 6 % in 1991 to 7.15 % in 2008-2009 , according to a Merrill Lynch official .",1.8786211844097922,0.30155220130072047,0.6758758645719319,0.7225794730532087,0.6984477986992793
1038,"Matagorda County Navigation District No. 1 , Texas --",1.9455305560363263,0.5828994541859862,0.5685043855303203,0.32938016428569517,0.4171005458140139
1039,"$ 70.3 million of pollution control revenue bonds -LRB- Houston Lighting & Power Co . Project -RRB- , due Oct. 1 , 2019 , were tentatively priced by a Goldman , Sachs & Co. group at 98 1/4 to yield 7.649 % with a coupon of 7 1/2 % .",2.4143135982638197,0.40713232671907484,0.5370893882554781,0.6615740501766857,0.592867673280925
1040,Interest on the bonds will be treated as a preference item in calculating the federal alternative minimum tax that may be imposed on certain investors .,1.0044568423505158,0.16552329080693162,0.87146604764072,0.8004995410286184,0.8344767091930684
1041,The bonds are insured and rated triple-A by Moody 's and S&P .,1.2888375001664212,0.2220468411921781,0.6970746822015617,0.880062950760563,0.777953158807822
1042,Federal Home Loan Mortgage Corp. --,1.1424588287122237,0.46774088481617887,1.0000000000000002,0.3626383380677455,0.5322591151838213
1043,$ 500 million of Remic mortgage securities is being offered in 11 classes by a Morgan Stanley group .,1.3028888159033398,0.22576934024522333,0.7519751645953535,0.7978436818811623,0.7742306597547768
1044,"The offering , Series 109 , is backed by Freddie Mac 10 % securities .",1.1849625007211566,0.20329376562240387,0.7723697783154728,0.8226262110558323,0.7967062343775964
1045,Complete details were n't immediately available .,0.8571428571428581,0.18016411739235053,0.7733901638509398,0.8722165935233486,0.8198358826076496
1046,Lomas Mortgage Funding Corp. II --,1.2682734124061352,0.4938147402838364,0.9999999999999998,0.33885410691555,0.5061852597161637
1047,$ 100 million issue of collateralized mortgage obligations is being offered in four classes by a Morgan Stanley group .,1.354679196490041,0.23002860977599354,0.7394913435048774,0.8030720813594143,0.7699713902240062
1048,The securities yield from 9.35 % to 10.48 % for a 30-year issue with an average life of 21.18 years .,1.4818769275601777,0.2820362176000877,0.6699928555849521,0.7733338368438182,0.7179637823999121
1049,The 10.48 % yield represents a spread to the 20-year Treasury of 2.45 percentage points .,1.7971804688852169,0.31513893418505307,0.6613406307216925,0.7101161931326484,0.6848610658149468
1050,The collateral consists of collateralized whole loans with a weighted average coupon rate of 11.08 % and weighted average remaining term to maturity of 28 years .,2.3299950155772082,0.45635119893606774,0.498546570391029,0.5977232959531508,0.5436488010639323
1051,"The issue is rated triple-A by S&P , Moody 's and Fitch Investors Service Inc .",1.5637218755408666,0.26341789295516554,0.7524259130731638,0.7213917855499237,0.7365821070448344
1052,"The issue is 6 % to 7 % overcollateralized , and 75 % of the loans are covered by a General Electric pool policy covering losses of as much as 10 % of the original principal balance of the loans .",1.804534321875792,0.29619897343932655,0.6463556681801251,0.7724534198480923,0.7038010265606738
1053,J.C. Penney Co. --,1.1887218755408673,0.42284036758887655,1.0,0.4056390622295664,0.5771596324111234
1054,"$ 350 million of JCP Master Credit Card Trust asset-backed certificates , Series B , with a final stated maturity of Oct. 15 , 2001 , was priced at 99.1875 to yield 9.192 % with a coupon of 8.95 % .",1.9011416385268216,0.32129194241350406,0.6302724083107718,0.7352078660420276,0.678708057586496
1055,"The certificates , which have an average life of 10.05 years , were priced at 1.31 percentage points over the benchmark Treasury 10-year note .",1.1518692592851956,0.19306290543599658,0.780782479900408,0.8349046925527943,0.8069370945640033
1056,"Rated triple-A by Moody 's and S&P , the issue will be sold through First Boston Corp .",1.4010711638263125,0.23484210176385215,0.740941667077888,0.7910105324634793,0.7651578982361478
1057,The issue is backed by a 12 % letter of credit from Credit Suisse .,0.8569835314848895,0.15064325777310494,0.8036360785592486,0.9005935335392312,0.8493567422268951
1058,Keio Teito Electric Railway Co . -LRB- Japan -RRB- --,2.2754887502163466,0.6658557527088977,0.5880325916843805,0.2333802371590976,0.3341442472911023
1059,"$ 300 million of bonds due Nov. 16 , 1993 , with equity-purchase warrants , indicating a 3 3/4 % coupon at par via Nomura International Ltd .",1.9072440849612984,0.33848548056449945,0.6243068374878321,0.703438309668643,0.6615145194355005
1060,"Each $ 5,000 bond carries one warrant , exercisable from Nov. 30 through Nov. 2 , 1993 , to buy company shares at an expected premium of 2 1/2 % to the closing share price when terms are fixed Tuesday .",2.320666627678319,0.38465250562566833,0.5642126456747089,0.6766748431858246,0.6153474943743317
1061,Diesel Kiki Co . -LRB- Japan -RRB- --,2.5,0.7142857142857143,0.49999999999999983,0.1999999999999999,0.2857142857142856
1062,"$ 200 million of bonds due Nov. 16 , 1994 , with equity-purchase warrants , indicating a 4 1/2 % coupon at par via Yamaichi International Europe Ltd .",2.077847839696197,0.36862411640042364,0.5982951921575322,0.6683288470548068,0.6313758835995766
1063,"Each $ 5,000 bond carries one warrant , exercisable from Nov. 30 through Nov. 2 , 1994 , to buy company shares at an expected premium of 2 1/2 % to the closing share price when terms are fixed Monday .",2.320666627678319,0.38465250562566833,0.5642126456747089,0.6766748431858246,0.6153474943743317
1064,Chugoku Electric Power Co . -LRB- Japan -RRB- --,2.4010711638263125,0.6871326246072211,0.5515536471368371,0.2183680396864711,0.31286737539277876
1065,"$ 150 million of 8 7/8 % bonds due Nov. 29 , 1996 , priced at 101 7/8 to yield 8 7/8 % less full fees via Nikko Securities Ltd .",2.1556337980057174,0.3986996964613091,0.5471554912261534,0.6673380050958184,0.6013003035386908
1066,Fees 1 7/8 .,0.5,0.14285714285714285,1.0,0.75,0.8571428571428571
1067,"Monte dei Paschi di Siena , Singapore branch -LRB- Italian parent -RRB- , via the Law Debenture Trust Corp. --",2.088721875540868,0.4836480457113977,0.47619282555650233,0.5639084728658772,0.5163519542886024
1068,"10 billion yen -LRB- $ 70 million -RRB- of 6 % bonds due Feb. 24 , 1993 , priced at 101 1/4 , via Daiwa Europe Ltd .",2.3167150514506494,0.4590011733244777,0.517912630925703,0.5662392017347373,0.5409988266755222
1069,Okobank -LRB- Finland -RRB- --,1.750977500432694,0.6052716648242668,0.5880325916843804,0.29707177702094517,0.3947283351757332
1070,"10 billion yen of 6 % bonds due Nov. 30 , 1992 , priced at 101.225 to yield 6.056 % via IBJ International .",1.6264817683190582,0.3097492942547112,0.6202500134062033,0.7780618586895717,0.6902507057452887
1071,"EG&G Inc. said it acquired Laboratorium Prof. Dr. Berthold , a German maker of scientific instruments .",1.4332075280353118,0.2509234819180684,0.7909906915520752,0.7113808286463086,0.7490765180819317
1072,Terms were n't disclosed .,0.40000000000000036,0.09425390072448082,0.8277293767706427,1.0,0.9057460992755192
1073,"The Wellesley , Mass. , maker of scientific instruments and electronic parts said Berthold expects 1989 sales of more than 100 million Deutsche marks -LRB- $ 54.5 million -RRB- and employs about 400 people .",2.0562043086641486,0.35972224298932315,0.5686529452137564,0.7325457208548553,0.6402777570106769
1074,"Berthold is based in Wildbad , West Germany , and also has operations in Belgium .",1.1006025296522992,0.18959441916960065,0.8624971904329929,0.7642478636850135,0.8104055808303992
1075,"John M. Kucharski , EG&G 's chairman and chief executive , said the acquisition `` will extend EG&G 's core technologies , strengthen its position in the European Economic Community and assure a strength and presence in the Eastern European market . ''",1.7729960687797073,0.28303558965725617,0.7111567697502844,0.7228676877988689,0.7169644103427436
1076,"He said it especially will strengthen the company 's efforts in the rapidly growing field of bio-analytical instrumentation , and in applied nuclear physics .",1.309162238128022,0.19721766385399211,0.8101527431231701,0.7955448254642038,0.8027823361460078
1077,"Separately , EG&G said it sold most of its Mason Research Institute subsidiary to Transgenic Sciences Inc. , a closely held biotechnology company based in Worcester , Mass .",2.2257012911718728,0.3705285573921471,0.6520155982496147,0.6084341629712726,0.629471442607853
1078,"The sale , for $ 7 million in cash and securities , will leave EG&G with a 12 % stake in Transgenic , executives said .",1.462154324269366,0.2250838966658133,0.79954804622495,0.7517564908047192,0.7749161033341867
1079,"Mason is the largest toxicology lab in New England , with annual revenue of $ 8 million and 140 employees .",1.7442471658614602,0.28992927140608676,0.6798827659476142,0.7430640487222289,0.7100707285939132
1080,"Mason serves commercial and government customers , including the National Institutes of Health .",1.6792696431662097,0.2972302848600127,0.7071525301044627,0.6984408934652224,0.7027697151399872
1081,"The combined companies will become profitable by January 1990 , said James P. Sherblom , Transgenic 's chairman and chief executive officer .",1.874757194728859,0.3219190911437536,0.6227533145942007,0.7441980834180137,0.6780809088562464
1082,The Internal Revenue Service said it is willing to let the U.S. Tax Court decide how much oil man William Herbert Hunt will owe the government after his assets are liquidated .,1.991138000646059,0.3352705876250393,0.6497969301355171,0.6803643407084337,0.6647294123749607
1083,The surprise announcement came after the IRS broke off negotiations with Mr. Hunt on a settlement of the one-time tycoon 's personal bankruptcy case .,1.7819232562657197,0.3206843455741202,0.6581639528717516,0.7018720212049222,0.67931565442588
1084,"Although the action removes one obstacle in the way of an overall settlement to the case , it also means that Mr. Hunt could be stripped of virtually all of his assets if the Tax Court rules against him in a 1982 case heard earlier this year in Washington , D.C .",2.6052992531590595,0.40522891436952685,0.5704572644170064,0.6212497663121141,0.5947710856304728
1085,The IRS has been seeking more than $ 300 million in back taxes from Mr. Hunt .,1.5893852946267,0.2599178628006349,0.712660055275533,0.7696989911769392,0.7400821371993652
1086,"Separately , a federal judge hearing Mr. Hunt 's bankruptcy case yesterday turned down a proposed $ 65.7 million settlement between Mr. Hunt and Minpeco S.A. , another major creditor in the case .",2.1510419973460957,0.34698679099123914,0.6169440334430717,0.6935617845978647,0.6530132090087608
1087,The Peruvian minerals concern had been seeking a claim of $ 251 million against Mr. Hunt .,1.6914639707154988,0.2813070950733837,0.6711246379685475,0.7735187034458734,0.7186929049266165
1088,"In addition to turning down the compromise , Judge Harold C. Abramson said he would allow a claim of only $ 19.7 million .",1.9674700395364013,0.29632591515363443,0.7139362468352195,0.6937027601954628,0.7036740848463655
1089,Minpeco attorneys said they would appeal the decision to a federal district court .,1.1428571428571423,0.18474483855477744,0.8547319924326146,0.7792639149074382,0.8152551614452229
1090,"Regarding Mr. Hunt 's taxes , he and the IRS have apparently agreed on a basic formula for liquidating his estate in which the IRS would get 70 % of the proceeds from a liquidating trust and 30 % would go to other creditors .",1.9475012606774245,0.28448136734646223,0.6618122858923025,0.7787113912283445,0.7155186326535378
1091,But they have been at odds over how much Mr. Hunt would owe the government after his assets are sold .,1.4052273811584248,0.22364699348313447,0.7116335547582298,0.854021959349961,0.7763530065168652
1092,The IRS had demanded $ 90 million but Mr. Hunt would agree to no more than $ 60 million .,1.6132331253245198,0.2675068741792759,0.6936455820193712,0.7759501264967644,0.732493125820724
1093,"Grover Hartt III , a government lawyer , warned that Mr. Hunt stood to lose certain oil and gas properties , $ 200,000 in English pottery , a Colorado condominium and other assets he might have kept if he had settled with the IRS .",1.706375830314899,0.2555975017846978,0.7077126245753134,0.7851045959589953,0.7444024982153021
1094,"`` But they wanted to roll the dice and we 're going to let them , '' Mr. Hartt said .",1.7442471658614611,0.29575890365739077,0.7048094223875605,0.7036736861033921,0.7042410963426092
1095,"Stephen McCartin , Mr. Hunt 's attorney , said his client welcomed the gamble .",1.224301865106685,0.23747516488857873,0.7541888077672142,0.7710471977585382,0.762524835111421
1096,The Tax Court is n't expected to rule before early next year .,1.1930596157174564,0.20220912397478455,0.7266457857520996,0.8843795010035724,0.7977908760252154
1097,Japan has found another safe outlet for its money : U.S. home mortgages .,1.489625212305238,0.2735357729580561,0.6704924407616855,0.7926320607180269,0.7264642270419439
1098,An increasing number of big Japanese investors are buying up U.S. home mortgages that have been pooled and packaged for sale as interest-bearing instruments known as mortgage-backed securities .,1.157504531561961,0.21251195838947998,0.7295035049433648,0.8554863132616192,0.78748804161052
1099,"As much as 10 % of new U.S. mortgage securities issued by the Federal National Mortgage Association , or Fannie Mae , and Federal Home Loan Mortgage Corp. , or Freddie Mac , now flow into Japanese hands .",1.949348904086833,0.36124945067381675,0.5846909941188151,0.7038250399290635,0.6387505493261835
1100,That may not come as a surprise to Americans who have watched the Japanese snap up properties in the U.S. from golf courses to a stake in Rockefeller Center .,2.1460180135867937,0.35178057804989504,0.6772742770541683,0.6215549102898659,0.6482194219501052
1101,"But it marks a big change for the Japanese , who shunned mortgage securities after getting burned by a big downturn in interest rates a few years back .",1.2328051698107991,0.19194021941812234,0.792455712237334,0.824290704648014,0.808059780581878
1102,"`` You ca n't say it 's a `` tsunami '' -LRB- tidal wave -RRB- , but we 're making some headway , '' says Fannie Mae 's chairman , David O. Maxwell , who visits Tokyo at least once a year to explain and drum up investor interest in mortgage securities .",2.948482050636649,0.4663958976444627,0.5150295669178292,0.5535685456191292,0.5336041023555375
1103,`` Interest is a great deal higher than it was a year ago . '',1.6176441670993587,0.2728142767535075,0.7504294950338056,0.7053385951072668,0.7271857232464922
1104,The steady growth of the mortgage securities market in the U.S. has even triggered talk of building up a similar market here .,1.7141705202269808,0.2885008029783246,0.7187936054955315,0.7043513503804337,0.7114991970216752
1105,Evidence of the growing Japanese demand for mortgage securities abounds .,1.4545454545454546,0.30705755117739947,0.6929424488226007,0.6929424488226006,0.6929424488226007
1106,"Earlier this year , Blackstone Group , a New York investment bank , had no trouble selling out a special $ 570 million mortgage-securities trust it created for Japanese investors .",2.258581046161403,0.3682638079905905,0.5971954884724835,0.6705177204100662,0.6317361920094097
1107,"Industrial Bank of Japan , which claims to be the biggest Japanese buyer of U.S. mortgage securities , says it will more than double its purchases this year , to an amount one official puts at several billion dollars .",2.0217005360154543,0.31921081151402825,0.6464698167040841,0.7189566969122856,0.6807891884859718
1108,"And a Fannie Mae seminar this week promises to draw hundreds of prospective investors , who can be expected to channel tens of billions of dollars into the market in the next few years .",1.483775982625633,0.23757974708257432,0.7532070041251285,0.7718616862951454,0.7624202529174257
1109,"`` Last year , there were only several big investors who were interested , '' says Kinji Kato , a vice president at the international arm of Nomura Securities Co .",1.8706509961948585,0.30741081608657944,0.7063219068537532,0.6793802758936585,0.6925891839134207
1110,"`` This year , some investors are changing their policies and investing a lot . ''",1.0943609377704338,0.19349907689105866,0.8847163405745861,0.740991809030311,0.8065009231089414
1111,"Ultimately , he says , strong demand could help to drive down interest rates on mortgage securities .",1.0894244708020455,0.1894868942542037,0.8074673204721016,0.8135819555634588,0.8105131057457965
1112,"At the moment , Nomura is the only Japanese institution authorized to act as a primary seller of Fannie Mae instruments .",1.1538217266024615,0.19628715253045342,0.8078044423516466,0.7996624922238322,0.8037128474695465
1113,But other Japanese institutions say privately that they are considering asking to join the 59-dealer selling group .,1.2969432204414666,0.22500582395040292,0.7091369545979447,0.8543359622834131,0.7749941760495971
1114,These securities are attractive to Japanese investors for three reasons .,0.7272727272727266,0.13652408177840758,0.8634759182215923,0.8634759182215924,0.8634759182215924
1115,"First , they are safe .",0.6666666666666665,0.1480409554829326,0.8519590445170675,0.8519590445170675,0.8519590445170675
1116,"While they are n't backed by the full faith and credit of the U.S. government , as Treasury bonds are , it is widely assumed that the government would support them if necessary .",1.5923225143358124,0.24000994400059053,0.7122496066524918,0.8145901565002313,0.7599900559994094
1117,-LRB- U.S. Treasury bonds are still the dollar-denominated investment of choice for long-term Japanese investors -RRB- .,0.6829200279080485,0.1236985184638372,0.8571244629213055,0.8963562593600337,0.8763014815361628
1118,"Second , they are liquid .",0.6666666666666665,0.1480409554829326,0.8519590445170675,0.8519590445170675,0.8519590445170675
1119,"The secondary market in federally backed mortgage securities now exceeds $ 900 billion , or nearly half of the $ 2.2 trillion in U.S. residential mortgages issued .",2.113473996061918,0.34003164092742394,0.6192996168893142,0.7063538601191077,0.6599683590725761
1120,"Third , they offer high yields .",0.2857142857142865,0.053615035438314584,1.0,0.8982265179691366,0.9463849645616855
1121,"At the moment , some offer as much as 1.6 to 1.8 percentage points over Treasury securities of similar maturities .",1.8489962582528774,0.33433250970524525,0.6334848671049895,0.7012950407099047,0.6656674902947545
1122,"But there is a risk , which the Japanese discovered when they first dipped their toes into the market nearly five years ago .",1.9522813738447242,0.31194099415094273,0.6933454989926084,0.682852517658247,0.6880590058490577
1123,"Since most mortgages can be prepaid or refinanced at any time , issuers of mortgage securities retain the right to buy back their bonds before maturity .",1.4587711832560322,0.24487016481961818,0.7092438701674129,0.8073638719320341,0.755129835180382
1124,"That 's a headache for long-term investors , since it forces them to reinvest their money -- usually at lower rates than the original mortgage securities carried .",1.7237379466603713,0.27625842507769754,0.721822892962049,0.7256704841889343,0.7237415749223024
1125,"`` Two or three years ago , the problem was that people did n't understand the prepayment risk , '' says Nomura 's Mr. Kato .",2.3207190933706676,0.3711451414700093,0.6208359331187102,0.6370836448424632,0.6288548585299906
1126,`` So they were surprised and very disappointed by prepayment . '',1.729573958513623,0.3386661368461677,0.5914157917840829,0.7499999999999998,0.6613338631538321
1127,"Compounding the trouble to Japanese investors , mortgage securities pay interest monthly , since most mortgages require homeowners to make monthly payments .",1.6265178058355252,0.2970339739112588,0.7079156480166403,0.6980851373654519,0.7029660260887413
1128,"But Japanese institutional investors are used to quarterly or semiannual payments on their investments , so the monthly cash flow posed administrative problems .",1.587782314426545,0.28116262593328595,0.713590922940043,0.7241615423226061,0.7188373740667139
1129,"As a result , Japanese investors steered clear of the mortgage securities .",1.0188548075258872,0.18031221679800927,0.8827176077871355,0.7650592688424923,0.8196877832019905
1130,But they did n't lose touch with the U.S. issuers .,0.7958988638330418,0.12998587208595638,0.812643957607515,0.936099909688466,0.8700141279140435
1131,"Since 1985 , Japanese investors have bought nearly 80 % of $ 10 billion in Fannie Mae corporate debt issued to foreigners , money that Fannie Mae uses to buy mortgages from U.S. banks .",1.8512567862706062,0.29994856750325927,0.6742549008044452,0.7279004044968471,0.7000514324967406
1132,"And Japanese investors took up nearly all of two $ 200 million Real Estate Mortgage Investment Conduits , a kind of collateralized mortgage obligation , that were offered to foreigners this year .",2.5293262407632415,0.3970062254006879,0.5607582553836375,0.6521097600279074,0.6029937745993118
1133,"In addition , further packaging of mortgage-backed securities , such as Blackstone 's fund , have reduced the effects of prepayment risk and automatically reinvest monthly payments so institutions do n't have to .",1.66480467453317,0.2854077060231533,0.6704600411056878,0.7649438325960447,0.7145922939768466
1134,Freddie Mac for years has offered a so-called participation certificate that guarantees it wo n't be prepaid for a set number of years and offers semiannual payments .,1.313344424850916,0.2158088690017539,0.7469728231908637,0.825312767086102,0.7841911309982461
1135,"As Georgia-Pacific 's bid for Great Northern Nekoosa has shown , uninvited takeovers are still alive despite premature reports of their demise .",1.8249638456972654,0.2985362472064914,0.6616321821662942,0.746398419137222,0.7014637527935086
1136,"Therefore , the debate about poison pills will continue to rage in the boardrooms of corporations and the halls of academia .",0.9442565407193468,0.1656560734911274,0.847866272247582,0.8212461367265781,0.8343439265088725
1137,"Although poison pills come in different colors and shapes , they usually give current shareholders the right to buy more stock of their corporation at a large discount if certain events occur -- typically , if a hostile bidder acquires more than a specified percentage of the corporation 's stock .",1.9929438355680258,0.3229130427195922,0.6726977364696493,0.6815338318809181,0.6770869572804077
1138,"However , these discount purchase rights may generally be redeemed at a nominal cost by the corporation 's directors if they approve of a bidder .",1.3571906337616522,0.21463190768951118,0.7891925958236838,0.7815804778558898,0.785368092310489
1139,"Supporters of poison pills argue that their adoption forces bidders to negotiate with a corporation 's directors , who are thereby put in a better position to pursue the long-term interests of the corporation .",1.7132718403500329,0.2798515890703783,0.739508696987897,0.7017759651563809,0.7201484109296213
1140,Recent studies by Georgeson & Co. conclude that corporations with poison pills have experienced greater stock-price appreciation than corporations without poison pills during the past few years .,1.3389649503808831,0.2582050843475049,0.6829269138425142,0.8117690536630251,0.7417949156524952
1141,Critics of poison pills argue that they harm shareholders by letting corporate management defeat takeover bids at premium prices and by deterring premium bids from ever being made to shareholders .,2.2829322559086114,0.4196550089904004,0.5602722664780755,0.6019094393906721,0.5803449910095995
1142,"These critics are backed by several academic studies showing that the adoption of poison pills reduces shareholder values not merely in the short run , but also over longer periods .",1.9801315479114243,0.3372242230929652,0.650115759681592,0.6759386558230194,0.6627757769070348
1143,Institutional investors that must evaluate poison pills on a regular basis are interested less in this general debate than in the answers to specific questions about the corporation issuing the pill .,1.7311670766749687,0.29850425710943734,0.7335101528547475,0.6721590326244274,0.7014957428905627
1144,Does this corporation have a high-quality management team with a good track record ?,1.2299486392052592,0.25368403020147634,0.7249550862019528,0.7689738718933616,0.7463159697985238
1145,"Does this team have a viable strategy for improving shareholder values , and does this strategy require implementation over an extended period ?",1.7567987807202914,0.3140604903287239,0.6722846992148289,0.7001605071525877,0.685939509671276
1146,Will the adoption of this particular form of a poison pill significantly improve the chances for management to carry out this strategy ?,1.413314670725069,0.25285257714373266,0.7273797619365863,0.7680195318702473,0.7471474228562673
1147,"If the answers to these questions are affirmative , then institutional investors are likely to be favorably disposed toward a specific poison pill .",2.0088749753568576,0.3351262098044455,0.6706783207951441,0.6591688706220595,0.6648737901955543
1148,"However , the problem is that once most poison pills are adopted , they survive forever .",1.1920389709700245,0.1973015790946114,0.8374717290534188,0.7706976890587094,0.8026984209053887
1149,"Although the current management team may be outstanding , who will be the CEO in 10 years ?",0.945530556036327,0.1453448080972086,0.8297840453580388,0.8810633343917323,0.8546551919027913
1150,"Although the five-year strategy may be excellent , what will be the strategy in 25 years ?",0.5149933824802062,0.08053502042001057,0.9131241472948423,0.9258944905018148,0.9194649795799898
1151,The solution to this problem is a time-limited poison pill .,1.3413534092875885,0.2846080474170453,0.7329963713265233,0.6986133138369531,0.7153919525829547
1152,"The limit could range from three years to seven years , depending on the composition of the management team and the nature of its strategic plan .",1.0526870172868072,0.18274801976536142,0.8067940547360175,0.8279845842307421,0.8172519802346389
1153,"At the end of this period , the poison pill would be eliminated automatically , unless a new poison pill were approved by the then-current shareholders , who would have an opportunity to evaluate the corporation 's strategy and management team at that time .",1.5357272042446688,0.24772289791830496,0.7547567973375947,0.7498136471645075,0.7522771020816954
1154,One rare example of a time-limited poison pill is the shareholder rights plan adopted by Pennzoil last year after it received a huge litigation settlement from Texaco .,1.4045020176825265,0.24633133980663438,0.7353505890581977,0.7729226769704003,0.753668660193366
1155,Pennzoil 's poison pill covers five years in order to give current management enough time to put these proceeds to work in a prudent manner .,1.6923076923076934,0.2929738848735943,0.6921886541639961,0.7225136088931289,0.7070261151264057
1156,"Another interesting example is the poison pill adopted recently by Pittsburgh-based National Intergroup Inc. , a diversified holding company .",1.7203185978283342,0.30871243550126304,0.6708999975698096,0.7129530559244243,0.6912875644987369
1157,"The State of Wisconsin Investment Board , which owned about 7 % of the company 's voting stock , worked with management to devise a time-limited poison pill .",1.578981032476582,0.2565827869254981,0.712471708138703,0.7771729526607991,0.7434172130745021
1158,This pill automatically expires after three years unless continued by a vote of the shareholders .,1.0,0.17981477955613953,0.8201852204438607,0.8201852204438606,0.8201852204438606
1159,"The attitude of the Wisconsin Investment Board reflects a growing receptivity to time-limited poison pills on the part of institutional investors , as shown by the discussions at recent meetings of the Council of Institutional Investors and my informal survey of several retirement plans with large stock positions .",1.8291545385911734,0.33273754523004273,0.6395864724122565,0.6974419405384116,0.6672624547699573
1160,More widespread time limits on poison pills would allow shareholders to evaluate a specific poison pill within the context of a specific management team 's strategy .,1.325521677722957,0.2395104849897998,0.7884490561108916,0.7344450344349154,0.7604895150102002
1161,Such concrete analysis is likely to lead to more fruitful dialogue between management and shareholders than the abstract debate about poison pills .,1.4018076052254864,0.2562858601116028,0.7451450127333737,0.7422887518096396,0.7437141398883973
1162,Mr. Pozen is the general counsel and a managing director of Fidelity Investments in Boston .,1.7012050593046015,0.31189396707198636,0.6764043335056087,0.7002197354397739,0.6881060329280139
1163,"Michael Blair , former president and chief executive officer of Enfield Corp. , failed to win election to the company 's board at a special shareholder meeting .",1.7142857142857144,0.2987256538691939,0.6842409848309944,0.7191774079164557,0.7012743461308061
1164,"Mr. Blair said after the meeting that he had filed separate lawsuits in the Ontario Supreme Court for unjust dismissal against Enfield and for libel against its largest shareholder , Canadian Express Ltd. , and two executives of Hees International Bancorp Inc. , which controls Canadian Express .",2.0642379659275334,0.3519936444801287,0.6160418344219235,0.6834694908790251,0.6480063555198712
1165,Holders at the meeting elected a full slate of Canadian Express nominees to Enfield 's 11-member board .,1.526885747520224,0.2786475529549483,0.7123598688116799,0.7305749662050673,0.7213524470450516
1166,Mr. Blair and Hees have been feuding for months .,1.2754887502163466,0.25672190427399644,0.6977070335615609,0.7952181416542045,0.7432780957260035
1167,Yesterday 's election was a sequel to Enfield 's annual meeting in June when Mr. Blair disallowed proxies in favor of two Hees nominees .,1.8121187563522572,0.31532534588257877,0.6752743380089156,0.6943403836225558,0.6846746541174211
1168,The Ontario Supreme Court overturned Mr. Blair 's decision .,0.5609640474436803,0.1251344064575211,0.9074487147360963,0.8445412464587143,0.8748655935424787
1169,"He later resigned from his executive positions with Enfield , saying that actions by its board `` amounted to -LCB- my -RCB- dismissal . ''",2.3647766191505495,0.42823447551521326,0.5785106767617538,0.5651758497852551,0.5717655244847868
1170,Mr. Blair said his libel suit seeks 10 million Canadian dollars -LRB- US$ 8.5 million -RRB- from Canadian Express and Hees executives Manfred Walt and Willard L'Heureux .,2.8262652824916876,0.569086677533465,0.3684222732865362,0.5189338431087678,0.43091332246653513
1171,"He said his suit against Enfield seeks two years severance pay , equivalent to C$ 720,000 .",1.9770376749668723,0.34519542429917915,0.6191331669330034,0.6948377078744093,0.6548045757008208
1172,Hees and Canadian Express executives could n't be reached for comment .,1.6887218755408662,0.30809328476823,0.6640919780795516,0.7221532841487681,0.6919067152317696
1173,Enfield is a holding company with interests in manufacturing concerns .,0.43226250019667845,0.08220357211156853,1.0,0.8480811295952848,0.9177964278884314
1174,"It is 38.5 % owned by Canadian Express , another holding company .",1.4426836540125745,0.2421343149390475,0.6970746822015615,0.8302727206699841,0.7578656850609522
1175,Hees is a merchant bank controlled by Toronto financiers Peter and Edward Bronfman .,1.5085296770545544,0.28739168498655204,0.7494196286791599,0.6792440109750963,0.7126083150134482
1176,All the concerns are based in Toronto .,0.5,0.09090909090909091,0.909090909090909,0.9090909090909091,0.9090909090909091
1177,Buying 51 % of Rockefeller Group Inc. is right up Mitsubishi Estate Co. 's alley in one sense : The huge Japanese real estate company is entering a long-term relationship with a similarly conservative U.S. owner of tony urban property .,2.3153322393718723,0.381788305434356,0.571678162938883,0.6729919812253893,0.6182116945656443
1178,"But in another sense , the $ 846 million purchase is uncharacteristically nervy , industry analysts say .",1.2697084984596296,0.20091600894912473,0.8072108774669309,0.7911191142601429,0.799083991050875
1179,The usually cautious giant will become the majority owner of the company that owns New York 's beloved Rockefeller Center at a time when tensions over Japanese purchases of U.S. property are at an all-time high .,1.7735921335886937,0.30017121716481426,0.667305625049818,0.7356845965991918,0.6998287828351857
1180,"Officials of Rockefeller Group and Mitsubishi Estate prefer to focus on the affinities , nearly dismissing the threat of a backlash from the U.S. public .",1.3245600729902787,0.22812319507502576,0.7642338214154734,0.7796742053108096,0.7718768049249739
1181,"`` We think there will be positive as well as negative reactions , '' says Raymond Pettit , senior vice president and chief financial officer of Rockefeller Group .",2.18397099482714,0.35799167855561237,0.6247178691505793,0.6602831209448851,0.6420083214443879
1182,"`` On balance , we think it will be positive . ''",1.4591479170272459,0.2713460120775269,0.7579018714896943,0.7015796137482644,0.7286539879224734
1183,But some Japanese government officials and businessmen worry that the prominent purchase is just the sort of deal that should be avoided for the time being .,1.3204253501630854,0.2186223959929098,0.7519245674165626,0.8132320677193526,0.7813776040070908
1184,"In particular , they criticize the timing , coming as it does on the heels of Sony Corp. 's controversial purchase of Columbia Pictures Entertainment Inc .",1.3339263863334647,0.21604144288771232,0.7438183069342967,0.8286782869795536,0.7839585571122881
1185,"`` Officially , yes , we encourage the free flow of direct investment , '' says a Foreign Ministry official .",1.4052273811584248,0.22364699348313447,0.8006238967409501,0.753510361740753,0.7763530065168653
1186,`` But they did n't have to choose this particular moment . '',1.404974038960801,0.2469974343124368,0.7075087019646574,0.8047491340837818,0.7530025656875632
1187,"During the past year , government officials and leading business organizations have repeatedly urged Japanese companies to refrain from flashy real estate purchases in the",1.56245575954481,0.2677049041106478,0.7360221913132828,0.7286055570823672,0.7322950958893519
1188,"Since the mid-1980s , Japan 's other major real estate purchases in the U.S. include Dai-Ichi Seimei America Corp. 's $ 670 million purchase of an office building at 153 East 53rd St. in Manhattan in 1987 and Mitsui Fudosan Inc. 's $ 610 million purchase of the Exxon Building , part of Rockefeller Center , in 1986 .",2.1039572468152583,0.3659956281436587,0.6005274693636161,0.6714340188342427,0.6340043718563414
1189,"In Los Angeles , Arco Plaza was sold to Shuwa Corp. for $ 620 million in 1986 , and Sumitomo Life Insurance Co. paid $ 300 million for Atlanta 's IBM Tower last year .",2.3323286791761313,0.40177042088332054,0.6111315161930646,0.585861139016941,0.5982295791166792
1190,"Altogether , annual Japanese investment in U.S. commercial real estate grew from about $ 1.3 billion in 1985 to about $ 7.1 billion in 1988 .",1.9198518061882166,0.3384439982899861,0.663383825690724,0.6597382224737278,0.6615560017100138
1191,Many Japanese companies have taken the warnings by the country 's leaders to heart and sought development partnerships rather than landmark properties .,1.566917392056859,0.27975135890114483,0.7164117249520479,0.724126877610446,0.7202486410988553
1192,Critics say Mitsubishi Estate 's decision to buy into Rockefeller reflects the degree to which companies are irritated by the pressure to act for the good of Japan .,1.9012216520609404,0.3289547891048013,0.6372216074659449,0.7086607928901291,0.6710452108951989
1193,"`` Those who have no money and are n't buying think it 's right to refrain , but those with money who want to buy for themselves pay no attention , '' says an official of the Japan-U.S . Business Council .",2.17281859443289,0.34612514664121835,0.6401082137605223,0.6682466591272154,0.6538748533587817
1194,"But to Mitsubishi Estate , the acquisition has just the elements that should win support from both sides .",1.3478758144440413,0.21647712860815,0.7730051942996435,0.7943307080707229,0.7835228713918497
1195,"First of all , it is a friendly acquisition in which Rockefeller sought out Mitsubishi Estate and asked it to buy a majority share .",1.6301955000865371,0.2540537408506628,0.720197489760724,0.7736044542610551,0.745946259149337
1196,"Secondly , the two companies found a similarity in their business and development philosophies and intend to cooperate in a range of activities from real estate to telecommunications .",1.780991051439469,0.2820877210792525,0.7534207591739163,0.6856001618060662,0.7179122789207477
1197,"Finally , Mitsubishi Estate has no plans to interfere with Rockefeller 's management beyond taking a place on the board .",1.9221203798381081,0.3188275064737001,0.6740120693862114,0.6884866900210986,0.6811724935262999
1198,"`` We 'll continue to work with them , in keeping with the reputation of the company , and we 'll rely very much on their leadership , '' says Mitsubishi Estate President Jotaro Takagi .",2.1656763703632693,0.33714211060176963,0.6549371209040749,0.6709725898488327,0.6628578893982303
1199,"Rockefeller may well have found its match in Mitsubishi Estate , a company of long history , strong government ties and sound resources .",1.736440501696145,0.2831454083086444,0.691734359903236,0.7438680508158749,0.7168545916913556
1200,"In asset terms , Mitsubishi Estate is the largest real estate firm in Japan .",1.167318333621795,0.2092044751597877,0.8304856557999596,0.7547260565547681,0.7907955248402119
1201,"The core of its holdings is 190,000 square meters of incredibly expensive property in the Marunouchi district , the business and financial center of Tokyo , often jokingly called `` Mitsubishi Village . ''",2.4105291453194138,0.3879476737409537,0.5907028699669546,0.6350028945248982,0.6120523262590465
1202,The Mitsubishi family company acquired that property from the government some 100 years ago when it was a portion of samurai residential land running from the moat of the Imperial Palace east toward the hodgepodge of tiny shops and twisted alleys that made up the merchants ' district .,2.1978585855945774,0.38452100983660703,0.576319641159244,0.6603478252811799,0.6154789901633927
1203,"At the time , Japan had just opened its doors to the world after about 250 years of isolation and needed a Western-style business center .",1.3609260763559279,0.22432493984638469,0.7442734650287148,0.8098430996229143,0.7756750601536153
1204,"Mitsubishi built the government 's dream development , the story goes , in exchange for the official decision to locate Tokyo 's central railway station there .",2.041459832546807,0.3307992728181588,0.7025085337516209,0.6389083741096164,0.6692007271818415
1205,"That was just an early step in a relationship with government that has earned the Mitsubishi group the dubious moniker of `` seisho , '' literally government-business , a title that has the pejorative connotation of doing the government 's bidding , but also suggests the clout inherent in maintaining such close ties .",1.9566103278456302,0.2986986153590082,0.6854567776965815,0.7178958333003195,0.7013013846409922
1206,Mitsubishi Estate is one of the dozens of companies in today 's Mitsubishi group .,0.9249535320618136,0.16649347075428333,0.845121126756122,0.8222068453580484,0.8335065292457166
1207,"It 's known for its cautiousness in part because it has had little need for bold overseas ventures : In the year ended March 31 , 57.4 % of its total revenue came from office building management .",1.8412810664663084,0.2945171219593541,0.685418038028429,0.7267578957627355,0.705482878040646
1208,"Its earnings can rise 10 % to 12 % annually simply from the natural turnover of tenants and automatic rent increases , says Graeme McDonald , an industry analyst at James Capel Pacific Ltd .",1.934754743447825,0.31192128770120203,0.6244448562777865,0.7661533251175502,0.688078712298798
1209,"For the latest fiscal year , the company 's net income jumped a robust 19 % to 35.5 billion yen -LRB- $ 250.2 million -RRB- .",1.6504849762785865,0.28231890526537995,0.7006564487042115,0.7355536784160474,0.7176810947346198
1210,"For Mitsubishi Estate , the Rockefeller purchase will catapult it firmly into the overseas real estate business , the one area where it has lagged notably behind Japanese competitors such as Mitsui , which had purchased the Exxon Building .",1.5462803848655735,0.2403532741894513,0.7254195627510525,0.7972636793006802,0.7596467258105485
1211,"`` Japanese companies need to invest in overseas real estate for diversification , '' says Yoshio Shima , an industry analyst at Goldman Sachs -LRB- Japan -RRB- Corp .",2.0582960162658974,0.36433690865902146,0.6521494248926831,0.6199897540747573,0.6356630913409789
1212,Rockefeller is n't the first overseas purchase for Mitsubishi Estate -- it has already played a leading role in designing Los Angeles 's Citicorp Plaza .,2.0485048049553862,0.32152425597221557,0.6645630871991367,0.6929833809286697,0.6784757440277843
1213,But the Rockefeller investment is its largest .,0.5943609377704338,0.10995202064513875,0.8018796874098555,1.0,0.8900479793548612
1214,"Nonetheless , it will barely make a dent in Mitsubishi Estate 's finances , analysts say .",1.0011500005090532,0.1547876487097278,0.8608710742719038,0.8301130972649364,0.8452123512902726
1215,"Mitsubishi Estate has n't decided how it will raise the funds for the purchase , which are due in cash next April , but the Marunouchi holdings alone are estimated to have a market value of as much as 10 trillion yen to 11 trillion yen .",2.0718511240415625,0.3069839922329998,0.6634064192159539,0.7253921855205915,0.6930160077670005
1216,"Moreover , as a member of the Mitsubishi group , which is headed by one of Japan 's largest banks , it is sure to win a favorable loan .",1.2046321829139215,0.18000657657143382,0.7996038605349934,0.841450046503784,0.8199934234285661
1217,Analysts say the company also could easily issue new convertible bonds or warrants .,0.7142857142857144,0.1264283834300022,0.8790196355599473,0.8681907134565017,0.8735716165699978
1218,"Meanwhile , at home , Mitsubishi has control of some major projects .",0.5196067309356529,0.08720873732983024,0.9464536648194253,0.8814411526190593,0.9127912626701699
1219,"It is the largest private-sector landowner of the Minato-Mirai 21 project , a multibillion-yen development in the port city of Yokohama , about an hour outside Tokyo .",0.9335344816934867,0.15572475621863732,0.8613067687522169,0.8279042225023225,0.8442752437813626
1220,The project is one of a select group of public projects opened to U.S. firms under a U.S.-Japan construction trade agreement reached last year .,1.1860593781761288,0.22125992037786793,0.7836446744217243,0.7738964957221424,0.7787400796221319
1221,"The centerpiece of that complex , the Landmark Tower , will be Japan 's tallest building when it is completed in 1993 .",1.4186604557865516,0.2119537170132784,0.767603441669585,0.8096077854348669,0.7880462829867219
1222,"Mitsubishi is also pushing ahead with a controversial plan to redevelop Marunouchi into a business center of high-tech buildings , a project budgeted for 30 years and six trillion yen .",1.857020368235382,0.30481080955410733,0.6432646874904031,0.7562324851821067,0.6951891904458926
1223,"Time Warner Inc. and Sony Corp. may be today 's public enemies , but the two entertainment giants could end up becoming partners in a number of ventures as part of a settlement of their acrimonious legal dispute over Hollywood producers Peter Guber and Jon Peters .",1.919488423585391,0.3223277845440087,0.6446126428292845,0.7143060824342856,0.6776722154559913
1224,"The Warner Bros. studio and Sony signaled they are close to a settlement yesterday , asking a Los Angeles Superior Court to postpone a hearing scheduled for tomorrow on Warner 's request for a preliminary injunction blocking Mr. Guber and Mr. Peters from taking the top posts at Columbia Pictures Entertainment Inc .",2.488444744325888,0.42824946515059936,0.5570294332986924,0.5872708527063302,0.5717505348494006
1225,"In separate statements , the two sides said they want to have `` further discussions . ''",1.0299867649604089,0.175178005054197,0.8248219949458031,0.8248219949458031,0.8248219949458031
1226,Sony is acquiring Columbia and Guber-Peters Entertainment Co. in two separate transactions valued at more than $ 5 billion .,1.711941547876373,0.2885984797867072,0.6881982774495264,0.7362239945402194,0.7114015202132924
1227,"Warner Communications Inc. , which is being acquired by Time Warner , has filed a $ 1 billion breach-of-contract suit against Sony and the two producers .",1.534293406119282,0.23295470239354288,0.7527095906791785,0.7819376669445482,0.7670452976064576
1228,Warner has a five-year exclusive contract with Mr. Guber and Mr. Peters that requires them to make movies exclusively at the Warner Bros. studio .,1.7490207350220057,0.2849538094259942,0.6950150172773905,0.7362662750044713,0.7150461905740056
1229,"The two sides in the legal battle have hurled accusations of duplicity at each other for weeks , and both Warner and Sony have accused each other of trying to sabotage each other 's prospects for success in the entertainment business .",2.0877026027716727,0.336284782502333,0.6325843815375085,0.6980686762346119,0.6637152174976669
1230,"But it may amount to little more than posturing ; the two have continued on-again , off-again settlement talks over the last few weeks , and people familiar with the talks say the matter could be resolved within a week .",2.307465924311865,0.3625247218276765,0.6352926008788753,0.6396730052382995,0.6374752781723239
1231,Both Warner and Sony declined to comment on the terms of the settlement discussions .,1.4843108337660276,0.26843634883871026,0.7040188738318656,0.761351573533666,0.7315636511612895
1232,But the people familiar with the talks said that Warner is n't expected to get any cash in the settlement .,0.9523809523809517,0.1481837597215537,0.8518162402784462,0.8518162402784464,0.8518162402784463
1233,"Instead , Sony is likely to agree to let Warner participate in certain of its businesses , such as the record club of Sony 's CBS Records unit .",1.9267001027905941,0.3080862812588285,0.6894237014700867,0.6944217877868395,0.6919137187411717
1234,"Warner has surpassed Sony as the largest record company , but it does n't have a powerful world-wide record club like CBS .",1.439974586033208,0.22160175929311807,0.7600416559550017,0.7976634704263802,0.778398240706882
1235,The two sides are also discussing certain business ventures involving cable rights to Columbia 's movies .,1.6182220590780556,0.2808432795056457,0.6776486248192439,0.7660816130174575,0.7191567204943544
1236,"In addition , Sony is expected to agree to swap Columbia 's 35 % stake in the sprawling Burbank , Calif. , studio that Warner and Columbia share , in exchange for the old MGM studio lot that Warner acquired with the purchase of Lorimar Telepictures Corp .",2.332139553617499,0.37110708274762755,0.6285495235155052,0.6292366864050557,0.6288929172523723
1237,"Still , it may be tough for the two to have a smooth partnership in anything , in the wake of sworn affidavits filed over the last week .",1.2505056036720825,0.18647114190830572,0.8124232460683926,0.8146374834303606,0.8135288580916943
1238,"One , for example , came from CBS Records Chairman Walter Yetnikoff , who will head a committee that will oversee Sony 's entertainment division , including both records and movies .",1.8671439363079516,0.3006345940640013,0.6855672443297361,0.7137303970335523,0.6993654059359988
1239,"In his affidavit , Mr. Yetnikoff accused Warner Chairman Steven J. Ross of having an `` antiSony , anti-Japanese bias '' and said that Mr. Ross had tried to talk him out of letting Sony buy CBS Records two years ago for that reason .",2.8896628073816566,0.46933080207942757,0.4897789368298217,0.5790090274341256,0.5306691979205723
1240,"Mr. Ross , who will be chairman and co-chief executive officer of Time Warner after the merger is complete , denied that in his own affidavit , and called Mr. Yetnikoff 's remarks `` vicious '' and his claims `` reckless , irresponsible and baseless , '' saying Warner under his leadership has started a number of businesses in Japan .",2.863298612214716,0.4497782537614084,0.5323942109676143,0.5692845772597559,0.5502217462385917
1241,"Mr. Ross also said he enjoys `` warm professional and personal relationships '' with Japanese executives including Sony Chairman Akio Morita , `` who has visited my home here . ''",2.8634889022744607,0.47624441336859813,0.513535392444368,0.5343908382996414,0.5237555866314018
1242,"But despite the acrimony between Mr. Ross and Mr. Yetnikoff , officials of the Time side of Time Warner have reportedly been increasingly interested in a settlement that might yield attractive business opportunities .",1.3267528341413044,0.2124718762938082,0.763828636090011,0.8127453618782795,0.7875281237061919
1243,"Time executives such as the company 's president , N.J . Nicholas , who will eventually be co-chief executive of Time Warner alongside Mr. Ross , have no personal relationships or ego at stake in the fight over the Guber-Peters duo , and were never directly drawn into the fray .",1.8717493838219736,0.29466309718917655,0.6859722435900961,0.7258266318193171,0.7053369028108236
1244,"Talks between the two sides could unravel , of course , as they have more than once since Sony announced its plans to hire Mr. Guber and Mr. Peters .",1.8942973807770143,0.2943661946063302,0.6543846595579665,0.765592353641046,0.7056338053936698
1245,But both sides appear to be more willing now to meet each other 's terms to resolve the issue .,1.207085472503814,0.22836411168309986,0.7164578707728986,0.8360221513721471,0.7716358883168999
1246,"And although Warner has said it wanted the producers to fulfill the terms of their contract , the producers said in sworn court declarations that they did n't believe the relationship could be repaired after the acrimony of the legal battle .",1.3939366058091505,0.21376273264989964,0.7914861413945047,0.7810575522561626,0.7862372673501002
1247,Any settlement is also expected to exclude Mr. Guber and Mr. Peters from any of the projects they were working on at Warner .,1.5083221225091572,0.24567316740040449,0.7225030485239371,0.7890832462908345,0.7543268325995957
1248,"The Guber-Peters duo have 50 projects in various stages of development and production at Warner , including `` Bonfire of the Vanities '' and `` A Bright Shining Lie . ''",2.068482356658519,0.3597875842667626,0.6299737542697236,0.6507893836434292,0.6402124157332374
1249,But that does n't mean Mr. Guber and Mr. Peters might not eventually get their hands on some of their projects ; studios develop hundreds of movies but produce only 10 to 20 each year .,2.4259766347218608,0.39631126188872207,0.5353821162043914,0.6919741199972035,0.603688738111278
1250,"Once a studio chooses not to actually make a movie that is in development , producers are typically free to take it elsewhere .",2.0362818918032013,0.3448946548017695,0.6553737036099668,0.654837206468059,0.6551053451982304
1251,"Mr. Guber and Mr. Peters also almost certainly would n't be able to participate in future sequels to `` Batman , '' the blockbuster hit they produced for Warner .",2.051629167387823,0.3242059129848773,0.6371645711416837,0.7194099089820204,0.6757940870151228
1252,"But in acquiring Guber-Peters Entertainment , Sony will actually get a piece of the profits from `` Batman , '' since the publicly held concern gets certain revenue from the movies Mr. Guber and Mr. Peters produce .",2.3692638121580796,0.3746945117387723,0.6085567996555762,0.6430021820218322,0.6253054882612279
1253,The two producers own a combined 28 % stake in Guber-Peters .,0.8962406251802895,0.1598426599663743,0.7635063770327601,0.9339163290001633,0.8401573400336256
1254,"Southern Co. 's Gulf Power Co. subsidiary pleaded guilty to two felony charges of conspiracy to make illegal political contributions and tax evasion , and paid $ 500,000 in fines .",2.1651424347988297,0.36276606891791835,0.6159595952523721,0.6600304077680642,0.6372339310820817
1255,Gulf Power 's guilty plea before U.S. District Judge Robert L. Vining yesterday marks the end of only one part of a wide-ranging inquiry of Southern Co .,1.7966609459448866,0.3660058956123712,0.5807669819740471,0.6979621272624229,0.6339941043876289
1256,The company is the subject of a federal grand jury investigation into whether its officials and its utility subsidiaries conspired to cover up their accounting for spare parts to evade federal income taxes .,2.0463762140494723,0.37234535796375756,0.5826026300200183,0.6802582546598562,0.6276546420362425
1257,"`` The terms announced today are strictly between the United States and Gulf Power , '' said U.S. Attorney Robert L. Barr .",1.8436359997351328,0.3373930068254116,0.70864394208181,0.6221867246152912,0.6626069931745884
1258,`` This is only a further step in a lengthy investigation . '',0.5196067309356529,0.08720873732983024,0.9464536648194256,0.8814411526190593,0.91279126267017
1259,"The plea settlement does not allow Southern Co. to charge any of the $ 500,000 to its customers , or take action against employees who provided information during the federal inquiry .",1.471981345242508,0.23080416380973726,0.7244236305447276,0.8198668020676727,0.7691958361902629
1260,"Gulf Power had been under investigation for violating the Utility Holding Company Act , which prohibits public utilities from making political contributions .",1.40715339028697,0.23940031583271484,0.7368121459175672,0.785974396183229,0.7605996841672853
1261,"In a statement , Southern Co. President Edward L. Addison said , `` We believe our decision to plead -LRB- guilty -RRB- to these charges is responsible and proper .",2.3346366672435925,0.3698829145220051,0.6437151608244173,0.6170816266831708,0.6301170854779952
1262,"And our action today will allow Gulf Power to avoid prolonged , distracting legal proceedings . ''",1.573816911891969,0.28249550275444496,0.6633274137600905,0.7813184674866016,0.7175044972455551
1263,"He did not say what effect , if any , the $ 500,000 fine would have on the company 's earnings .",1.4711149080272845,0.22737369319327766,0.7706527005731373,0.7746100476246711,0.7726263068067222
1264,"Mr. Barr said yesterday 's plea by Gulf Power , which came after months of negotiations , was based on evidence that Gulf Power had set up an elaborate payment system through which it reimbursed outside vendors -- primarily three Florida advertising agencies -- for making illegal political contributions on its behalf .",2.3060589382052057,0.38407508694997433,0.5627749171244317,0.6801611881169352,0.6159249130500256
1265,"The Appleyard Agency , for example , allegedly made contributions from 1982 to 1984 to various funds for political candidates , then submitted bills to Gulf Power .",1.4600208757584374,0.2545765409421707,0.7168947590430259,0.7763168506894267,0.7454234590578295
1266,"The contributions were funded by monthly payments of $ 1,000 to $ 2,000 to Appleyard in the guise of a `` special production fee '' -- in effect , hiding the nature of the payments from the Internal Revenue Service , federal prosecutors said .",1.5776381879931343,0.24867726980590377,0.7797120568109384,0.7249280886063513,0.7513227301940967
1267,"The government also indicated that former Gulf Power senior vice president Jacob F. `` Jake '' Horton was the mastermind behind the use of the ad agencies -- Appleyard , Dick Leonard Group II Inc. and Hemmer & Yates Corp. -- to make payments to various political candidates from 1981 to 1988 .",2.9068170898368946,0.5046789411806791,0.46968718136844334,0.5239144713862287,0.495321058819321
1268,"Mr. Horton , who oversaw Gulf Power 's governmental-affairs efforts , died mysteriously in a plane crash in April after learning he might be fired following the uncovering of irregularities in a company audit .",2.2546459823783778,0.34901933612018626,0.6377964779226091,0.6647214279306287,0.6509806638798133
1269,Government officials declined to say whether the investigation includes the ad agencies or the politicians involved .,1.1920389709700245,0.22718410024342178,0.8361347392278252,0.7184119737993434,0.772815899756578
1270,"In New York Stock Exchange trading , Southern Co. rose 50 cents a share to $ 27.125 .",1.7288564154868755,0.3192124210470155,0.6800909032448353,0.6814856834546755,0.6807875789529845
1271,` Frequent Drinker ' Offer Stirs Up Spirited Debate,1.5960586640666978,0.4140334767994138,0.5140372276490804,0.681301069745842,0.585966523200586
1272,"TO GRAB a bigger piece of the declining scotch market , Seagram Co. has launched a controversial `` frequent drinker '' promotion for its Chivas Regal brand .",2.0298511249799165,0.3473075314775949,0.6211630469548023,0.6875938294828297,0.6526924685224051
1273,"Under the program , dubbed Chivas Class , customers who send in two labels from Chivas bottles will receive an upgrade in seating class on some Trans World Airlines flights .",1.6455637049468752,0.2741005834627028,0.7564222455917198,0.697744333653481,0.7258994165372972
1274,Repeat customers also can purchase luxury items at reduced prices .,0.9867957247521231,0.1947286524760743,0.8487375675042967,0.7660402861606429,0.8052713475239259
1275,"But at a time of mounting concern over alcohol abuse , some liquor marketers consider Seagram 's frequent buyer promotion risky .",1.4952998614654422,0.27006789134588055,0.7245985545954987,0.7353447623460458,0.7299321086541192
1276,"`` I 'm surprised they 're doing this , '' says Penn Kavanagh , president of Schieffelin & Somerset Co. , which markets Johnnie Walker scotches .",2.6491032383455746,0.463794854528588,0.5496678230189298,0.5233861684038592,0.5362051454714126
1277,"`` I would be very leery of anything that says if you drink more , you get more . ''",2.030305144839322,0.37167557165111875,0.6347350383861623,0.6220420135856417,0.6283244283488812
1278,Others question the impact on Chivas 's upscale image of a promotion that has customers soaking off labels .,1.6068065796305664,0.27910702313643526,0.7343196591774669,0.7079484789160846,0.7208929768635643
1279,"`` It 's really bizarre , '' says Albert Lerman , creative director at the Wells Rich Greene ad agency .",2.0706639740649537,0.34788994879096735,0.6762642046777695,0.6296218253191649,0.6521100512090325
1280,"`` Chivas has an image of something you would savor , rather than guzzle . ''",1.672180468885216,0.2751283515946232,0.7460054730412695,0.7049022499567308,0.7248716484053769
1281,Chivas Class is n't the first such promotion .,0.5283208335737193,0.09843720765687455,0.8876900403616652,0.915876032857139,0.9015627923431254
1282,"Last year , J&B Scotch offered 500 TWA frequent flier miles in exchange for a label .",1.2594064431892393,0.22693319767648795,0.773885975131022,0.772249361901776,0.7730668023235121
1283,And Dewar 's gave discounts on Scottish merchandise to people who sent in bottle labels .,1.475602529652301,0.25978750685653773,0.7370466554208761,0.7434056446430111,0.7402124931434624
1284,But the scope of Seagram 's Chivas promotion sets it apart .,0.7295739585136225,0.11946485063688529,0.8268845360680643,0.941630827397726,0.8805351493631146
1285,The current campaign is just the first leg of an aggressive three-to-five-year direct marketing plan .,0.6187584081181337,0.12166690473729198,0.9015998969915738,0.8562369358835764,0.8783330952627081
1286,Seagram says the promotion is designed to build brand loyalty rather than promote heavy drinking .,1.5471804688852169,0.2758655418658669,0.6768796874098554,0.7784823832016627,0.724134458134133
1287,"Seagram asks customers to buy only two or three bottles over a 12-month period , says Richard Shaw , vice president of U.S. direct marketing .",1.7238391949397744,0.2941246331099705,0.6464810196284674,0.777287321270502,0.7058753668900294
1288,`` We 're not asking them to save up 50 proof-of-purchases .,1.4674700395364,0.27331659460404856,0.6684811634767468,0.7959871317176518,0.7266834053959512
1289,"We 're not saying drink more , we 're saying trade up . ''",2.3306564630779074,0.49455591251946307,0.41901081038480814,0.6368034984351845,0.505444087480537
1290,Goya Concocts a Milk For Hispanic Tastes,0.2857142857142856,0.06005470579745009,0.8866950819254699,1.0,0.9399452942025498
1291,MOST FOOD companies these days are trimming the fat and cholesterol content of their products to appeal to health-conscious consumers .,1.6502391443835043,0.2921933983454081,0.6967950362085693,0.7191717905947392,0.7078066016545919
1292,But Goya Foods Inc. believes it can milk some sales by bucking the trend .,1.21764416709936,0.2100785681968444,0.7614984979036914,0.8205484036248241,0.7899214318031555
1293,"The Secaucus , N.J. , company has formed a joint venture with a distributor called La Lecheria to market a higher-fat milk targeted at Hispanic consumers .",1.4224582206135823,0.23986184393814225,0.7488834316679088,0.771736329185323,0.760138156061858
1294,"To give Leche Fresca the creamier taste Goya says Hispanics prefer , the new brand has a butterfat content of 3.8 % .",1.4497816507802783,0.24126392635164648,0.7355093767829444,0.7834775608139847,0.7587360736483535
1295,That compares with 3.5 % butterfat for whole milk .,0.4754887502163472,0.08857231841333547,0.8372688393501769,0.9999999999999999,0.9114276815866645
1296,"A spokesman for Borden Inc. , the nation 's largest milk producer , concedes Goya may be on to something .",1.6909416668727104,0.270123035183899,0.7271652608597554,0.7326089691444349,0.7298769648161006
1297,"Borden sells considerably more whole milk than reduced-fat milks in southern and Hispanic markets , he says .",0.4863826390090811,0.08367205054808838,0.9097643661714429,0.9229869281888406,0.9163279494519115
1298,"Borden even tested a milk with 4 % butterfat in the South , but decided the market was too small .",1.4771214289835166,0.22817215751554334,0.7497674256069848,0.7952257811583926,0.7718278424844564
1299,Goya is selling Leche Fresca in nearly 500 grocery stores and bodegas in New York and parts of New Jersey .,1.5119690440244327,0.27325527940028266,0.7300878209059564,0.7234320971095879,0.7267447205997172
1300,"And it 's adding 15 to 20 new outlets a day , says Greg Ricca , sales director at La Lecheria .",1.8524948864619768,0.29223330842065803,0.6916720974411382,0.7246281435812463,0.707766691579342
1301,"Because of Leche Fresca 's success , he says , the joint venture is developing other dairy products tailored to Hispanic tastes .",1.4886448242403247,0.24397884649301918,0.742839591515704,0.7696789757996568,0.7560211535069806
1302,Jewelry Makers Copy Cosmetics Sales Ploys,1.934940079072802,0.7533879708156683,0.4871971762327018,0.16508876404411002,0.24661202918433175
1303,"FOR YEARS , costume jewelry makers fought a losing battle .",0.7272727272727275,0.14652626357382656,0.8942613737270578,0.8162444823479175,0.8534737364261735
1304,Jewelry displays in department stores were often cluttered and uninspired .,0.7272727272727284,0.13309488140887255,0.9287082776283171,0.812814400472005,0.8669051185911276
1305,"And the merchandise was , well , fake .",0.7505430557959416,0.14588204357457457,0.831752065714278,0.8777199272247981,0.8541179564254254
1306,"As a result , marketers of faux gems steadily lost space in department stores to more fashionable rivals -- cosmetics makers .",1.7513329551354908,0.32468682929304654,0.75853663848848,0.6085460437236948,0.6753131707069534
1307,"But lately , retailers say , fake has become more fashionable .",1.36371066471669,0.2653367090378689,0.7021620643791415,0.7703193376265073,0.7346632909621309
1308,And jewelry makers are beginning to use many of the same marketing tricks honed in the aggressive world of cosmetics .,1.3225922624198745,0.22825176021352325,0.7765658246359038,0.7669900601496503,0.7717482397864769
1309,"Last year , the total women 's fashion jewelry business topped $ 4.9 billion , says Karen Alberg , editor of Accessories magazine .",1.7821208305486254,0.3059489064878135,0.6772506631443714,0.7117062573528246,0.6940510935121866
1310,"And it 's growing fast , with annual sales gains of more than 10 % .",0.922180468885216,0.14794041783960124,0.7980117423434787,0.9139604077981492,0.8520595821603987
1311,"To increase their share of that business , jewelry makers such as Crystal Brands Inc. 's Trifari and Monet units and Swank Inc. , maker of Anne Klein jewelry , are launching new lines with as much fanfare as the fragrance companies .",1.9413915081256836,0.33511528653257766,0.6162590264029852,0.7218413327679537,0.6648847134674225
1312,"They 're hiring models to stroll the aisles sporting their jewels , and they 're even beginning to borrow a perennial favorite of the beauty business -- offering a gift when consumers make a purchase .",1.5361173596152158,0.25011173407790566,0.7480880366654008,0.7516971803679187,0.7498882659220945
1313,"`` We 've started trying just about anything to keep sales moving in the stores , '' says Kim Renk , a Swank vice president .",2.057074748283232,0.32824535007133804,0.6820707279577504,0.661745976561193,0.6717546499286617
1314,But there are limits .,0.40000000000000036,0.09425390072448082,0.8277293767706427,1.0,0.9057460992755192
1315,Ms. Renk says retailers nixed a promotion for pins with animal motifs .,1.4503656132517961,0.29531193504717845,0.7376711667311079,0.6745282395706318,0.7046880649528217
1316,Her idea : bring in live zoo animals .,0.7505430557959416,0.14588204357457457,0.9081491772631822,0.8061549798191674,0.8541179564254255
1317,"Trifari , whose national ads earlier this year included paper cutouts of its costume finery , takes a tamer approach .",1.5384050707836572,0.286020936504738,0.6739256724833231,0.7590942758817883,0.7139790634952619
1318,"The company focuses on the how-to aspects , says Andrew E. Philip , president .",1.2352883341987209,0.22411598108102,0.7951182552139187,0.7575583715943139,0.77588401891898
1319,Trifari now trains sales help to advise customers on the best earring styles .,1.0071332478649921,0.1784876753002382,0.8174727899219676,0.8255919803875829,0.8215123246997621
1320,But cosmetics firms still have one big marketing edge : They motivate sales people with commissions .,1.0671593794162524,0.19865595759348653,0.7982974784562347,0.8044139488056569,0.8013440424065136
1321,Jewelry makers rarely pay commissions and are n't expected to anytime soon .,1.2588098443538684,0.2625165460422359,0.6644218937941236,0.8285982763034462,0.7374834539577643
1322,Odds and Ends,0.666666666666667,0.26631956334878915,1.0,0.5793801642856952,0.7336804366512111
1323,"DESPITE GROWING interest in the environment , U.S. consumers have n't shown much interest in refillable packages for household products .",1.340081402384584,0.23197016617018654,0.7951770385886094,0.7426750381655514,0.7680298338298132
1324,"Procter & Gamble Co. recently introduced refillable versions of four products , including Tide and Mr. Clean , in Canada , but does n't plan to bring them to the U.S. .",2.1324634674227347,0.3269057281119967,0.6596980524832211,0.6870458314919189,0.6730942718880033
1325,Marketers believe most Americans wo n't make the convenience trade-off ... .,1.86371066471669,0.3512316967329207,0.6028082730463526,0.7023150481990579,0.6487683032670791
1326,"Braumeisters Ltd. tests a beer brewed with oat bran , rather than rice or corn .",2.039324405193168,0.37345642856583355,0.6165935534076317,0.6368199849564228,0.6265435714341667
1327,"Called Otto 's Original Oat Bran Beer , the brew costs about $ 12.75 a case .",1.741743557319813,0.29211172008108954,0.7193107834980315,0.6968228795136081,0.7078882799189105
1328,"No cholesterol , of course .",0.3333333333333335,0.07993748885604385,1.0000000000000002,0.8519590445170675,0.9200625111439564
1329,"Northwest Airlines settled the remaining lawsuits filed on behalf of 156 people killed in a 1987 crash , but claims against the jetliner 's maker are being pursued , a federal judge said .",1.4256314294709096,0.22371798729361234,0.7880857064532402,0.7648266850862392,0.776282012706388
1330,"Northwest , a unit of NWA Inc. , and McDonnell Douglas Corp. , which made the MD-80 aircraft , also are pursuing counterclaims against each other in the crash near Detroit Metropolitan Airport .",1.7886101150921583,0.290433496479994,0.7196570180865606,0.6997550402134063,0.7095665035200059
1331,Terms of the settlements for the remaining 145 lawsuits against Northwest were n't disclosed .,0.7673183336217937,0.13051530379851903,0.8502029132863093,0.889661358639626,0.8694846962014805
1332,A total of 157 lawsuits were filed on behalf of crash victims .,0.0,0.0,1.0,1.0,1.0
1333,U.S. District Judge Julian A. Cook Jr. announced the settlements as the jury trial was to begin yesterday .,1.8278450501684507,0.35735946789162176,0.6667193206129068,0.6202403470863828,0.6426405321083783
1334,He reset opening arguments for today .,-8.881784197001252e-16,-1.7611122038945458e-16,1.0,1.0,1.0
1335,"The jury will resolve the claims against McDonnell Douglas , Northwest 's claim that a defect in the aircraft caused the crash , and McDonnell Douglas ' claim that the plane was improperly flown .",1.4424994580861252,0.22413044569656448,0.7880010514291679,0.7641059292828369,0.7758695543034353
1336,The National Transportation Safety Board ruled that pilots failed to set the plane 's wing flaps and slats properly for takeoff and failed to make mandatory preflight checks that would have detected the error .,2.0824214467058493,0.3317066948287208,0.6301931240945791,0.7112968508808302,0.668293305171279
1337,"Also , a cockpit warning system failed to alert the pilots the flaps and slats were not set for takeoff , the NTSB said .",1.1704449971536004,0.1945522996912327,0.8160725157324034,0.7950959877452273,0.8054477003087671
1338,"The only passenger who survived the crash was Cecelia Cichan , then 4 , of Tempe , Ariz. , whose parents and brother died in the crash .",1.7767359272090877,0.2772077319910555,0.7216241875591747,0.7239641360924751,0.7227922680089446
1339,She now lives with relatives in Alabama .,0.5,0.09090909090909091,0.909090909090909,0.9090909090909091,0.9090909090909091
1340,"Sun Myung Moon , the Korean evangelist-industrialist who in 1954 founded the Unification Church , remains the mystery man behind a multimillion-dollar political and publishing operation based in this country and catering to the American right .",2.310376850144974,0.3761064769902218,0.6125062092155338,0.6357122686436677,0.623893523009778
1341,But there may be less there than meets the eye .,0.7272727272727284,0.12479039968533015,0.7781090597497254,0.9999999999999999,0.8752096003146699
1342,"Mr. Moon planned to convert millions of Americans to his unique brand of Christianity -- in which he plays the role of Old Testament-style temporal , political messiah -- and then to make the U.S. part of a unified international theocracy .",1.9857831401529813,0.31881420813196026,0.6507067525900422,0.7146604142693673,0.6811857918680396
1343,His original strategy -LRB- in itself a brilliant innovation for spreading a religion -RRB- was to create new economic enterprises each time he wanted to extend and fund his various religious missions .,2.125632592834691,0.36468671440134987,0.6084072517519291,0.6647092012721666,0.63531328559865
1344,Tax-exempt airport and street-corner solicitations were intended only to provide start-up funds .,0.5776750003328424,0.10548639428281917,0.8700706327215104,0.9203696330802097,0.8945136057171812
1345,"More stable industries were to build an economically viable infrastructure for the Moon movement in North America , as they had in Japan and South Korea .",1.494982517651863,0.22951334180039223,0.72569645776037,0.8211694819884385,0.7704866581996079
1346,Then he would move his movement to Europe .,0.6666666666666679,0.11751192005564601,0.8492234537424981,0.9184649394575018,0.8824880799443541
1347,But that was not to be .,1.428571428571428,0.3412623489149144,0.6166497805700456,0.7069915719890949,0.6587376510850856
1348,Throughout the 1970s and early 1980s spokesmen for both the Unification Church and its opponents in the anticult movement gave wildly exaggerated membership figures .,1.4824623627117512,0.2604127880288023,0.7175809241334095,0.7629859505371449,0.7395872119711975
1349,Their legacy lives on .,0.40000000000000036,0.09425390072448082,0.8277293767706427,1.0,0.9057460992755192
1350,"It is still common to read in the press that the church has 10,000 or more full-time American members and 25,000 `` associates . ''",1.4389667380414828,0.22666766734677993,0.7254970316203271,0.8279209028220986,0.7733323326532199
1351,"Some estimates have gone as high as 80,000 members .",0.4754887502163454,0.08243038523439633,0.847693881548703,1.0,0.9175696147656035
1352,"But internal church documents clearly show that at its publicity-seeking heights , as when it organized a spectacular Yankee Stadium bicentennial rally in 1976 , there actually were only about 2,000 full-time Unification Church members in the U.S.",2.3327684977393197,0.36829996608944127,0.5828612779323519,0.6894718366702777,0.6317000339105585
1353,"Mr. Moon 's support for a Watergate-beleaguered Richard Nixon , the Koreagate scandal , and his prison sentence for income-tax evasion did not help the church 's recruitment efforts .",1.9086126988727132,0.3214316036703986,0.6656002783757862,0.6920518798858575,0.6785683963296014
1354,"Defections , burnouts , and abduction `` deprogrammings '' kept member turnover high .",1.8831805697571626,0.420274842911988,0.6944646943595939,0.49752415804616384,0.5797251570880119
1355,That the membership number has even kept close to its 1976 size is the result of the `` graying '' of the church .,1.4048506675280779,0.2423157214938621,0.7219031549215217,0.7971973586422232,0.7576842785061378
1356,"Many of the enthusiastic young `` Moonies '' of the Nixon era who remained faithful to Father Moon are now parents , producing new members by procreation rather than conversion .",2.305933659850453,0.38711810650326045,0.6038727340771771,0.6221639388582384,0.6128818934967395
1357,The reputed wealth of the Unification Church is another matter of contention .,1.346905769563611,0.26858827033477906,0.6891286350873544,0.7792227593531373,0.7314117296652209
1358,"For a while in the 1970s it seemed Mr. Moon was on a spending spree , with such purchases as the former New Yorker Hotel and its adjacent Manhattan Center ; a fishing/processing conglomerate with branches in Alaska , Massachusetts , Virginia and Louisiana ; a former Christian Brothers monastery and the Seagram family mansion -LRB- both picturesquely situated on the Hudson River -RRB- ; shares in banks from Washington to Uruguay ; a motion picture production company , and newspapers , such as the Washington Times , the New York City Tribune -LRB- originally the News World -RRB- , and the successful Spanish-language Noticias del Mundo .",2.7360359455102565,0.4651412057415544,0.5280941355541628,0.5417990064636048,0.5348587942584458
1359,Yet these purchases can be misleading .,0.2857142857142856,0.05361503543831442,0.8982265179691366,1.0,0.9463849645616855
1360,"Most were obtained with huge inputs of church money from South Korea and Japan , minimum cash downpayments and sizable mortgages .",1.5238994288786558,0.2898408211737049,0.6823560875796878,0.7403242236112642,0.710159178826295
1361,"Those teams of young fund-raisers selling flowers , peanuts or begging outright at traffic intersections brought in somewhere near $ 20 million a year during the mid-to-late 1970s , but those revenues were a pittance compared to the costs of Mr. Moon 's lavish international conferences , speaking tours , and assorted land buys .",2.392379997884393,0.39021497587199605,0.5934898347234819,0.6270002955183266,0.6097850241280041
1362,"Only his factories in Japan and Korea , employing his followers at subsistence wages and producing everything from rifles to ginseng to expensive marble vases , kept the money flowing westward .",2.264926934845469,0.3928269196944915,0.5813371134584794,0.6354122723735569,0.6071730803055088
1363,"Virginia Commonwealth University sociologist David Bromley , who more than any other researcher has delved into the complex world of Unificationist finances , has concluded that profitable operations in the U.S. have been the exceptions rather than the rule .",1.4476581960733546,0.2281493917522807,0.7521293188411823,0.7926339538858251,0.7718506082477189
1364,"Likewise , journalists John Burgess and Michael Isikoff of the Washington Post have estimated that at least $ 800 million was transferred from Japan to the U.S. to deal with the church 's annual operating losses in this country .",2.330008986900948,0.3552993125366244,0.6083139057551509,0.6857174222807079,0.6447006874633756
1365,Mr. Moon 's two English-language U.S. newspapers illustrate the scope of this financial drain .,1.6243018651066845,0.3071194544021372,0.6094867841542488,0.8027126711615019,0.6928805455978626
1366,"Start-up costs for the Washington Times alone were close to $ 50 million , and the total amount lost in this journalistic black hole was estimated at $ 150 million by 1984 .",1.820425270337788,0.27965229965845123,0.6947152205954248,0.747944134551964,0.720347700341549
1367,"Since then , Moon 's organization has inaugurated a pair of high-quality glossy opinion magazines , The World and I and Insight , which are a further drain .",1.4946544126878072,0.23317717813400618,0.7290336127449066,0.8087437803900734,0.7668228218659939
1368,"Insiders say that not even their editors know for sure how much these show-piece publications , along with the newspapers , have cost Mr. Moon .",2.2211002293020936,0.36744055879235565,0.5750771312115688,0.7028093285713813,0.6325594412076443
1369,"Many American church-owned businesses , such as a $ 30 million factory to build fishing vessels , are defunct .",1.68048202372184,0.2854135067238025,0.7244896054280501,0.7049504633759645,0.7145864932761975
1370,Some components of the American church had their budgets cut in half last year and again this year .,1.2770875003415991,0.22861636340890273,0.7518681837448072,0.791939169944299,0.7713836365910971
1371,The relatively small academic conferences that have attracted conservative guests -- and press scrutiny -- in recent years are much more narrowly targeted and austere than the thousand-person get-togethers in fancy digs and exotic locales of years past .,2.5921389448878798,0.4627995272474868,0.5107648829502197,0.5665218694555333,0.5372004727525133
1372,I attended several of these in the dual role as a presenter of research findings as well as an investigator of my hosts .,1.3318777540066993,0.2391260028603388,0.7762925909746196,0.7460559582555701,0.7608739971396609
1373,-LRB- Mr. Moon 's Paragon House eventually even published three of my co-edited books on religion and politics . -RRB-,1.5182263988300138,0.25951962324672245,0.6671793589812676,0.8318761416597655,0.7404803767532774
1374,"According to veteran watchers of Unificationist affairs , such as Dr. J. Gordon Melton , director of the Institute for the Study of American Religion , almost all operations are being drastically reduced as Mr. Moon now concentrates more on developing his empire in the Far East .",2.032658987818686,0.33210950045785315,0.645876405506699,0.6914582066979607,0.6678904995421472
1375,"`` Everything , '' one non-`` Moonie '' senior consultant to the Unification Church recently told me in an interview , `` is going back to Korea and Japan . ''",2.259325807009927,0.35355155067297434,0.6432647839619593,0.6496637848190875,0.6464484493270256
1376,-LRB- Europe had proved even less hospitable than North America .,1.159535227469406,0.2304297473627618,0.7269518364431846,0.8174969859327078,0.7695702526372382
1377,European politicians were less reluctant to have their governments investigate and harass new religions . -RRB-,1.8199634674227334,0.34109335080155334,0.6321770011684178,0.6879964498663739,0.6589066491984464
1378,"So Mr. Moon is in retreat , refocusing on the Far East .",1.2307692307692308,0.22157156295110425,0.8240764116807033,0.7375721817727353,0.7784284370488955
1379,South Korea and Japan continue to be profitable .,1.4172097224626086,0.3164689027390954,0.632596709052729,0.7433858222664663,0.6835310972609049
1380,"Moon 's Tong'Il industry conglomerate is now investing heavily in China , where church accountants have high hopes of expanding and attracting converts even in the wake of the bloody massacre in Tiananmen Square .",1.7602754421267646,0.290362526154226,0.660895399375489,0.766141622708237,0.7096374738457738
1381,Panda Motors is one such investment .,0.5714285714285721,0.11330491807453025,0.8866950819254699,0.8866950819254699,0.88669508192547
1382,"According to senior consultants to the church , Mr. Moon has successfully negotiated a joint venture with the Chinese government to build an automobile-parts plant in Guangdong Province , an area of China with a substantial Korean minority .",1.2483900505957468,0.20436882172071805,0.797543313655921,0.7937281897830677,0.7956311782792821
1383,Mr. Moon has agreed to put up $ 10 million a year for 25 years and keep the profits in China .,1.080656250491697,0.16811107889712662,0.8132282063092289,0.8514261436326838,0.8318889211028733
1384,"In return , he has the government 's blessing to build churches and spread Unificationism in that country .",1.2617983395282684,0.20412741680089977,0.8294533008515143,0.7649051219742972,0.7958725831991003
1385,"Whatever respectability and ties to intellectuals and opinion-makers the publications and conferences bring really are salvage -- not the Rev. Moon 's original final goals , but the ones for which he will have to settle .",1.8532006764942857,0.29216308781903333,0.6727538648419846,0.7467803218787247,0.7078369121809668
1386,"Mr. Shupe is co-author -LRB- with David G. Bromley -RRB- of `` ` Moonies ' in America : Cult , Church , and Crusade '' and `` Strange Gods : The Great American Cult Scare .",2.5140621507410157,0.45102091506947506,0.5982060638843795,0.5072379625721262,0.5489790849305249
1387,The Manville Personal Injury Settlement Trust said it is considering several ways to ease a liquidity crunch that could include the sale of Manville Corp. to a third party .,1.5108685498370225,0.2458584765074821,0.7560572635857591,0.7522354672800666,0.7541415234925178
1388,"In a filing with the Securities and Exchange Commission , the majority holder of Manville acknowledged that the cash portion of its initial funding of $ 765 million will be depleted next year , and that alternative sources of funds will be necessary to meet its obligations .",1.8496417449627245,0.2835290538819135,0.6604827926952883,0.782830319135047,0.7164709461180861
1389,"The trust , which was created as part of Manville 's bankruptcy-law reorganization to compensate victims of asbestos-related diseases , ultimately expects to receive $ 2.5 billion from Manville , but its cash flow from investments has so far lagged behind its payments to victims .",1.941219920438873,0.30599723687141084,0.6470233512248004,0.748338520120451,0.6940027631285894
1390,Spokespersons for both the trust and the company refused to comment on whether any talks with a possible acquirer of Manville had actually taken place .,1.6395842493496415,0.27404604969903906,0.6755361573385755,0.784504455376946,0.7259539503009609
1391,"The trust is considering a sale of its Manville holdings , but Manville has the right of first refusal on any sales of its stock held by the trust .",1.5490489534003613,0.26192956067844175,0.7337470997412815,0.7424450283021069,0.7380704393215579
1392,"Manville , a forest and building products concern , has offered to pay the trust $ 500 million for a majority of Manville 's convertible preferred stock .",1.6259209798332304,0.24989959801446843,0.7311840982287898,0.7700214585911159,0.7501004019855315
1393,"Manville and the trust are discussing the offer , but no decision has been made .",1.0165414066556506,0.1726141195321348,0.8912804204867721,0.7720395382410493,0.8273858804678651
1394,The filing also said the trust is considering a sale of Manville securities in the open market ; an extraordinary dividend on the common stock ; or a recapitalization of Manville .,1.5183545782226338,0.251630393282164,0.761834179005201,0.7353727114558228,0.7483696067178361
1395,"The Soviet Union 's jobless rate is soaring to 27 % in some areas , Pravda said .",1.5758071098111257,0.24935241101481292,0.7079843821106953,0.798782286287349,0.7506475889851869
1396,It said the situation is caused by efforts to streamline bloated factory payrolls .,0.7142857142857153,0.12034250032061823,0.9013516827125467,0.8589830657073241,0.8796574996793819
1397,"Unemployment has reached 27.6 % in Azerbaijan , 25.7 % in Tadzhikistan , 22.8 % in Uzbekistan , 18.8 % in Turkmenia , 18 % in Armenia and 16.3 % in Kirgizia , the Communist Party newspaper said .",1.1132949836564112,0.1926751328694811,0.7835501171036078,0.8325875273038642,0.8073248671305189
1398,"All are non-Russian republics along the southern border of the Soviet Union , and all but Kirgizia have reported rioting in the past six months .",2.210920902129385,0.35945578562391767,0.622048818125571,0.6601731629189508,0.640544214376082
1399,The newspaper said it is past time for the Soviet Union to create unemployment insurance and retraining programs like those of the West .,1.8322570187932126,0.2920042865505653,0.6930611375218764,0.7235881062824735,0.7079957134494347
1400,"Pravda gave no estimate for overall unemployment but said an `` Association of the Unemployed '' has cropped up that says the number of jobless is 23 million Soviets , or 17 % of the work force .",2.08513929947045,0.3338072991219485,0.635952897744063,0.6994519061075856,0.6661927008780517
1401,"An 11-week dispute involving Australia 's 1,640 domestic pilots has slashed airline earnings and crippled much of the continent 's tourist industry .",1.5987347797029132,0.27836988846362865,0.6724172836828715,0.7786153562995518,0.7216301115363714
1402,"`` The only people who are flying are those who have to , '' said Frank Moore , chairman of the Australian Tourist Industry Association .",2.1378388048259196,0.35219859819705096,0.6525366571850443,0.6431343758495113,0.6478014018029489
1403,He added : `` How is a travel agent going to sell a holiday when he can not guarantee a return flight ? '',1.546642311615157,0.2624225902779651,0.7486920336719569,0.7267879602472485,0.7375774097220351
1404,"Transport giant TNT , which owns half of one of the country 's two major domestic carriers , said the cost of the dispute had been heavy , cutting TNT 's profits 70 % to $ 12 million in the three months to Sept. 30 .",2.254902573381526,0.3609306274929478,0.5970553375477163,0.687443940008138,0.6390693725070522
1405,"Brazilian financier Naji Nahas , who was arrested on Monday after 102 days in hiding , is likely to be interrogated next week by the Brazilian judiciary .",1.8656725341974107,0.29108369112300114,0.7011029777257081,0.716905751539492,0.7089163088769986
1406,"Mr. Nahas , who single-handedly provoked a one-day closure of Brazil 's stock markets in June when he failed to honor a debt of $ 31.1 million owed to his brokers , yesterday blamed his predicament on the president of the Sao Paulo stock exchange ; a few days before Mr. Nahas 's failure , the exchange raised the required margin on stock-margin transactions .",2.1789332685910248,0.3440232825135642,0.6329750795632441,0.6807131042069761,0.655976717486436
1407,China 's parliament ousted two Hong Kong residents from a panel drafting a new constitution for the colony .,1.1512791042593253,0.196099529801618,0.8065361766899769,0.8012819342211217,0.803900470198382
1408,"The two , Szeto Wah and Martin Lee , were deemed unfit because they had condemned China 's crackdown on its pro-democracy movement .",1.86371066471669,0.2955355725641867,0.6371116429274593,0.7877411331399369,0.7044644274358133
1409,"The committee is formulating Hong Kong 's constitution for when it reverts to Chinese control in 1997 , and Chinese lawmakers said the two can only return if they `` abandon their antagonistic stand against the Chinese government and their attempt to nullify the Sino-British joint declaration on Hong Kong . ''",2.504150016898695,0.37141066458686534,0.5837190458185388,0.6809323819364526,0.6285893354131347
1410,NUCLEAR REACTOR FOR ISRAEL ?,0.8000000000000003,0.20812433153147844,0.7918756684685216,0.7918756684685216,0.7918756684685216
1411,"Israeli officials confirmed that Energy Minister Moshe Shahal and his Canadian counterpart , Jake Epp , discussed a possible Israeli purchase of a $ 1.1 billion Canadian nuclear reactor for producing electricity .",2.173141577515613,0.36219564304145596,0.58288563990021,0.7041482802290358,0.6378043569585441
1412,"However , a Canadian Embassy official in Tel Aviv said that Canada was unlikely to sell the Candu heavy-water reactor to Israel since Israel has n't signed the Nuclear Non-Proliferation Treaty .",1.988389199237746,0.31631985092610226,0.7130279656940125,0.6566527053993636,0.6836801490738978
1413,Israel has been accused in the past of using subterfuge to seek elements needed to develop nuclear weapons .,1.051272023738794,0.178440681383718,0.8052675272021483,0.8385239379906231,0.8215593186162821
1414,The South Korean government is signing a protocol today establishing formal diplomatic relations with Poland .,1.0062415918818663,0.18636182970561502,0.7987556142665149,0.8290858445428513,0.8136381702943848
1415,The two are also signing a trade agreement .,0.8888888888888893,0.163070121084996,0.8369298789150039,0.836929878915004,0.836929878915004
1416,"South Korean government officials said they do n't expect that Seoul can loan money to Warsaw , but it can `` offer experience . ''",1.9468413785222833,0.32992440915644433,0.6076278382433012,0.7468295219250832,0.6700755908435557
1417,Poland is the second Communist nation to recognize the Seoul government ; South Korea established diplomatic relations with Hungary in February 1989 .,1.6965021742893,0.2944094569853509,0.6849191936190256,0.727548474488188,0.7055905430146491
1418,"Venezuela will hold a debt-equity auction Friday , with 32 potential bidders participating .",1.0,0.1654730195199791,0.8152551614452228,0.8547319924326143,0.8345269804800212
1419,"Earlier this year , Venezuela announced it was opening up debt-equity swaps to foreign investors but said the program would be limited to a net disbursement of $ 600 million a year .",2.0123143017141416,0.3025290871940332,0.6831143327166759,0.7124438936503897,0.6974709128059664
1420,Friday 's auction will be limited to $ 150 million disbursed by the Central Bank to potential investors .,1.8225889727942448,0.291510997726209,0.6658365159604087,0.7569800033826941,0.708489002273791
1421,"The office of foreign investment has authorized some $ 1.78 billion worth of investment proposals , said Edwin Perozo , superintendent of foreign investment .",1.777928637461323,0.3023368595077983,0.6665830114550811,0.7317833011253667,0.6976631404922016
1422,"Most of the proposals are in tourism , basic industry and fishery and agro-industry projects , he said .",0.7507717108679159,0.12743439626067443,0.9112748575038369,0.837010942371112,0.8725656037393257
1423,"Under the debt-equity program , potential investors will submit sealed bids on the percentage of discount they are willing to purchase the debt at , and the bids will be allocated based on these discount offers .",1.7312237169590485,0.2851571113250263,0.7176159009710767,0.7120912248395493,0.7148428886749735
1424,The Venezuelan central bank set a 30 % floor on the bidding .,0.8272990386279604,0.14948395150292396,0.8360473926425741,0.86549431345625,0.8505160484970762
1425,A song by American singer Tracy Chapman praising jailed black leader Nelson Mandela was banned from South African state radio and television .,2.1248158870989937,0.40155658523615406,0.5609190457734023,0.6413483438959618,0.5984434147638459
1426,The South African Broadcasting Corp. said the song `` Freedom Now '' was `` undesirable for broadcasting . '' ...,2.0182263988300146,0.36864923866082827,0.6380242017874456,0.624815478081181,0.6313507613391718
1427,Britain 's House of Commons passed a law that will force English soccer fans to carry identity cards to enter stadiums .,1.5815448872486915,0.2807976959438075,0.6845909818891296,0.7574997219471262,0.7192023040561925
1428,"The `` anti-hooligan '' law , which would deprive troublemakers of cards , must be ratified by the House of Lords and is expected to become effective early next year .",2.079496562797101,0.32944417508061996,0.6481801681200569,0.6945315661161275,0.6705558249193799
1429,"A federal judge ruled that Imelda Marcos was n't brought to the U.S. against her will and that marital privileges , which protect spouses from incriminating each other , do n't apply in her case .",1.9595927067773422,0.30087150998689305,0.6524945335220326,0.7529414113698895,0.6991284900131071
1430,"As a result , Judge John F. Keenan of New York ordered Mrs. Marcos to turn over to the court all pleadings and documents she may have filed in foreign countries in opposition to U.S. requests for evidence .",2.1621158696784706,0.3567093631761671,0.6549460851355617,0.6320427767594483,0.6432906368238329
1431,Mrs. Marcos had claimed that she did n't have to turn over the documents because she was brought here involuntarily and because providing the materials would violate her marital privilege .,1.653584675123871,0.2623800893361455,0.668372199871716,0.8228751308713341,0.7376199106638541
1432,"In 1988 , a year and a half after Mrs. Marcos and her late husband , Ferdinand Marcos , the ousted president of the Philippines , fled the Philippines for Hawaii , they were charged with racketeering , conspiracy , obstruction of justice and mail fraud in a scheme in which they allegedly embezzled more than $ 100 million from their homeland .",2.0423538174666396,0.3127736415486503,0.6567646715661928,0.7206511938144329,0.6872263584513494
1433,"Much of the money was fraudulently concealed through purchases of prime Manhattan real estate , federal prosecutors have charged .",1.1477309221191607,0.19977396032651726,0.7702972197442134,0.8325745583975207,0.8002260396734825
1434,Mrs. Marcos 's trial is expected to begin in March .,0.9777170456512252,0.17529633757796448,0.8634759182215924,0.7892637221938953,0.8247036624220357
1435,U.S. law requires criminal defendants to turn over foreign documents such as those sought in the Marcos case .,1.270471867758821,0.22088636403120734,0.7542020204858091,0.8057271484785701,0.7791136359687922
1436,"The law is meant to overcome delays caused by defendants ' use of foreign procedures to block U.S. requests for records , Judge Keenan said in his opinion .",1.4657323250578136,0.24897148050443596,0.7475399824245698,0.7545497690650602,0.7510285194955642
1437,"For instance , the documents could involve foreign business dealings or bank accounts .",0.9649839288804962,0.17523278087192695,0.8882469105530314,0.7697556554512164,0.8247672191280734
1438,"The U.S. has charged that the Marcoses ' alleged crimes involved bank accounts in the Philippines , Hong Kong , the U.S. and other countries .",1.3957882329020501,0.22984153740250413,0.7488620924065399,0.7927015528288875,0.7701584625974958
1439,"On the allegation of kidnapping , Judge Keenan wrote , `` The suggestion that Mrs. Marcos was brought to this country against her will is unsupported by affidavit or affirmation . ''",2.1724597587509287,0.35118981054475334,0.6446192890046696,0.6530559395873818,0.6488101894552464
1440,The judge also said the two marital testimonial privileges cited by Mrs. Marcos do n't apply .,1.4273330886170852,0.22739080731462555,0.7266131944299203,0.824821994945803,0.7726091926853748
1441,The first one permits a witness to refuse to testify against her spouse .,0.8221267860233539,0.14834786525527482,0.8302501800087209,0.8741866719658249,0.8516521347447253
1442,But Judge Keenan said that privilege 's purpose is `` fostering harmony in marriage . '',1.125,0.18654739379877266,0.8306703153608462,0.7969341627468244,0.8134526062012273
1443,"Because Mr. Marcos died Sept. 28 , the privilege can no longer apply , the judge said .",1.0147034725827995,0.16934831564778766,0.8174982246647687,0.8442353414109385,0.8306516843522121
1444,The second marital privilege cited by Mrs. Marcos protects confidential communications between spouses .,1.6092375009272013,0.3125746915167597,0.6555054319685139,0.7226129916615578,0.6874253084832405
1445,"But Judge Keenan said that privilege is meant to protect private utterances -- not litigation papers filed with foreign governments , as Mrs. Marcos 's attorneys maintained .",1.8867471936896578,0.31192642632470813,0.6421932272559057,0.7410139929363375,0.6880735736752918
1446,"Though Judge Keenan threw out most of Mrs. Marcos 's objections , he agreed with one of her concerns : that turning over the foreign documents could violate the defendant 's constitutional right against self-incrimination .",1.671689151871778,0.268298789235239,0.6749202589921326,0.7989137155758391,0.7317012107647609
1447,"As a result , he said he will examine the Marcos documents sought by the prosecutors to determine whether turning over the filings is self-incrimination .",1.3168781137510575,0.2130946866618855,0.8069955391721385,0.7677910858615498,0.7869053133381143
1448,Judge Keenan also directed the prosecutors to show that Mrs. Marcos 's Fifth Amendment right against self-incrimination wo n't be violated .,1.596337067216533,0.2731620100906792,0.7043760526597466,0.7507796989178361,0.7268379899093206
1449,"Mrs. Marcos 's attorney in New York , Sandor Frankel , declined to comment on the ruling .",1.3535848875889043,0.24305466405143855,0.8107715661421495,0.709821096135083,0.7569453359485614
1450,Mrs. Marcos has n't admitted that she filed any documents such as those sought by the government .,1.5702590281383575,0.24825654561767563,0.7096404225620762,0.7991575453673245,0.7517434543823247
1451,"Charles LaBella , the assistant U.S. attorney prosecuting the Marcos case , did n't return phone calls seeking comment .",1.6314595241545335,0.2946517350624099,0.7595339248589693,0.6583790608961756,0.70534826493759
1452,U.S. . AND BRITISH LAW FIRMS announce rare joint venture in Tokyo .,1.5007519234097644,0.2839782279897047,0.7109487525089311,0.7211677095216086,0.7160217720102952
1453,"Sidley & Austin , a leading Chicago-based law firm , and Ashurst Morris Crisp , a midsized London firm of solicitors , are scheduled today to announce plans to open a joint office in Tokyo .",1.8381592864467597,0.30283800023449137,0.6819390817923475,0.7130800778208563,0.697161999765509
1454,The firms will be registered under Japanese law as foreign legal consultants and their practice with Japanese clients will be limited to advising them on matters of foreign law .,0.9485097030611271,0.17488687811641776,0.7834388997856467,0.8714700711043075,0.825113121883582
1455,The office may also be able to advise foreign and multinational clients on international law and general matters .,0.75602778824212,0.13417680186209635,0.8116514449919763,0.927743221951659,0.8658231981379034
1456,"The office will provide `` one-stop shopping '' for Japanese financial institutions and other clients seeking advice on access to the world capital markets , according to A. Bruce Schimberg , Sidley 's senior banking specialist , who will move to Tokyo from Chicago to open the office next year .",2.0850424844149593,0.3484132612373574,0.6313748881096818,0.6731354467900862,0.6515867387626427
1457,"The Sidley-Ashurst venture will also be staffed by another Sidley partner specializing in corporate law , a partner from Ashurst concentrating on acquisitions and a Japanese attorney .",1.3622039089312947,0.22564910885791195,0.7472014772618415,0.8035476310742289,0.7743508911420877
1458,"The office will tap the resources of Sidley 's 700 lawyers in the U.S. , London and Singapore as well as the 400 Ashurst staff members in London and Brussels .",1.7445465805572313,0.2871297839862235,0.6828246878813268,0.7456815608769722,0.7128702160137765
1459,Ashurst is new to the Far East .,0.8443609377704338,0.1637742533134754,0.8960775105770448,0.7838687499016604,0.8362257466865245
1460,Sidley will maintain its association with the Hashidate Law Office in Tokyo .,1.1630319599049042,0.20685453842189838,0.8402782094269273,0.7510194040379029,0.7931454615781015
1461,THE UNITED AUTO WORKERS said it will seek a rehearing of a U.S. appellate court ruling against the union 's claim that the state of Michigan engages in wage-discrimination against female employees .,1.4493853041909732,0.23701857466994417,0.7631135308191493,0.7628493655716141,0.7629814253300558
1462,A three-judge panel of the court in Cincinnati made the ruling Saturday .,1.1930596157174573,0.22575546982325273,0.768759002007145,0.7798089056280408,0.7742445301767473
1463,The UAW is seeking a hearing by the full 14-judge panel .,0.6258145836939111,0.1064773412044532,0.9195997479431867,0.8688837238920266,0.8935226587955467
1464,"The union sued the state in November 1985 , alleging that it intentionally segregated job classifications by sex and paid employees in predominantly female jobs less than males in comparable jobs .",1.8440540903342022,0.3081761991816387,0.6551073655325482,0.7329002503092968,0.6918238008183614
1465,The UAW also charged that the state applied its own standards for determining pay in a discriminatory manner .,1.1512791042593262,0.18931096316340268,0.7911427209862839,0.8312256591755807,0.8106890368365974
1466,"In November 1987 , a district court judge in Detroit ruled against the UAW .",1.7752793655393786,0.32247502833167463,0.6934822125751952,0.6622855750711002,0.6775249716683251
1467,"The union is the bargaining representative for more than 20,000 Michigan state employees .",1.114974319602629,0.21241501131949278,0.7677337644138489,0.8084900444881654,0.7875849886805071
1468,NEW JERSEY MERGER :,0.5,0.14285714285714285,1.0,0.75,0.8571428571428571
1469,"One of the largest law firms in central New Jersey has been created through the merger of Norris , McLaughlin & Marcus , a 41-lawyer firm , and Manger , Kalison , McBride & Webb , a health-care specialty law firm with 14 lawyers .",1.7962333023089245,0.304838595054691,0.6712406999146361,0.720850014980267,0.6951614049453092
1470,"Norris McLaughlin is a general-practice firm that has expanded recently into such specialties as banking , labor and environmental work .",1.0823359977714544,0.1718792622106119,0.8067096557785557,0.85069936154342,0.8281207377893879
1471,The merged firm will carry Norris McLaughlin 's name .,0.8754887502163458,0.16308286645303974,0.8253117886877818,0.8488535167807805,0.83691713354696
1472,DRUG WARS :,0.666666666666667,0.26631956334878915,1.0,0.5793801642856952,0.7336804366512111
1473,A Texas legislator proposes color-coding drivers ' licenses of some drug offenders .,1.566502152046175,0.3402770465801297,0.6074945308299452,0.7217766042589234,0.65972295341987
1474,The bill would authorize courts to order the licenses as a condition of probation .,0.8746276985842494,0.16381392664419583,0.875652906140232,0.8001234527717691,0.8361860733558039
1475,"State Senator J.E. `` Buster '' Brown , a Republican who is running for Texas attorney general , introduced the bill .",1.8057053807068262,0.31284936923975665,0.7510066423655236,0.6333026621012524,0.6871506307602432
1476,He said an altered license would be an `` embarrassment '' to teenagers and young adults and would act as a deterrant to drug use .,1.6647774044286257,0.26699020511682503,0.7528130983754878,0.7142216674297359,0.7330097948831749
1477,"Richard Avena , executive director of the Texas Civil Liberties Union , called the proposal `` political gimmickry , '' and said it fails to recognize the drug problem as a health issue .",1.6668758360504627,0.2744419290283023,0.7495021743906153,0.7030964754010548,0.7255580709716976
1478,"The amendment , offered by Rep. Douglas Bosco -LRB- D. , Calif. -RRB- , was approved 283-132 during debate on a bill designed to strengthen the Transportation Department 's authority in dealing with leveraged buy-outs of airlines .",1.8907089923549938,0.3148041988190114,0.6695742044120303,0.7015637342524857,0.6851958011809888
1479,"The bill would require the agency to block the acquisition of 15 % or more of an airline 's stock if the purchase threatened safety , reduced the carrier 's ability to compete , or put the airline under foreign control .",1.3337448613975376,0.21989102130409016,0.7541900633716216,0.8078727842740242,0.7801089786959099
1480,"Debate on the legislation , which faces a veto threat from President Bush , is to continue today .",1.5067994991100342,0.2451296064298594,0.8225497150076736,0.6974816610995442,0.7548703935701405
1481,The amendment would require the department to block the purchase of a major airline by anyone who has run two or more carriers that have filed for protection from creditors under Chapter 11 of the Bankruptcy Code .,1.4048441575066875,0.22465576673199217,0.7381961980208759,0.8164291635702874,0.7753442332680077
1482,"In 1983 , Texas Air 's Continental Airlines filed for bankruptcy .",1.333333333333333,0.25790187148969435,0.7420981285103054,0.7420981285103054,0.7420981285103054
1483,"Earlier this year , Texas Air 's Eastern Airlines filed for bankruptcy .",1.134991346320267,0.21243336342392163,0.7575207365855688,0.8200944261408445,0.7875666365760782
1484,"`` This ought to be subtitled the ` Do n't let Frank Lorenzo take over another airline ' amendment , '' said Rep. James Oberstar -LRB- D. , Minn. -RRB- , chairman of the House aviation subcommittee , who argued that the provision was unnecessary because the bill already would give the department ample power to block undesirable deals .",2.8364055166889184,0.4485721214763642,0.5333622004497838,0.5707602786113035,0.551427878523636
1485,"For years , a strict regimen governed the staff meetings at Nissan Motor Co. 's technical center in Tokyo 's western suburbs .",1.6283371093123256,0.297465044228542,0.6801603834323737,0.7264316694486928,0.7025349557714581
1486,Employees wore identification badges listing not only their names but also their dates of hire .,2.0253982472854193,0.4150201443099481,0.5747715253456784,0.5955573564278999,0.5849798556900521
1487,"No one could voice an opinion until everybody with more seniority had spoken first , so younger employees -- often the most enthusiastic and innovative -- seldom spoke up at all .",2.201205059304601,0.35477934945667633,0.6107103940191774,0.6838647408792424,0.6452206505433238
1488,"But in 1986 , the badges and the `` do n't speak out of turn '' rule were abolished -- early steps in a cultural revolution still rolling on with all the subtlety of a freight train .",2.235647853746925,0.35644447326257733,0.638903692402592,0.6482755975698002,0.6435555267374224
1489,"In recent years , Nissan has instituted flex-time work schedules and allowed employees to dress casually , even in blue jeans .",1.6416308136869713,0.2797954763319129,0.6812203989523019,0.7639213676051978,0.720204523668087
1490,"A rule forbidding staffers to own competitors ' cars has been lifted , and now many designers drive foreign cars to get useful ideas .",1.481532256092641,0.2624682040143854,0.7258826131022905,0.7495609763770567,0.7375317959856142
1491,Nissan 's decades-old corporate song filled with references to Mount Fuji has been scrapped in favor of a snappy tune sung by a popular Japanese vocalist .,1.0966533509050684,0.18776384969094015,0.8001081068598714,0.8247375266501209,0.81223615030906
1492,"And in a Japanese corporate first , Nissan recently opened the first coed company dormitory for single employees at the suburban Tokyo technical center .",1.3646351160445347,0.2384768791695037,0.7636924825574253,0.7593660488666287,0.761523120830496
1493,"`` We had lots of internal debate about this one , '' concedes Tadahiko Fukuyama , a senior public-relations official .",1.9082873295784264,0.32608743730277323,0.701629549418758,0.6483022051700617,0.6739125626972267
1494,"`` But in the end , top management decided to follow the voice of the younger generation . ''",0.7765730264296558,0.13039354061790803,0.9118742895478239,0.8310834999856234,0.869606459382092
1495,"This corporate glasnost is a big reason Nissan , after years of making lackluster cars and lousy profits , has loosened up its rigid ways and now is riding a string of hits , ranging from the sleek Maxima sedan and Porsche-like 300ZX to the whimsically nostalgic Pao , a minicar sold only in Japan .",1.8155282427230564,0.2830711328349672,0.6725812459032138,0.7675375716749967,0.7169288671650328
1496,The company 's turnaround is far from complete ; many crucial tests are just beginning .,1.0943609377704329,0.18831673761480608,0.7782050402297956,0.8481714241089943,0.8116832623851938
1497,But its surprising progress so far holds important lessons for companies in trouble .,0.5364125003090665,0.10000211359665244,0.8598127531507579,0.9441234552765156,0.8999978864033474
1498,The big one : A company 's culture ca n't be radically changed unless top management first admits that things have gone badly awry and then publicly leads the charge .,2.816881049433936,0.47500437694855585,0.4972323018049576,0.5560426628759659,0.524995623051444
1499,"Atsushi Muramatsu , Nissan 's executive vice president for finance , helped set the tone in December 1986 , when the company was heading toward the first operating loss by a Japanese auto maker since the nation 's postwar recovery .",1.8137020491205265,0.29669358011564956,0.6999910282474455,0.7066533665839807,0.7033064198843507
1500,"`` This is a time of self-criticism to discover what is wrong with us , '' he said .",1.5531460528593133,0.25458891061747563,0.8195852276598719,0.6835485486086453,0.7454110893825244
1501,"Yutaka Kume , who took the helm as Nissan 's president in June 1985 , added simply , `` I am deeply disappointed . ''",2.1566458784357447,0.33536848160357163,0.6692246565547497,0.660100999297167,0.6646315183964283
1502,No wonder .,4.440892098500626e-16,1.4009454786722165e-16,1.0,1.0,1.0
1503,"Nissan , Japan 's second-largest auto maker and the world 's fourth-largest , was getting beat up not only by its bigger rival , Toyota Motor Corp. , but also by Honda Motor Co. , the most successful Japanese car company in the U.S. but a relative pipsqueak in Japan .",2.459058710613755,0.3892274164625217,0.5974713430284349,0.6246795482981268,0.6107725835374782
1504,Nissan 's market share in Japan had been dropping year by year since the beginning of the decade .,1.173183897655437,0.21767700179313826,0.7823229982068615,0.7823229982068615,0.7823229982068615
1505,"Its U.S. sales sagged , partly because of price increases due to the rising yen .",1.147782998537517,0.19612789448010615,0.7966003261209957,0.8112778691154758,0.8038721055198936
1506,"Worst of all , Nissan was preoccupied with management infighting , cronyism and corporate rigidity .",1.3137218755408666,0.22130396318999335,0.7509466039491893,0.8085749885762645,0.7786960368100065
1507,"Consider the experience of Satoko Kitada , a 30-year-old designer of vehicle interiors who joined Nissan in 1982 .",1.598133051400013,0.2583183137142766,0.762072748752665,0.7223534088896528,0.7416816862857232
1508,"At that time , tasks were assigned strictly on the basis of seniority .",1.0539205358688193,0.18834117064811992,0.8699004894604613,0.7607265904861087,0.8116588293518802
1509,"`` The oldest designer got to work on the dashboard , '' she recalls .",1.0163408331891013,0.17235496919327425,0.874664179637628,0.7854231920464219,0.8276450308067256
1510,`` The next level down did doors .,0.5,0.1,0.8999999999999999,0.9,0.9
1511,"If a new person got to work on part of the speedometer , that was a big deal . ''",0.8509775004326929,0.13741226707657436,0.8877438960994949,0.83881799214773,0.8625877329234256
1512,"This system produced boring , boxy cars that consumers just were n't buying .",1.5085296770545549,0.27255598575463735,0.6623930503630756,0.8066631675045114,0.7274440142453629
1513,"Desperately hoping to spark sales , Nissan transferred 5,000 middle managers and plant workers to dealerships .",1.2252306719594381,0.22484927284524428,0.7022968656711985,0.8648692931397652,0.7751507271547559
1514,"Meanwhile , President Kume ordered everyone from top executives to rookie designers to go `` town watching , '' to visit chic parts of Tokyo to try to gain insights into developing cars for trend-setters .",1.9856650959823336,0.3583293799766206,0.5942065189180025,0.697375680016689,0.6416706200233794
1515,Some town-watching excursions were downright comic .,0.5714285714285712,0.1133049180745301,0.8866950819254699,0.8866950819254699,0.88669508192547
1516,One group of middle-aged manufacturing men from the company 's Zama plant outside Tokyo was supposed to check out a trendy restaurant in the city .,1.327162977949099,0.21924409904777575,0.7720382217041865,0.7896727047547439,0.7807559009522242
1517,"But when they arrived at the door , all were afraid to go in , fearing that they would be out of place .",1.5158558503168251,0.23982268742348994,0.712540588096828,0.8146398584818884,0.76017731257651
1518,Other trips were more productive .,0.6666666666666679,0.14804095548293286,0.8519590445170674,0.8519590445170674,0.8519590445170674
1519,Mr. Kume himself visited Honda 's headquarters in Tokyo 's upscale Aoyama district .,1.3117519983285932,0.24087340481893146,0.767733764413849,0.7507102785981774,0.7591265951810687
1520,He liked the well-lighted lobby display of Honda 's cars and trucks so much that he had Nissan 's gloomy lobby exhibit refurbished .,2.2821208305486236,0.380889030573888,0.5579896765294188,0.6952696950451285,0.6191109694261119
1521,"Later , Nissan borrowed other Honda practices , including an engineering `` idea contest '' to promote inventiveness .",2.148890601226863,0.3960798581954846,0.6134999825413562,0.5946348808152908,0.603920141804515
1522,One engineer developed a `` crab car '' that moves sideways .,1.3553885422075336,0.2472793857616114,0.7856256510484163,0.7224611506818256,0.7527206142383885
1523,"Such sudden cultural shifts may come across as a bit forced , but they seem to be genuine -- so much so , in fact , that some older employees have resisted .",2.292047173651035,0.3666868252991867,0.5946846566668376,0.6773086415078743,0.6333131747008132
1524,"Nissan handled the die-hards in a typically Japanese fashion : They were n't fired but instead `` were neglected , '' says Kouji Hori , the personnel manager at the Nissan Technical Center .",1.9711632355486435,0.29801192011793054,0.6973067608949135,0.7067326790958346,0.7019880798820696
1525,"Despite the pain of adjusting , the cultural revolution has begun to yield exciting cars .",0.6721804688852169,0.11533995953313912,0.8966328803877508,0.8730027365206348,0.884660040466861
1526,"A year ago , the company completely revamped its near-luxury sedan , the $ 17,699 Maxima , which competes against a broad range of upscale sedans ; it replaced its boxy , pug-nosed body with sleek , aerodynamic lines .",1.5765348497155065,0.2520286380829593,0.7414610447429151,0.7545970180604816,0.7479713619170405
1527,"Since then , Nissan also has launched new versions of the $ 13,249 240SX sporty coupe and 300ZX sports car .",1.50522097497318,0.23352635252990664,0.7344592057598561,0.8014062530858006,0.7664736474700931
1528,"The restyled 300ZX costs as much as $ 33,000 and is squared off against the Porche 944 , which begins at $ 41,900 .",1.5151886656916806,0.22985861065267954,0.7381580369033928,0.8050218573522107,0.7701413893473207
1529,"Besides new styling , the new Nissans have more powerful engines and more sophisticated suspension systems .",1.0588235294117663,0.18855282871837492,0.7826718911228709,0.8424190835413148,0.8114471712816255
1530,All three new models are outselling their predecessors by wide margins .,0.9674700395364004,0.19057289220024382,0.6798635456111305,0.9999999999999999,0.809427107799756
1531,"In its home market , Nissan has grabbed attention with limited-production minicars featuring styling odd enough to be cute .",1.7448298476119888,0.3035516739079815,0.6489916551411963,0.7513929592625804,0.6964483260920186
1532,"One is the Pao , a tiny coupe with a peelback canvas top and tilted headlights that give it a droopy-eyed look .",0.7454455229446397,0.1205632630839093,0.8878336180019588,0.8711971984157344,0.8794367369160911
1533,"Nissan initially planned to sell just 10,000 Paos , but sales have passed 50,000 , and there 's a one-year waiting list for the car .",1.5272886901748715,0.22861785393487774,0.7325025409458883,0.8146203835655819,0.7713821460651221
1534,"Then , there 's the S-Cargo , an offbeat delivery van with a snail-like body that inspired its name .",0.8314595241545337,0.13383876930394434,0.8942310862186695,0.8397999645359823,0.8661612306960552
1535,Nissan helped develop a Tokyo restaurant with both vehicles as its design theme .,1.2317937498454672,0.22735495983401077,0.7855398582467423,0.7601667278765445,0.7726450401659894
1536,"The chairs are S-Cargo seats , and a gift shop sells such items as alarm clocks styled like the Pao 's oversized speedometer .",1.9813174576788897,0.3607929583598218,0.6146704793668284,0.6657839641461987,0.639207041640178
1537,All these vehicles have sharply improved Nissan 's morale and image -- but have n't done much for its market share .,1.453371293228959,0.24782038720024335,0.6693120312842196,0.8584664152455722,0.7521796127997566
1538,Nissan had 29 % of the Japanese car market in 1980 before beginning a depressing eight-year slide that continued through last year .,1.4399745860332072,0.23413449650140294,0.7267685424249398,0.8094081110309649,0.7658655034985971
1539,"Strong sales so far this year are certain to turn the tide , but even the 25 % market share that Nissan expects in 1989 will leave it far below its position at the beginning of the decade .",1.5388017555985858,0.2369925009622354,0.7160821032350219,0.8165142912362598,0.7630074990377648
1540,"Nissan concedes that it wo n't recoup all its market-share losses in Japan until at least 1995 , and even that timetable might prove optimistic .",2.3647670559755394,0.3683020278316155,0.5495493920799097,0.7427227931080469,0.6316979721683846
1541,"`` Everyone else is going to catch up '' with Nissan 's innovative designs , says A. Rama Krishna , auto analyst at First Boston -LRB- Japan -RRB- Ltd .",2.773833575458015,0.4833055483113917,0.506738804798764,0.5270491254110552,0.5166944516886084
1542,"Nissan 's pace of new-model hits will slow , he adds , just as arch-rival Toyota unleashes its own batch of new cars .",1.292481250360578,0.2138414358819843,0.7260924501672288,0.8570588984260483,0.7861585641180158
1543,"Likewise , in the U.S. , Nissan has grabbed 5.2 % of the car market so far this year , up from 4.5 % a year ago .",1.8153186222610858,0.289849080281284,0.7056464929806133,0.7147132230590529,0.7101509197187159
1544,"But even that brings Nissan only to the share it had in 1987 , and leaves the company behind its high of 5.5 % in 1980 and 1982 .",1.9350302724521864,0.3031362180732576,0.6701235850424558,0.7258267223340079,0.6968637819267424
1545,Why ?,0.0,0.0,1.0,1.0,1.0
1546,"So far , Nissan 's new-model successes are mostly specialized vehicles with limited sales potential .",0.9921439363079507,0.18013250978873488,0.8278974729481603,0.8119917807245572,0.8198674902112648
1547,"In compact and subcompact cars , the bread-and-butter sales generators for Japanese auto makers , Nissan still trails Toyota and Honda .",1.4526359518572747,0.2640333205027425,0.707585821139055,0.7667193495037448,0.7359666794972574
1548,"Nissan hopes that that will start to change this fall , with its new version of the Stanza compact sedan .",1.314744784496991,0.20397507019643482,0.7616991760510877,0.8335904427623998,0.7960249298035651
1549,The Stanza has been a nonentity compared with Honda 's hugely successful Accord and Toyota 's Camry .,1.33189824727984,0.22586641348762473,0.7151469084610889,0.8437256869171417,0.7741335865123756
1550,"But this year , Honda has revamped the Accord and made it a midsized car .",1.1415414066556506,0.1795311536432033,0.847502125116338,0.7951068507888845,0.820468846356797
1551,"Nissan instead has kept its new Stanza a bit smaller than that and cut the base price 6 % ; at $ 11,450 , Stanza prices start $ 749 below the predecessor model yet have a more-powerful engine .",1.9575524947015825,0.29262301443456795,0.6591558668398763,0.7632102962585302,0.7073769855654319
1552,"Accord prices start at $ 12,345 .",0.2857142857142865,0.053615035438314584,0.8982265179691366,1.0,0.9463849645616855
1553,Nissan 's risk is that its low-base-price strategy might get lost amid the highly publicized rebates being offered by Detroit 's Big Three .,1.91829583405449,0.2988793105914981,0.6351480335346811,0.7823870192319323,0.7011206894085019
1554,"But `` on a new car , a rebate does n't work well '' because it cheapens the vehicle 's image , contends Thomas D. Mignanelli , executive vice president of Nissan 's U.S. sales arm .",1.9644450813669048,0.31534409327296087,0.6529825917468269,0.7195585276885061,0.6846559067270391
1555,"Even if the new Stanza succeeds , Nissan will remain behind in the subcompact segment , where its Sentra does n't measure up to the Honda Civic and Toyota Corolla .",2.1011428357989423,0.3169677866391409,0.6611139194939909,0.7064536827401159,0.683032213360859
1556,Nissan will introduce a completely revamped Sentra next fall .,0.7999999999999989,0.13689590811625332,0.8631040918837465,0.8631040918837465,0.8631040918837465
1557,"At the opposite end of the market , Nissan launches its luxury Infiniti division on Nov. 8 -- three years after Honda pioneered Japanese luxury cars and two months after Toyota 's Lexus went on sale .",2.414580811962949,0.4177914224150348,0.5202323817561658,0.6609485355510364,0.5822085775849656
1558,Nissan started advertising Infiniti fully eight months before the cars hit American showrooms .,1.1428571428571423,0.20753302649769115,0.730934359227538,0.8653119652784402,0.7924669735023087
1559,"The ads featured fences , rocks and pussy-willow buds -- almost anything but the cars themselves .",1.5664229695935714,0.2883677661770473,0.7602036317670874,0.6688947961559795,0.7116322338229528
1560,The ads have generated some laughs but also plenty of attention because they are so unlike any other U.S. auto advertising .,2.301326840140484,0.3953057583843689,0.5390018176059878,0.6886220720239182,0.6046942416156306
1561,"On the other hand , Nissan 's sales goals for Infiniti are modest compared with Toyota 's targets for Lexus .",1.8142793081004687,0.3302752572117527,0.641266283717582,0.7008263923016693,0.6697247427882471
1562,"Nissan will build only about 3,500 of the $ 38,000 Infiniti Q45 sedans each month , sending about 2,000 of them to the U.S. and keeping the rest for sale in Japan .",1.8131829661953311,0.2878946243920769,0.6871386031785414,0.7389548609423081,0.7121053756079231
1563,"Toyota wants to sell about 49,000 Lexus LS400 sedans next year in the U.S. alone .",1.7665414066556497,0.29523750839032253,0.6681558162278076,0.7456128547613338,0.7047624916096774
1564,"`` When I saw the Lexus sales projections , I got worried , '' confesses Takashi Oka , who led the Infiniti development team .",1.2498044999134592,0.21863703905518198,0.79951810521482,0.7640140293365901,0.7813629609448177
1565,"But on reflection , Mr. Oka says , he concluded that Nissan is being prudent in following its slow-startup strategy instead of simply copying Lexus .",2.1959070742231095,0.3495612264725803,0.6187508906761918,0.6855474882355665,0.6504387735274197
1566,"`` Infiniti is Nissan 's big business move for the 21st century , and we 're in no hurry to generate large profits right away , '' Mr. Oka says .",2.0636828532592606,0.31598900136370606,0.6814700474368468,0.6865709692975187,0.6840109986362937
1567,"Despite plans to add two new Infiniti models next year , bringing the total to four , Infiniti wo n't show profits for at least five years , he adds .",1.5087387075215144,0.24377625885791193,0.7275859158890629,0.7872083072939302,0.756223741142088
1568,"These days Nissan can afford that strategy , even though profits are n't exactly robust .",1.7256025296523,0.30380130827597396,0.6173363757321306,0.7981605972731443,0.6961986917240259
1569,"Nissan had record net income of 114.63 billion yen -LRB- $ 868 million -RRB- in the fiscal year ended last March 31 , a remarkable recovery from the 20.39 billion yen of two years earlier , when the company lost money on operations .",2.1094279231867703,0.3733566772592798,0.5768737828461354,0.6858114100173124,0.6266433227407203
1570,Nissan has increased earnings more than market share by cutting costs and by taking advantage of a general surge in Japanese car sales .,1.4021451856001335,0.24438675679424474,0.7172697054190631,0.7982878171495198,0.7556132432057548
1571,"But Nissan expects to earn only 120 billion yen in the current fiscal year , a modest increase of 4.7 % .",1.2938360657595505,0.20226093601112638,0.7401269818383234,0.8650773865811777,0.7977390639888732
1572,"The big reason : For all its cost-cutting , Nissan remains less efficient than Toyota .",1.5165414066556497,0.2645072571756457,0.6850494553137975,0.793955256695981,0.7354927428243542
1573,"In its last fiscal year , Nissan 's profit represented just 2.3 % of sales , compared with 4.3 % at Toyota .",1.2747454964775438,0.21598669014707308,0.6953026091184068,0.89867090607366,0.7840133098529268
1574,"To help close the gap , Nissan recently established a top-level cost-cutting committee .",0.8292600338883442,0.14696436244349734,0.8157604483290711,0.8938804248352685,0.8530356375565026
1575,"Nissan is the world 's only auto maker currently building vehicles in all three of the world 's key economic arenas -- the U.S. , Japan and Europe .",1.8382773815209363,0.3007897615031159,0.6601375539945771,0.7431992360904942,0.6992102384968838
1576,"That gives it an enviable strategic advantage , at least until its rivals catch up , but also plenty of managerial headaches .",1.7391304347826102,0.28355863254215036,0.6966862280443301,0.7373495504818707,0.7164413674578498
1577,"For example , Nissan 's U.S. operations include 10 separate subsidiaries -- for manufacturing , sales , design , research , etc. -- that report separately back to Japan .",1.9850539661431115,0.3449808188066059,0.6278571335388732,0.6846376392635258,0.6550191811933939
1578,"And in July , Nissan 's Tennessee manufacturing plant beat back a United Auto Workers organizing effort with aggressive tactics that have left some workers bitter .",2.4412371480827777,0.4047478764006356,0.5652127434155152,0.6286637357507423,0.5952521235993644
1579,"`` We are in a transitional phase from being a Japanese company to becoming an international company based in Japan , '' says Mr. Muramatsu , the executive vice president .",1.7094747890222894,0.2715580811478077,0.7676788099200317,0.6930208752608236,0.7284419188521923
1580,"He promises that Nissan will soon establish a holding company overseeing all U.S. operations , just as it 's doing in Europe .",1.8249638456972654,0.28246429915800375,0.7310893357064123,0.7044754595240126,0.7175357008419962
1581,"Perhaps the biggest challenge , however , will be to prevent a return to its former corporate rigidity as its recovery continues .",1.107997541537567,0.17564215559373758,0.7891957570431034,0.8627992876853428,0.8243578444062625
1582,"Already , personnel officials are talking about the need for a `` Phase Two '' cultural-reform effort of some sort .",1.6743456885109609,0.29348423457698797,0.7684188793316351,0.6538427948630673,0.706515765423012
1583,"`` We are still only half way through the turnaround of this company , and there are many more things to do , '' President Kume says .",1.953686585865631,0.30644578863268823,0.6710946148814381,0.7175691770824204,0.6935542113673119
1584,"He adds , however , that `` the momentum we have generated is unstoppable .",1.916992500144231,0.3404886238405168,0.6351070065275654,0.6858661983394981,0.6595113761594834
1585,"As expected , Warner Bros . Records said it agreed to form a recorded-music and music-publishing joint venture with former MCA Records Chairman Irving Azoff .",2.0797705354287293,0.3481251791617106,0.6536261543217766,0.6501328473619047,0.6518748208382894
1586,"Warner said it will provide financing for the venture , but did n't disclose terms .",0.922180468885216,0.14794041783960124,0.8415534888052966,0.8628313113822162,0.8520595821603986
1587,"Mr. Azoff has n't named the company yet , but any records it produces will be distributed by Warner .",1.7264662506490387,0.28222269102168607,0.6635431384381725,0.7816661716669197,0.7177773089783138
1588,"Warner is part of Warner Communications Inc. , which is in the process of being acquired by Time Warner Inc .",1.4012343792962163,0.23160641832714346,0.8262506239088928,0.7181090047925355,0.7683935816728564
1589,"Mr. Azoff resigned as head of MCA Records , a unit of MCA Inc. , in September , and had been discussing a joint venture with both Warner and MCA .",1.5244639021348814,0.259857483129108,0.7483726007843363,0.7320914814398073,0.7401425168708918
1590,"In a statement yesterday , Mr. Azoff said he chose Warner , the largest record company , because `` their standing in the entertainment industry is second to none .",2.2461359328418045,0.361696021610831,0.6712550424653113,0.6084365928374363,0.638303978389169
1591,"President Bush and Soviet leader Mikhail Gorbachev will hold an informal meeting in early December , a move that should give both leaders a political boost at home .",1.5172413793103452,0.24304847961692808,0.7633173882334825,0.7506909537021194,0.756951520383072
1592,The White House is purposely not calling the meeting a summit so that there wo n't be any expectation of detailed negotiations or agreements .,1.7705865002596157,0.2754338550139391,0.6731908894374359,0.784430787867004,0.7245661449860609
1593,"Rather , senior administration officials said that the unexpected meeting was scheduled at Mr. Bush 's request because of his preference for conducting diplomacy through highly personal and informal meetings with other leaders .",1.8666231488735825,0.3005274753835087,0.6536048437583586,0.7522637384613629,0.6994725246164911
1594,"The two leaders will meet on Dec. 2 and 3 , alternating the two days of meetings between a U.S. and a Soviet naval vessel in the Mediterranean Sea .",1.516756661634207,0.24478137375854989,0.7342718514890617,0.7773956041279682,0.7552186262414501
1595,"The unusual seaborne meeting wo n't disrupt plans for a formal summit meeting next spring or summer , at which an arms-control treaty is likely to be completed .",2.0574998926002346,0.34119865494091756,0.6482195307252538,0.6697343769941203,0.6588013450590827
1596,"In announcing the meeting yesterday , Mr. Bush told reporters at the White House that neither he nor Mr. Gorbachev expects any `` substantial decisions or agreements . ''",2.5093413770057578,0.4219515954602409,0.5569536393368162,0.6008040141942809,0.5780484045397591
1597,"Instead , he said that the purpose is simply for the two to get `` better acquainted '' and discuss a wide range of issues without a formal agenda .",1.6746276985842483,0.2509750475740769,0.743417878878607,0.7547172491050712,0.7490249524259229
1598,"Despite the informal nature of the session and the calculated effort to hold down expectations , the meeting could pay significant political dividends for both leaders .",0.8418168871555771,0.1468931481857925,0.8558182740159997,0.8504125561262418,0.8531068518142075
1599,Mr. Gorbachev badly needs a diversion from the serious economic problems and ethnic unrest he faces at home .,0.6904955515138802,0.11428853221235948,0.847897529064708,0.9270556445719027,0.8857114677876403
1600,"American officials have said that a meeting with the leader of the U.S. could help bolster his stature among Soviet politicians and academics , whose support he needs .",1.1154660532964416,0.17667915422685856,0.8107505952836739,0.8362870248228612,0.8233208457731415
1601,"For his part , Mr. Bush has been criticized regularly at home for moving too slowly and cautiously in reacting to Mr. Gorbachev 's reforms and the historic moves away from communism in Eastern Europe .",2.4730181212091717,0.3884883579283603,0.5695576421231123,0.6601378405077526,0.6115116420716394
1602,"A face-to-face meeting with Mr. Gorbachev should damp such criticism , though it will hardly eliminate it .",1.3480368059161334,0.2131234113641645,0.7336223041358625,0.8484675930748842,0.7868765886358354
1603,"Senate Majority Leader George Mitchell -LRB- D. , Maine -RRB- , who has been the most prominent Democratic critic of Mr. Bush 's handling of the Soviet relationship , praised the president for arranging the meeting .",1.7747230519661654,0.2857527535653313,0.6978875153840937,0.7313923916861009,0.7142472464346686
1604,But he added : `` The mere fact of a meeting does n't deal with the substance of policy . '',1.1195130954441384,0.17883897546198263,0.8338471838935995,0.8088550950705511,0.8211610245380171
1605,"Mr. Bush said that the December meeting , which was announced simultaneously in Moscow , will be held in the unusual setting of ships at sea to hold down the `` fanfare '' and force the two sides to limit participation to just small groups of advisers .",1.8313533999923592,0.2760281773809782,0.6943575470217367,0.7562247268624388,0.7239718226190218
1606,"`` By doing it in this manner we can have , I would say , more time without the press of social activities or mandatory joint appearances , things of that nature for public consumption , '' Mr. Bush said .",1.5623198158124696,0.24259176938452892,0.761696915399469,0.7531675697556097,0.757408230615471
1607,"Soviet Foreign Minister Eduard Shevardnadze , at a news conference in Moscow , said , `` As the two sides plan to hold a full-scale summit in late spring-early summer next year , they found it useful , I would say even necessary , to hold an interim informal meeting . ''",2.36650932589977,0.34370168823979214,0.6720779986795522,0.641242607503224,0.6562983117602079
1608,"Although no specific agreements are expected , Mr. Shevardnadze said `` that does n't mean they will be without an agenda . ''",2.029175411437266,0.32095544190918496,0.655768803954894,0.7040334084599705,0.6790445580908151
1609,"If the two leaders cover the subjects that have been featured in lower level U.S.-Soviet meetings , their talks would include human rights , Soviet reforms , regional disputes , relations with allies , economic cooperation , arms control , and joint efforts to fight narcotics , terrorism and pollution .",1.2926762629295272,0.2198134806680368,0.7754752442273749,0.7849553895344035,0.7801865193319634
1610,The president specifically mentioned U.S. economic advice to Moscow as a possible topic .,1.1078410717376377,0.19990330059593245,0.7654691745102163,0.8380055520134472,0.8000966994040676
1611,Mr. Gorbachev has for months been publicly urging the U.S. to drop its restrictions on Soviet trade .,1.4010711638263142,0.2348421017638524,0.6899287612066245,0.8588006566040054,0.7651578982361478
1612,"He recently told a small group of American businessmen in Moscow that he hoped to sign a general trade agreement with the U.S. , possibly at the 1990 summit .",1.2332154140783214,0.18416494361506347,0.8027011295368547,0.8294059315608197,0.8158350563849365
1613,"The Soviets hope a trade agreement would give them Most-Favored Nation status , which would lower the tariffs on Soviet exports to the U.S. .",1.4611730005192314,0.23466855528773822,0.7855164337980057,0.746157832230355,0.7653314447122616
1614,In an unusually candid article about the latest economic woe -- unemployment -- Pravda yesterday reported that three million Soviets have lost their jobs as a result of perestroika and the number could grow to 16 million by the year 2005 .,2.450137067014879,0.3916549868674984,0.5493408410507112,0.6815496011463829,0.6083450131325012
1615,Economists in Moscow are now proposing that the state start a system of unemployment benefits .,1.1784220607670823,0.19715229687641433,0.8275503772375028,0.7795770499508918,0.8028477031235856
1616,But one Bush administration official knowledgeable about the summit plan cautioned against assuming that there will be bold new initiatives on the Soviet economy or other issues .,1.2854616015964027,0.21026379379418403,0.7461476833741949,0.8387334104107623,0.7897362062058161
1617,"`` Do n't take this as some big opening for major movement on economic cooperation , or arms control , or the environment , '' he said .",1.4380236609460866,0.2324768262581607,0.7721838739293242,0.7629183975498649,0.7675231737418393
1618,"`` Those things will all come up , but in a fairly informal way . ''",1.5471804688852169,0.249431804540532,0.7883378942010579,0.7162521634199334,0.750568195459468
1619,"Instead , this official said , `` This is vintage George Bush .",1.0769230769230784,0.17900196329061022,0.8892142185244477,0.7625025561793025,0.8209980367093899
1620,This was George Bush 's own idea .,1.0,0.2,0.7272727272727272,0.8888888888888888,0.7999999999999999
1621,It 's George Bush wanting to meet a foreign leader and talk to him directly . '',1.7358691179015846,0.2952330063395299,0.6208527412342514,0.814909955359824,0.7047669936604702
1622,"Aside from the Soviet economic plight and talks on cutting strategic and chemical arms , one other issue the Soviets are likely to want to raise is naval force reductions .",1.6549344809292403,0.2763895002851163,0.6796706274446856,0.7736243659185399,0.7236104997148838
1623,"Western analysts say that , given the meeting 's setting at sea , Gorbachev is unlikely to pass up the opportunity to press once again for negotiated cuts in the navies of both the North Atlantic Treaty Organization and the Warsaw Pact .",2.1707457889793984,0.3418637919691954,0.6516064370048942,0.664798173916332,0.6581362080308043
1624,That theme has been a recurring one for Soviet military officials for much of this year .,1.220875735421381,0.21801512931489922,0.8230957588334618,0.7447853274222479,0.781984870685101
1625,They argue that as the Kremlin follows through on announced plans to cut land forces -- the Soviets ' area of greatest strength -- the U.S. should show more willingness to cut sea forces -- Washington 's area of greatest superiority .,2.304289699219449,0.3905372814207922,0.5598219494688856,0.6687636086533509,0.6094627185792078
1626,"One of the reasons Bush administration aides are anxious to insist that the coming meeting will be informal is to avoid comparisons with the last such loosely structured superpower gathering , former President Reagan 's 1986 meeting with Mr. Gorbachev in Reykjavik , Iceland .",2.2810045092020936,0.36352189240050803,0.6063454464335375,0.6697623033795932,0.6364781075994921
1627,That meeting sent shivers through the Western alliance because Mr. Reagan was pulled into discussing the possible elimination of nuclear weapons without consulting American allies .,1.208073443623734,0.21400168160414237,0.7472561319757163,0.8289774207384826,0.7859983183958578
1628,"Mr. Bush said that he initiated talks with the Soviets on the informal meeting by sending a proposal to Mr. Gorbachev last July , which the Soviet leader readily accepted .",1.55692459698356,0.2464042183620137,0.7488357043910674,0.7584167621978746,0.753595781637986
1629,"But word of the possible session was closely held by the president and a handful of top aides , and word of it did n't reach many second-level officials until the past few days .",0.6513351852037097,0.10727647790507061,0.8650556300682766,0.9222197481523344,0.8927235220949289
1630,"Indeed , many senior officials had been insisting for weeks that Mr. Bush was n't interested in such an informal get-together .",1.5963370672165347,0.25901986261008875,0.7001828093558403,0.7868258688901404,0.7409801373899113
1631,"Though President Bush 's political critics at home have been urging him to open a more direct dialogue with Mr. Gorbachev , it actually was the arguments of leaders within the Soviet bloc itself that led the president to seek the December meeting .",1.4477201551497103,0.22733571082951273,0.7222666001778548,0.8306227597784421,0.772664289170487
1632,"Mr. Bush decided he wanted the meeting after talking in Europe in July with the leaders of Poland and Hungary , who urged him to support Mr. Gorbachev 's efforts to transform the Soviet system and to urge him to loosen his grip on Eastern Europe , a senior aide said .",2.002122884149923,0.31342125767827395,0.680459128850603,0.692809426457349,0.6865787423217259
1633,"While flying home from those discussions , Mr. Bush drafted a letter to Mr. Gorbachev suggesting an informal get-together to precede their formal summit next year .",2.474444442610176,0.4229714448698402,0.5222396564512676,0.6446608319340601,0.57702855513016
1634,Peter Gumbel in Moscow contributed to this article .,1.7233083338141046,0.3732898904302688,0.5979281899790007,0.658403051997393,0.6267101095697312
1635,"Banca Nazionale del Lavoro said its potential losses from lending to Iraq could reach 1.175 trillion lire -LRB- $ 872 million -RRB- , marking the bank 's first quantification of potential costs of unauthorized lending by its Atlanta branch .",2.852319757870228,0.4570615852188618,0.4853654597046059,0.6160078786575439,0.5429384147811382
1636,BNL previously reported that its Georgia branch had taken on loan commitments topping $ 3 billion without the Rome-based management 's approval .,1.7921426499510273,0.2759823092244203,0.6785833695050143,0.7759726806156493,0.7240176907755796
1637,"State-owned BNL , Italy 's largest bank , has filed charges against the branch 's former manager , Christopher Drogoul , and a former branch vice president , alleging fraud and breach of their fiduciary duties .",1.8580918804553015,0.3150348772816137,0.6532518639221787,0.7199146431890283,0.6849651227183864
1638,"BNL also said that its board had approved `` after an in-depth discussion , '' a letter to the Bank of Italy outlining measures the state-owned bank has taken or plans to take to improve controls on its foreign branches .",1.5915621895985188,0.24642132106948073,0.7270357977218465,0.782133070966067,0.7535786789305192
1639,The central bank had ordered BNL to come up with a suitable program by yesterday .,0.969360937770432,0.17047371172380626,0.7782050402297956,0.8880945558031834,0.8295262882761936
1640,"Bank of Italy has also ordered BNL to shore up its capital base to account for potential foreign loan losses , and the Rome bank has outlined a 3 trillion lire capital-raising operation .",2.169628304574018,0.3396904210869922,0.6085654166762627,0.7216706812512138,0.6603095789130078
1641,BNL was unable to elaborate on what measures were planned by the bank to improve controls on its branches abroad .,1.405227381158424,0.23063880208336016,0.7007410413367255,0.8528795361659142,0.7693611979166396
1642,Hardly a day passes without news photos of the police dragging limp protesters from some building or thoroughfare in one of our cities .,1.7693497269462566,0.3354369668431702,0.6215766172997422,0.7139368089921235,0.6645630331568299
1643,"Of recent note are the activities of the pro- and anti-abortionists , anti-nuclear activists , animal rights protesters , college students concerned about racism , anti-apartheid groups , various self-styled `` environmentalists '' and those dissatisfied with the pace of the war against AIDS .",1.8886653100213011,0.3499113163329376,0.6561633766778826,0.6441254366659626,0.6500886836670625
1644,"Maybe he did n't start it , but Mohandas Gandhi certainly provided a recognizable beginning to non-violent civil disobedience as we know it today .",2.1549721192370876,0.3435669842130626,0.585975103646322,0.746150488869507,0.6564330157869374
1645,"The Mahatma , or `` great souled one , '' instigated several campaigns of passive resistance against the British government in India .",1.4904641277171278,0.26409735298564124,0.705719371016101,0.7687831294437931,0.7359026470143588
1646,"Unfortunately , according to Webster 's Biographical Dictionary , `` His policies went beyond his control and resulted ... in riots and disturbances '' and later a renewed campaign of civil disobedience `` resulted in rioting and a second imprisonment . ''",2.261689868976959,0.3616489532889696,0.6232929452725949,0.654154736539308,0.6383510467110303
1647,"I am not a proponent of everything Gandhi did , but some of his law breaking was justified because India was then under occupation by a foreign power , and Indians were not able to participate fully in decisions that vitally affected them .",2.6847533265785963,0.42179640298495524,0.535120201275494,0.6288318713797985,0.5782035970150445
1648,"It is difficult , however , to justify civil disobedience , non-violent or not , where citizens have full recourse to the ballot box to effect change .",1.7782303550650305,0.3028581622590277,0.6835532531213558,0.7112816443597352,0.6971418377409723
1649,"Where truly representative governments are safeguarded by constitutional protections of human rights and an independent judiciary to construe those rights , there is no excuse for breaking the law because some individual or group disagrees with it .",2.1365572556520394,0.3520264069303759,0.598171945679381,0.7068209677376573,0.6479735930696239
1650,There may be a few cases where the law breaking is well pinpointed and so completely non-invasive of the rights of others that it is difficult to criticize it .,1.7794692661751395,0.2809543287237623,0.6825327813595529,0.7596859608217186,0.7190456712762379
1651,"The case of Rosa Parks , the black woman who refused to sit at the back of the bus , comes to mind as an illustration .",0.8381181660403971,0.14239767095253994,0.8647808160367921,0.8505420371970006,0.8576023290474604
1652,But most cases of non-violent civil disobedience are not nearly so benign .,0.7111624998335806,0.13310642611541287,0.8338213277866718,0.902697695639867,0.8668935738845874
1653,The public has a tendency to equate lawful demonstrations with non-violent civil disobedience .,0.42857142857142794,0.07989755768104938,0.9452775652503478,0.8962334867511546,0.9201024423189507
1654,"It is true that both are non-violent , but there is a fundamental difference between them .",1.7514375006363156,0.2830288582518526,0.7362515964568717,0.6986747245351237,0.7169711417481476
1655,"Lawful demonstrations , such as peaceful picketing and other assemblages that do not disturb the peace or cause a public nuisance or interfere with the rights of others , are rights guaranteed by any truly free system of government .",1.4028969475278341,0.23396173699479672,0.7443536575009511,0.7890242169332624,0.7660382630052033
1656,"Civil disobedience , violent or non-violent , is intentional law breaking .",1.1887218755408666,0.2386415180219627,0.8920065934844118,0.6640919780795519,0.7613584819780372
1657,"The subject of this discussion is non-violent civil disobedience ; but , before we get on with that , let me make just a few tangential remarks about lawful demonstrations .",1.9847028204945305,0.32569641170951064,0.6576055043283096,0.6918717698647353,0.6743035882904893
1658,"They are useful to call public attention to grievances , but they have little value in educating anyone about the issues in dispute .",1.9895252484106027,0.32190882918773467,0.6780911708122656,0.6780911708122656,0.6780911708122656
1659,"The delight of television in dramatic confrontation encourages overuse of slogans chanted through bullhorns , militant gestures , accusatory signs and other emotionally inspired tactics .",1.8374783658006666,0.3489737010465349,0.6619770406240798,0.6404319662357623,0.6510262989534651
1660,Civilized discourse and an environment where compromise can begin are lost in a hostile posture abetted by superficial media interviews .,1.5723595242216115,0.26216810303191557,0.7589823490171265,0.7178282794612315,0.7378318969680844
1661,"At best , demonstrations are overused and boringly uninformative ; at worst , they can become the stimuli that lead to law breaking .",1.4470439980500238,0.2349107424497447,0.7588309239630641,0.7714516787425215,0.7650892575502555
1662,Demonstrations are particularly apt to degenerate into criminal conduct when they leave the site of the grievance and become mobile .,1.5645120462987299,0.2636753961365934,0.7005420126831478,0.7759593971792249,0.7363246038634063
1663,"Petty criminals and street people looking for excitement attach themselves like remora to the fringes of the crowd and use the protest as an excuse for rock throwing , auto trashing , arson , window breaking , looting , pocket picking and general hooliganism .",1.4309343172848674,0.2796015359376703,0.7529910657376679,0.6905102915344701,0.72039846406233
1664,Soon the whole purpose of the demonstration is lost in mob mania .,0.5573163459874255,0.09601701855765028,0.9446071092622239,0.8667089702225401,0.9039829814423498
1665,There are better ways to promote a cause .,0.6666666666666679,0.12750047008764365,0.8369298789150039,0.9112268122170702,0.8724995299123565
1666,"Where non-violent civil disobedience is the centerpiece , rather than a lawful demonstration that may only attract crime , it is difficult to justify .",1.2145811190640092,0.18940126525643,0.8268198990151825,0.7950018014419192,0.8105987347435698
1667,"Some find no harm in the misdemeanors of trespass , minor property destruction , blocking traffic and the like .",1.8692038992627067,0.3353041233520639,0.7102111274953428,0.6246631340709043,0.6646958766479361
1668,They say these are small prices to pay for galvanizing action for the all-important cause .,1.3443609377704329,0.23133653371573148,0.7563816785312132,0.7813506896845547,0.7686634662842684
1669,"The crimes may appear small , but the prices can be huge .",0.8272990386279604,0.13885059653290271,0.923699408798897,0.8065335030603825,0.8611494034670973
1670,Here are two cases to illustrate .,0.5714285714285721,0.11330491807453026,0.8866950819254699,0.8866950819254699,0.88669508192547
1671,Assume a neighborhood demonstration to protest speeding on a certain road or a careless accident involving a police car .,1.358062972936509,0.2569269960486378,0.7548654493193127,0.7316433325630962,0.7430730039513622
1672,"The protesters lie down in the street , blocking traffic , and will not move until the authorities carry them away .",1.210417749231393,0.19354606609444291,0.7858370589156899,0.8281817454422543,0.8064539339055568
1673,Assume that someone caught in the jam has a heart attack .,0.959147917027245,0.1631913392366733,0.9365276331003515,0.7562817868935485,0.8368086607633263
1674,There is no way to get an ambulance in quickly to move him to a hospital .,1.707032353450229,0.2962563522575726,0.7002392057827563,0.7072833430412065,0.7037436477424275
1675,He dies .,4.440892098500626e-16,1.4009454786722165e-16,1.0,1.0,1.0
1676,"The demonstration was non-violent and involved only a simple misdemeanor , but its impact on that individual was violent and terminal .",1.6083671811479157,0.27791204569037503,0.6981554097212491,0.7477195415146037,0.7220879543096248
1677,Assume that a TV network is airing a celebrity interview program with a live audience .,0.8278195311147831,0.1536100445792764,0.8743244259459453,0.8201852204438606,0.8463899554207237
1678,The politician appearing is highly controversial and has recently generated a good deal of rancor amid certain groups .,1.1254777886975846,0.19086592831229465,0.792410367192528,0.826578898010785,0.8091340716877051
1679,"In a planned protest against his appearance , several members of the studio audience chain themselves in front of the TV cameras in such a way that the program can not continue .",1.457973755710749,0.24511556245514335,0.7768281937420473,0.7341463532195399,0.7548844375448568
1680,The network must refund money to the advertisers and loses considerable revenue and prestige .,1.0909685317733526,0.20242558988731046,0.786433438313918,0.809035573988598,0.7975744101126897
1681,"The demonstrators have been non-violent , but the result of their trespasses has been to seriously impair the rights of others unconnected with their dispute .",1.173316824102944,0.18902501546161624,0.775022045891594,0.8504258742824892,0.8109749845383835
1682,"It might be alleged that TV has done more than its share to popularize and promote non-violent civil disobedience , so the second situation hypothesized above would be simply a case of `` chickens coming home to roost . ''",2.017572048922946,0.320874006165813,0.6538682531710281,0.706413460220074,0.6791259938341868
1683,Or maybe the TV network would lose nothing .,0.44444444444444464,0.07538827312875093,0.9246117268712489,0.9246117268712489,0.9246117268712489
1684,Geraldo or Phil would probably pull up another camera and interview the chained protesters .,0.9836591668108987,0.16312425566674527,0.7787213119006942,0.90441705842224,0.8368757443332548
1685,"Let us look for a moment at another type of non-violent civil disobedience that only harms other people indirectly , yet does irreparable damage to the nation as a whole .",1.498851401506779,0.25477635116083686,0.7587242327807531,0.7321951185348482,0.745223648839163
1686,I am referring to those young men who chose to disobey their country 's call to arms during the Vietnam war and fled to Canada or some other sanctuary to avoid combat .,2.145757574256811,0.3556496015536607,0.5998288736505848,0.6960109109548503,0.6443503984463393
1687,"Their cowardly acts of civil disobedience , which they tried to hide under the cloak of outrage at a war they characterized as `` immoral , '' weakened the national fabric and threw additional burdens on those who served honorably in that conflict .",1.082240403412265,0.1763368570625283,0.827936749637273,0.8194334282995407,0.8236631429374719
1688,"Even more at fault are those leaders in and out of government who urged and supported their defections , thereby giving great help and comfort to the enemy propagandists .",2.2249270782287573,0.3811192366490896,0.6100057087853565,0.6280178793934115,0.6188807633509104
1689,It is amazing that the ensuing mass executions in Vietnam and Cambodia do not weight more heavily on minds so morally fine-tuned .,1.853443064482203,0.2881423756535826,0.6538736022057708,0.7811261090320857,0.7118576243464172
1690,"Worse , it remained to a well-meaning but naive president of the United States to administer the final infamy upon those who fought and died in Vietnam .",1.9815694091201443,0.3078709954919911,0.6903500824545807,0.6939171182437324,0.6921290045080087
1691,"Under the guise of `` healing the wounds of the nation , '' President Carter pardoned thousands of draft evaders , thus giving dignity to their allegations of the war 's `` immorality . ''",1.8901422262406022,0.3293015397277955,0.6989344614564739,0.6446552647747409,0.6706984602722043
1692,"The precedent having been set , who can complain if future generations called upon to defend the U.S. yield to the temptation to avoid the danger of combat by simply declaring the war immoral and hiding until it is over ?",2.046668365810609,0.32604599970014997,0.6206012118141071,0.7373430266035933,0.6739540002998502
1693,"Finally , I think it important to point out the extraordinarily high visibility of non-violent civil disobedience in these days of intensive media coverage .",1.6952216163041518,0.28289098528140016,0.7173868548086046,0.7168313897572371,0.7171090147185999
1694,"Give television a chance to cover live any breaking of the law , and no second invitation will be required .",1.7490026644381214,0.2875111677412725,0.7124888322587274,0.7124888322587274,0.7124888322587274
1695,This brings into question the motives of those who lead civil disobedience demonstrations .,0.6253491072973913,0.11468091758336055,0.9246229242101135,0.8492204467326112,0.8853190824166396
1696,Do they want the spotlight for themselves or for their cause ?,1.0220552088742005,0.18646548675499272,0.7808303232840994,0.8490980179480644,0.8135345132450071
1697,"Here is a good rule of thumb : If the movement produced the leader , the chance that he is sincere is much greater than if the leader produced the movement .",1.2066618141277239,0.19565360772699833,0.8468990729923946,0.7658652772767637,0.8043463922730014
1698,"In either case , ask yourself whether you have become better informed on the issues under protest by watching the act of civil disobedience .",1.4456683780030515,0.24124665938077047,0.7196435359720742,0.8023583723187184,0.7587533406192295
1699,"If you have not , it is probable that a thorough airing of the dispute by calm and rational debate would have been the better course .",1.466066997239774,0.22533006230876054,0.7622823721359928,0.7874667653964271,0.7746699376912393
1700,Mr. Agnew was vice president of the U.S. from 1969 until he resigned in 1973 .,1.6171439363079498,0.27489095752124165,0.7037644602003379,0.7477888472715858,0.7251090424787581
1701,Gov. George Deukmejian and key legislators agreed to back a temporary one-quarter-cent increase in the state sales tax to raise $ 800 million for repairs and relief associated with last month 's earthquake .,2.012631163025617,0.32774462928379827,0.6487327774181594,0.6975479684368172,0.6722553707162019
1702,"The tax increase , which will be considered at a special session of the state legislature that begins tomorrow , would cover only part of the estimated $ 4 billion to $ 6 billion in total damage caused by the Oct. 17 quake .",1.8868901008684746,0.2907232873998633,0.7078141368502614,0.7107453451861313,0.7092767126001366
1703,"Aside from as much as $ 3.45 billion in recently approved federal aid , the state is expected to draw from a gubernatorial emergency fund that currently stands at an estimated $ 700 million .",1.6883881122800224,0.2494066542007953,0.7485240177035606,0.752674147113054,0.7505933457992043
1704,"`` I am not aware that there is anything but bipartisan agreement for the general outline '' of the revenue-raising plan , said a spokesman for the governor , after a Monday meeting with legislative leaders over the quake-relief question .",1.6509938914849887,0.2590478236638369,0.7562452061377536,0.7262654075067921,0.7409521763361634
1705,"The tax increase -- on top of the current six-cent per dollar sales tax -- would become effective this Dec. 1 and expire Dec. 31 , 1990 .",2.182836267098705,0.36475454715279887,0.6042677861649073,0.6695708689515342,0.6352454528472011
1706,The sales-tax plan was preferred over an alternative that would have boosted the state gasoline tax .,1.3385227942449118,0.24415298960323814,0.8293955731342076,0.6942801215322459,0.7558470103967623
1707,Some legislators expressed concern that a gas-tax increase would take too long and possibly damage chances of a major gas-tax-increasing ballot initiative that voters will consider next June .,2.2334793080402413,0.37230550447114713,0.602545909198142,0.6550337792160821,0.6276944955288529
1708,"Despite continuing problems in its newsprint business , Kimberly-Clark Corp. posted a 20 % gain in third-quarter net income .",1.8762893717665232,0.3370034762219101,0.5946572524883323,0.7490826939664169,0.66299652377809
1709,"The consumer-products and newsprint company said net rose to $ 108.8 million , or $ 1.35 a share , from $ 90.5 million , or $ 1.12 a share , a year ago .",1.5591904368633278,0.2699131545041293,0.7067328598680257,0.7550370427283312,0.7300868454958707
1710,Sales rose 6.2 % to $ 1.45 billion from $ 1.37 billion .,1.2588098443538676,0.26251654604223573,0.7728776866420589,0.7051890486393737,0.7374834539577639
1711,"After a flat second quarter tied largely to lower newsprint earnings , Kimberly-Clark attributed the gain to improved results in its consumer businesses in North America , Brazil and Korea .",2.0907336746172067,0.34917203201437313,0.6395577600197104,0.6625025054251412,0.6508279679856268
1712,"Those gains came from higher prices , particularly for disposable diapers and tissue products , and from increased sales , primarily for feminine-care products , the company said .",1.243380051384257,0.21542307128227606,0.8030887344093289,0.7668993166110494,0.784576928717724
1713,"Newsprint results continued to be depressed , the company added , because of industrywide price discounting .",1.3214349086300103,0.24028712323015325,0.8004223274277211,0.7229439724473824,0.759712876769847
1714,"The quarter-to-quarter comparison was also enhanced by charges taken in the year-earlier period , including $ 11 million related to the modernization of a pulp and newsprint mill in Alabama .",1.9742936593127913,0.3018830598266425,0.7019929902747316,0.6942834582072293,0.6981169401733575
1715,"In the 1989 period also , interest expense and tax rates were lower than a year ago .",1.513617360990919,0.2623439629630736,0.7430571958694023,0.7323328318181694,0.7376560370369263
1716,"In the first nine months , profit rose 10 % to $ 313.2 million , or $ 3.89 a share , from $ 283.9 million , or $ 3.53 a share .",1.3441398391672852,0.23128968749289644,0.7663453058484683,0.7710899615760235,0.7687103125071031
1717,Sales rose 6.7 % to $ 4.27 billion from $ 4 billion .,1.2588098443538676,0.26251654604223573,0.7728776866420589,0.7051890486393737,0.7374834539577639
1718,"In New York Stock Exchange composite trading , Kimberly-Clark closed at $ 66.50 a share , up $ 1.50 .",1.598708422551855,0.2644614299124567,0.7163122909523416,0.7558254064656628,0.7355385700875433
1719,"INTENSIVE AUDITS are coming to 55,500 taxpayers as research guinea pigs .",1.3637106647166894,0.26533670903786877,0.7703193376265074,0.7021620643791417,0.7346632909621312
1720,"This is the year : Unsuspecting filers of 1988 personal returns are being picked randomly for thorough audits to help the IRS update its criteria for enforcement , audit selection , and use of resources .",1.4577128309737484,0.23194837529197523,0.7354193972800792,0.8037142497089167,0.7680516247080243
1721,The last Taxpayer Compliance Measurement Program survey covered 1985 returns .,1.5917977276660848,0.3207052384253009,0.6610158802871774,0.6986133138369532,0.679294761574699
1722,"The 1988-return project starts Jan. 1 and is to be done by May 31 , 1991 .",1.398496324165726,0.221777919373163,0.7451696458974042,0.8143427277921175,0.778222080626837
1723,Specially trained IRS agents will look for under-reported income and unsupported deductions and credits .,1.149674166522436,0.20915378617147723,0.7435460774206336,0.8445731105876482,0.7908462138285228
1724,The agents will make more than routine inquiries about such items as marital status and dependents ; they want to look at living standards and business assets .,1.6668226593948967,0.2911444117298686,0.6986507930626423,0.7193629136558805,0.7088555882701313
1725,But they also are to see that taxpayers get all allowable tax benefits and to ask if filers who sought IRS aid were satisfied with it .,2.0829196650936117,0.3609772854629998,0.5624214204953173,0.7397801022823085,0.6390227145370005
1726,"Courts have ruled that taxpayers must submit to TCMP audits , but the IRS will excuse from the fullscale rigors anyone who was audited without change for either 1986 or 1987 .",2.011891887737618,0.31008914354173395,0.6532507980365183,0.7309302404330564,0.6899108564582662
1727,Rewards have been suggested -- but never adopted -- for filers who come through TCMP audits without change .,2.098647525311958,0.38326978645506377,0.5683565684922721,0.6741041908400605,0.6167302135449363
1728,"PENALTY OVERHAUL is still likely , congressional sources say .",1.3509775004326938,0.2761109739702879,0.7883367065555108,0.6691823857670236,0.7238890260297121
1729,Long-debated proposals to simplify the more than 150 civil penalties and make them fairer and easier to administer are in the House tax bill .,1.6291622381280213,0.27161037240985186,0.6785272309599669,0.7861616716570465,0.7283896275901481
1730,But they were stripped from the Senate bill after staffers estimated penalty revenue would fall by $ 216 million over five years .,1.2862525619771263,0.20403996579682332,0.7575821200683185,0.8384337650231747,0.7959600342031766
1731,"Still , congressional aides say penalty reform is a strong candidate for enactment , even if not this time around , although some provisions may be modified .",1.9270711050307145,0.31642307656418356,0.6723216000887959,0.6952155133571664,0.6835769234358161
1732,"Sen. Pryor -LRB- D. , Ark. -RRB- , a leader on the issue who generally backs the House plan , wants some changes -- for one , separate sanctions for negligence and large misstatements of tax owed , not a single penalty .",2.1697088600811423,0.36256071258456135,0.6141595041750406,0.6625534484099512,0.6374392874154388
1733,He would ease the proposed penalties for delayed payroll-tax deposits and for faulty Form 1099 and other reports that taxpayers correct voluntarily .,1.8036497154506108,0.30260342590476885,0.6614744153933608,0.7374443720926174,0.6973965740952314
1734,The General Accounting Office urges Congress to ensure that all penalties retain their force as deterrents .,1.824679412273758,0.33733700615134277,0.6096256561298283,0.725808194414237,0.6626629938486571
1735,TAXPAYERS ' RIGHTS are defined by a growing number of states .,0.666666666666667,0.12397464251161332,0.911188669681059,0.8434751502461817,0.8760253574883868
1736,The 1988 tax act created a federal bill of rights spelling out IRS duties to protect taxpayers ' rights in the assessment and collection of taxes .,1.778269202531293,0.3143244652547416,0.6922231602197316,0.6792506144560388,0.6856755347452588
1737,States are following suit .,0.40000000000000036,0.09425390072448082,1.0,0.8277293767706427,0.9057460992755192
1738,California enacted a rights law in 1988 .,0.34436093777043375,0.06679306553735245,0.8747778408107515,1.0000000000000002,0.9332069344626478
1739,"In 1989 , Illinois , Kansas , Ohio , Oregon and South Carolina have adopted rights laws , the Federation of Tax Administrators , a state officials ' group , reports ; the features vary .",1.8774437510817346,0.33405794458168864,0.6602181471889087,0.6717660810313929,0.6659420554183115
1740,And taxpayer groups are urging legislation in many other states .,0.840464772530594,0.17328323442308036,0.7861248328849513,0.8717289056111603,0.8267167655769196
1741,"One group is the Committee on State Taxation , which comprises 330 multistate corporations and advises the Council of State Chambers of Commerce .",1.4487874972152905,0.2514387565770273,0.7287912282393647,0.769433774280761,0.7485612434229728
1742,"The group 's Mark Cahoon says its efforts begun in 1989 have led to the introduction of bills in Massachusetts , Minnesota and Colorado to establish evenhanded procedures affecting all kinds of taxpayers .",2.0128181745614286,0.32791650656043725,0.6390791107595291,0.7086824469724081,0.6720834934395628
1743,The group also seeks uniformity among states in provisions for taxpayers ' rights .,0.8149935381583626,0.16785018379987288,0.8560795627880567,0.8095214939622848,0.8321498162001273
1744,"This week , New York City announced a 10-point policy patterned on the federal bill of rights for taxpayers .",1.6069482743708812,0.2889457217017205,0.7247364793948675,0.6978791137428658,0.7110542782982794
1745,"THE MILEAGE RATE allowed for business use of a car in 1989 has risen to 25.5 cents a mile for the first 15,000 from 24 cents in 1988 , the IRS says ; the rate stays 11 cents for each added mile .",2.216621108248296,0.3826282874224756,0.6421324270957054,0.5944496523959796,0.617371712577524
1746,Also unaltered : 12 cents for charitable activities and nine cents for medical and moving costs .,1.5493350839786695,0.31120321291531233,0.6459809412343673,0.7376912229260659,0.6887967870846878
1747,"IRA BALANCES could be used to qualify for bank services under a bill entered by Reps. Chandler -LRB- R. , Wash . -RRB- and Andrews -LRB- D. , Texas -RRB- .",2.444941738854177,0.4372821906979661,0.5665988812970554,0.5588895444906602,0.5627178093020337
1748,The bill would thwart a recent Labor Department opinion that investing individual-retirement-account funds to earn free checking violates the law .,0.8697458336423995,0.15349308702964393,0.8397699013878884,0.853352893419762,0.846506912970356
1749,HUGO FELLED vast timberlands .,0.40000000000000036,0.09425390072448082,0.8277293767706427,1.0,0.9057460992755192
1750,South Carolina 's congressional delegation has entered Senate and House bills to provide special casualty-loss treatment and other tax relief for timber growers in the hurricane disaster areas .,1.9865393267047171,0.3525159677683915,0.632391936875074,0.6633140877395353,0.6474840322316086
1751,"HE RODE HIS HOBBY , but he could n't milk it , the Tax Court says .",1.9423264710972883,0.3370917686812217,0.6496439898916061,0.6767254133480453,0.6629082313187784
1752,The court often weighs deductions of sideline-business costs : Do they stem from a profit-seeking activity or a nondeductible hobby ?,0.6073755953411171,0.10043741389037715,0.8771484629981192,0.9231522625864546,0.8995625861096228
1753,But it 's rare to see both functions in one case .,1.1666666666666679,0.19433890757430958,0.7437182131064514,0.8788596453025052,0.8056610924256907
1754,"Charles O. Givens of Mount Vernon , Ind. - investment broker , ex-accountant , and son of a former stable owner - bred Tennessee Walking Horses for six years , raised cattle for four , and never made a profit on either .",2.0709351215665097,0.3588557320216089,0.6210287891165972,0.6626064718433893,0.6411442679783911
1755,"He claimed losses totaling $ 42,455 -- and the IRS denied them all .",1.1428571428571432,0.19729663457490648,0.7649717761788735,0.8443502301267316,0.8027033654250937
1756,"Special Judge Galloway noted that Givens managed horse-breeding in a businesslike way : He kept detailed accounts , practiced soil conservation , enhanced his experience by consulting experts , spent several hours a day doing chores , and dropped the sideline when his best brood mare died .",2.220401450936032,0.37002151589691984,0.632828236940505,0.6271542822249931,0.6299784841030802
1757,Yet he took little businesslike care with his cattle : He had no prior experience and did n't seek business counsel about them .,1.9978473709197582,0.3326745468285158,0.619131356012239,0.7236558944385251,0.6673254531714842
1758,"The judge said Givens may deduct his $ 30,180 of losses from horse breeding , but rejected the $ 12,275 in deductions from the cattle operation .",1.0293775520177606,0.16117471155591612,0.8486682638941093,0.8292080157251815,0.8388252884440841
1759,BRIEFS :,0.0,0.0,1.0,1.0,1.0
1760,"The IRS already is doing intensive TCMP audits of 19,000 returns for 1987 and fiscal 1988 filed by corporations with under $ 10 million in assets ... .",1.741245982220124,0.28642589199156787,0.6638314943456584,0.7713752542121386,0.7135741080084321
1761,"President Bush says he will name Donald E. Kirkendall to the new Treasury post of inspector general , which has responsibilities for the IRS ... .",2.0296499974294995,0.3369091882921717,0.6806548694376353,0.6464104198654171,0.6630908117078284
1762,"The U.S. and Finland signed an income-tax treaty , subject to ratification .",1.7503759617048829,0.3097734510880596,0.6787219889165527,0.7021278458477925,0.6902265489119402
1763,"An arbitrator awarded Eastern Airlines pilots between $ 60 million and $ 100 million in back pay , a decision that could complicate the carrier 's bankruptcy-law reorganization .",1.9290337417191923,0.29350208645078213,0.6837245726786318,0.7308405836817806,0.706497913549218
1764,"Eastern , a unit of Texas Air Corp. , said it is examining the ruling to determine if it can appeal .",1.21613125009834,0.1858619409991311,0.8449245414759675,0.7855162346772989,0.814138059000869
1765,"It 's unclear whether Eastern will succeed in overturning the arbitrator 's decision , made in a long-simmering `` pay parity '' dispute that predates both the carrier 's Chapter 11 petition and its 1986 acquisition by Texas Air .",2.9629876473755337,0.45546728123944324,0.5162768895945317,0.5760605045964785,0.5445327187605568
1766,All Eastern 's previous court efforts to head off the pilots ' demands have failed .,0.819963467422733,0.1443588369053468,0.822954639445862,0.8910316015462457,0.8556411630946529
1767,An Eastern spokesman said he does n't expect that the arbitrator 's ruling `` will have any overall material effect on the company 's strategic plan . '',1.4955108207474002,0.23954420655738995,0.7378937802019272,0.7844410468216002,0.76045579344261
1768,Bankruptcy experts said the law is n't clear on how such an arbitration ruling can affect a company 's case .,1.5198165219473152,0.2630265880874285,0.7568524272279361,0.7181119304017213,0.7369734119125715
1769,"Like any other creditor , the pilots will have to apply to the court for payment of their claim .",1.0132331253245201,0.1726221442146499,0.8362473835167137,0.818694499981516,0.8273778557853501
1770,"That may leave a lot of leeway for U.S. Bankruptcy Judge Burton R. Lifland to decide what , if anything , the pilots actually collect .",1.0580682693971895,0.16505113090895956,0.8315068075529513,0.8384195462360341,0.8349488690910399
1771,"In August , he issued the ruling that let the pilots pursue their back-pay grievance before the arbitrator .",0.8407457079493206,0.15009433079618087,0.8896528997512017,0.8135581419374748,0.8499056692038189
1772,The pilots ' contract with Eastern calls for a mutually acceptable private arbitrator to resolve such grievances .,1.612197222702994,0.28704446930058936,0.6400833337217018,0.8045521734728827,0.7129555306994108
1773,"In a statement to employees , Eastern said the company was disappointed by the ruling .",1.4693609377704329,0.25840469031053515,0.7939552566959809,0.6957141876846293,0.7415953096894647
1774,"`` The obligation is totally unwarranted , '' the statement said .",1.3962406251802895,0.2566453183191383,0.8361488203385125,0.6690993609039565,0.7433546816808618
1775,"James Linsey , a lawyer for the Air Line Pilots Association , said the pilots were extremely pleased .",1.2770875003415982,0.21733413557584125,0.8452343978390499,0.7287221574752556,0.7826658644241584
1776,"`` This is a blow not only to Eastern but to the creditors committee , '' he said .",1.3876067356105386,0.2242893554622867,0.786655661901834,0.7650660115845254,0.7757106445377128
1777,"Eastern 's creditors committee , along with the company , has consistently opposed the pilots ' claim , which if paid would have to come out of money both hope to use to pay off other bankruptcy claims .",1.771700715191269,0.28272179779494677,0.7039898556893561,0.7310778554162648,0.7172782022050532
1778,"Eastern and its creditors are in the final , delicate stages of negotiating a second reorganization plan to pay off the airline 's debts .",1.476787381541759,0.23067040200696343,0.7665036334626838,0.7721764773041968,0.7693295979930364
1779,"An earlier plan , which had received the creditors ' approval in July , fell apart when Eastern changed its business plan .",1.4374519125487097,0.22990726024765823,0.7390421234950642,0.8038669501773474,0.770092739752342
1780,It is n't known whether the pilot claim was figured into either plan .,1.1078410717376395,0.17807644451083707,0.8034732983841155,0.8412410788254995,0.8219235554891632
1781,The dispute between Eastern and its pilots is over a `` pay parity '' clause in the pilots ' contract .,1.7960198105082794,0.3052931595542858,0.7357811387394703,0.6579759447978024,0.6947068404457141
1782,The clause was part of an agreement in which pilots accepted a substantial pay cut as long as no other labor group got a raise .,1.9629062476791295,0.3623192892862581,0.6297354442722468,0.6458290271906897,0.637680710713742
1783,"Shortly after Texas Air took control of Eastern , some Machinists union supervisors received a 20 % pay raise .",2.09371514904636,0.3563981399252956,0.6283350721351156,0.6596290031655895,0.6436018600747042
1784,The pilots argued that this triggered a pay raise for them .,1.522055208874201,0.2863947252124706,0.7052572608681729,0.7221532841487681,0.7136052747875292
1785,"Eastern has disputed the claim , but a federal district court , an appeals court and now the arbitrator have all sided with the pilots .",1.1467800573378373,0.18706810986570419,0.8491417274724029,0.7796839322848927,0.8129318901342958
1786,The two sides do n't even agree about how much money is at issue .,1.033985000288462,0.1682422333219723,0.769104755397845,0.9055237799577378,0.8317577666780276
1787,"The pilots put the amount as high as $ 100 million , the company at $ 65 million .",1.0665611845521257,0.1815068685750812,0.7987831394665762,0.8392004207082694,0.8184931314249185
1788,"Another arbitrator is hearing another pay parity case between Eastern and its pilots , resulting from a similar set of circumstances involving a separate pay raise granted another union .",2.1317026954910943,0.38313910249878375,0.6012549693576538,0.6332985353414841,0.6168608975012161
1789,A decision on that case is n't expected before mid-November .,0.614080682014861,0.11009943522349476,0.85165892203656,0.931737959110796,0.8899005647765051
1790,"Ironically , many of the pilots involved have left Eastern or are still striking the carrier , which filed for bankruptcy protection March 9 .",1.4545811190640094,0.2296922121028635,0.7145055681696847,0.8355646057646303,0.7703077878971364
1791,About 800 have crossed the picket lines and returned to work .,0.7704260414863775,0.1374038894451748,0.8469235616477178,0.878859645302505,0.8625961105548251
1792,Few people in the advertising business have raised as many hackles as Alvin A. Achenbaum .,1.303422060767085,0.2326618302052243,0.7881285094640712,0.747616511425287,0.7673381697947761
1793,"The general public may not know his name , but he 's famous -- make that infamous -- in advertising circles : A marketing consultant , he pioneered slashing ad agency commissions , to the delight of advertising clients and the dismay of agencies .",2.322040048361426,0.3837140323084139,0.6303926767494794,0.602796789836441,0.6162859676915862
1794,"Now , after beating them , Mr. Achenbaum is joining them .",1.2295739585136216,0.21929196984868393,0.8140380362325803,0.75,0.780708030151316
1795,"Backer Spielvogel Bates Worldwide named Mr. Achenbaum , 62 , vice chairman of professional services , reporting directly to Carl Spielvogel , chairman and chief executive officer .",2.2731693032765925,0.4299040591305835,0.5446406491073875,0.5980473426219247,0.5700959408694166
1796,"He joins Nov. 13 , dissolving his consulting firm , Canter , Achenbaum Associates .",1.707309364962454,0.3653962929278965,0.620356463447371,0.6495207440088788,0.6346037070721032
1797,"In years past , the ad industry 's most distinguished executives did n't hesitate to excorciate Mr. Achenbaum .",1.8086593671894873,0.29867467726401,0.6729313652546852,0.7322209715442115,0.7013253227359899
1798,"They have since mellowed , although one senior Young & Rubicam executive , echoing others , said : `` I think ad agencies owe Carl -LCB- Spielvogel -RCB- a vote of thanks for getting him out of the consulting business . ''",2.862378797254567,0.4524389559417581,0.5312821673616032,0.5648690474859441,0.5475610440582422
1799,"But industry executives also believe hiring Mr. Achenbaum is a shrewd move for Backer Spielvogel , a unit of Saatchi & Saatchi .",1.5810664337652298,0.2631115488513008,0.7513214261708281,0.7229995429126441,0.7368884511486993
1800,"Mr. Achenbaum has counted among his clients some of the most visible blue-chip advertisers in the country , including Nissan , Toyota , Seagram and Backer Spielvogel clients Hyundai and J.P. Morgan .",1.9755590727245664,0.32322394443954694,0.6708740277149412,0.6827828515246098,0.6767760555604527
1801,"At Backer Spielvogel , he will work with clients and potential clients on marketing strategies ; aside from agency compensation issues , he helped Nissan , for example , come up with its positioning and pricing for its new Infiniti line .",2.0330367145641985,0.35654067623927677,0.6205811779841148,0.6680888729131611,0.6434593237607233
1802,"His client contacts , meanwhile , could prove a gold mine for an agency that has had few new business wins of late .",1.3665304784220798,0.22150646301358465,0.8045586091858923,0.7540643150618334,0.7784935369864158
1803,"`` I 've done over 40 ad agency searches -LCB- for clients -RCB- , so I have a pretty good notion of what clients are interested in when they look for an agency , '' Mr. Achenbaum said .",2.591546955495463,0.3945416820381818,0.5962089099826275,0.6149992334391362,0.6054583179618183
1804,"As a consultant , he has given seminars at agencies including Ogilvy & Mather on how to win new business .",1.6004590702112758,0.24468659240889748,0.7059263833194707,0.8121305367994556,0.7553134075911023
1805,"Mr. Spielvogel said he hopes Mr. Achenbaum will do some strategic consulting at the agency for `` non-clients , in hopes that they become clients . ''",1.8047798501185408,0.2857588567444464,0.7248259769673062,0.7039610064644298,0.7142411432555537
1806,"At Backer Spielvogel , Mr. Spielvogel 's hallmark has been personal involvement with all major clients .",1.1091031160160796,0.19120681764926914,0.7860372727163936,0.8329059479187575,0.8087931823507309
1807,He pampers them ; he invites them to fabulous parties ; he strokes them .,1.591620198728481,0.3324063696324487,0.7138609114957257,0.6269587184206964,0.6675936303675511
1808,"Mr. Achenbaum , too , delves into his clients ' business .",0.959147917027245,0.17300303290438043,0.8028614027386388,0.8526286304340863,0.8269969670956194
1809,`` Carl has a much higher degree of intimacy with his clients than is ordinary for an agency his size .,1.0870914963481164,0.17815798775040717,0.7993251772252535,0.8456642087948365,0.8218420122495929
1810,"And with Al 's record of being a delver and a detail guy , you can see how the two fit , '' said Alan Gottesman , an analyst with PaineWebber .",1.9756025296523,0.3072459261534624,0.6551799314113972,0.7349001170149156,0.6927540738465375
1811,"Mr. Achenbaum 's move follows the announcement last month that his consulting partner , Stanley Canter , 66 , would retire .",1.8004382033834894,0.29651085860864684,0.6775243413799377,0.7315233481010929,0.7034891413913528
1812,"When the announcement came out , `` I picked up the phone and said , ` Why do n't you come to us ? ' '' Mr. Spielvogel said .",2.391620198728481,0.38750552098538665,0.602666066134027,0.6226487743664672,0.6124944790146134
1813,"Mr. Achenbaum , who had been considering paring down his firm or merging it with another small consulting outfit , soon agreed .",2.0443282612458207,0.3369260152634252,0.6105721685180042,0.7254542712766422,0.6630739847365749
1814,"The two men are longtime friends and tennis partners , having met about 25 years ago .",1.4102452030021828,0.2523608150808737,0.6845527669437204,0.8235336853903095,0.7476391849191266
1815,"Before becoming a consultant in 1974 , Mr. Achenbaum was a senior executive at J. Walter Thompson Co .",1.3015292606947666,0.2275145624891755,0.7605239504929537,0.7848291963594636,0.7724854375108242
1816,"He spent most of his career formulating marketing strategies , but became best-known for chipping away at ad agency compensation .",1.8394852610995556,0.33204171351070083,0.6398040098196066,0.6987044495012334,0.667958286489299
1817,"Ad agencies typically earned a straight 15 % commission ; if a client spent $ 100 million on TV time , the agency made $ 15 million .",1.6878973188871438,0.2817994391788707,0.714203494338684,0.7222426185619983,0.7182005608211292
1818,"But Mr. Achenbaum pioneered negotiated fees , which often worked out to less than 15 % .",1.9423264710972878,0.3116398801231332,0.642800018242715,0.7408712735194017,0.6883601198768668
1819,"More recently , he negotiated `` indemnification '' clauses in which an ad agency in some cases must pay a client if it drops the account .",1.9228202578108764,0.32423533142589295,0.6829185491176976,0.6687591145093967,0.6757646685741071
1820,"He ultimately became so well-known for cutting compensation , however , that clients did n't seek him out for anything else .",2.4124226278938243,0.4454636852662315,0.4646947877998786,0.6874426929279409,0.5545363147337684
1821,"`` I was very frustrated , '' he said .",1.875488750216347,0.39331884004099427,0.6816627519830243,0.5465605503423414,0.6066811599590057
1822,"`` The fact of the matter is , I am a marketer .",0.8853673080251507,0.1530720417775681,0.9999999999999998,0.7344970023874776,0.8469279582224319
1823,That 's another reason -LCB- for the Backer Spielvogel job -RCB- .,1.562907291846955,0.29635965680500975,0.6900633937209666,0.717762266063788,0.7036403431949899
1824,It struck me as a way to get back to what I really want to do . '',2.160922052902209,0.41507002163781925,0.5367781082661363,0.6425721394521331,0.5849299783621807
1825,Mr. Spielvogel added pointedly : `` The pressure on commissions did n't begin with Al Achenbaum . '',1.5555555555555571,0.26385895595062836,0.7361410440493719,0.7361410440493719,0.7361410440493719
1826,"Mr. Spielvogel said Mr. Achenbaum will work with clients to determine the mix of promotion , merchandising , publicity and other marketing outlets , and to integrate those services .",1.7800944792972109,0.2987207334771476,0.6817560908207891,0.7219535610557434,0.7012792665228523
1827,"He will concentrate on , among others , J.P. Morgan and Hyundai .",1.404974038960801,0.2469974343124368,0.7607688944832263,0.7453932000632301,0.7530025656875632
1828,"Mr. Achenbaum helped Morgan in its recent agency search , and he has a long relationship with Hyundai , which is having severe troubles , including declining sales .",1.6937729475435788,0.26928817403381194,0.739221841521492,0.722395517189768,0.7307118259661882
1829,"`` The trail of revenue is increasingly going away from pure advertising , and going towards other services , '' Mr. Spielvogel said .",1.1807790178182245,0.18863574268040897,0.8134780126597063,0.8092614583471419,0.8113642573195909
1830,"Instead of being just an ad agency , he said : `` We have redefined our mission here .",1.632607895192307,0.2619856909741369,0.8137492978178426,0.6751762057970506,0.7380143090258628
1831,"Our mission is to help our clients grow , and to use every tool of marketing communications to accomplish that . ''",1.6536609276183536,0.3074636812578543,0.6758440613266868,0.7100740004012174,0.6925363187421455
1832,Industry executives are wishing Mr. Achenbaum well .,1.0,0.2,0.7999999999999999,0.7999999999999998,0.7999999999999999
1833,"Leonard Matthews , then-president of the American Association of Advertising Agencies , called Mr. Achenbaum a `` quisling '' in an incendiary 1987 speech .",1.985026116217611,0.35181181126390093,0.682560754641765,0.6171115312589518,0.6481881887360986
1834,"Yesterday , Mr. Matthews , now a consultant with the Stamford , Conn. , firm Matthews & Johnston , quipped , `` I think he 'll be very good at that -LCB- new job -RCB- .",2.2429185662278917,0.35576751341509116,0.6534552157622517,0.6352664695378799,0.6442324865849091
1835,And much better at that than at -LCB- the price-cutting -RCB- he 's been doing recently . '',1.8003539975870382,0.30655649837199916,0.650973867934722,0.7418413431612456,0.693443501628001
1836,Cotton Inc . Campaign,0.5,0.14285714285714285,1.0,0.75,0.8571428571428571
1837,"Cotton Inc. , the fiber company that represents cotton growers , will begin a new ad campaign , developed by Ogilvy & Mather , Thanksgiving Day .",1.7586645724208916,0.30292659993028337,0.6915799947271193,0.702654775364577,0.697073400069717
1838,"J. Nicholas Hahn , Cotton Inc. 's president and chief executive , was an outspoken critic of WPP Group 's acquisition of Ogilvy Group earlier this year .",1.9234064824318398,0.35754031377671835,0.5921526593618623,0.702108107754459,0.6424596862232818
1839,"During the takeover , Mr. Hahn said he would put his account up for review if WPP 's bid were successful , but he did n't .",2.1994102957501553,0.3376588027000318,0.6374940792995639,0.6892037640397801,0.6623411972999684
1840,Cotton Inc. 's new $ 9 million campaign calls cotton the `` Fabric of Our Lives . '',2.3263501656070678,0.4016989549178847,0.5348599420544381,0.6788172975105989,0.5983010450821153
1841,The campaign replaces its `` Take Comfort in Cotton '' ads and marks the end of its national cooperative advertising efforts .,1.8162723154936389,0.33012841915681007,0.6651742052468872,0.6746357728257826,0.6698715808431899
1842,"For years , the company 's ads were tied in with pitches for Cannon sheets or Martex towels , for example , and an announcer at the end of the ads would tell customers where to `` find the true performance label . ''",1.4462329030414391,0.23897586456387865,0.7642155480267164,0.7578592670778465,0.7610241354361214
1843,"With the new TV spots , Ogilvy & Mather has opted for a family style with lots of laughter , hugs and tears .",1.8264667901508118,0.31375027452873183,0.7124886025292746,0.661874806877755,0.6862497254712683
1844,"`` We 're making a fairly obvious plea for some emotional reaction , '' says Tom Rost , creative director at Ogilvy & Mather .",1.8748306161310744,0.3037589617958249,0.6633472647467342,0.7325672625789919,0.696241038204175
1845,"Cotton Inc. will spend nearly $ 2 million on broadcasting on Thanksgiving Day alone , advertising on such programs as `` Good Morning America , '' `` Macy 's Thanksgiving Day Parade '' and the NFL holiday game .",2.409519472030895,0.39556676635264937,0.571386699447858,0.6415369550793598,0.6044332336473507
1846,Frank Mingo Dies at 49,0.7999999999999998,0.20812433153147833,0.7918756684685216,0.7918756684685216,0.7918756684685216
1847,"Frank L. Mingo , one of the pioneers of advertising targeted at black audiences , died at the age of 49 after a stroke .",1.2095532383010985,0.21155736424101504,0.7968596334620135,0.7802015921258767,0.7884426357589848
1848,"Mr. Mingo was chief executive officer of the Mingo Group , which he founded in 1977 and which created ads for the black market .",1.674972119237088,0.26704063338461065,0.7198541914573299,0.7465505576347025,0.7329593666153894
1849,Clients include Miller Brewing Co. and General Motors .,0.7616392191414834,0.18680792970199042,0.8817944864489706,0.754493498506968,0.8131920702980096
1850,"Mr. Mingo was hospitalized Sept. 23 and died Monday , according to Samuel J. Chisholm , the agency 's president and chief operating officer .",2.2619232562657183,0.40211918079927045,0.5704780788258411,0.6280489592426158,0.5978808192007296
1851,Ad Notes ... .,1.0,0.3333333333333333,0.9999999999999999,0.49999999999999994,0.6666666666666666
1852,EARNINGS :,0.0,0.0,1.0,1.0,1.0
1853,"Omnicom Group Inc. , New York , reported third-quarter net income rose 54 % to $ 5.6 million , or 22 cents a share , from $ 3.6 million , or 15 cents a share , a year earlier .",2.155286742152251,0.35922358297587376,0.5963103480172965,0.6924083890515161,0.640776417024126
1854,Revenue increased 20 % to $ 246.6 million from $ 204.8 million .,1.2588098443538676,0.26251654604223573,0.7728776866420589,0.7051890486393737,0.7374834539577639
1855,"Prime Minister Lee Kuan Yew , Singapore 's leader and one of Asia 's leading statesmen for 30 years , recently announced his intention to retire next year -- though not necessarily to end his influence .",2.516038347314254,0.42338899170806654,0.531702509845914,0.6298054477538522,0.5766110082919337
1856,"The prime minister , whose hair is thinning and gray and whose face has a perpetual pallor , nonetheless continues to display an energy , a precision of thought and a willingness to say publicly what most other Asian leaders dare say only privately .",1.595282355092495,0.2575524190868164,0.7392139570272731,0.7457096194807505,0.742447580913184
1857,"The 66-year-old Mr. Lee recently spent an hour discussing the state of Asia and the world with two Journal reporters in his plainly furnished , wood-paneled office .",1.7435649667297897,0.28439336894923695,0.67621464541617,0.7598719625325914,0.7156066310507629
1858,The interview did not touch on Singapore 's domestic affairs .,0.7958988638330426,0.13819300836452342,0.8016404085435308,0.931737959110796,0.8618069916354765
1859,"Skipping personal pleasantries , Mr. Lee picked up exactly where he left off several months earlier -- before the government crackdown in China -- when he had warned that the orthodox leadership in Beijing feared a plurality of views .",2.217003420448334,0.3518837160031499,0.6253436649979562,0.6726101678308599,0.6481162839968498
1860,Excerpts follow :,4.440892098500626e-16,1.4009454786722165e-16,1.0,1.0,1.0
1861,"On China 's turmoil : `` It is a very unhappy scene , '' he said .",1.080266351564724,0.1630819379754938,0.9083434543180169,0.7759065274116628,0.8369180620245062
1862,"`` It took Zhao Ziyang -LRB- former premier and party chief -RRB- 10 years to build a team of economists who understood how the Western economies work and now that team is part in exile , part being rusticated and part missing . ''",2.672723212647215,0.4276390306957471,0.5521792701908025,0.5940738820970476,0.5723609693042528
1863,"Rebuilding that team , Mr. Lee predicted , will take another 10 years .",1.1617616076064579,0.2187837434644733,0.7683475092290157,0.794523413670575,0.781216256535527
1864,"`` That 's very sad for China and for Asia because China could have been a good engine for growth , not just for Hong Kong and Taiwan but for Japan , Korea and the rest of Asia . ''",1.8831555393571051,0.29965504418121264,0.6682815429220216,0.7356401610775456,0.7003449558187872
1865,"On similarities between China and the Soviet Union : `` In important particulars , the Soviets are different from the Chinese .",1.1761046809512363,0.20083924216055796,0.8337517145687964,0.7673257045730905,0.7991607578394417
1866,They are already industrialized ... .,0.33333333333333304,0.06891905627080991,1.0000000000000002,0.8710490642551529,0.9310809437291903
1867,Their problem is one of inefficiency of an industrial economy .,-8.881784197001252e-16,-1.5607537338688248e-16,1.0,1.0,1.0
1868,The Chinese problem is much greater -- it 's how to industrialize to begin with . '',1.6781955889988724,0.3020753111044141,0.6434229603529305,0.7625141448071686,0.6979246888955861
1869,"Asked if the Soviets , like Chinese officials , wo n't one day face a similar conflict between the desire to liberalize economically and yet retain political control , Mr. Lee said , `` I would think that the Soviets face a deeper dilemma because they have been more in blinkers than the Chinese -- I mean keeping their people cut off from the outside world . ''",2.0857946497287037,0.30452763401593164,0.6728107305328558,0.719713792056259,0.6954723659840684
1870,"Mikhail Gorbachev , he said , is ahead of China 's leaders in his awareness of the world .",1.0460159463645882,0.16556791026153042,0.868096741625206,0.8032809825539325,0.8344320897384693
1871,`` But I think the Soviet peoples are more introverted than the Chinese . '',1.3006516669551296,0.20822210851276132,0.7752302805021507,0.80904734162937,0.7917778914872386
1872,"Regardless , he said , he still believes the Soviet Union , while falling far short of the efficiency of a Western economy , may well manage to improve considerably .",1.2980268050815322,0.19829767978431148,0.7967123236812433,0.8067552177561053,0.8017023202156887
1873,"On Asia-Pacific prosperity : `` If America can keep up the present situation -- her markets open for another 15 years , with adjustments , and Japan can grow and not cut back , and so too , Korea , Taiwan , Hong Kong , Singapore , ASEAN , Australia and New Zealand -- then in 15 years , the economies of these countries would be totally restructured to be able to almost sustain growth by themselves . ''",2.687221130759548,0.412541006654736,0.5511048331148294,0.6289481637298554,0.5874589933452641
1874,"In such an arrangement , `` all benefit , '' he said .",1.7203483058923288,0.32019354435586656,0.7305863163446283,0.6356268147343466,0.6798064556441332
1875,"`` And if the Europeans come in , they benefit too .",0.9591479170272441,0.16319133923667317,0.8612305753409126,0.8137336173760191,0.8368086607633265
1876,It 's not a zero-sum game . '',0.5,0.09090909090909091,0.909090909090909,0.909090909090909,0.9090909090909088
1877,"Asked about the possibility of greater economic cooperation among Asia-Pacific nations , which will be discussed Nov. 6 and 7 at a ministerial meeting in Canberra , Mr. Lee said the goal `` is to have a free and open world trading system . ''",2.165735820142247,0.33376531752609595,0.6418967544257885,0.6924909208638853,0.6662346824739042
1878,"An Asian bloc is n't intended , he said .",0.8000000000000007,0.13689590811625363,0.9265226732566291,0.8078110764361959,0.8631040918837465
1879,`` That 's not possible . '',1.3585392863324186,0.3191928678347272,0.6808071321652726,0.6808071321652727,0.6808071321652726
1880,On U.S.-Japan relations : `` I 'm encouraged .,0.7505430557959416,0.13428195354110564,1.0,0.7632300273809491,0.8657180464588945
1881,I think the earlier strident notes struck by -LCB- U.S. Commerce Secretary Robert -RCB- Mosbacher and -LCB- U.S. Trade Representative -RCB- Carla Hills have been more rounded .,2.461742389050727,0.4468815119695666,0.5314447111529385,0.576635259761306,0.5531184880304336
1882,"I believe the U.S. is becoming more patient and circumspect , '' he said .",1.0013033339102568,0.1594649287155811,0.8778146573378544,0.8062929156297692,0.8405350712844186
1883,`` It 's the total relationship that is important . '',1.1595352274694068,0.20133168756759667,0.926736868213087,0.7016984874823778,0.7986683124324037
1884,"The total relationship , as Mr. Lee sees it , is `` the flow of dollars to the U.S. to fund the deficits , the investments the Japanese are making in the U.S. in order to satisfy American demand that American products consumed in America should be made as much as possible in America by Americans with Japanese technology and capital . ''",2.040446649430982,0.3181259047195653,0.6431865610786698,0.7255135822102148,0.6818740952804349
1885,"Japan 's recent political turbulence , Mr. Lee said , may mean Japan will slow market adjustments .",1.3480368059161334,0.238233030496307,0.7950567168545202,0.7311529317178124,0.761766969503693
1886,"`` They 'll be more timorous in tackling their own voters , like opening up more to agricultural imports from America , hurting their farmers . ''",2.4751452379003873,0.410206152404557,0.5602532136054603,0.622623075412097,0.5897938475954431
1887,"On U.S. military presence in Asia : Asked if his offer to allow the American military to use facilities in Singapore would help preserve America 's presence in the region at bases in the Philippines , he said , `` What we have done is make it easier for the Philippines to continue to host American bases without it being said they are lackeys of the imperialists and the only ones in Asia or in Southeast Asia .",1.9242731831409925,0.28348359644961524,0.7143222617147291,0.7187240661508036,0.7165164035503848
1888,"We are willing to share the political burden of being host to America , an imperial power .",1.2096909728231866,0.19646152601849792,0.7840499841240129,0.8240204777414663,0.8035384739815019
1889,"We think it is n't such a great burden , that it carries no stigma , and we are prepared to do it . ''",2.3906944942206647,0.41820019781744916,0.5608864082589555,0.6043331661186915,0.5817998021825509
1890,On U.S.-Philippine relations : `` It 's such a mixed-up relationship going back into history ... .,1.6337904418127867,0.2691339743125517,0.7860507629555067,0.6829214850742755,0.7308660256874486
1891,I really do not understand how it is that Filipinos feel so passionately involved in this father figure that they want to dispose of and yet they need .,2.4997348173364666,0.4426718967143347,0.4746033902518589,0.6749788204343519,0.5573281032856654
1892,I just do n't understand it .,1.2506982145947814,0.2865936942363795,0.6173190124823503,0.844920329959396,0.7134063057636205
1893,My relationships with the British are totally different .,0.44444444444444464,0.07538827312875093,0.8597933880952316,0.9999999999999999,0.924611726871249
1894,They lorded it over me .,1.125814583693912,0.2783837401553246,0.8140380362325801,0.6480409554829326,0.7216162598446755
1895,They did me some good .,1.125814583693911,0.2783837401553244,0.6480409554829326,0.8140380362325801,0.7216162598446755
1896,They did themselves even more good .,1.536412500309067,0.3767289068911252,0.5684187323034962,0.6898406599187923,0.6232710931088749
1897,They let me down when the Japanese came down -LCB- during World War II -RCB- ... .,2.021442822152958,0.37107031240719823,0.6402362134887072,0.6180155765612093,0.6289296875928019
1898,I do n't feel down or done in because I show British serials on my television network or read their books .,1.7152426133413439,0.2870478299217852,0.6684361308933406,0.7638205539657018,0.7129521700782144
1899,I mean it is a normal adult relationship .,1.1111111111111116,0.2125007834794058,0.8224536244341406,0.755394818372506,0.7874992165205942
1900,"`` But the Filipinos and the Americans , when I talk to them , there 's so much passion about Filipino manhood being diminished as a result of being squatted upon by the Americans and so on .",2.239984617862203,0.3329086826961809,0.6422242656430531,0.6939616508386569,0.667091317303819
1901,The occasional Englishman tries to put on airs but we let it pass ... .,1.2326816663782045,0.21700430973367824,0.7157906039228193,0.8641280799739027,0.7829956902663217
1902,It 's just comic when they try to pretend they 're still the master race . '',2.059973529920816,0.3808369287559235,0.5933522924454487,0.6473215066851616,0.6191630712440765
1903,Mr. Lee added that the Filipinos are `` making it very difficult '' for the U.S. military presence to last beyond five or 10 years .,1.7542169413244935,0.2693958127310476,0.6530709833223592,0.8290270632045648,0.7306041872689525
1904,On military alternatives if the U.S. pulls back : `` The Soviets already are present .,1.5165414066556497,0.24329052386341452,0.7662757902150678,0.7473790718251593,0.7567094761365853
1905,"I suppose sooner or later , the Japanese would have to fill up a large part of the gap on the naval side .",1.2651886656916798,0.1913399663735215,0.7846559265894385,0.8341791496067293,0.8086600336264785
1906,"Maybe the Chinese , maybe even the Indians . ''",1.1509775004326936,0.24526044175117329,0.8985261220840816,0.6506235773755638,0.7547395582488268
1907,On economic consequences of a diminished U.S. presence : `` America is the only major power in recent history that has used its military might to sustain a system that enables all participants to equally benefit without her as the provider of the security taking royalties . '',2.2039105412325455,0.334633700628306,0.6630375749865843,0.667711439330038,0.665366299371694
1908,"Asked why so few nations seem to share his views of America , he said , `` Many people see it that way .",1.9878960810227788,0.31944947684828195,0.6897877742724398,0.6715574029423876,0.6805505231517182
1909,But they have just taken it for granted . '',1.5609640474436812,0.3333333333333333,0.5734773267433709,0.7960186977821234,0.6666666666666666
1910,On Cambodia : `` Let 's assume that -LCB- former Cambodian leader Prince Norodom -RCB- Sihanouk does what the press wants him to do and joins up with -LCB- Vietnamese-backed Cambodian leader -RCB- Hun Sen .,2.2537618863824234,0.3670288673609362,0.6292616781363212,0.6367245804398498,0.6329711326390639
1911,Is the trouble over ?,0.40000000000000036,0.09425390072448082,0.8277293767706427,1.0,0.9057460992755192
1912,Can Sihanouk and Hun Sen knock off the Khmer Rouge still supported by China ?,1.1496741665224346,0.2241311648974501,0.7635133040133208,0.7886308297976934,0.7758688351025496
1913,He ca n't .,0.0,0.0,1.0,1.0,1.0
1914,`` What is the way forward ?,0.2857142857142865,0.053615035438314584,1.0,0.8982265179691366,0.9463849645616855
1915,To get the Khmer Rouge as part of a process for elections .,0.5573163459874264,0.10358037234210164,0.9061996184251493,0.8868484804466563,0.8964196276578985
1916,"And when they lose , then we can expect China to stop aid .",1.3188852461935827,0.2614176823304646,0.6130402851927517,0.9287842820767196,0.7385823176695353
1917,Let 's put it bluntly .,1.0,0.23981246656813146,0.82623465712856,0.7039180890341348,0.7601875334318685
1918,The Chinese can not be seen to have made use of the Khmer Rouge and then discard them . '',2.0019550008653884,0.3471751322246991,0.5688734489666447,0.7658442203203983,0.652824867775301
1919,Ms. House is vice president of Dow Jones International Group .,2.068626136560315,0.5190104263661576,0.513239230940406,0.4525531576922244,0.48098957363384237
1920,Mr. Wain is editor of The Asian Wall Street Journal .,1.0463431822115394,0.22529336165005295,0.8777993778416923,0.6932841982685088,0.774706638349947
1921,Everything looked good as neurosurgeon Walter Levy and colleagues carefully cut away a woman 's spinal tumor at the Cleveland Clinic in 1978 .,1.8170683531015346,0.2888844170463106,0.63868570736304,0.8020744928914348,0.7111155829536895
1922,"Using small electrical shocks applied to her feet , they were able to monitor sensory nerves .",1.5294117647058831,0.2890360191615069,0.7148597653332113,0.7071104280505995,0.7109639808384933
1923,"The shocks generated nerve impulses that traveled via spine to brain and showed up clearly on a brain-wave monitor , indicating no damage to the delicate spinal tissue .",1.921017446363678,0.3315759948897809,0.6804954948056038,0.6567733291894636,0.668424005110219
1924,"Then , says Dr. Levy , `` she woke up paralyzed . ''",2.0280406135846376,0.40039130310972637,0.6074945308299452,0.5919249700716094,0.5996086968902735
1925,"The damage was to her motor nerves , which could n't be monitored along with the sensory nerves , he explains .",1.9599734308528962,0.32769048968256514,0.6593314526565593,0.6858087379201806,0.6723095103174345
1926,"The tragedy , he adds , `` galvanized me '' to look for a way to prevent similar cases .",1.2937151490463599,0.22798139565475115,0.7812773284023521,0.7629767558396119,0.7720186043452488
1927,"Dr. Levy 's answer may come with a new kind of magnetic brain probe , a device that he and dozens of U.S. researchers are studying with great hope .",1.5405247790407746,0.25162603684810686,0.7304525716555951,0.7671968626301767,0.7483739631518931
1928,"Besides holding the promise of safer spinal surgery , the probe could improve the diagnosis of brain and nerve disorders such as strokes and multiple sclerosis .",1.671089462176436,0.2970416870157549,0.7128124980884694,0.6933728685493415,0.7029583129842454
1929,"Perhaps most exciting , the device is thrusting open a window to the workings of the brain .",1.0894244708020446,0.1867622433933264,0.8487262166356487,0.7805979957193568,0.8132377566066735
1930,"The probe , which is painless , non-invasive and apparently harmless , employs strong magnetic fields to induce small whirlwinds of electricity within the brain .",1.5224541894413024,0.25081696062866465,0.7546593674704781,0.7437856186820774,0.7491830393713349
1931,"If positioned over the brain 's motor-control area , the hand-held electromagnets generate nerve impulses that zip down motor nerves and activate muscles , making , say , a finger twitch .",1.6617897465541764,0.2854490336513075,0.7277711572442719,0.7018025041656119,0.7145509663486922
1932,"In principle , they will enable doctors to check the body 's motor system the way an electrician tests a home 's electrical circuits by running current through them .",1.9950405131541,0.3315432133402667,0.6916678793417133,0.6467529556110517,0.6684567866597334
1933,"`` Until now , we 've had no objective way of measuring motor function , '' says Keith Chiappa , a neurologist conducting clinical tests with the devices at Boston 's Massachusetts General Hospital .",2.174400902387954,0.3471944018234478,0.6304451086686944,0.6768105676639261,0.6528055981765518
1934,"`` All we could do was tell a patient , ` squeeze my fingers as hard as you can ' or ` raise your arm . '",2.2052013045567778,0.39382660651457374,0.5784091220330243,0.6367374905185813,0.6061733934854264
1935,"`` Under the best circumstances such tests are subjective ; when a patient is unconscious , they do n't work at all .",2.3210468689240953,0.36390021102191905,0.6500365908385567,0.6227480540743054,0.6360997889780811
1936,"Magnetic brain tweaking started in the early 1900s , when researchers produced flashes of light in the visual field with magnets .",1.1772788422677323,0.21040670530943448,0.8779662289986182,0.7173839928104723,0.7895932946905655
1937,"In the 1960s , Mayo Clinic researchers developed magnetic devices to stimulate motor nerves in the hand and other limbs .",1.3072263578182604,0.2253722026210413,0.7786675461863293,0.7706297488867149,0.7746277973789587
1938,"But for brain tests , the unwieldy machines `` would have required patients to stand on their heads , '' says Reginald Bickford , a researcher at the University of California at San Diego .",1.7369710719848923,0.2744317905550022,0.7314269661931445,0.7198025645788959,0.7255682094449978
1939,"The field took off in 1985 after scientists at Britain 's Sheffield University developed a handy , compact magnet for brain stimulation .",1.973220781967573,0.336927652613165,0.5960538067370826,0.7470707949680893,0.6630723473868352
1940,"Since then , at least two commercial versions have been put on the U.S. market , and an estimated 500 have been sold .",1.5262162701287796,0.24185823724802247,0.7196529530707418,0.8009801509747582,0.7581417627519775
1941,"In August , a Chicago conference on such devices attracted more than 100 researchers , who reported studies on everything from brain mapping to physical therapy .",2.094271757184606,0.3619629282681973,0.6413078100582771,0.634799526347375,0.6380370717318031
1942,"`` We do n't feel we can use -LCB- the devices -RCB- routinely in surgery yet , but we 're getting close , '' says Dr. Levy , who is now with the University of Pittsburgh .",2.4548357141435266,0.38384116579230565,0.5932941878332318,0.6408564573683598,0.6161588342076942
1943,"A problem , he adds , is that anesthetized brains are more resistant to magnetic stimulation than awake ones .",1.7132331253245194,0.2926035567040097,0.7028655106035792,0.7119861711611235,0.7073964432959902
1944,"The devices could help indicate when surgery would help , says Charles Tator , a University of Toronto neurosurgeon .",1.1804820237218392,0.1996621827804936,0.831198924150139,0.7716863195658279,0.8003378172195061
1945,"For example , paralyzed car-crash victims occasionally have some intact spinal tissues that , if preserved by emergency surgery , enable partial recovery .",1.5850768324986015,0.29198327511889605,0.6766388966404112,0.7424462422855149,0.7080167248811037
1946,But such operations typically are n't performed because there is no sign right after an injury that surgery would be beneficial .,2.283583225342157,0.36411240073606205,0.588069773396599,0.6921701589693909,0.6358875992639376
1947,"`` The cost -LCB- of magnetic stimulators -RCB- would seem like peanuts if we could retrieve limb function '' in such people , Dr. Tator says .",2.1865023125799046,0.3594937898093992,0.642514574895666,0.6385103618089771,0.640506210190601
1948,Scientists caution there is a chance the magnet technique might spark seizures in epileptics .,1.6176441670993587,0.29083062817576605,0.814113103489699,0.6281919203595216,0.7091693718242337
1949,But no significant problems have been reported among hundreds of people tested with the devices .,1.1006025296523,0.19812696517797235,0.7876093141574947,0.8166629205773238,0.8018730348220275
1950,"The main sensation , besides feeling like a puppet jerked with invisible strings , is `` like a rap on the head , '' says Sam Bridgers , a neurologist who has studied the brain stimulators at Yale University .",1.7789628874017849,0.293360108599201,0.7167153245577561,0.6968438078426709,0.7066398914007987
1951,One apparent side effect is a minor increase in a brain hormone .,0.7392031134182169,0.13908467091946006,0.9152239946166532,0.8126908962341203,0.8609153290805401
1952,And some doctors who have conducted hours of tests on themselves report temporary headaches .,0.666666666666667,0.12018260371516389,0.8206413106283148,0.9481910368625494,0.879817396284836
1953,"At least two companies , Cadwell Laboratories Inc. of Kennewick , Wash. , and Novametrix Medical Systems Inc. of Wallingford , Conn. , now sell versions of the magnetic devices .",1.7996479128554794,0.33128281183667807,0.6604028910182579,0.6772435041587873,0.6687171881633219
1954,"The machines , which at $ 12,500 are inexpensive by medical standards , have n't been approved in the U.S. for marketing as brain stimulators but are sold for stimulating nerves in the hand , legs and other non-brain areas .",1.6343167543423371,0.25114827002613077,0.7148511865928739,0.7862481339939897,0.7488517299738695
1955,Researchers can apply for permission to use the probes for brain studies .,0.6811348440210248,0.12677373479799392,0.9384541072426583,0.8164765498833061,0.8732262652020057
1956,"At the University of Kentucky , a team led by Dean Currier , a physical therapy researcher , is testing the stimulators in conjunction with electric shocks to induce muscle contractions to help prevent wasting of thigh muscles after knee surgery .",1.4936518356297706,0.2537209891622452,0.7745750254555792,0.7199774994546687,0.7462790108377548
1957,"Similarly , a Purdue University team led by heart researcher W.A. Tacker hopes to develop ways to magnetically induce cardiac muscle contractions .",1.9573717395066907,0.3543052613463744,0.6165797285961112,0.6776956541413688,0.6456947386536256
1958,"The devices might someday serve as temporary pacemakers or restarters for stopped hearts , says Dr. Tacker , whose prototype was dubbed the `` Tacker whacker . ''",1.9255766771747735,0.3133267084111058,0.6658296163597345,0.7088641552429592,0.6866732915888945
1959,"The devices ' most remarkable possibilities , though , involve the brain .",0.8272990386279595,0.14948395150292382,0.8843795010035723,0.8191502648510404,0.8505160484970761
1960,"Probing with the stimulators , National Institutes of Health scientists recently showed how the brain reorganizes motor-control resources after an amputation .",1.3790316558016986,0.2391571412253652,0.7602443713889101,0.7614422891975251,0.7608428587746345
1961,Similar studies are expected to reveal how stroke patients ' brains regroup -- a first step toward finding ways to bolster that process and speed rehabilitation .,2.033105666280782,0.36806677598012805,0.6081395178491543,0.6576646199695662,0.6319332240198721
1962,Scientists also are exploring memory and perception with the new machines .,1.0,0.17133286974039666,0.8286671302596031,0.8286671302596031,0.8286671302596031
1963,"At the State University of New York at Brooklyn , researchers flash two groups of different letters on a computer screen in front of human guinea pigs .",1.8062111769859248,0.33561642146663234,0.682500294695447,0.6472037948162928,0.6643835785333675
1964,"Between flashes , certain areas in subjects ' brains are jolted with a magnetic stimulator .",0.8977829985375179,0.15340904110581677,0.9083314602886617,0.7927094404679944,0.8465909588941831
1965,"When the jolt is timed just right , the subjects do n't recall seeing the first group of letters .",1.2049932735054938,0.20041812616852625,0.7989183750344097,0.8002464756112238,0.7995818738314736
1966,`` Where does that first stimulus go ? '' exclaims SUNY neurologist Paul Maccabee .,1.8843108337660275,0.34919625379122604,0.6293825204693041,0.6737345052562324,0.6508037462087739
1967,"`` Trying to answer that is suggesting all kinds of theories , '' such as precisely where and how the brain processes incoming signals from the eyes .",1.8271878378117918,0.2860866603361796,0.6828261046343225,0.7479662292732432,0.7139133396638205
1968,He and others say that the machines are weak enough that they do n't jeopardize the memory .,1.8182808862889193,0.31055699080194876,0.610080275396675,0.792541319922306,0.6894430091980512
1969,"Both the SUNY team and researchers at the National Magnet Laboratory in Cambridge , Mass. , are working with more potent magnetic brain stimulators .",1.7108359973266776,0.28437652216370524,0.7051145529594925,0.7264503889130386,0.7156234778362944
1970,"Among other things , the stronger devices may be able to summon forth half-forgotten memories and induce mood changes , neurologists say .",0.985000957915374,0.17072389569128849,0.8118117044724789,0.8475084434577853,0.8292761043087115
1971,"Du Pont Co. , Hewlett-Packard Co. and Los Alamos National Laboratory said they signed a three-year , $ 11 million agreement to collaborate on superconductor research .",1.7620261692813957,0.28927799790837727,0.6991762629013104,0.7226554613986388,0.7107220020916233
1972,"The collaboration will include at least 25 researchers and will be aimed primarily at developing thin films of high-temperature superconductors for use in electronics , the companies said .",1.3741798411938975,0.2167327770946187,0.7851126772253126,0.7814304239420963,0.7832672229053815
1973,"The materials , discovered during the past three years , conduct electricity without resistance and promise smaller , faster computers and other new technologies .",0.8116197622181316,0.14656080600379542,0.8412857669046713,0.8659489111103956,0.8534391939962045
1974,"Joint-research programs have proliferated as U.S. companies seek to spread the risks and costs of commercializing new superconductors and to meet the challenges posed by foreign consortia , especially in Japan .",1.6490906229114692,0.2635783353882582,0.6949156063866802,0.7832008409729837,0.7364216646117417
1975,The latest research pact bolsters Du Pont 's growing portfolio of investments in superconductors .,1.1982778967358056,0.22685333973528587,0.7471678987405911,0.8009970419103823,0.7731466602647138
1976,"The Wilmington , Del. , chemicals concern previously signed research superconductor agreements with Oak Ridge National Laboratory and with Argonne National Laboratory .",1.9234274329359788,0.3707712663056627,0.6568626064142743,0.6038260804029285,0.6292287336943374
1977,"Last year , Du Pont agreed to pay $ 4.5 million for rights to superconductor work at the University of Houston .",1.5454545454545459,0.25915534629909803,0.7135443781982714,0.7703170572832988,0.7408446537009021
1978,"Hewlett-Packard is a Palo Alto , Calif. , computer maker .",1.5231715911057693,0.3026937316036817,0.8283177825865047,0.6020781226659002,0.6973062683963183
1979,The Los Alamos laboratory is one of three U.S. Department of Energy national laboratories designed as pilot centers to foster joint industry-government programs to speed the transfer of new superconductors to the marketplace .,1.4817854554934513,0.2641134613141885,0.6949203887080472,0.7819852356970173,0.7358865386858117
1980,"J.C. PENNEY Co. , Dallas , said it issued $ 350 million of securities backed by credit-card receivables .",1.506799499110036,0.2538227579597087,0.7729027476039141,0.7212381982351219,0.7461772420402915
1981,The offering was priced with an 8.95 % coupon rate at 99.1875 % to yield 9.19 % .,0.7980293320333498,0.13715350003704074,0.8246223553081988,0.9047865361718831,0.8628464999629594
1982,The retailer said the securities are expected to be rated triple-A by Standard & Poor 's Corp. and Aaa by Moody 's Investors Service Inc .,1.919851806188218,0.3350145702936953,0.6112312441141463,0.7291060058951885,0.6649854297063047
1983,"They pay interest only for 115 months , with principal payments beginning thereafter .",1.5013964291895627,0.27091801284022027,0.6975279204090511,0.763626138650443,0.7290819871597799
1984,"The expected average life of the certificates is 10 years , with the final scheduled payment in October , 2001 .",0.9637538551203564,0.1683223827892691,0.8336918016095551,0.8296731418216787,0.8316776172107307
1985,First Boston Corp. is sole underwriter .,1.250698214594781,0.28659369423637937,0.7314822967403581,0.6962021387801476,0.7134063057636205
1986,"As part of the transaction , J.C. Penney will sell a portion of its credit-card receivables to its JCP Receivables Inc. unit , which will then transfer them to a master trust .",1.7153364514177714,0.28332150838424985,0.7325271872435852,0.7015010660244103,0.71667849161575
1987,The trust will issue the certificates .,0.2857142857142865,0.060054705797450265,1.0,0.8866950819254699,0.9399452942025498
1988,"Credit support will be provided by a letter of credit facility from Credit Suisse in favor of the trustee , Fuji Bank & Trust Co. , for the benefit of the certificate holders .",1.4996071560114776,0.26774268960627384,0.7760879718927965,0.6931127892242119,0.7322573103937262
1989,J.C. Penney will continue to service the receivables .,0.6666666666666679,0.12750047008764365,0.836929878915004,0.9112268122170702,0.8724995299123565
1990,"Battle-tested Japanese industrial managers here always buck up nervous newcomers with the tale of the first of their countrymen to visit Mexico , a boatload of samurai warriors blown ashore 375 years ago .",2.200374820974511,0.3555642902874944,0.613025638514818,0.6792383743278512,0.6444357097125055
1991,"`` From the beginning , it took a man with extraordinary qualities to succeed in Mexico , '' says Kimihide Takimura , president of Mitsui group 's Kensetsu Engineering Inc. unit .",1.8609880932591674,0.3066358938911786,0.727298256339619,0.662455382914359,0.6933641061088214
1992,"Here in this new center for Japanese assembly plants just across the border from San Diego , turnover is dizzying , infrastructure shoddy , bureaucracy intense .",1.8534016288876458,0.32817928474840957,0.6818441422639155,0.6620877169095282,0.6718207152515905
