id,sentence,VI,normalized-VI,homogeneity,completeness,V-score
0,-,4.520647689694484,0.47848628465284304,0.5660513993639803,0.48347338069858276,0.5215137153471562
1,"In an Oct. 19 review of `` The Misanthrope '' at Chicago 's Goodman Theatre -LRB- `` Revitalized Classics Take the Stage in Windy City , '' Leisure & Arts -RRB- , the role of Celimene , played by Kim Cattrall , was mistakenly attributed to Christina Haag .",1.7436290977604987,0.20849468598221693,0.8852599127276662,0.7157073945533265,0.7915053140177828
2,Ms. Haag plays Elianti .,0.9509775004326935,0.25751658270749517,1.0,0.5904362833084087,0.7424834172925047
3,"Rolls-Royce Motor Cars Inc. said it expects its U.S. sales to remain steady at about 1,200 cars in 1990 .",0.9754887502163454,0.13421015906642383,0.9030635574149407,0.8314710853559227,0.8657898409335759
4,"The luxury auto maker last year sold 1,214 cars in the U.S.",0.6666666666666661,0.10805101626208143,1.0000000000000002,0.8049710443358778,0.8919489837379186
5,"Howard Mosher , president and chief executive officer , said he anticipates growth for the luxury auto maker in Britain and Europe , and in Far Eastern markets .",1.3243576536747144,0.18434736233404833,0.9018674043932012,0.7444831500037125,0.8156526376659519
6,BELL INDUSTRIES Inc. increased its quarterly to 10 cents from seven cents a share .,0.4503258334775637,0.06861109109953038,0.9582013815667277,0.9060361287804416,0.9313889089004694
7,The new rate will be payable Feb. 15 .,0.22222222222222232,0.036324900793189584,1.0,0.9298966940476159,0.9636750992068105
8,A record date has n't been set .,0.75,0.14285714285714285,0.8999999999999999,0.8181818181818181,0.8571428571428571
9,"Bell , based in Los Angeles , makes and distributes electronic , computer and building products .",0.7502875001272633,0.11733047685510843,0.8888417357527219,0.8765824404024586,0.8826695231448916
10,Investors are appealing to the Securities and Exchange Commission not to limit their access to information about stock purchases and sales by corporate insiders .,1.0505865002596133,0.13828736247790338,0.8838397343940443,0.8406663935005696,0.8617126375220963
11,"A SEC proposal to ease reporting requirements for some company executives would undermine the usefulness of information on insider trades as a stock-picking tool , individual investors and professional money managers contend .",1.5410531203719184,0.20923085165582525,0.8889921651947467,0.7120915380365601,0.7907691483441747
12,"They make the argument in letters to the agency about rule changes proposed this past summer that , among other things , would exempt many middle-management executives from reporting trades in their own companies ' shares .",1.552051945005962,0.20856021140294795,0.8303308488049426,0.7560288858688816,0.791439788597052
13,The proposed changes also would allow executives to report exercises of options later and less often .,0.7058823529411775,0.10086259659215153,0.9639554355610528,0.842487111625221,0.8991374034078488
14,Many of the letters maintain that investor confidence has been so shaken by the 1987 stock market crash -- and the markets already so stacked against the little guy -- that any decrease in information on insider-trading patterns might prompt individuals to get out of stocks altogether .,1.8752764264238513,0.2369366925194308,0.8527959269318401,0.6904165217146238,0.7630633074805693
15,"`` The SEC has historically paid obeisance to the ideal of a level playing field , '' wrote Clyde S. McGregor of Winnetka , Ill. , in one of the 92 letters the agency has received since the changes were proposed Aug. 17 .",1.616714270676531,0.20586387484636887,0.8492012137166147,0.7457773884049428,0.7941361251536314
16,`` Apparently the commission did not really believe in this ideal . '',0.519606730935652,0.07904470615755656,1.0,0.8534913230073067,0.9209552938424435
17,"Currently , the rules force executives , directors and other corporate insiders to report purchases and sales of their companies ' shares within about a month after the transaction .",1.0633378176630028,0.14921648923228922,0.8876567166911618,0.8168515472677135,0.8507835107677107
18,"But about 25 % of the insiders , according to SEC figures , file their reports late .",0.5283208335737193,0.07171369046299327,0.9282863095370067,0.9282863095370066,0.9282863095370067
19,"The changes were proposed in an effort to streamline federal bureaucracy and boost compliance by the executives `` who are really calling the shots , '' said Brian Lane , special counsel at the SEC 's office of disclosure policy , which proposed the changes .",1.3317635854095666,0.1582328915417716,0.8824339351247837,0.8046834026373727,0.8417671084582287
20,"Investors , money managers and corporate officials had until today to comment on the proposals , and the issue has produced more mail than almost any other issue in memory , Mr. Lane said .",1.2355746427953278,0.15796401267277602,0.8831840085828898,0.8045514973538234,0.8420359873272238
21,"The SEC will probably vote on the proposal early next year , he said .",0.6666666666666661,0.09327773668333746,0.923959228439975,0.8901166500171122,0.9067222633166623
22,Not all those who wrote oppose the changes .,0.44444444444444464,0.07538827312875093,0.9246117268712492,0.9246117268712492,0.9246117268712492
23,"The Committee on Federal Regulation of Securities for the American Bar Association argues , for example , in its lengthy letter to the SEC , that the proposed changes `` would substantially improve the -LCB- law -RCB- by conforming it more closely to contemporary business realities . ''",1.3919321648569465,0.16740650499500104,0.8459113377161577,0.8196884989208391,0.8325934950049989
24,What the investors who oppose the proposed changes object to most is the effect they say the proposal would have on their ability to spot telltale `` clusters '' of trading activity -- buying or selling by more than one officer or director within a short period of time .,1.5724983359591516,0.19339952263646873,0.8301268752779916,0.7843708387217433,0.8066004773635315
25,"According to some estimates , the rule changes would cut insider filings by more than a third .",0.7924812503605789,0.11659578834603161,0.9191262967052749,0.8503549433237104,0.8834042116539682
26,The SEC 's Mr. Lane vehemently disputed those estimates .,0.8754887502163449,0.15177409542471376,0.9244267583903902,0.7836309070274349,0.848225904575286
27,"The rules will eliminate filings policy-making divisions , such as sales , marketing , finance and research and development , Mr. Lane said .",0.8170683531015355,0.1136997985281749,0.9316223547887122,0.8451831950475955,0.8863002014718252
28,"The proposed rules also would be tougher on the insiders still required to file reports , he said .",0.8818361843243885,0.11581744182124647,0.9142314782586751,0.8560460734296038,0.884182558178753
29,Companies would be compelled to publish in annual proxy statements the names of insiders who fail to file reports on time .,1.1417916126710788,0.15788883733393794,0.9177947962296034,0.7779587555843538,0.842111162666062
30,"Considered as a whole , Mr. Lane said , the filings required under the proposed rules `` will be at least as effective , if not more so , for investors following transactions . ''",1.2506982145947791,0.16078420994369785,0.8493393633402825,0.8293307069541985,0.8392157900563019
31,"But Robert Gabele , president of Invest/Net , a North Miami , Fla. , company that packages and sells the insider-trading data , said the proposal is worded so vaguely that key officials may fail to file the reports .",1.363233125324518,0.17120889382598173,0.8668969616493348,0.793894204735152,0.8287911061740181
32,"Many investors wrote asking the SEC to require insiders to report their purchases and sales immediately , not a month later .",0.7958988638330426,0.10761655595056355,0.9148750411204866,0.8709711939877537,0.8923834440494363
33,"But Mr. Lane said that while the SEC regulates who files , the law tells them when to do so .",1.0602220241185876,0.14437635127347967,0.837989747339736,0.8740156466872548,0.8556236487265199
34,"Investors who want to change the required timing should write their representatives in Congress , he added .",0.44444444444444287,0.057921780957146465,0.9155627077377931,0.9701753614302447,0.9420782190428533
35,"The SEC would likely be amenable to legislation that required insiders to file transactions on a more timely basis , he said .",1.0762994566158044,0.13502987835510288,0.8805568905435976,0.8499255590367656,0.8649701216448972
36,"The nation 's largest pension fund , which oversees $ 80 billion for college employees , plans to offer two new investment options to its 1.2 million participants .",1.4044502052827799,0.17477742994261483,0.899399858820161,0.7623484845011693,0.8252225700573856
37,"The Teachers Insurance and Annuity Association-College Retirement Equities Fund said it will introduce a stock and bond fund that will invest in `` socially responsible '' companies , and a bond fund .",1.0028358766606331,0.13012235857619248,0.8659780940237273,0.8738124674420253,0.8698776414238074
38,"Both funds are expected to begin operation around March 1 , subject to Securities and Exchange Commission approval .",1.0268302633856257,0.13747849229304726,0.8505346729581846,0.8748510401546397,0.8625215077069522
39,"For its employees to sign up for the options , a college also must approve the plan .",0.513617360990918,0.07494270180641445,0.9158138724634315,0.9344892165434505,0.9250572981935853
40,"Some 4,300 institutions are part of the pension fund .",1.075488750216346,0.1931425614222114,0.8488535167807805,0.7688208852920502,0.8068574385777884
41,"The new options carry out part of an agreement that the pension fund , under pressure to relax its strict participation rules and to provide more investment options , reached with the SEC in December .",1.638073079816298,0.21943814146144686,0.7939514334865337,0.7676164099644706,0.7805618585385531
42,"The new `` social choice '' fund will shun securities of companies linked to South Africa , nuclear power and in some cases , Northern Ireland .",1.324979167067311,0.17451840057074489,0.8450839665444113,0.8067680003715082,0.8254815994292554
43,"Also excluded will be investments in companies with `` significant '' business stemming from weapons manufacture , alcoholic beverages or tobacco .",1.0343130682801585,0.13879135028707493,0.8982158777843684,0.8271302092665026,0.8612086497129253
44,"Sixty percent of the fund will be invested in stocks , with the rest going into bonds or short-term investments .",0.797851785817306,0.10864793135107344,0.9450012236962565,0.8434671568213576,0.8913520686489262
45,"The bond fund will invest in high-grade or medium-grade bonds , mortgages or asset-backed securities , including as much as 15 % in foreign securities .",1.0140203067923172,0.14095754334701605,0.9017320768121442,0.8202121372175947,0.8590424566529837
46,"The fund also might buy and sell futures and options contracts , subject to approval by the New York State Insurance Department .",1.0593273033304467,0.14881889125035172,0.8744938919326808,0.8290790224233059,0.8511811087496481
47,"Under two new features , participants will be able to transfer money from the new funds to other investment funds or , if their jobs are terminated , receive cash from the funds .",1.287483456200512,0.17055201976767997,0.8640017627884943,0.7975517159456071,0.8294479802323205
48,"The investment choices offered by the pension fund currently are limited to a stock fund , an annuity and a money-market fund .",1.047820237830864,0.16915247716746823,0.8909398863708455,0.7783492070375323,0.8308475228325318
49,"New Brunswick Scientific Co. , a maker of biotechnology instrumentation and equipment , said it adopted an anti-takeover plan giving shareholders the right to purchase shares at half price under certain conditions .",1.2473108926887928,0.16285416162032176,0.91363971826381,0.7724711991933129,0.8371458383796783
50,"The company said the plan , under review for some time , will protect shareholders against `` abusive takeover tactics .",0.8511572848060576,0.12668432049827438,0.9179106594378685,0.832853064414475,0.8733156795017255
51,"W. Ed Tyler , 37 years old , a senior vice president at this printing concern , was elected president of its technology group , a new position .",1.120904738850916,0.16073329658112065,0.8752144815383321,0.806155396494383,0.8392667034188792
52,"Solo woodwind players have to be creative if they want to work a lot , because their repertoire and audience appeal are limited .",1.0780959575386362,0.14852884130917582,0.8944172598957022,0.8124602819362263,0.8514711586908245
53,"The oboist Heinz Holliger has taken a hard line about the problem : He commissions and splendidly interprets fearsome contemporary scores and does some conducting , so he does n't have to play the same Mozart and Strauss concertos over and over again .",1.9473562362632695,0.24748547470238833,0.7876519133568647,0.7203782361527504,0.7525145252976116
54,"Richard Stoltzman has taken a gentler , more audience-friendly approach .",0.3636363636363642,0.055472735062568695,0.9445272649374314,0.9445272649374314,0.9445272649374314
55,"Years ago , he collaborated with the new music gurus Peter Serkin and Fred Sherry in the very countercultural chamber group Tashi , which won audiences over to dreaded contemporary scores like Messiaen 's `` Quartet for the End of Time . ''",1.5784721623471443,0.18866292953646824,0.8902072868817983,0.7453048592959931,0.8113370704635318
56,"Today , the pixie-like clarinetist has mostly dropped the missionary work -LRB- though a touch of the old Tashi still survives -RRB- and now goes on the road with piano , bass , a slide show , and a repertoire that ranges from light classical to light jazz to light pop , with a few notable exceptions .",1.8511233881451474,0.24077126212423558,0.844956386917018,0.6892942678860317,0.7592287378757646
57,"Just the thing for the Vivaldi-at-brunch set , the yuppie audience that has embraced New Age as its very own easy listening .",1.1134626293233412,0.1552434047501236,0.9058128427694746,0.7914115578591696,0.8447565952498766
58,But you ca n't dismiss Mr. Stoltzman 's music or his motives as merely commercial and lightweight .,1.0838763891292738,0.14937711282115737,0.9025164960709522,0.80437244285476,0.8506228871788427
59,"He believes in what he plays , and he plays superbly .",0.3962406251802886,0.07015753544844315,0.9403159227496529,0.9195997479431867,0.9298424645515568
60,"His recent appearance at the Metropolitan Museum , dubbed `` A Musical Odyssey , '' was a case in point .",0.7385607144917588,0.106987903719859,0.9055046101982022,0.8808595897540276,0.8930120962801412
61,"It felt more like a party , or a highly polished jam session with a few friends , than a classical concert .",0.7612945654055192,0.10871294885081131,0.9378707183439067,0.8491119946147218,0.8912870511491887
62,"Clad in his trademark black velvet suit , the soft-spoken clarinetist announced that his new album , `` Inner Voices , '' had just been released , that his family was in the front row , and that it was his mother 's birthday , so he was going to play her favorite tune from the record .",1.5350959041320271,0.1897474820915664,0.8744764184938162,0.7548167455948035,0.810252517908434
63,"He launched into Saint-Saens 's `` The Swan '' from `` Carnival of the Animals , '' a favorite encore piece for cellists , with lovely , glossy tone and no bite .",1.4507364539674938,0.18845467980020802,0.8898882228093156,0.7458804037201409,0.8115453201997921
64,"Then , as if to show that he could play fast as well , he offered the second movement from Saint-Saens 's Sonata for Clarinet , a whimsical , puckish tidbit that reflected the flip side of the Stoltzman personality .",1.2478355965543937,0.16132152587121468,0.9001317216840475,0.7850799700562043,0.8386784741287852
65,"And so it went through the first half : an ingeniously chosen potpourri of pieces , none longer than five minutes , none that would disturb or challenge a listener .",0.9393359831859271,0.11531026961929451,0.9121768034620045,0.8588107625068898,0.8846897303807054
66,"Mr. Stoltzman introduced his colleagues : Bill Douglas , pianist/bassoonist/composer and an old buddy from Yale , and jazz bassist Eddie Gomez .",1.4631080197566657,0.20717228580523087,0.8894881708014714,0.7151162143918149,0.7928277141947695
67,"An improvisational section was built around pieces by Mr. Douglas , beginning with `` Golden Rain , '' a lilting , laid-back lead in to the uptempo `` Sky , '' which gave Mr. Stoltzman the opportunity to wail in a high register and show off his fleet fingers .",1.7634198069884883,0.218129142551538,0.8244449196761645,0.7434779050058941,0.7818708574484614
68,Bach 's `` Air '' followed .,0.0,0.0,1.0,1.0,1.0
69,"Mr. Stoltzman tied the composer in by proclaiming him `` the great improviser of the 18th century , '' and then built on the image by joining with Mr. Douglas in some Bach two-part inventions , cleverly arranged for clarinet and bassoon by Mr. Douglas .",1.1259389979234697,0.14483298155238583,0.9071448483789772,0.8088228678473112,0.8551670184476144
70,"Keeping the mood light , the two then chanted and chortled their way through some murderous polyrhythms , devised by Mr. Douglas as an alternative to Hindemith 's dry theory-teaching techniques , and then , with Mr. Gomez , soared and improvised on the composer 's tight `` Bebop Etudes . ''",1.6377165280525015,0.20169574347649,0.821358468832697,0.7765088995514505,0.7983042565235097
71,"The end of the first half , however , brought what the standing-room-only crowd seemed to be waiting for : the pop singer Judy Collins , who appears on `` Inner Voices . ''",1.2489527484326501,0.151407897791965,0.8940651730329879,0.8075207684784459,0.848592102208035
72,"Glamorous and pure-voiced as ever , Ms. Collins sang Joni Mitchell 's `` For Free '' -- about an encounter with a street-corner clarinetist , to which Mr. Stoltzman contributed a clarinet obligatto -- and Mr. Douglas 's lush setting of a Gaelic blessing , `` Deep Peace . ''",1.79534724711033,0.23250436623868703,0.8023131741620929,0.7355743223447789,0.7674956337613127
73,"`` Deep Peace '' also featured a slide show of lovely but predictable images of clouds , beaches , deserts , sunsets , etc .",1.0047766191505474,0.14814153900505833,0.8499018662299658,0.8538240852650119,0.8518584609949416
74,"It was all too mellow to be believed , but they probably would have gotten away with it , had they not felt compelled to add Ms. Collins 's signature tune , `` Amazing Grace , '' and ask for audience participation .",1.7150838595780087,0.20897274634129728,0.820050548931875,0.7639881242487536,0.7910272536587025
75,That went over the permissible line for warm and fuzzy feelings .,0.39624062518028946,0.061524693691246794,1.0000000000000002,0.8840824070190841,0.9384753063087534
76,Was this why some of the audience departed before or during the second half ?,0.7999999999999998,0.13683487255216303,0.90441705842224,0.825512176302946,0.8631651274478368
77,Or was it because Ms. Collins had gone ?,0.44444444444444553,0.08153506054249816,0.918464939457502,0.9184649394575018,0.9184649394575018
78,"Either way it was a pity , because Mr. Stolzman offered the most substantial music of the evening just after intermission : Steve Reich 's `` New York Counterpoint , '' one of a series of Reich works that juxtapose a live performer with recorded tracks of his or her own playing .",1.9387165747232302,0.2350291085055791,0.8187428312218774,0.717826739853365,0.7649708914944211
79,-LRB- Mr. Reich 's new `` Different Trains '' for string quartet uses the technique magisterially . -RRB-,1.0838763891292738,0.14937711282115737,0.8377937074339746,0.8638510849357629,0.8506228871788425
80,Mr. Stoltzman must have worried that his audience might not be able to take it : He warned us in advance that `` New York Counterpoint '' lasts 11 1/2 minutes .,1.1804511722130426,0.14188884477369532,0.8856036903022634,0.8322741729034849,0.8581111552263047
81,"He also unfortunately illustrated this intricate , jazzy tapestry with Mr. Pearson 's images , this time of geometric or repeating objects , in a kitschy mirroring of the musical structure that was thoroughly distracting from Mr. Reich 's piece and Mr. Stoltzman 's elegant execution of it .",1.5130961112260453,0.18721630110203616,0.9007398534525031,0.7404770160948402,0.8127836988979635
82,"The rest of the concert was more straight jazz and mellow sounds written by Charlie Parker , Ornette Coleman , Bill Douglas and Eddie Gomez , with pictures for the Douglas pieces .",1.6634500905933693,0.22222737668776232,0.8984741322085417,0.6856606011781006,0.7777726233122382
83,"It was enjoyable to hear accomplished jazz without having to sit in a smoke-filled club , but like the first half , much of it was easy to take and ultimately forgettable .",1.3307923321482917,0.17743604550708797,0.8886511169472203,0.7656259235555675,0.8225639544929121
84,Is this the future of chamber music ?,0.8443609377704333,0.18136305810744538,0.8840251114481912,0.7622556248918265,0.8186369418925545
85,"Managers and presenters insist that chamber music concerts are a hard sell , but can audiences really enjoy them only if the music is purged of threatening elements , served up in bite-sized morsels and accompanied by visuals ?",2.045908972867201,0.25866441197227763,0.7907079034334863,0.6977665887193053,0.7413355880277224
86,What 's next ?,0.0,0.0,1.0,1.0,1.0
87,Slides to illustrate Shostakovich quartets ?,0.33333333333333304,0.06891905627080991,1.0,0.8710490642551528,0.93108094372919
88,"It was not an unpleasant evening , certainly , thanks to the high level of performance , the compositional talents of Mr. Douglas , and the obvious sincerity with which Mr. Stoltzman chooses his selections .",1.1313626653666802,0.14366229089177301,0.9017938934379831,0.8152441841063854,0.8563377091082268
89,But it was neither deep nor lasting : light entertainment that was no substitute for an evening of Brahms .,1.0754887502163442,0.14596024954488476,0.912953639975162,0.8022684935944447,0.8540397504551148
90,Ms. Waleson is a free-lance writer based in New York .,0.7272727272727293,0.11746137379367967,1.0000000000000002,0.7897710354051726,0.8825386262063208
91,One of Ronald Reagan 's attributes as President was that he rarely gave his blessing to the claptrap that passes for `` consensus '' in various international institutions .,1.5389376028651967,0.1947735713866559,0.8109230789459447,0.7996092567058869,0.8052264286133443
92,"In fact , he liberated the U.S. from one of the world 's most corrupt organizations -- UNESCO .",0.8163039475961495,0.10929190536161239,0.9034405474017482,0.8783295386900204,0.890708094638387
93,"This is the U.N. group that managed to traduce its own charter of promoting education , science and culture .",0.980482023721839,0.12794390597097108,0.917615146802386,0.8308070140321844,0.8720560940290287
94,"Ever since , the remaining members have been desperate for the United States to rejoin this dreadful group .",0.42105263157894246,0.05558973146367056,0.9444102685363288,0.9444102685363288,0.9444102685363288
95,Now UNESCO apologists are lobbying President Bush to renege on President Reagan 's decision to depart .,0.44762591026098875,0.06596194769288313,1.0,0.876239582781265,0.9340380523071167
96,But we can think of many reasons to stay out for the foreseeable future and well beyond .,0.8197159723424141,0.10900284077560674,0.967899209951629,0.825415778999051,0.8909971592243932
97,"The U.S. , along with Britain and Singapore , left the agency when its anti-Western ideology , financial corruption and top leadership got out of hand .",1.5509001104047142,0.22111277210945665,0.8332925356675385,0.7311507152135214,0.7788872278905438
98,"The personal antics of agency Director Amadou-Mahtar M'Bow drew much attention , such as when several of his top aides were uncovered as KGB plants and ejected from France and when a mysterious office fire was set just before Congress sent accountants to trace U.S. funds .",2.2026763284112842,0.2698893689843853,0.813986055508769,0.6619059686402238,0.7301106310156144
99,"Mr. M'Bow was an extreme case , but even his replacement , the more personally genial Spanish biochemist Federico Mayor , has had little success at achieving reforms .",1.434815188773686,0.18688910205706594,0.8371386248345506,0.7904239843759933,0.8131108979429343
100,"Several ridiculous projects continue , including the `` New International Economic Order , '' which means redistributionism from the West to pay for everyone else 's statism .",1.1383679636045443,0.1440076467754116,0.8691270909728435,0.8432487042214187,0.8559923532245887
101,"The Orwellian `` New World Information Order '' would give government officials rights against the press ; journalists would be obliged to kowtow to their government , which would have licensing and censorship powers and , indeed , duties to block printing of `` wrong '' ideas .",1.8187546863780817,0.21591498294603775,0.8514677055243717,0.7265851707419168,0.7840850170539626
102,UNESCO somehow converted the founding U.N. ideals of individual rights and liberty into `` peoples ' rights . '',0.9473684210526292,0.12910514415536736,0.9100593016198189,0.834962216726384,0.8708948558446324
103,Million-dollar conferences were held to chew on subjects such as `` ethical responsibilities of scientists in support of disarmament '' and `` the impact of the activities of transnational corporations . '',1.7237893580853214,0.23440063713733889,0.8491759156400378,0.6970000744949973,0.7655993628626616
104,The agency was so totally subverted from the high principles of its founding that even the Soviets now wonder about an agency that seemed so congenial to them .,1.348945361336681,0.18485345710451528,0.8252468370447507,0.8052904967674117,0.8151465428954848
105,"Glasnost may be partly responsible , but Soviet Foreign Minister Eduard Shevardnadze last year admitted , `` The exaggerated ideological approach undermined tolerance intrinsic to UNESCO . ''",1.7367568029675242,0.2245294467973368,0.850555624582031,0.7125668130215504,0.7754705532026629
106,UNESCO is now holding its biennial meetings in Paris to devise its next projects .,0.3999999999999977,0.05813575050084461,0.960476931924549,0.923959228439975,0.9418642494991548
107,Mr. Mayor 's hope that references to `` press freedom '' would survive unamended seems doomed to failure ; the current phrasing is `` educating the public and media to avoid manipulation . '',1.445919395845003,0.18122200249573295,0.8377445681161855,0.8006512217415457,0.8187779975042669
108,He has n't been able to replace the M'Bow cabal .,0.18181818181818166,0.026987823344141793,0.9474427588512931,1.0,0.9730121766558583
109,"Soviets remain in charge of education programs , a former head of an African military tribunal for executions is in charge of culture , and a hard-line Polish communist in exile directs the human-rights and peace division .",1.5415860881006198,0.23042857560302565,0.8503201024939927,0.7028289059958638,0.7695714243969745
110,"Of the agency 's 2,750 staff members , 230 are in the field working on actual projects , such as literacy and oceanographic research .",1.1949721192370877,0.168963957418239,0.8774103375831445,0.7893177575658616,0.8310360425817608
111,"The position of the United States , which once contributed 25 % of the budget , is that nothing has changed .",0.9554340913024495,0.13203613023530708,0.9019582443845108,0.8364388883221109,0.8679638697646931
112,"John Bolton , the assistant secretary of state for international organizations , told Congress that the continuing `` statist , restrictive , nondemocratic '' programs make rejoining any time soon `` extremely unlikely . ''",1.5468275853547873,0.19947955750100155,0.8510030534956201,0.7556918182786868,0.8005204424989982
113,"This has n't much bothered the UNESCO delegates , who last week could n't even agree to raise funds by selling off a fancy 19th-century French chateau the agency somehow owns .",1.3628012648261514,0.16944283835565155,0.8786958503410504,0.7874190059485943,0.8305571616443488
114,"Other countries , including West Germany , may have a hard time justifying continued membership .",0.9693609377704329,0.14296011465498856,0.9072128585459888,0.8121256639582995,0.8570398853450111
115,We see an even stronger argument against UNESCO than its unsurprising failure to reform .,0.7673183336217955,0.11781100479630809,0.8311447327111338,0.9399132094021603,0.8821889952036918
116,This is that the Reagan Revolution spanning Eastern Europe and Tiananmen Square shows the power of ideas unencumbered by international civil servants or government functionaries .,1.6647774044286257,0.23379349397833063,0.8683323948115629,0.6855749922860439,0.7662065060216691
117,"Free markets , free minds and free elections have an appeal that seems to get muddled only when delivered through U.N. organizations -- which of course are made up largely of governments that fear these principles at home .",1.4369000004437895,0.17903694670910897,0.8297376279093529,0.8123721209843788,0.8209630532908911
118,The Babelists of the United Nations are experts at obfuscation .,0.5454545454545459,0.0855828602604144,1.0000000000000002,0.8423282765538795,0.9144171397395859
119,"This can have its purposes at times , but there 's no reason to cloud the importance and allure of Western concepts of freedom and justice .",1.3105214068612678,0.16899466911454503,0.9085677906507342,0.7656439676027205,0.8310053308854554
120,"We can see plenty of reasons to stay out , and none to rejoin UNESCO .",0.5,0.07512426610353258,0.8913931073950666,0.960971887805214,0.9248757338964676
121,Researchers at Plant Genetic Systems N.V. in Belgium said they have developed a genetic engineering technique for creating hybrid plants for a number of key crops .,0.7397840167050793,0.10389120777127553,0.9690106986639373,0.8334086780280592,0.8961087922287249
122,The researchers said they have isolated a plant gene that prevents the production of pollen .,0.9221804688852169,0.13506222076942503,0.9219437756104277,0.8145709051351125,0.8649377792305749
123,The gene thus can prevent a plant from fertilizing itself .,0.5454545454545459,0.0855828602604144,0.9412693131031604,0.8890545298748629,0.9144171397395857
124,"Such so-called male-sterile plants can then be fertilized by pollen from another strain of the plant , thereby producing hybrid seed .",1.2504443183784977,0.1755511122645598,0.8806465410297291,0.7749933933933425,0.82444888773544
125,"The new generation of plants will possess the flourishing , high-production trait known as `` hybrid vigor , '' similar to that now seen in hybrid corn .",1.4474758933207443,0.18704471078355503,0.9025501894491283,0.739541986274696,0.8129552892164451
126,"`` The development could have a dramatic effect on farm production , especially cotton , '' said Murray Robinson , president of Delta & Pine Land Co. , a Southwide Inc. subsidiary that is one of the largest cotton seed producers in the U.S. .",1.6375075668678294,0.20899671685857646,0.8583107992190226,0.7334844707782374,0.7910032831414238
127,"On a commercial scale , the sterilization of the pollen-producing male part has only been achieved in corn and sorghum feed grains .",1.2288983698474114,0.1699522720156445,0.9200238595279482,0.75610269410238,0.8300477279843558
128,"That 's because the male part , the tassel , and the female , the ear , are some distance apart on the corn plant .",1.4960229597015289,0.24806944171692938,0.8598359432246939,0.6680885707814683,0.7519305582830708
129,"In a labor-intensive process , the seed companies cut off the tassels of each plant , making it male sterile .",0.8697458336423978,0.12491846705317697,0.9308167578190852,0.8256438278121156,0.8750815329468226
130,"They sow a row of male-fertile plants nearby , which then pollinate the male-sterile plants .",0.672180468885216,0.09844731042202408,0.9119465277377136,0.8913931073950664,0.9015526895779757
131,The first hybrid corn seeds produced using this mechanical approach were introduced in the 1930s and they yielded as much as 20 % more corn than naturally pollinated plants .,1.3673183336217969,0.17689676916914976,0.8821035086276042,0.7715007189985074,0.8231032308308505
132,The vast majority of the U.S. corn crop now is grown from hybrid seeds produced by seed companies .,1.0923625001138637,0.15644423962255358,0.9332841139700279,0.7695675423036774,0.8435557603774462
133,"A similar technique is almost impossible to apply to other crops , such as cotton , soybeans and rice .",1.1754887502163465,0.1617266545742724,0.9001991608392317,0.7843190653309781,0.8382733454257274
134,"The male part , the anthers of the plant , and the female , the pistils , of the same plant are within a fraction of an inch or even attached to each other .",1.0541100854166006,0.1569040425253786,0.8951544819061292,0.79675967280936,0.843095957474621
135,The anthers in these plants are difficult to clip off .,0.3636363636363642,0.055472735062568695,1.0,0.8948855177025863,0.9445272649374314
136,"In China , a great number of workers are engaged in pulling out the male organs of rice plants using tweezers , and one-third of rice produced in that country is grown from hybrid seeds .",1.5241879278688018,0.198207822663436,0.8879837550834874,0.7308524496912429,0.801792177336564
137,"At Plant Genetic Systems , researchers have isolated a pollen-inhibiting gene that can be inserted in a plant to confer male sterility .",1.0762994566158053,0.13804177061144343,0.8854354519538779,0.8396938405636676,0.8619582293885566
138,"Jan Leemans , research director , said this gene was successfully introduced in oil-producing rapeseed plants , a major crop in Europe and Canada , using as a carrier a `` promoter gene '' developed by Robert Goldberg at the University of California in Los Angeles .",1.845639752855404,0.24355167020138924,0.8494544735575096,0.6817986937132772,0.7564483297986107
139,The sterilizing gene is expressed just before the pollen is about to develop and it deactivates the anthers of every flower in the plant .,1.024385618977469,0.1354481449308832,0.9761142341817196,0.7758752570446396,0.8645518550691165
140,Mr. Leemans said this genetic manipulation does n't hurt the growth of that plant .,0.6339850002884617,0.09170738058117757,0.9999999999999998,0.8319927441868962,0.9082926194188221
141,The researchers also pulled off a second genetic engineering trick in order to get male-sterile plants in large enough numbers to produce a commercial hybrid seed crop .,1.4655558014163352,0.20917694787519517,0.8831370401411519,0.7159817452323457,0.7908230521248049
142,"They attached a second gene , for herbicide resistance , to the pollen-inhibiting gene .",1.1673183336217958,0.19095265837063,0.8316320747184599,0.7876568490751031,0.80904734162937
143,"Both genes are then inserted into a few greenhouse plants , which are then pollinated and allowed to mature and produce seed .",1.1419418481082815,0.151103355667805,0.8650466079788341,0.833338651499303,0.8488966443321954
144,The laws of heredity dictate that half of the plants springing from these greenhouse-produced seeds will be male sterile and herbicide resistant and half will be male fertile and herbicide susceptible .,1.8448613262392906,0.24099646066019254,0.9071983597988079,0.6524267721744815,0.759003539339807
145,"The application of herbicide would kill off the male-fertile plants , leaving a large field of male-sterile plants that can be cross-pollinated to produce hybrid seed .",0.9583075178121225,0.12269121030646807,0.9585525126449848,0.8087609052016727,0.8773087896935325
146,Mr. Leemans said the hybrid rapeseeds created with this genetic engineering yield 15 % to 30 % more output than the commercial strains used currently .,0.8563331733265551,0.1155714726405471,0.9471366510055712,0.8295083506729517,0.8844285273594529
147,"`` This technique is applicable to a wide variety of crops , '' he said , and added that some modifications may be necessary to accommodate the peculiarities of each type of crop .",1.3270416317283447,0.16722754912527765,0.878691819971299,0.7914141091227385,0.8327724508747222
148,"He said the company is experimenting with the technique on alfalfa , and plans to include cotton and corn , among other crops .",0.8170683531015355,0.10957629446972926,0.9299675521326309,0.8541056400918072,0.8904237055302711
149,"He said that even though virtually all corn seeds currently planted are hybrids , the genetic approach will obviate the need for mechanical emasculation of anthers , which costs U.S. seed producers about $ 70 million annually .",1.6077258928894969,0.19227000491973062,0.8586829806627112,0.7624852418811211,0.8077299950802694
150,"In recent years , demand for hybrid seeds has spurred research at a number of chemical and biotechnology companies , including Monsanto Co. , Shell Oil Co. and Eli Lilly & Co .",1.586803878078797,0.22567399937808158,0.8581080111100179,0.7054489686779555,0.7743260006219186
151,One technique developed by some of these companies involves a chemical spray supposed to kill only a plant 's pollen .,1.1835596653463476,0.17010660482347903,0.8584151495392803,0.8032060226471268,0.8298933951765209
152,"But there have been problems with chemical sprays damaging plants ' female reproductive organs and concern for the toxicity of such chemical sprays to humans , animals and beneficial insects .",1.7346592745424942,0.23041013111923075,0.8629324499770548,0.6944697387794387,0.7695898688807691
153,"However , Paul Johanson , Monsanto 's director of plant sciences , said the company 's chemical spray overcomes these problems and is `` gentle on the female organ . ''",1.4396513059061506,0.1821441958269942,0.8804133125173044,0.7635985353773099,0.8178558041730057
154,"Biosource Genetics Corp. , Vacaville , Calif. , is developing a spray containing a gene that spreads from cell to cell and interferes with the genes that are responsible for producing pollen .",1.502539664408304,0.19343992657836306,0.8799718146222416,0.7444539263089298,0.806560073421637
155,"This gene , called `` gametocide , '' is carried into the plant by a virus that remains active for a few days .",0.833333333333333,0.1155677569251792,0.9415029394388537,0.8338849802698097,0.8844322430748206
156,"Robert Erwin , president of Biosource , called Plant Genetic 's approach `` interesting '' and `` novel , '' and `` complementary rather than competitive . ''",1.6653282315389522,0.23190190289091483,0.8151644375766002,0.7261701498917601,0.7680980971090852
157,"`` There is a large market out there hungry for hybrid seeds , '' he said .",0.6326404413037334,0.08387914552053385,0.9362366698923388,0.8968512668663693,0.9161208544794663
158,"Mr. Robinson of Delta & Pine , the seed producer in Scott , Miss. , said Plant Genetic 's success in creating genetically engineered male steriles does n't automatically mean it would be simple to create hybrids in all crops .",1.5554740856296903,0.18866220280777984,0.864411473389003,0.764404416794912,0.8113377971922202
159,"That 's because pollination , while easy in corn because the carrier is wind , is more complex and involves insects as carriers in crops such as cotton .",1.4439414821009375,0.20691050099189823,0.869921883634095,0.7287275420848855,0.7930894990081017
160,"`` It 's one thing to say you can sterilize , and another to then successfully pollinate the plant , '' he said .",1.2924812503605771,0.17132321490415411,0.8286767850958456,0.8286767850958456,0.8286767850958456
161,"Nevertheless , he said , he is negotiating with Plant Genetic to acquire the technology to try breeding hybrid cotton .",0.4168994048649255,0.05481313251261706,0.9647886697550954,0.9263657120525328,0.9451868674873826
162,"A bitter conflict with global implications has erupted between Nomura Securities Co. and Industrial Bank of Japan , two of the world 's most powerful financial companies .",1.2892809096467817,0.17060247706116563,0.8864087566946597,0.7792767108557773,0.8293975229388344
163,The clash is a sign of a new toughness and divisiveness in Japan 's once-cozy financial circles .,0.8616541669070514,0.1264993726796624,0.9639956704933977,0.7985379216686189,0.8735006273203374
164,Not only are Japan 's financial institutions putting their enormous clout to work ; increasingly they 're squaring off against one another in unprecedented public fashion .,0.9909217593393889,0.12051260520574551,0.907086576544298,0.8535180973695311,0.8794873947942546
165,"Already , the consequences are being felt by other players in the financial markets -- even governments .",0.5974937501201945,0.09125707940153169,0.9184463009531734,0.8992424290497485,0.9087429205984683
166,What triggered the latest clash was a skirmish over the timing of a New Zealand government bond issue .,1.1976256580086018,0.1818113514761719,1.0,0.6923174730906485,0.8181886485238278
167,"Nomura was attempting to organize the 50 billion-yen -LRB- $ 352 million -RRB- borrowing in Japan at a time when many Japanese banks , led by Industrial Bank of Japan , were pressuring the Wellington government to help them recover loans made to a defunct investment bank that had been owned by New Zealand 's civil-service pension fund .",1.570529073645722,0.18152097683554946,0.8734009412114941,0.7700557430683788,0.8184790231644505
168,"Unwilling to put up new money for New Zealand until those debts are repaid , most banks refused even to play administrative roles in the new financing , forcing an embarrassed Nomura to postpone it this week .",0.9639260653444941,0.117335738898096,0.9228992550052171,0.8457909060069595,0.8826642611019043
169,The dispute shows clearly the global power of Japan 's financial titans .,0.615384615384615,0.09069119226049506,0.9525005112358605,0.869864292828768,0.9093088077395048
170,"Aside from Nomura 's injured pride , the biggest victim so far has been the New Zealand government .",0.8560348687626487,0.11858462897090845,0.9379324943790261,0.8313222739441495,0.8814153710290911
171,"Barred by its budget law from making any new domestic bond issues , Wellington 's Debt Management Office had been casting abroad to raise the 3 billion New Zealand dollars -LRB- US$ 1.76 billion -RRB- to NZ$ 4 billion it needs to come up with by the end of its fiscal year next June 30 .",1.4426234350744735,0.1661981336023001,0.8790832938337215,0.7929567996826443,0.8338018663977003
172,"With Japan 's cash-flush banks aligned against it , though , raising money may be difficult .",0.5149933824802053,0.06936275813450865,0.9251043935637094,0.9362366698923386,0.9306372418654916
173,"Not only can they block Wellington from raising money in Japan , bankers here say , but as the largest underwriters in the Eurobond market , they might be able to scuttle borrowings there , too .",1.360505308855065,0.17379081355561982,0.8374858840540759,0.8152321342519723,0.82620918644438
174,"New Zealand 's finance minister , David Caygill , lashed out at such suggestions .",0.8503258334775641,0.12697516267925493,0.9408865033514555,0.8142937072478528,0.8730248373207449
175,"He told reporters in Wellington Tuesday that the government had n't guaranteed the loans to DFC New Zealand Ltd. , an investment bank 80%-owned by the National Provident Fund , and would n't bail it out .",1.308206161997517,0.16743103055895833,0.8802980964351256,0.7897493311044129,0.832568969441042
176,"`` It may very well be what the Japanese banks want , '' he told Radio New Zealand .",0.7110407897014142,0.09387559557814351,0.9061244044218562,0.9061244044218559,0.906124404421856
177,`` I think it would be irresponsible and I am not about to be blackmailed by Japanese banks or any other international interests . '',0.9901955000865375,0.12666368558638372,0.9142932294614255,0.8358915032893192,0.873336314413616
178,No less significant than the Japanese banks ' attempt to cut off funds to pressure a foreign government are the implications of a confrontation between Japan securities and banking industries .,1.0557759984903408,0.138143131866586,0.9107908639252261,0.8179129190615733,0.8618568681334139
179,Anxiety is rising over recent government proposals to eventually lower the strict barriers that now separate -- and protect -- the two industries from each other .,1.1670287038639628,0.15465347196749651,0.8271180678809054,0.8643965508703411,0.8453465280325038
180,"Both sides are jealously guarding their turf , and relations have been at a flashpoint for months .",1.0419381945646373,0.14725606343893685,0.8715968398065166,0.8346893534084746,0.8527439365610632
181,The banks badly want to break into all aspects of the securities business .,0.8221267860233539,0.12634752824790005,0.952145318097222,0.8071155710335266,0.8736524717521004
182,"Meanwhile , the securities companies -- most of them smaller than the banks -- are seeking access only to limited kinds of banking that would n't open them to the full brunt of competition from the banks .",1.4756324716091296,0.1921996365987467,0.7991846222734938,0.816603895870035,0.807800363401253
183,"Nomura , the world 's biggest securities company largely by virtue of its protected home field , and Industrial Bank of Japan , Japan 's most innovative and aggressive bank in capital markets abroad , captain the opposing sides .",1.5497545220510132,0.20241408058969934,0.8246247336966646,0.7722639743729347,0.7975859194103004
184,And their suspicions of each other run deep .,0.22222222222222232,0.036324900793189584,0.9298966940476159,1.0,0.9636750992068105
185,"In the past year , both have tried to stretch the limits of their businesses .",0.7193609377704329,0.10231800145096741,0.9139310739506651,0.882000624901929,0.8976819985490323
186,"Nomura started a credit-card venture with American Express Co. that allowed cardholders to use their Nomura securities accounts like a bank account , attracting the wrath of banks .",1.4044502052827808,0.19255045809722185,0.8700501625625792,0.7532525762390149,0.8074495419027786
187,"And Industrial Bank of Japan started up a London securities subsidiary that sells Japanese stocks to non-Japanese institutions overseas , a move that stirred the anger of the stock brokerage firms .",1.3392110303835425,0.17883309432623865,0.8453480161641171,0.7983307210441335,0.8211669056737614
188,The New Zealand bond issue simply has brought the two institutions face-to-face .,0.9230769230769242,0.14249846629241855,0.9002635941843026,0.8186176154790095,0.8575015337075814
189,"ITEL CORP. reported third-quarter earnings , which were mistakenly shown in the Quarterly Earnings Surprises table in yesterday 's edition to be lower than the average of analysts ' estimates .",0.9953146120088192,0.12109607753337445,0.9655084535123535,0.8065570707913332,0.8789039224666257
190,"On a pretax basis , Itel 's third-quarter earnings of 30 cents a share were actually 7.14 % higher than the average of estimates .",1.050586500259615,0.14126243354105164,0.9219869450694221,0.8036090494092198,0.8587375664589483
191,"Raymond E. Ross , 53 years old , formerly group vice president , U.S. plastics machinery , at this machine tool , plastics machinery and robots concern , was named senior vice president , industrial systems , succeeding David A. Entrekin , who resigned Monday .",1.8435121772146275,0.2604643039628939,0.8053558973378606,0.6836613573605486,0.7395356960371061
192,"John A. Conlon Jr. , 45 , was named a managing director at this investment-banking company .",0.9567448533229665,0.14179054826016238,0.8793276480732509,0.8380818273972821,0.8582094517398378
193,"He will be in charge of research , equity sales and trading , and the syndicate operation of Rothschild .",1.3887218755408668,0.20258127877339377,0.8792133824988465,0.7295477032703716,0.7974187212266062
194,Mr. Conlon was executive vice president and director of the equity division of the international division of Nikko Securities Co .,1.126261164495391,0.18576982487370433,0.8962517376863101,0.7459625128783767,0.8142301751262955
195,"As Yogi Berra might say , it 's deja vu all over again .",1.0539205358688193,0.16795345586857124,0.820418753234858,0.8440086748696409,0.8320465441314292
196,"Crouched at shortstop , Bert Campaneris , once Oakland 's master thief , effortlessly scoops up a groundball and flips it to second .",1.0000000000000009,0.12863913063587112,0.9181614397627657,0.8290999458460392,0.8713608693641289
197,"In the outfield , Paul Blair , the Orioles ' eight-time Gold Glove winner , elegantly shags a fly .",1.1559707739381873,0.17481872797323575,0.9009316698113898,0.761181110997591,0.8251812720267642
198,"On the mound , former Red Sox great Luis Tiant , the wily master of 1,001 moves , throws an off-speed strike .",1.2288983698474087,0.17414062485191248,0.9337549617011166,0.7403157330492397,0.8258593751480874
199,"`` Babies , kiddies , '' growls their manager -- a fellow named Earl Weaver , who , in a different time , handled four World Series teams and now handles the Gold Coast Suns .",1.3609366238803045,0.16679785474599662,0.857324540974152,0.8104000558417117,0.8332021452540033
200,"`` Old-time kiddies , '' he says .",0.5,0.09090909090909091,0.8333333333333333,1.0,0.9090909090909091
201,Perhaps .,0.0,0.0,1.0,1.0,1.0
202,"But for the next few months , these boys of summers long past are going to be reveling in an Indian summer of the soul .",1.0720885761895067,0.15104047749875538,0.9035251666272236,0.8006091754754271,0.8489595225012444
203,"Now that the baseball season is officially over , you see , it 's time for a new season to begin .",0.8524948864619768,0.11615802957078655,0.9135180631588848,0.8560332991083833,0.8838419704292136
204,"Today is the debut of the Senior Professional Baseball Association , a new eight-team pro sports circuit , modeled after the highly successful senior tennis and golf tours and complete with good salaries , a cable television contract and even expansion plans .",1.9348920808380896,0.25582826183849877,0.8565580114549519,0.6578564673469388,0.7441717381615011
205,"One hundred and ninety two former greats , near greats , hardly knowns and unknowns begin a 72-game , three-month season in spring-training stadiums up and down Florida .",1.8837651890720934,0.25572598497193866,0.8195001528404,0.6816974927892914,0.7442740150280616
206,"For everyone involved , it 's one more swig of that elixir of youth , baseball .",0.8893773811037518,0.14018367851406116,0.9069900268264857,0.8173071373392605,0.8598163214859389
207,"`` Someone always makes you quit , '' says legendary St. Louis Cardinals centerfielder Curt Flood , the league 's commissioner .",1.220670589648786,0.17684999043579339,0.8001518247061268,0.8475093577229423,0.8231500095642064
208,"`` You feel you want one more -- one more at-bat , one more hit , one more game . ''",1.4099828797350842,0.2220313671722678,0.7921677580018017,0.7642695657783581,0.7779686328277319
209,"Until the baby-faced heroes of today reclaim these ballparks for spring training , there is one more .",0.6394319446848309,0.09090909090909106,0.9350109973806348,0.8845691541197032,0.9090909090909091
210,And not just for the players .,8.881784197001252e-16,1.7611122038945456e-16,1.0,1.0,1.0
211,"It 's one more for the baseball-loving lawyers , accountants and real estate developers who ponied up about $ 1 million each for the chance to be an owner , to step into the shoes of a Gene Autry or have a beer with Rollie Fingers .",1.2753612448905658,0.15352387221361447,0.8961724328583831,0.802001948446576,0.8464761277863858
212,"`` Nothing can be better than this , '' says Don Sider , owner of the West Palm Beach Tropics .",1.0056864513697015,0.13594038839308253,0.9241381118129424,0.8113157288884008,0.8640596116069174
213,"Early in the morning Mr. Sider , an estate lawyer , pores over last wills and testaments .",0.8197159723424141,0.11960602258983777,0.9005037206819031,0.8611627826070011,0.880393977410162
214,"Midmorning , he dons an orange-and-blue uniform and , for fun , may field a bunt from Dave Kingman .",0.8622556248918256,0.12485399136756638,0.8929562769377478,0.8580323088578018,0.8751460086324336
215,"It 's one more , too , for the fans who dream of a season that never ends .",0.8421052631578911,0.1164303229862368,0.8585785330361506,0.9100593016198191,0.8835696770137629
216,"`` I feel like a little kid , '' says a gleeful Alex de Castro , a car salesman , who has stopped by a workout of the Suns to slip six Campaneris cards to the Great Man Himself to be autographed .",0.9913765228625753,0.11474875209906735,0.9280159301124554,0.8462542924475175,0.8852512479009327
217,The league 's promoters hope retirees and tourists will join die-hard fans like Mr. de Castro and pack the stands to see the seniors .,1.5109775004326949,0.20263258985703259,0.8535214949957063,0.7481460853103974,0.7973674101429675
218,The league is the brainchild of Colorado real estate developer James Morley -- once a minor-leaguer himself -- who says he had the idea last January while lying on a beach in Australia .,1.9408876730011935,0.26191018435556207,0.8149091539265245,0.6745059201807849,0.7380898156444378
219,"When he sent letters offering 1,250 retired major leaguers the chance of another season , 730 responded .",1.3752715278979695,0.2039749126774627,0.7660132670761457,0.82848448252515,0.796025087322537
220,"Eventually , about 250 made the trip to Florida to compete for the available slots .",0.5,0.06896551724137931,0.9310344827586207,0.9310344827586207,0.9310344827586207
221,"-LRB- Players have to be 35 or older , except for catchers , who are eligible at 32 because life behind the plate is so rough . -RRB-",0.932138052503924,0.11777798834552576,0.88067068168152,0.8837788167080995,0.8822220116544742
222,"For some players , the lure is money -- up to $ 15,000 a month .",0.8915414066556488,0.1254197931870067,0.9127387067581196,0.8394842274175071,0.8745802068129931
223,"Others , just released from the majors , hope the senior league will be their bridge back into the big-time .",1.011672023706499,0.1418966448458287,0.8510261046844535,0.8652993035140772,0.8581033551541711
224,"But as they hurl fireballs that smolder rather than burn , and relive old duels in the sun , it 's clear that most are there to make their fans cheer again or recapture the camaraderie of seasons past or prove to themselves and their colleagues that they still have it -- or something close to it .",2.488826980965211,0.3093403290655274,0.7122806494589232,0.6703126144031896,0.6906596709344727
225,`` My fastball is good .,0.0,0.0,1.0,1.0,1.0
226,"Real good , '' says 39-year-old Pete Broberg , working in the midday heat of the Tropics camp .",0.9215671054908894,0.12883220922464902,0.8975845318648145,0.8462615329075316,0.8711677907753508
227,"Mr. Broberg , who started with the now-defunct Washington Senators , says that when he left baseball in 1978 , he `` never looked back . ''",0.856274647361623,0.1118907198831614,0.870830212168791,0.9060879340034098,0.8881092801168392
228,"For a long time , he ignored baseball altogether , even the sports pages .",0.5836591668108966,0.08715508189603577,0.9433189894159952,0.8842781699384672,0.9128449181039637
229,"Now Mr. Broberg , a lawyer , claims he 'd play for free .",0.482491964440249,0.07047275413188371,0.9417607907978356,0.9176074546284201,0.9295272458681167
230,"`` You ca n't give it up that easily , '' he says .",0.7682062501545364,0.11220416956067526,0.9140673497355115,0.8629922771049006,0.8877958304393254
231,`` I tried . '',0.0,0.0,1.0,1.0,1.0
232,"The nagging memory of one afternoon fourteen years ago drove Jim Gideon , a lean 36-year-old righthander to take a four-month leave from selling insurance in Texas to try out for Mr. Weaver 's team .",1.3508108467525188,0.1676315831066859,0.9129649564872778,0.7648476702324335,0.8323684168933141
233,"`` It does n't replace pitching in the majors , but it proves to me that I would have been able to play if I 'd stayed healthy , '' he says .",1.1527000005244794,0.14923678423712772,0.8558325001369869,0.8457536307517468,0.8507632157628724
234,"Back in 1975 , late in the season , a then-21 Mr. Gideon made his only major league appearance , five and two-thirds innings for the Texas Rangers against the Chicago White Sox .",1.3443972336631376,0.18051414443163963,0.8514630806425914,0.7898235416812937,0.8194858555683602
235,"He gave up seven hits , walked five and did n't get a decision .",0.6339850002884626,0.09538682662823832,0.869718676064978,0.9424247542352393,0.9046131733717616
236,Arm troubles forced him back to the minors the next year .,0.5000000000000009,0.07890677294489694,0.9459744918689593,0.8974872852425805,0.9210932270551033
237,"`` There 's a satisfaction in going against the rules , '' offers Will McEnaney , once a stopper with Cincinnati 's Big Red Machine .",0.8853673080251472,0.11289984945749969,0.9304994685041326,0.8475687926311514,0.8871001505424999
238,He means the rule that a player ca n't cut it after a certain age .,0.5471804688852169,0.08280001473207456,0.9603883722013241,0.8777287764156874,0.9171999852679253
239,These days he hustles to house-painting jobs in his Chevy pickup before and after training with the Tropics .,0.6971111840966557,0.09551785081862572,0.9400395344132125,0.8715166697234591,0.9044821491813737
240,"While sipping a beer after practice , he vividly recounts getting the Red Sox 's Carl Yastrzemski to pop out to end the 1975 World Series , and repeating the feat against the Yankees ' Roy White in 1976 .",1.2167758615764281,0.1493599924900955,0.923322466529547,0.7885654073745526,0.8506400075099045
241,Some of the game 's reigning philosophers dislike the idea of middle-aged men attempting a young man 's sport .,0.7622556248918251,0.11538642491631827,0.9669085441942893,0.8152283262609579,0.8846135750836814
242,"`` I personally do n't enjoy seeing players who I remember vividly from their playing days running about and being gallant about their deficiencies , '' says Roger Angell , New Yorker magazine 's resident baseball sage .",1.3823506582363372,0.15902885630538932,0.8995491924238246,0.7895557924559569,0.8409711436946106
243,`` I feel people should be allowed to remember players as they were . '',0.6666666666666652,0.09327773668333735,0.923959228439975,0.8901166500171122,0.9067222633166623
244,"Worse , says baseball author Lawrence Ritter , `` Someone will get a heart attack and that will be the end of the whole story . ''",1.3665406278607337,0.1860105469360657,0.8705927086179767,0.7642972037332147,0.8139894530639344
245,But the ballplayers disagree .,0.0,0.0,1.0,1.0,1.0
246,Most are trim .,0.0,0.0,1.0,1.0,1.0
247,Some have been training for months ; others only recently left active status .,0.7142857142857144,0.10351330597172495,0.8783034747644115,0.9154387115169991,0.8964866940282749
248,"-LRB- No one has worked out the players ' average age , but most appear to be in their late 30s . -RRB-",0.7284733696592811,0.0875710989350343,0.9356823824443281,0.8903031789376229,0.9124289010649658
249,And there 's pride .,0.0,0.0,1.0,1.0,1.0
250,"`` I 'm not going to look stupid , '' vows former Pittsburgh Pirate second baseman Rennie Stennett , sweat dotting his brow as he prepares for some practice swings .",1.1698278227900127,0.14007451378100397,0.9062914191834002,0.8180728228678746,0.8599254862189959
251,"`` It 's going to be a tough league , '' promises the 47-year-old Mr. Campaneris .",0.47058823529411953,0.06300515534991187,0.9674727294582481,0.9083785779402594,0.9369948446500883
252,`` There will be a lot of malice . '',0.1999999999999993,0.0310373158726547,1.0,0.9397940008672038,0.9689626841273452
253,"Men who have played hard all their lives are n't about to change their habits , he says .",0.5660467106401779,0.07538488857694173,0.9428209855057836,0.9070990283650242,0.9246151114230579
254,"Nonetheless , one ca n't help wonder whether the game will be just a little bit slower .",0.792481250360578,0.11901834451563958,0.8865656572066332,0.8754675547589039,0.8809816554843604
255,"At the weatherbeaten Pompano Beach municipal stadium , Mr. Blair , the 45-year-old former Oriole , knows his power is n't what it used to be .",1.1562696647731014,0.15606919473292744,0.8611508194179772,0.827385970382203,0.8439308052670731
256,So he adjusts .,0.0,0.0,1.0,1.0,1.0
257,He no longer crowds the plate .,0.0,0.0,1.0,1.0,1.0
258,"He 's not thinking about home runs anymore , just base hits .",0.8272990386279604,0.12585212145928587,0.9491751493099762,0.8101127539502294,0.8741478785407142
259,"Still , `` how sweet it is , '' he says , savoring the fat sound of the well-hit line drive that bounces off the center field wall .",1.5298113095379424,0.21087925121495302,0.8217947864621222,0.7589455564911222,0.7891207487850472
260,"And do n't expect many complete games by pitchers -- perhaps three out of 288 , laughs Mr. Fingers , the former Oakland reliever .",1.480782000346153,0.19778225859550833,0.8001221435853021,0.8043243451989662,0.8022177414044914
261,"Expect `` tricky '' stuff from pitchers , says Mr. Weaver , the manager .",0.5836591668108975,0.08381746371967395,0.9096086714135926,0.9228521132923116,0.916182536280326
262,"Expect brushbacks but no beanballs , says Mr. McEnaney .",0.5999999999999996,0.09927436741713137,0.9315520459418732,0.8718740509574638,0.9007256325828685
263,"Even expect stolen bases , says the wiry and fit Mr. Campaneris : `` If you know how to slide , it 's no problem , '' he says .",0.7454842658866747,0.09127285065695569,0.8910723820331706,0.9270956435196803,0.9087271493430442
264,And expect slower fastballs .,0.0,0.0,1.0,1.0,1.0
265,"`` I 'm not so young anymore , '' concedes the cigar-chomping , 48-year-old Mr. Tiant .",0.9567448533229657,0.1370127989822774,0.9150565486324682,0.816524604233548,0.8629872010177229
266,"`` I wo n't be throwing 90 mph , but I will throw 80-plus , '' he says .",0.6455085529731761,0.09210706845855472,0.864060109297713,0.9564105925760236,0.907892931541445
267,"White-haired Pedro Ramos , at 54 the league 's oldest player and a pitcher-coach with the Suns , has lost even more speed .",0.9276942711037668,0.12348418133288652,0.8656431143068066,0.8876651252558807,0.8765158186671135
268,"Stuffing a wad of Red Man into his cheek , he admits the fastball he brought into the majors in 1955 has become a slowball .",0.7580579209441014,0.10613981160318411,0.9160100447254802,0.8727562436122901,0.8938601883968155
269,Its maximum velocity is 72 mph .,0.2857142857142865,0.053615035438314584,1.0,0.8982265179691366,0.9463849645616855
270,But he is n't worried .,0.0,0.0,1.0,1.0,1.0
271,He will compensate with the guile learned from his years in the majors .,0.19677767872596252,0.031906958661850914,0.9381592334579723,1.0000000000000002,0.9680930413381494
272,He has good control .,0.0,0.0,1.0,1.0,1.0
273,"He will keep the ball down , move it around .",0.7958988638330435,0.13819300836452358,0.8016404085435308,0.931737959110796,0.8618069916354765
274,"After all , he says , `` Even to make love , you need experience .",0.5,0.07805622438957222,0.9000744900927954,0.9449022499567308,0.921943775610428
275,Alltel Corp. said it will acquire the 55 % of Pond Branch Telephone Company Inc. 's cellular franchise that it does n't own already .,0.7216737591986542,0.10083090663535876,0.9305916417081073,0.8697992726308259,0.899169093364641
276,Terms were n't disclosed .,0.0,0.0,1.0,1.0,1.0
277,"Alltel holds 45 % of the franchise , which has operations in Aiken , S.C. , and Augusta , Ga .",0.9152038547082677,0.13231129594530575,0.9458248045419466,0.8014773756351409,0.8676887040546943
278,"Alltel , which provides local telephone service in 25 states , said it exercised its right of first refusal following an offer from an undisclosed third party to acquire the majority position in the franchise .",1.1258145836939129,0.14863016757023756,0.8957482358971415,0.8111811681142168,0.8513698324297625
279,Stewart & Stevenson Services Inc. said it received two contracts totaling $ 19 million to build gas-turbine generators .,1.132093421280362,0.15826313205325473,0.8511923534500928,0.832489147343412,0.841736867946745
280,"The separate contracts were from Paragould Light & Water Commission , a utility in Paragould , Ark. , and PSE Inc. , a cogeneration-plant operator in Houston .",1.5319233210564693,0.23401096786294154,0.858093586179909,0.6917402252617277,0.7659890321370588
281,Stewart & Stevenson makes equipment powered with diesel and gas turbines .,0.8962406251802886,0.1428571428571428,0.9416308273977262,0.7865679291870229,0.8571428571428572
282,"Liberty National Bancorp said its acquisition of Florence Deposit Bank , Florence , Ky. , first announced in April , has been completed in a transaction valued at $ 13.1 million .",1.2071622025965842,0.16483457594444853,0.9457852142634561,0.7477123888967945,0.8351654240555516
283,"Liberty National exchanged about 78.64 shares of its common stock for each of Florence Deposit 's 5,600 shares outstanding .",1.0000000000000018,0.13804801942528633,0.968962684127345,0.7762267303724121,0.8619519805747137
284,"Liberty National , a bank holding company , has assets exceeding $ 3 billion .",0.7673183336217946,0.11781100479630796,0.8866379788319907,0.8777844369932446,0.8821889952036918
285,"Hani Zayadi was appointed president and chief executive officer of this financially troubled department store chain , effective Nov. 15 , succeeding Frank Robertson , who is retiring early .",1.4373138492921251,0.18133840378200372,0.9132545788529581,0.7418249344904708,0.8186615962179966
286,"Mr. Zayadi was previously president and chief operating officer of Zellers Inc. , a retail chain that is owned by Toronto-based Hudson 's Bay Co. , Canada 's largest department store operator .",1.447710227600525,0.18687745947693704,0.894452441841259,0.7453500742103216,0.8131225405230628
287,"Tuesday , October 31 , 1989",0.6666666666666674,0.17376534287144021,1.0000000000000002,0.7039180890341349,0.8262346571285601
288,The key U.S. and foreign annual interest rates below are a guide to general levels but do n't always represent actual transactions .,0.9510566513446639,0.13485213038193153,0.9365359284782888,0.8038721902861645,0.8651478696180687
289,PRIME RATE : 10 1/2 % .,0.8571428571428577,0.18016411739235047,0.8722165935233486,0.7733901638509398,0.8198358826076496
290,The base rate on corporate loans at large U.S. money center commercial banks .,1.536412500309066,0.27899929412077235,0.7604556199611566,0.6854379526802015,0.7210007058792274
291,"FEDERAL FUNDS : 9 % high , 8 13/16 % low , 8 7/8 % near closing bid , 8 15/16 % offered .",1.3876237045336035,0.25276305830937174,0.7530642935015435,0.7414990836284924,0.7472369416906282
292,Reserves traded among commercial banks for overnight use in amounts of $ 1 million or more .,1.0144183822256787,0.1536739383453813,0.9005326100337424,0.7982748068156974,0.8463260616546189
293,Source : Fulton Prebon -LRB- U.S.A . -RRB- Inc .,1.075488750216346,0.20809061329204634,0.881353453268883,0.7189471114156265,0.7919093867079535
294,DISCOUNT RATE : 7 % .,0.7924812503605785,0.18103744911964753,0.9999999999999998,0.6934264036172707,0.8189625508803525
295,The charge on loans to depository institutions by the New York Federal Reserve Bank .,0.9073093649624528,0.1553663761320552,0.9487096876368055,0.7611350176400073,0.8446336238679444
296,CALL MONEY : 9 3/4 % to 10 % .,0.8264662506490392,0.16472035474146482,0.8838066255531948,0.7918042211917059,0.8352796452585349
297,The charge on loans to brokers on stock exchange collateral .,1.2727272727272734,0.22541562596417458,0.9232356122056504,0.6671635896245884,0.7745843740358258
298,COMMERCIAL PAPER placed directly by General Motors Acceptance Corp. : 8.55 % 30 to 44 days ; 8.25 % 45 to 59 days ; 8.40 % 60 to 89 days ; 8 % 90 to 119 days ; 7.90 % 120 to 149 days ; 7.80 % 150 to 179 days ; 7.55 % 180 to 270 days .,1.3834132071238496,0.22784781150567315,0.8275284551729104,0.7237223812362503,0.772152188494327
299,"COMMERCIAL PAPER : High-grade unsecured notes sold through dealers by major corporations in multiples of $ 1,000 : 8.62 % 30 days ; 8.55 % 60 days ; 8.45 % 90 days .",1.682682769636033,0.24586181454659767,0.8949160788051949,0.65163108596419,0.754138185453402
300,CERTIFICATES OF DEPOSIT : 8.09 % one month ; 8.04 % two months ; 8.03 % three months ; 7.96 % six months ; 7.92 % one year .,1.2313622739498857,0.24311071788022504,0.8678523114447227,0.6710848161399567,0.7568892821197748
301,"Average of top rates paid by major New York banks on primary new issues of negotiable C.D.s , usually on amounts of $ 1 million and more .",1.3126745536486952,0.18246304085471696,0.8990558234797839,0.7495720348114144,0.8175369591452829
302,"The minimum unit is $ 100,000 .",0.0,0.0,1.0,1.0,1.0
303,Typical rates in the secondary market : 8.53 % one month ; 8.50 % three months ; 8.30 % six months .,1.0731654761107645,0.18082498611044287,0.8991228820795133,0.752283733543451,0.8191750138895573
304,BANKERS ACCEPTANCES : 8.49 % 30 days ; 8.44 % 60 days ; 8.27 % 90 days ; 8.12 % 120 days ; 8.05 % 150 days ; 7.98 % 180 days .,0.8572876986500999,0.17980251574124884,0.9430020768104516,0.7256925231229705,0.820197484258751
305,"Negotiable , bank-backed business credit instruments typically financing an import order .",0.833333333333333,0.13881350541022094,0.9394298226512525,0.7949745704851608,0.8611864945897789
306,LONDON LATE EURODOLLARS : 8 3/4 % to 8 5/8 % one month ; 8 3/4 % to 8 5/8 % two months ; 8 11/16 % to 8 9/16 % three months ; 8 9/16 % to 8 7/16 % four months ; 8 1/2 % to 8 3/8 % five months ; 8 7/16 % to 8 5/16 % six months .,1.4116335514587761,0.29044044481037906,0.7763037240427154,0.6533836686688345,0.7095595551896207
307,LONDON INTERBANK OFFERED RATES -LRB- LIBOR -RRB- : 8 3/4 % one month ; 8 11/16 % three months ; 8 7/16 % six months ; 8 7/16 % one year .,1.6293426714818002,0.28988471921510145,0.7650714999311269,0.6625251200110537,0.7101152807848984
308,The average of interbank offered rates for dollar deposits in the London market based on quotations at five major banks .,1.3147447844969875,0.19599696866694905,0.9340249991921926,0.7057573151798129,0.8040030313330504
309,FOREIGN PRIME RATES : Canada 13.50 % ; Germany 9 % ; Japan 4.875 % ; Switzerland 8.50 % ; Britain 15 % .,0.6341367062030683,0.11322154818848305,0.9675327511568453,0.8184658913193605,0.886778451811517
310,These rate indications are n't directly comparable ; lending practices vary widely by location .,0.9836591668108943,0.14986910296433822,0.9127560881514728,0.7955475140735553,0.8501308970356611
311,"TREASURY BILLS : Results of the Monday , October 30 , 1989 , auction of short-term U.S. government bills , sold at a discount from face value in units of $ 10,000 to $ 1 million : 7.78 % 13 weeks ; 7.62 % 26 weeks .",1.652991158972572,0.2192161933229485,0.8737019253988244,0.7057295359880351,0.7807838066770515
312,FEDERAL HOME LOAN MORTGAGE CORP . -LRB- Freddie Mac -RRB- : Posted yields on 30-year mortgage commitments for delivery within 30 days .,1.7239775849740564,0.2559438511926506,0.8131350432633564,0.6857952508831141,0.7440561488073497
313,"9.78 % , standard conventional fixed-rate mortgages ; 7.875 % , 2 % rate capped one-year adjustable rate mortgages .",1.5987084225518542,0.2770888917073844,0.7658123648316528,0.6845615688608249,0.7229111082926154
314,Source : Telerate Systems Inc .,1.0000000000000009,0.23981246656813168,0.7039180890341349,0.8262346571285601,0.7601875334318687
315,"FEDERAL NATIONAL MORTGAGE ASSOCIATION -LRB- Fannie Mae -RRB- : Posted yields on 30 year mortgage commitments for delivery within 30 days -LRB- priced at par -RRB- 9.75 % , standard conventional fixed-rate mortgages ; 8.75 % , 6/2 rate capped one-year adjustable rate mortgages .",2.4668829086820994,0.33261614384980975,0.7173831857856948,0.6239000071615903,0.6673838561501904
316,Source : Telerate Systems Inc .,1.0000000000000009,0.23981246656813168,0.7039180890341349,0.8262346571285601,0.7601875334318687
317,MERRILL LYNCH READY ASSETS TRUST : 8.63 % .,1.1111111111111107,0.21250078347940562,0.9025783848842865,0.6984469074849964,0.7874992165205942
318,Annualized average rate of return after expenses for the past 30 days ; not a forecast of future returns .,1.0509775004326931,0.1547175429588737,0.9235227716337809,0.7792636884641407,0.8452824570411263
319,"Canada 's gross domestic product rose an inflation-adjusted 0.3 % in August , mainly as a result of service-industry growth , Statistics Canada , a federal agency , said .",1.2209730161030237,0.16628885971973617,0.9234691143853712,0.7598558083507737,0.833711140280264
320,The August GDP was up 2.4 % from its year-earlier level .,0.5,0.07496336164077998,0.9487436426212901,0.9024855221679389,0.9250366383592199
321,GDP is the total value of a nation 's output of goods and services .,0.4503258334775646,0.06861109109953051,0.9582013815667277,0.9060361287804416,0.9313889089004694
322,Statistics Canada said service-industry output in August rose 0.4 % from July .,0.7315211541789965,0.12083322367265957,0.9999999999999999,0.7843867916821334,0.8791667763273404
323,Output of goods-producing industries increased 0.1 % .,0.25,0.043478260869565216,1.0,0.9166666666666666,0.9565217391304348
324,"Separately , Statistics Canada reported that its industrial-product price index dropped 0.2 % in September , its third consecutive monthly decline .",0.9822563852016719,0.13755728238983622,0.9186363094332426,0.8127276298992567,0.8624427176101636
325,It also reported a 2.6 % decline in its raw-materials price index for September .,0.6666666666666679,0.0968929175014084,0.9588505806211746,0.853488866689483,0.9031070824985916
326,"Columbia Pictures Entertainment Inc. was dropped , effective today , from the recreational products and services industry group of the Dow Jones Equity Market Index .",1.0054503634644734,0.15629235000954977,0.8454693166839574,0.8419533094443572,0.8437076499904502
327,"Columbia Pictures is being acquired by Sony Corp. , which is based in Japan .",0.6666666666666661,0.10964104655585337,0.9103206553141574,0.8712539152278532,0.8903589534441465
328,People 's Savings Financial Corp. said it will buy back as much as 10 % of its 2.4 million shares outstanding because the stock is undervalued .,1.3151768520121108,0.16651387551235983,0.8162983545263645,0.8514132650490506,0.8334861244876403
329,The holding company said it has been `` unfairly associated '' with other banks in New England that have had major loan losses in recent quarters .,1.2509050929932384,0.15820912019792163,0.8527959389976755,0.8310662354894285,0.841790879802079
330,The company said its People 's Savings Bank unit does n't have a `` large exposure to construction and commercial loans that have caused the loan-loss problems in many of the banks .,1.2727272727272743,0.15360969795171975,0.8653804198930085,0.8282157350623113,0.8463903020482804
331,"A seat on the Chicago Mercantile Exchange was sold for $ 410,000 , down $ 6,000 from the previous sale Oct .",0.670676704643796,0.0922466844603209,0.9731895293346625,0.8505624164870794,0.9077533155396794
332,"Seats currently are quoted at $ 400,000 bid , $ 425,000 asked .",0.46153846153846256,0.07298255005435181,0.9050010224717209,0.9501317970921511,0.927017449945648
333,"The record price for a full membership on the exchange is $ 550,000 , set March 9 .",1.153049305675749,0.16555909446880895,0.89709068951509,0.7799704065552893,0.834440905531191
334,"In a surprise move , the British government cleared the way for a bidding war for Jaguar PLC by agreeing to remove an obstacle to a takeover of the auto maker .",1.3824634674227347,0.2097139664844774,0.8847807577302941,0.7140277566928379,0.7902860335155226
335,Trade and Industry Secretary Nicholas Ridley told the House of Commons yesterday that he will relinquish the government 's so-called golden share in the company as long as Jaguar shareholders agree .,1.3876991236427072,0.17206179865052587,0.9242615042857385,0.7497969811228393,0.8279382013494736
336,The golden share restricts any individual holding to 15 % and expires at the end of 1990 .,1.5283208335737193,0.23193954172205752,0.8387793571702014,0.7083391894024478,0.7680604582779426
337,"It was in Jaguar 's best interests `` for the company 's future to be assured and the present climate of uncertainty resolved as quickly as possible , '' Mr. Ridley said .",1.2837735750484942,0.15514976100581188,0.8626541641626093,0.8277663475337734,0.8448502389941881
338,Mr. Ridley 's decision fires the starting pistol for perhaps a costly contest between the world 's auto giants for Britain 's leading luxury-car maker .,1.4104244024252717,0.20290251573322707,0.9142623124278275,0.706551302092039,0.7970974842667726
339,Both General Motors Corp. and Ford Motor Co. have been trying to amass 15 % stakes in Jaguar .,0.6315789473684159,0.08829276848581678,0.9502289830613171,0.876187096634057,0.9117072315141824
340,"Ford , which already has an unwelcome 13.2 % holding , is prepared to bid for the entire company and had lobbied the government to lift the takeover restrictions early .",0.9393359831859289,0.11835199980669132,0.9097862081545268,0.8551981132389107,0.8816480001933088
341,GM has been negotiating a friendly transaction with Jaguar that likely would involve joint ventures and an eventual stake of just under 30 % .,0.7607820003461558,0.0945431319142939,0.9503829588075242,0.8645865098592357,0.9054568680857059
342,"But the government 's action , which caught Jaguar management flat-footed , may scuttle the GM minority deal by forcing it to fight for all of Jaguar .",1.1922884994733636,0.15186467927232347,0.8901022119794576,0.8099475912466981,0.8481353207276766
343,"`` I ca n't believe they -LRB- GM -RRB- will let Ford have a free run , '' said Stephen Reitman , a European auto industry analyst at UBS-Phillips & Drew .",1.4929511722130444,0.18645461072149802,0.8561652239616909,0.7749675672900087,0.8135453892785023
344,`` I am sure they will be going for a full bid . '',0.4285714285714297,0.05963862700507131,0.9594344915881373,0.9220318027381575,0.940361372994929
345,Many investors certainly believe a bidding war is imminent .,0.4754887502163463,0.0770850236915181,1.0,0.8568636235841013,0.9229149763084817
346,"Jaguar shares skyrocketed yesterday after Mr. Ridley 's announcement , following their temporary suspension on London 's Stock Exchange .",1.3887218755408668,0.2025812787733938,0.8792133824988465,0.7295477032703716,0.7974187212266062
347,"In late trading , the shares were up a whopping 122 pence -LRB- $ 1.93 -RRB- -- a 16.3 % gain -- to a record 869 pence on very heavy volume of 9.7 million shares .",1.597938539870288,0.21691552104413359,0.8147482755548123,0.7537897317786943,0.783084478955866
348,"In the U.S. over-the-counter market , Jaguar shares trading as American Depositary Receipts closed at $ 13.625 , up $ 1.75 .",0.8868079547421353,0.12140100653695685,0.8896710806245497,0.8677991062326523,0.8785989934630434
349,"Analysts expect Ford will make the first move , perhaps today , with an initial offer of about 900 pence -LRB- $ 14.25 -RRB- a share .",1.0323815918861943,0.13093312253207634,0.913542689230628,0.8287206265224701,0.8690668774679238
350,Such a proposal values Jaguar at more than # 1.6 billion -LRB- $ 2.53 billion -RRB- .,0.7058823529411766,0.10437166221261931,0.8655165378771315,0.9279108711221052,0.8956283377873807
351,Speculation about a takeover fight has sent Jaguar shares soaring in the past six weeks .,0.422180468885216,0.05964837998895982,1.0,0.8874185416306087,0.9403516200110401
352,The share price was languishing at about 400 pence before Ford 's Sept. 19 announcement of its interest in a minority stake .,1.3804934749788318,0.20183557625318554,0.9401025444981502,0.6934641458408319,0.7981644237468147
353,"Ford is `` in the driving seat at the moment , '' observed Bob Barber , an auto analyst at brokers James Capel & Co .",0.8563331733265542,0.1189741518922393,0.945466397135379,0.8248089960747182,0.8810258481077609
354,An aggressive Ford bid for Jaguar would put pressure on GM to make a better offer as the British company 's `` white knight . '',1.178045787811178,0.15929149817557003,0.9022698328566754,0.7870111984776353,0.8407085018244296
355,Such a countermove could end Jaguar 's hopes for remaining independent and British-owned .,0.482491964440249,0.06764963894544367,0.9588037273142102,0.9073174983183624,0.9323503610545567
356,But it is n't clear how long GM would be willing to fight Ford for Jaguar .,1.1476338237839396,0.16331096628075864,0.8620144690761208,0.8128092172797834,0.8366890337192415
357,"Because of their longstanding rivalry , GM just `` wants to make sure Ford pays a huge packet for -LRB- Jaguar -RRB- , '' said John Lawson , an auto analyst at London 's Nomura Research Institute .",1.474713158350208,0.17661590776315575,0.9239303699585306,0.7425738504444858,0.8233840922368449
358,People close to the GM-Jaguar talks agreed that Ford now may be able to shut out General Motors .,1.0526315789473655,0.1414214669638491,0.8835696770137628,0.834962216726384,0.8585785330361505
359,"`` It 's either going to be a shootout , or there only may be one player in town , '' one person said .",0.8603910001730766,0.10826176004481548,0.8850131027810515,0.8985663672004149,0.8917382399551846
360,"Another person close to the talks said , `` It is very hard to justify paying a silly price for Jaguar if an out-and-out bidding war were to start now . ''",1.0738914992687612,0.13010671950680686,0.9348961430223548,0.8133420158024646,0.8698932804931934
361,"In a statement , Jaguar 's board said they `` were not consulted about the -LRB- Ridley decision -RRB- in advance and were surprised at the action taken . ''",0.8121509325533403,0.10433612329208618,0.9393268572409965,0.8558797885006137,0.8956638767079136
362,The statement emphasized that holders representing 75 % of the shares voting at a special shareholders ' meeting must agree to lift the takeover restrictions .,1.0769230769230758,0.14076499416041074,0.9552855524163081,0.7807349029440541,0.859235005839589
363,"Jaguar officials in the U.S. noted that Ford , as Jaguar 's largest shareholder , now has the power to call for such a meeting .",0.5863504806860194,0.07913437275018914,0.9366431364794457,0.9056108488085364,0.9208656272498107
364,U.S. auto analysts also noted that Ford is in the best position to benefit from the large number of Jaguar shares that have moved over the past month into the hands of arbitragers waiting for the highest takeover bid .,1.3163755508013386,0.16733906748747598,0.9034501541324943,0.7721589442404989,0.8326609325125237
365,"Jaguar 's own defenses against a hostile bid are weakened , analysts add , because fewer than 3 % of its shares are owned by employees and management .",1.1160182060896648,0.14201907740940825,0.9243584891067567,0.8004977155995535,0.857980922590592
366,Ford officials in the U.S. declined to comment on the British government 's action or on any plans to call a special Jaguar shareholders meeting .,0.4717177887111683,0.06433130682443719,0.9999999999999998,0.8791141322031056,0.9356686931755626
367,"But GM officials said they , too , were surprised by the move , which left them to `` consider all our options and explore matters further . ''",1.2336012934764602,0.1503200511477067,0.852383667246429,0.8469933283437712,0.8496799488522931
368,"Although GM has U.S. approval to buy up to 15 % of Jaguar 's stock , it has n't yet disclosed how many shares it now owns .",0.9474758933207452,0.11703293853081191,0.9367706389710435,0.8350082251363609,0.8829670614691885
369,"In a prepared statement , GM suggested its plans for Jaguar would be more valuable in the long run than the initial windfalls investors might reap from a hostile Ford bid .",0.9091744978062755,0.12682654721804087,0.906216994157639,0.8424548800072993,0.8731734527819589
370,"`` Our intensive discussions with Jaguar , at their invitation , '' GM said , `` have as their objectives to create a cooperative business relationship with Jaguar that would provide for the continued independence of this great British car company , to ensure a secure future for its employees and to provide an attractive long-term return for its shareholders . ''",1.2553595793836658,0.15590478485775525,0.8750685683303704,0.8152395313134102,0.8440952151422448
371,"Jaguar was shocked by Mr. Ridley 's decision , because management had believed the government would n't lift the golden share without consulting the company first .",1.1064556659602705,0.14545878477448096,0.9092829777398745,0.8060164312554866,0.8545412152255197
372,"Indeed , the government is taking a calculated risk .",0.39999999999999947,0.06844795405812666,0.9315520459418732,0.9315520459418732,0.9315520459418732
373,"Mr. Ridley 's announcement set off a howl of protests from members of the opposition Labor Party , who accused the Thatcher administration of backing down on promised protection for a privatized company .",1.4224861169588312,0.1842013352094207,0.9049798840202643,0.7426174476476655,0.815798664790579
374,The British government retained the single golden share after selling its stake in Jaguar in,0.9006516669551283,0.14343540963525964,0.9527618899788688,0.7780112954838003,0.8565645903647401
375,"The Conservative government 's decision may reflect its desire to shed a politically sensitive issue well before the next election , expected in late 1991 .",0.9661313645678344,0.1341107998647431,0.8829041921677194,0.8495176213313315,0.8658892001352565
376,"`` It 's now a very good time politically to get this over and done with , '' observed Daniel Jones , professor of motor industry management at the University of Cardiff in Wales .",1.3839589113642026,0.16989937361559623,0.9366745208116034,0.745301018517284,0.8301006263844033
377,"The government , already buffeted by high interest rates and a slowing economy , has been badly hurt by last week 's shake-up in Mrs. Thatcher 's cabinet .",1.0696396554708265,0.1353185296669072,0.9542191356521559,0.7905056086512932,0.8646814703330933
378,"At the same time , the government did n't want to appear to favor GM by allowing a minority stake that might preclude a full bid by Ford .",0.8401561371241497,0.11285694830864645,0.9341095358303632,0.8446733661438516,0.8871430516913539
379,Mr. Ridley hinted at this motive in answering questions from members of Parliament after his announcement .,0.7273251750941361,0.11178570148185475,1.0000000000000002,0.7989078266920331,0.8882142985181458
380,He said he was giving up the golden share `` to clear the way so the playing field is level between all contestants . '',1.1199999999999974,0.1438235235759193,0.9049377928870906,0.8124013573054848,0.8561764764240807
381,Bradley A. Stertz in Detroit contributed to this article .,0.8754887502163458,0.1517740954247139,0.9244267583903902,0.7836309070274349,0.848225904575286
382,"Dow Chemical Co. , Midland , Mich. , and Eli Lilly & Co. , Indianapolis , said they completed the formation of Dow Elanco , a joint venture combining their plant-sciences businesses as well as Dow 's industrial pest-control business .",1.5012589996169101,0.20380045940131097,0.8688949996119928,0.7347289824172614,0.7961995405986889
383,"The companies said Dow Elanco will be the largest research-based agricultural concern in North America , with projected first-year revenue of $ 1.5 billion .",1.100391000173076,0.13708072072462152,0.9351958266885144,0.8010130396547941,0.8629192792753785
384,"Dow will own 60 % of the venture , with Eli Lilly holding the rest .",0.8915414066556497,0.13490913108747596,0.9058255830198626,0.8278621479013306,0.865090868912524
385,The venture will be based in Indianapolis .,0.0,0.0,1.0,1.0,1.0
386,"William A. Wise , 44 years old , president of the El Paso Natural Gas Co. unit of this energy and natural-resources concern , was named to the additional post of chief executive officer , succeeding Travis H. Petty , 61 , who continues as a vice chairman of the parent .",1.7719960414838578,0.22754176148642766,0.8803308583668689,0.6881364406731104,0.772458238513572
387,"Erwin Tomash , the 67-year-old founder of this maker of data communications products and a former chairman and chief executive , resigned as a director .",1.2259347300356618,0.17654143884539442,0.902838488176014,0.7569091262445823,0.8234585611546053
388,"Dataproducts is fighting a hostile tender offer by DPC Acquisition Partners , a group led by New York-based Crescott Investments Associates .",1.1252221591892484,0.1696117283212745,0.8492712770091555,0.8123267053426365,0.8303882716787254
389,"Under the circumstances , Dataproducts said , Mr. Tomash said he was unable to devote the time required because of other commitments .",0.881072282890889,0.11525853803472073,0.9200909062012107,0.852007739803924,0.8847414619652797
390,Mr. Tomash will remain as a director emeritus .,0.2222222222222232,0.03917064001854877,1.0,0.924611726871249,0.9608293599814514
391,The company had no comment on whether a replacement would be named .,1.1930596157174564,0.20220912397478455,0.836047392642574,0.7628823052381183,0.7977908760252151
392,"Robert Q. Marston , president emeritus , University of Florida , and a director of this maker of medical devices , was named chairman .",0.9131568569324164,0.13723894476960857,0.9185311599030147,0.8133756381041813,0.8627610552303915
393,"Dr. Marston , 66 years old , succeeds Alexander T. Daignault , 72 , who did n't stand for re-election due to mandatory board retirement policy .",0.9620062389273025,0.13166145004823346,0.9110321610687906,0.8294673047251692,0.868338549951767
394,SFE Technologies said William P. Kuehn was elected chairman and chief executive officer of this troubled electronics parts maker .,1.1377443751081726,0.15572501543491626,0.9685947769348765,0.7482381178858163,0.8442749845650835
395,"The 45-year-old Mr. Kuehn , who has a background in crisis management , succeeds Alan D. Rubendall , 45 .",1.1182263988300134,0.17336464300069646,0.8695350397519017,0.7877696785099845,0.8266353569993035
396,"Jerome J. Jahn , executive vice president and chief financial officer , said Mr. Rubendall was resigning by `` mutual agreement '' with the board .",1.0430544414909129,0.1487757037247912,0.9199061252507261,0.7920857630909378,0.8512242962752086
397,"`` He is going to pursue other interests , '' Mr. Jahn said .",0.2857142857142865,0.03898409863092139,0.9610159013690787,0.9610159013690787,0.9610159013690788
398,Mr. Rubendall could n't be reached .,0.5714285714285712,0.1133049180745301,0.8866950819254699,0.8866950819254699,0.88669508192547
399,"Mr. Kuehn , the company said , will retain the rest of the current management team .",0.7502875001272633,0.11316646511794695,0.9477567984282721,0.8332696793008466,0.8868335348820533
400,"For the nine months ended July 29 , SFE Technologies reported a net loss of $ 889,000 on sales of $ 23.4 million .",0.9837350197682007,0.13494401286778462,0.9180525076881003,0.8178442026902412,0.8650559871322157
401,That compared with an operating loss of $ 1.9 million on sales of $ 27.4 million in the year-earlier period .,0.9290369049679477,0.1440284548628907,0.9666522178351316,0.7680326107012955,0.8559715451371092
402,"In national over-the-counter trading , SFE Technologies shares closed yesterday at 31.25 cents a share , up 6.25 cents .",0.9887218755408655,0.14423085387078474,0.8510830819877635,0.860507098915534,0.8557691461292153
403,Sales of new cars in Europe fell 4.2 % in September from a year earlier and analysts say the market could continue to soften in the months ahead .,0.9351522578884062,0.11758153846595437,0.9621792445533784,0.8148690963305305,0.8824184615340461
404,"After a stronger-than-expected pace early this year , analysts say the market , after a series of sharp swings in recent months , now shows signs of retreating .",1.572746223256443,0.22234103351108678,0.85068583204387,0.7161788147696427,0.7776589664889132
405,"Statistics from 12 countries which normally account for 94 % of non-communist Europe 's passenger car sales showed new car registrations totaled 911,606 in September , down 21 % from August and down 4.2 % for the year to date .",1.3235283538168394,0.17236958094199026,0.886044772036816,0.7764418666322476,0.8276304190580099
406,Tokyo stocks rebounded Tuesday from two consecutive daily losses in relatively active dealings .,0.8760473218921732,0.14204866053108303,0.9307698821869801,0.7956999576147993,0.8579513394689171
407,"London shares also rose , while trading in Frankfurt , West Germany , ended higher .",0.7028195311147831,0.11330646129381601,0.9313132655153457,0.8461538461538464,0.8866935387061842
408,"In Tokyo , the Nikkei index of 225 selected issues was up 132.00 points to 35549.44 .",0.867934558950795,0.11878138953166462,0.9318940048406843,0.835770318826542,0.8812186104683356
409,The index fell 109.85 Monday .,0.0,0.0,1.0,1.0,1.0
410,"Volume on the First Section was estimated at 900 million shares , up from 582 million shares Monday .",0.7765730264296531,0.11080854711989448,0.9256534619868865,0.8554930997960083,0.8891914528801051
411,"Advancing issues outnumbered decliners 542 to 362 , while 208 issues were unchanged .",0.6792696431662106,0.1067360782333137,0.9521453180972219,0.8412409373541705,0.8932639217666866
412,Small-lot buying targeted at incentive-backed issues pushed up the Nikkei .,0.5454545454545459,0.0855828602604144,0.9412693131031604,0.8890545298748629,0.9144171397395857
413,"But other sectors failed to attract investor interest and remained sluggish , making overall trading appear mixed .",1.4172097224626077,0.21151064159769314,0.8445061731271865,0.7394415685091106,0.7884893584023066
414,"Individuals and corporations , as well as dealers trading for their own account , actively bought Tuesday .",0.945530556036327,0.13605000891516505,0.877986803143238,0.8503549433237108,0.863949991084835
415,"An official at Wako Securities said these investors feel the need to make quick profits , despite destabilizing external factors , such as political uncertainty tied to the ruling party 's fate at next year 's Lower House elections - an event which could directly affect the stock market .",1.6865918814552217,0.20653456234299558,0.8354722196573652,0.755480563259429,0.7934654376570045
416,"The Tokyo Stock Price Index of all issues listed in the First Section , which declined 5.16 on Monday , was up 16.05 , or 0.60 % , at 2692.65 on Tuesday .",1.257089195617092,0.16867759889697276,0.8920983320859567,0.7782992533151136,0.8313224011030272
417,"The Second Section index , which fell 21.44 points Monday , was up 6.84 points , or 0.19 % , to close at 3642.90 .",0.8145811190640089,0.11169753617813878,0.8865299341468424,0.8900820956955904,0.888302463821861
418,"Second Section volume was estimated at 14 million shares , unchanged from Monday .",0.5714285714285721,0.08456128848300087,0.955852782981488,0.8783034747644117,0.9154387115169995
419,Institutional investors mostly remained on the sidelines Tuesday .,0.22222222222222232,0.036324900793189584,1.0,0.9298966940476159,0.9636750992068105
420,A fund manager at a life-insurance company said three factors make it difficult to read market direction .,1.0838763891292729,0.15912379763601955,0.8957407942771359,0.7923446767042374,0.8408762023639803
421,"First , he said , domestic interest rates are likely to stay at higher levels as increased anticipation of inflation followed rising consumer prices reported last week .",1.2637170709019339,0.1624405992577355,0.8988568898615114,0.7840885325385267,0.8375594007422644
422,"Second , the dollar is showing persistent strength despite a slowdown in the U.S. economy shown by economic indicators .",0.6377443751081735,0.0920183321438164,0.9402349842920396,0.8778677631136772,0.9079816678561836
423,"Third , oil prices have n't declined although supply has been increasing .",0.7692307692307692,0.11599389651816205,0.8639632116092572,0.9050010224717209,0.8840061034818377
424,"The topic that attracted participants ' attention was Mitsubishi Estate 's purchase of 51 % of Rockefeller Center Properties , announced late Monday in New York .",1.5804086838169313,0.21540921697002358,0.8709965893065487,0.7137812681200187,0.7845907830299764
425,"Mitsubishi Estate ended the day at 2680 , up 150 .",0.7272727272727257,0.11746137379367912,0.8825386262063206,0.8825386262063206,0.8825386262063206
426,"The gains also sparked buying interest in other real-estate companies , traders said .",1.1078410717376386,0.17025717138181043,0.9042906361944437,0.7665500626216637,0.8297428286181898
427,Sumitomo Realty & Development rose 40 to 2170 .,0.8344194449252154,0.16487289753610745,0.8734806581894542,0.7999999999999998,0.8351271024638924
428,Heiwa Real Estate gained 40 to 2210 .,0.5943609377704338,0.12115871759637824,1.0,0.7838687499016604,0.8788412824036218
429,"Investor focus shifted quickly , traders said .",1.0,0.2,0.7999999999999999,0.7999999999999999,0.7999999999999999
430,Many of the morning-session winners turned out to be losers by afternoon .,0.6153846153846168,0.09069119226049531,0.9525005112358605,0.869864292828768,0.9093088077395048
431,"In other stock-market news , the Tokyo Stock Exchange said that for the week ended Friday , the balance of margin buying rose 189.8 billion yen -LRB- $ 1.34 billion -RRB- , to 7.160 trillion yen -LRB- $ 50.46 billion -RRB- .",1.781640986269296,0.228760332988981,0.8225114059352391,0.7259849615527768,0.771239667011019
432,"The balance of short positions outstanding fell 159.7 billion yen , to 779.8 billion yen .",0.9221804688852169,0.14573431880456217,0.8781604976480948,0.8316367788045488,0.854265681195438
433,"In London , prices finished at intraday peaks , comforted by a reassuring early performance on Wall Street and news that the British government will waive its `` golden share '' in auto maker Jaguar .",1.5073517362913984,0.19859642590803742,0.8455456638714112,0.7616417268911059,0.8014035740919623
434,"But trading was very sketchy , as investment decision makers remain wary from gyrations and upsets of recent weeks .",1.313233125324519,0.1894826934190939,0.9034964823061467,0.7348895373829941,0.8105173065809059
435,"`` Volume has been appalling , '' said a dealer at a British brokerage concern .",0.75,0.10714285714285714,0.9615384615384615,0.8333333333333333,0.8928571428571427
436,`` The market was dragged up by the scruff of its neck by Wall Street and by market makers getting caught short .,1.217391304347828,0.1641515570535525,0.8689098591535406,0.8052107341710167,0.8358484429464476
437,No one wants stock on their books . '',0.22222222222222232,0.036324900793189584,1.0,0.9298966940476159,0.9636750992068105
438,"Meanwhile , the broad-based Financial Times 100-share index added 30.4 points to end at 2142.6 , while reaching its minimum of 2120.5 a half hour into the session .",1.224475000149205,0.1580014508386945,0.887447367243298,0.8009780803373392,0.841998549161306
439,"At the close , the narrower 30-share index was up 19.7 points to 1721.4 .",0.39999999999999947,0.05596664201000246,0.9619796142199876,0.9267444333447414,0.9440333579899974
440,"Volume totaled a modest 334.5 million shares , up from 257.8 million shares Monday .",0.7169925001442303,0.1138663746427981,0.8610201506583447,0.9127560881514729,0.8861336253572016
441,The market also moved at early afternoon on news that Jaguar shares were being temporarily suspended at 746 pence -LRB- $ 11.80 -RRB- each .,0.9443856189774689,0.12259451641219851,0.9173730994650781,0.8407750501646146,0.877405483587801
442,"Secretary of State for Trade and Industry Nicholas Ridley said later in the day that the government would abolish its golden share in Jaguar , the luxury auto maker being stalked by General Motors and Ford Motor .",1.6179985119832665,0.21176605269206517,0.8909891024030819,0.706728971660787,0.7882339473079354
443,The golden share dates from Jaguar 's public offering in 1984 and was designed to protect the company from takeover .,0.7619047619047592,0.10064946789691602,0.94700848200702,0.8562595005472056,0.8993505321030835
444,The golden share was scheduled to expire at the beginning of,0.5454545454545459,0.0855828602604144,1.0,0.8423282765538795,0.9144171397395857
445,"But although the golden share has been waived , a hostile bidder for Jaguar would still have to alter the British concern 's articles of association which ban shareholdings of more than 15 % .",0.9706905271724864,0.11191695794063025,0.9573851074776227,0.8281368474419354,0.8880830420593697
446,"Jaguar shares closed at 869 pence , up 122 pence , on hefty turnover of 9.7 million shares .",0.9612980266573876,0.15014502071015728,0.8731475090373643,0.8277728861996895,0.8498549792898424
447,"As the London trading session drew to a close , the market was still listening to the parliamentary debate on the economy , with new Chancellor of the Exchequer John Major expected to clarify his approach to the British economy and currency issues .",1.4567527615329823,0.18963065190642714,0.8797900357052424,0.7511028480613202,0.8103693480935729
448,"On the Frankfurt Stock Exchange , share prices closed higher in fairly thin trading , as selective buying by foreigners helped propel prices .",1.292481250360578,0.18082048048838487,0.8592497196595892,0.7826800641109434,0.8191795195116149
449,"The DAX index closed at 1472.76 , up from 1466.29 .",0.3636363636363633,0.06239519984266492,0.8825386262063206,1.0000000000000002,0.9376048001573352
450,"Despite the modest gains , traders said the market remains dull , with investors remaining cautiously on the sidelines .",1.1132331253245198,0.16727432877553813,0.8535353044569106,0.812906587182847,0.8327256712244617
451,"Contributing to the market 's reserved stance was the release later in the day of new data on the health of the U.S. economy , in the form of the U.S. index of leading indicators .",1.3508870679374816,0.20155796116133026,0.8389554264560852,0.7616612101249329,0.7984420388386696
452,"Additionally , the end of the month position-squaring might have also played a minor role , traders said .",0.776573026429654,0.11080854711989462,0.9256534619868865,0.8554930997960083,0.8891914528801051
453,"Elsewhere , share prices closed higher in Amsterdam , Brussels , Milan and Paris .",0.21634083318910324,0.036687906676497205,0.9292209228250491,1.0,0.9633120933235029
454,Prices were mixed in Zurich and lower in Stockholm .,-8.881784197001252e-16,-1.519849891676345e-16,1.0,1.0,1.0
455,"Stocks closed higher in Hong Kong , Manila , Singapore , Sydney and Wellington , but were lower in Seoul .",1.107672615659049,0.18001708531675714,0.9042514021310545,0.7500817213113596,0.8199829146832427
456,Taipei was closed for a holiday .,0.0,0.0,1.0,1.0,1.0
457,"Here are price trends on the world 's major stock markets , as calculated by Morgan Stanley Capital International Perspective , Geneva .",0.8597581526442335,0.1203487810821061,0.9632791216903792,0.8093838648067623,0.8796512189178942
458,"To make them directly comparable , each index is based on the close of 1969 equaling 100 .",0.8197159723424132,0.11232198934055299,0.8694443222645545,0.906692862680011,0.8876780106594468
459,The percentage change is since year-end .,0.6792696431662097,0.1376310147645185,1.0,0.7580392711198944,0.8623689852354814
460,"French consumer prices rose 0.2 % in September from the previous month and were up 3.4 % from a year earlier , according to definitive figures from the National Statistics Institute .",1.3435537018653427,0.17839252232311686,0.838143469530794,0.8057113491610934,0.8216074776768831
461,"The state agency 's figures confirm previous estimates and leave the index at 178.9 , up from 178.5 in August and 173.1 a year earlier .",1.3947947117880917,0.18630853025791425,0.8612796569226964,0.7710867035809985,0.8136914697420855
462,The index is based on 1980 equaling 100 .,0.22222222222222232,0.036324900793189584,1.0,0.9298966940476159,0.9636750992068105
463,A breakdown showed that food prices were the most active part of growth with a rise of 0.6 % .,1.6509775004326945,0.25041830408644483,0.8797504254580051,0.6529679258275682,0.7495816959135554
464,An official linked the gain essentially to higher prices for beef and pork .,1.0000000000000018,0.1511782109217767,0.9076275807226113,0.7971724579406859,0.8488217890782237
465,He said summer drought problems that had hit several southern agricultural regions had stopped being a major source of price pressure in September .,1.4633089782818223,0.1940741123176828,0.9152190299972713,0.7199511427078614,0.8059258876823171
466,"Japan 's index of leading indicators rose to 63.6 in August , above the so-called boom-or-bust line of 50 for the first time since May , the Economic Planning Agency said .",1.0043426714818011,0.13802937889650582,0.9230605952445913,0.808464821694703,0.861970621103494
467,"The leading index recovered from July 's revised level of 36.6 on strong performances in consumer durables and machinery orders , among other factors , according to an agency spokeswoman .",1.4672239824310962,0.2029025435805554,0.8294935747526123,0.7671367042160164,0.7970974564194443
468,The index is intended to measure future economic performance .,0.20000000000000018,0.033091455805710504,1.0,0.9359370254787319,0.9669085441942895
469,A figure above 50 indicates the economy is likely to expand ; one below 50 indicates a contraction may be ahead .,1.1372522731206303,0.1571624778842237,0.893458265026039,0.7976452647268435,0.8428375221157761
470,"Metromedia Co. said its Metromedia Long Distance unit has been renamed Metromedia-ITT Long Distance , reflecting acquisitions from ITT Corp. , which licenses its name to closely held Metromedia .",1.6269545102391252,0.21780329668008058,0.8839190092138912,0.7014707322138307,0.7821967033199196
471,"Metromedia said its unit is the fifth-largest provider of long-distance communications service in the U.S. , with projected 1989 revenue of more than $ 550 million .",1.3142201279764487,0.17285632611699234,0.8806136463250301,0.7797952903341183,0.8271436738830081
472,"Metromedia , headed by John W. Kluge , has interests in telecommunications , robotic painting , computer software , restaurants and entertainment .",1.0221641306229108,0.15330316312400163,0.9433306496100533,0.7680215104203534,0.8466968368759983
473,"South Korean consumer prices rose 5 % in the first 10 months of this year , matching the government 's target for the entire year , according to the Bank of Korea and the Economic Planning Board .",1.5203799344951907,0.19932614169844293,0.8738261298941401,0.7388233330439556,0.8006738583015567
474,"According to reports released by the two government agencies , domestic consumer and wholesale prices each rose by 0.2 % in October from the previous month .",1.0603403882626221,0.1430495837490909,0.8921679242862494,0.824407681463009,0.8569504162509097
475,"As a result , consumer prices for the first 10 months of 1989 surged by 5 % and wholesale prices by 1.3 % .",1.2856147071780573,0.19503156083318518,0.8642679594463787,0.7532838104519257,0.8049684391668149
476,The South Korean government had been projecting a 5 % consumer price increase for the entire year .,1.2788638893696591,0.18700219947612687,0.9999999999999999,0.6849168442001897,0.8129978005238729
477,Martin Marietta Corp. said it won a $ 38.2 million contract from the U.S. Postal Service to manufacture and install automated mail-sorting machines .,1.0110276044371007,0.1320069393843079,0.9219352803093042,0.8200142186318137,0.8679930606156923
478,"Under terms of the three-year contract , Martin Marietta said it will make and install 267 of the new machines at 156 postal offices .",0.970586500259615,0.12642576343289016,0.9254317384193655,0.8272201218136606,0.8735742365671098
479,"The new machines are capable of sorting by zip code up to 10,000 large flat mail pieces , including magazines and parcels , an hour .",1.39479471178809,0.1848745654376396,0.9141313552945434,0.7354696504246352,0.8151254345623601
480,"Thomas A. Donovan , 37 years old , formerly vice president , West Coast operations , at this hazardous-waste-site remediation concern , was named executive vice president and chief operating officer , both newly created posts , and a director , filling a vacancy .",1.5319043771010579,0.20869903214259453,0.8749921967512453,0.7222219072902443,0.7913009678574059
481,"Canonie said it anticipates naming Mr. Donovan to succeed Richard F. Brissette , 55 , as president and chief executive officer , effective March 1 .",1.1592965173106258,0.15759414604236668,0.9046579620303364,0.7881696412185724,0.842405853957633
482,Mr. Brissette will remain a Canonie board member and will be a consultant to the company .,0.8679345589507923,0.13827209754333003,0.9583134395487017,0.7828289233800099,0.86172790245667
483,Yields on savings-type certificates of deposit dropped slightly in the week ended yesterday .,1.1078410717376395,0.17807644451083707,0.8564359542916656,0.7900849495433772,0.8219235554891635
484,"The average yield on a six-month CD of $ 50,000 or less was 7.90 % , compared with 7.94 % a week earlier .",1.1614292908719683,0.15819345341967153,0.9026347013739008,0.7886591537214903,0.8418065465803283
485,"The average one-year savings-type CD was down to 7.99 % from 8.01 % , according to Banxquote Money Markets , a New York information service that tracks CD yields .",1.28763968276969,0.16666012153179618,0.8997983273417137,0.7760233586044406,0.833339878468204
486,"`` This week was uneventful for the CD market , '' said Norberto Mehl , chairman of Banxquote .",1.132093421280362,0.15826313205325473,0.9540513098450668,0.753081351399895,0.841736867946745
487,`` The major banks have n't even reacted to sharp rises in the three-month Treasury bill rates '' in the past two weeks .,1.1462406251802895,0.15235097165915057,0.897344570067891,0.8031689929831493,0.8476490283408493
488,"Banks that adjusted payouts on CDs in the most recent week made only fractional moves , he said .",1.1320934212803637,0.16306220317104442,0.8631102047768803,0.8123059451181391,0.8369377968289556
489,The CD trend runs counter to the direction of short-term interest rates at the Treasury bill auction Monday .,1.5273447372975708,0.23327294609212215,0.8448978905921221,0.7017961408118697,0.7667270539078777
490,"The average six-month bill was sold with a yield of 8.04 % , up from 7.90 % .",0.8197159723424159,0.11960602258983803,0.9644783952199524,0.8097950451250443,0.880393977410162
491,The average three-month issue rose to 8.05 % from 7.77 % .,0.5629072918469555,0.09475993721230204,0.9416308273977262,0.8715573932948418,0.905240062787698
492,"Typically , banks offer CD yields higher than those on Treasury bills , which are considered the safest short-term investments ; banks need a competitive edge to sell their products .",1.2428814520316385,0.15749986400569235,0.8547636262957216,0.8305835626266184,0.8425001359943078
493,"But when market interest rates move up rapidly , increases in bank CD yields sometimes lag .",1.3096860297935535,0.20480960482493263,0.864840328707581,0.7359228346583088,0.7951903951750675
494,"Most yields on short-term jumbo CDs , those with denominations over $ 90,000 , also moved in the opposite direction of Treasury bill yields .",1.0847766191505457,0.14653330168734222,0.9212091493055583,0.7950048625998989,0.8534666983126573
495,"The average six-month yield on a jumbo CD was at 7.90 % , down from 7.93 % , Banxquote said .",0.7385607144917588,0.1112148408637896,0.928743195939823,0.8521235870241456,0.8887851591362103
496,"For longer-term CDs , yields were up .",0.5,0.09090909090909091,0.9090909090909091,0.909090909090909,0.9090909090909091
497,"The average two-year and five-year jumbos were up 0.02 of a percentage point to 7.91 % and 7.96 % , respectively .",0.9777170456512261,0.13220089376734775,0.9463790586693248,0.8012680432794466,0.8677991062326523
498,"However , CDs sold through major broker-dealer networks were up slightly almost across the board .",0.922180468885216,0.1350622207694249,0.9219437756104277,0.8145709051351123,0.8649377792305748
499,"The average six-month CD in that category added 0.05 percentage point to 8.35 % , for example .",1.4591479170272432,0.21914129754995312,0.907759626176752,0.6850865280396145,0.7808587024500465
500,Mr. Mehl attributed the rise specifically to the Treasury bill increase .,0.7924812503605771,0.1311162761079733,0.9999999999999998,0.7681648140381679,0.8688837238920264
501,"Among the major banks surveyed by Banxquote in six regions of the country , 8.33 % is the highest yield available .",1.068626136560316,0.14767869497663297,0.9094491433877954,0.8019463481734064,0.852321305023367
502,It is offered by the flagship banks of New York 's Manufacturers Hanover Corp. in the one-year maturity only .,0.5,0.06879123876962111,0.971298872837183,0.8942968868268003,0.9312087612303792
503,The yield is offered across a range of maturities at San Francisco 's BankAmerica Corp. and Wells Fargo & Co .,1.2807903310590358,0.19202122260472032,0.9151719568342205,0.7232636291617356,0.8079787773952797
504,"Just two weeks ago , BankAmerica 's yields in many of those maturities was 8.61 % .",0.8679345589507932,0.11878138953166437,0.9318940048406843,0.8357703188265422,0.8812186104683357
505,"Still , on average , the major California banks have the highest yields on CDs , according to Banxquote .",0.9132331253245187,0.13722234326230134,0.8095304375552465,0.9235227716337809,0.8627776567376984
506,The average yield there on six-month issues is 8.32 % .,0.5454545454545459,0.0855828602604144,0.9412693131031602,0.8890545298748627,0.9144171397395856
507,I had to reach back to French 101 when the monsieur avec clipboard leaned over my shoulder during the coffee phase of dinner and asked whether I wanted to ride in a montgolfiere .,1.6877669995662998,0.2148784874698959,0.856881442126275,0.7244519514065247,0.7851215125301041
508,"I was a last-minute -LRB- read interloping -RRB- attendee at a French journalism convention and so far the festivities had been taken up entirely by eating , drinking , smoking , sleeping and drinking .",1.3678372280264917,0.17241703694956753,0.8753276118359332,0.7847773674353004,0.8275829630504324
509,The man with the clipboard represented a halfhearted attempt to introduce a bit of les sportif into our itinerary .,0.904993273505494,0.13737234581068938,0.9459814451265907,0.7927735555197976,0.8626276541893106
510,"But as the French embody a Zen-like state of blase when it comes to athletics -LRB- try finding a Nautilus machine in Paris -RRB- , my fellow conventioners were having none of it .",1.3307386028775454,0.16293811051544368,0.8215438602692117,0.8531774410656883,0.8370618894845564
511,"The diners at my table simply lit more Gauloises and scoffed at the suggestion of interrupting a perfectly good Saturday morning to go golfing or even montgolfing -LRB- ballooning to you ; the brothers Montgolfier , French of course , were the world 's first hot-air balloonists -RRB- .",1.9306807945740356,0.2241103702923727,0.8137411219778311,0.741402975138244,0.775889629707627
512,Back in the U.S.A. this kind of chi-chi airborne activity wins heartwarmingly covetous responses .,0.9006516669551274,0.13550841797391652,0.9399132094021602,0.800274971300682,0.864491582026083
513,As in : `` You went ballooning ? ? ! !,1.2727272727272734,0.22541562596417458,0.8574165552566343,0.7063465655158017,0.7745843740358257
514,In France ? ? ! ! '',0.8571428571428585,0.20475740934894898,1.0,0.6600852457764096,0.7952425906510514
515,Americans it seems have followed Malcolm Forbes 's hot-air lead and taken to ballooning in a heady way .,0.9215671054908867,0.12167046130997897,0.903440547401748,0.8545766942167107,0.8783295386900201
516,"During the past 25 years , the number of balloonists -LRB- those who have passed a Federal Aviation Authority lighter-than-air test -RRB- have swelled from a couple hundred to several thousand , with some estimates running as high as 10,000 .",1.3836355110536713,0.1699181097684324,0.8915540723076443,0.7765398761898187,0.8300818902315676
517,"Some 30 balloon shows are held annually in the U.S. , including the world 's largest convocation of ersatz Phineas Foggs -- the nine-day Albuquerque International Balloon Fiesta that attracts some 800,000 enthusiasts and more than 500 balloons , some of which are fetchingly shaped to resemble Carmen Miranda , Garfield or a 12-story-high condom .",1.967053177114665,0.22264370791899615,0.8459470805397669,0.7190541891340764,0.7773562920810042
518,-LRB- The condom balloon was denied official entry status this year . -RRB-,1.0468954211105226,0.1647620482851088,1.0,0.7170889135206802,0.8352379517148909
519,"But in Epinal , a gray 16th-century river town adjacent to France 's Vosges mountain region , none of these Yankee-come-lately enthusiasms for things aloft was evident .",1.4101408376915714,0.18473927601627876,0.908686146942654,0.739255137133282,0.8152607239837211
520,Ballooning at the de rigueur hour of 6 a.m. held all the attraction for most people of sunrise root-canal work .,1.4411744050709707,0.2150962328720847,0.8530829915989985,0.7268159293834199,0.7849037671279151
521,"Feeling the naggings of a culture imperative , I promptly signed up .",0.4615384615384617,0.06959633791089725,0.9525005112358603,0.9093088077395045,0.9304036620891025
522,"The first thing anybody will tell you about ballooning is that it requires zip in the way of athletic prowess , or even a measure of derring-do .",1.3701617134500124,0.18547266093020426,0.9546698085716565,0.7102630053021075,0.8145273390697959
523,-LRB- So long as you do n't look down . -RRB-,0.909090909090911,0.15126877682663603,0.9334525592955639,0.7781090597497254,0.8487312231733644
524,"They will also tell you that even if you hate heights , you can still balloon .",1.2652808826074677,0.211994235840204,0.8078323536976452,0.7691290674634735,0.7880057641597961
525,-LRB- I still say do n't look down .,0.972765278018163,0.18124649188249334,0.9081491772631821,0.745380348016457,0.8187535081175065
526,At least not when you are ascending . -RRB-,0.5283208335737175,0.09090909090909072,0.8333333333333333,0.9999999999999999,0.9090909090909091
527,What they wo n't tell you is not to go aloft in anything you do n't want to get wet .,0.9883279762934976,0.15182478481275724,0.8343530637897653,0.8624630452480575,0.8481752151872428
528,I 'm not referring to the traditional champagne drenching during the back-on-terra-firma toast .,0.482491964440249,0.07689023042875986,0.9102093766174291,0.9363810941470295,0.9231097695712406
529,I 'm talking about landing in a canal .,0.2222222222222232,0.03917064001854877,1.0,0.9246117268712492,0.9608293599814515
530,In a porous wicker basket .,0.3333333333333339,0.06891905627081008,1.0000000000000002,0.8710490642551529,0.9310809437291903
531,With a pilot who speaks no English .,0.25,0.043478260869565216,0.9999999999999999,0.9166666666666666,0.9565217391304347
532,"To wit , my maiden voyage -LRB- and novitiates are referred to as virgins -RRB- began at dawn on a dew-sodden fairway and ended at noon in a soggy field .",1.2335106760492733,0.16703917122657785,0.8535033049346876,0.8133839618192782,0.8329608287734219
533,"-LRB- Balloon flights almost always occur at dawn or dusk , when the winds are lightest . -RRB-",0.9308270834535257,0.12951897828682368,0.8755904835733478,0.8654308458802967,0.8704810217131762
534,In between came lots of coffee drinking while watching the balloons inflate and lots of standing around deciding who would fly in what balloon and in what order -LRB- the baskets hold no more than four passengers -RRB- .,1.9161296398256553,0.2458010364417193,0.7758660318320877,0.7337091802084964,0.7541989635582808
535,"When it was n't my turn in the balloon I followed its progress from the `` chase car , '' listening to the driver holler into a walkie-talkie .",1.1589531198081673,0.15478776143295322,0.860671537001682,0.8302984977099443,0.845212238567047
536,After long stretches of this attendant ground activity came 20 or so lovely minutes of drifting above the Vosges watching the silver mists rise off the river and the French cows amble about the fields .,1.7634428737601118,0.24255406348289,0.8033470474944409,0.7165066543478499,0.7574459365171098
537,"It 's hard not to feel that God 's in his heaven with this kind of bird's-eye view of the world , even if your pilote in silly plaid beret kept pointing out how `` belle '' it all was .",1.8062222548368574,0.2287385676494733,0.7660022478905766,0.7765933326129946,0.7712614323505265
538,Eventually little French farmers and their little French farmwives came out of their stone houses and put their hands above their tiny eyes and squinted at us .,1.2133631589656106,0.17182280761492383,0.9237870624671201,0.7505019402427708,0.8281771923850761
539,No wonder .,4.440892098500626e-16,1.4009454786722165e-16,1.0,1.0,1.0
540,We were coming down straight into their canal .,0.0,0.0,1.0,1.0,1.0
541,"See , the other rule of thumb about ballooning is that you ca n't steer .",1.1415414066556497,0.17273943545705847,0.8332091831786744,0.8213962829975551,0.8272605645429414
542,And neither can your pilot .,0.0,0.0,1.0,1.0,1.0
543,"You can go only up or down -LRB- by heating the balloon 's air with a propane burner , which does make the top of your head feel hot -RRB- and ride the air currents .",1.0769694425879708,0.13800696305464022,0.8713672114963615,0.8528184105248419,0.86199303694536
544,Which makes the chase car necessary .,0.2857142857142856,0.05361503543831442,1.0,0.8982265179691366,0.9463849645616855
545,"Most balloonists seldom go higher than 2,000 feet and most average a leisurely 5-10 miles an hour .",1.0419381945646373,0.1427721000104133,0.8755904835733479,0.8396196836947993,0.8572278999895866
546,When the balloon is cruising along at a steady altitude there is little sense of motion .,0.5882352941176476,0.0854892755455099,1.0000000000000002,0.8424871116252213,0.9145107244544904
547,"Only when one is ascending -- or in our case descending a tad trop rapidement -- does one feel , well , airborne in a picnic basket .",1.3117519983285897,0.16966268273458815,0.8399999261296346,0.8208944803841055,0.8303373172654115
548,"`` What 's he doing ? '' hissed my companion , who was the only other English-speaking member of the convention and whose knuckles were white .",1.176831018919164,0.14918312573996179,0.8380483512266964,0.8639805000812674,0.8508168742600385
549,"`` Attention , '' yelled our pilot as our basket plunged into the canal .",0.7673183336217955,0.11781100479630809,0.9006261358019673,0.8644915820260831,0.8821889952036918
550,"`` You bet attention , '' I yelled back , leaping atop the propane tanks , `` I 'm wearing alligator loafers ! ''",0.8962406251802904,0.12148389813868482,0.9067321193567595,0.8520031598882924,0.8785161018613153
551,"Our pilot simply laughed , fired up the burner and with another blast of flame lifted us , oh , a good 12-inches above the water level .",1.165328231538954,0.16067721912952987,0.8801047134697545,0.802152945446516,0.8393227808704702
552,We scuttled along for a few feet before he plunged us into the drink again .,1.0943609377704329,0.17084336584358317,0.8762637211822507,0.7868560184383901,0.8291566341564168
553,Eventually we came to rest in a soggy patch of field where we had the exquisite pleasure of scrambling out of the basket into the mud while the French half of our ballooning tag team scrambled in .,1.4624922781736203,0.2048312683540774,0.8858516170977302,0.7213278229853006,0.7951687316459226
554,I looked at my watch .,0.0,0.0,1.0,1.0,1.0
555,Barely half-an-hour aloft .,0.5,0.14285714285714285,1.0,0.75,0.8571428571428571
556,"Back in the chase car , we drove around some more , got stuck in a ditch , enlisted the aid of a local farmer to get out the trailer hitch and pull us out of the ditch .",1.363109216890516,0.1805926842177997,0.8909950445955029,0.7584676123818154,0.8194073157822002
557,"We finally rendezvoused with our balloon , which had come to rest on a dirt road amid a clutch of Epinalers who watched us disassemble our craft -- another half-an-hour of non-flight activity -- that included the precision routine of yanking the balloon to the ground , punching all the air out of it , rolling it up and cramming it and the basket into the trailer .",1.8786334741085264,0.24010909260674484,0.7798173375917955,0.7409574517859501,0.7598909073932552
558,It was the most exercise we 'd had all morning and it was followed by our driving immediately to the nearest watering hole .,0.9166666666666679,0.12567216756634061,0.9135164291983336,0.8383632054697783,0.8743278324336594
559,"This meant returning to the golf course , where we watched a few French duffers maul the first tee while we sat under Cinzano umbrellas , me nursing an espresso and my ego .",1.2896609244695396,0.1657228148230342,0.8657193250050638,0.805038903173175,0.8342771851769658
560,A whole morning of ballooning and I had been off the ground barely 30 minutes .,0.6721804688852169,0.09496999265525861,0.9275954049300441,0.8835364223764918,0.9050300073447413
561,"Still , I figured the event 's envy-quotient back in the U.S.A. was near peerless .",0.969360937770432,0.14296011465498842,0.9207767444026486,0.8015556033736736,0.8570398853450115
562,"As for the ride back to camp , our pilot and all the other French-speaking passengers clambered into the chase car .",1.2847573866586544,0.18301321659145503,0.8318247488888995,0.8026688956778295,0.816986783408545
563,My American companion and I were left to ride alfresco in the wicker basket .,0.4503258334775637,0.061156863401669426,0.9628587414495705,0.9159963720934479,0.9388431365983304
564,"As we streaked by a blase gendarme , I could n't resist rearing up on my soggy loafers and saluting .",0.8930898810554009,0.11891070792623121,0.8741881651288547,0.8881002455259701,0.8810892920737686
565,Ms. de Vries is a free-lance writer .,0.34436093777043375,0.06679306553735245,1.0,0.8747778408107514,0.9332069344626476
566,"Treasury Undersecretary David Mulford defended the Treasury 's efforts this fall to drive down the value of the dollar , saying it helped minimize damage from the 190-point drop in the stock market Oct. 13 .",1.5368349026419628,0.19365815844812181,0.9091510789593742,0.7244222361296724,0.8063418415518783
567,"Testifying before a House subcommittee , Mr. Mulford said that if the Treasury had n't intervened in foreign-exchange markets in September and early October to reduce the dollar 's value , the plunge in the stock market might have provoked a steep fall in the currency that might have `` unhinged financial markets . ''",1.460829209159355,0.17425459390538958,0.8910181809700307,0.7693831727523798,0.8257454060946103
568,"Mr. Mulford , responding to critics of intervention , also said intervention is `` highly visible , '' is taken seriously by financial markets and works better than `` was recognized some time ago . ''",1.7023392365317855,0.2117332877647888,0.786216188745838,0.7903279595977829,0.7882667122352112
569,Differences between the Treasury and the Federal Reserve on the usefulness of intervention to help restrain the dollar resurfaced at the hearing .,0.9893429348766736,0.1515884070274431,0.9138888612772741,0.7916895236381734,0.848411592972557
570,"Fed Vice Chairman Manuel Johnson , who had dissented from the Treasury 's policy , told lawmakers , `` I became convinced about what looked to me like an attempt to push the dollar down against the fundamentals in the market . ''",1.0850005123733366,0.13309257733757976,0.9161862126185543,0.8226591602408205,0.86690742266242
571,"Intervention , he added , is useful only to smooth disorderly markets , not to fundamentally influence the dollar 's value .",0.6706767046437951,0.08999608367936128,0.9583119939439951,0.8663324844975803,0.9100039163206387
572,"Rep. John LaFalce -LRB- D. , N.Y . -RRB- said Mr. Johnson refused to testify jointly with Mr. Mulford and instead asked to appear after the Treasury official had completed his testimony .",1.2349965909746512,0.17020487231507603,0.877256871894078,0.7872053891305667,0.8297951276849242
573,A Fed spokesman denied Mr. LaFalce 's statement .,0.972765278018163,0.18124649188249334,0.9081491772631822,0.7453803480164573,0.8187535081175066
574,"Mr. Mulford said reports of tension between the Treasury and Fed have been exaggerated , insisting that they involved `` nuances . ''",0.9023864131375428,0.11321117635642851,0.9312612711723266,0.8463703481182245,0.8867888236435713
575,"Mr. Johnson also said that `` in the scheme of things , these things are minor . ''",0.8616541669070514,0.11875100610531299,0.8949534640424259,0.8679579081349854,0.8812489938946869
576,"On other matters , Mr. Mulford said West Germany is contributing to imbalances in the world economy because of its success as an exporter .",1.10438561897747,0.14758721100107342,0.9437203265712507,0.7772150909900419,0.8524127889989264
577,"`` The solution is stronger domestic growth -LCB- in Germany -RCB- , '' he said .",0.25,0.03225806451612903,0.9677419354838709,0.9677419354838709,0.9677419354838709
578,"But because the growth of the German economy has been stronger than expected , Mr. Mulford said , it 's difficult for the U.S. to argue that Germany ought to adopt more stimulative monetary and fiscal policies .",1.1770804198210651,0.13951511328425167,0.9229842748967253,0.8059129227414742,0.8604848867157481
579,"Germany 's trade surplus is largely with other European countries rather than with the U.S. , Mr. Mulford acknowledged .",1.1377443751081753,0.1601078627499141,0.881803107301131,0.8017843557693717,0.8398921372500862
580,"But nonetheless U.S. companies might be more successful in European markets if not for the German export push , he said .",1.0120301139313819,0.13416461828720913,0.8697919576557647,0.8619146387185213,0.8658353817127907
581,"Five officials of this investment banking firm were elected directors : E. Garrett Bewkes III , a 38-year-old managing director in the mergers and acquisitions department ; Michael R. Dabney , 44 , a managing director who directs the principal activities group which provides funding for leveraged acquisitions ; Richard Harriton , 53 , a general partner who heads the correspondent clearing services ; Michael Minikes , 46 , a general partner who is treasurer ; and William J. Montgoris , 42 , a general partner who is also senior vice president of finance and chief financial officer .",1.7053428002764663,0.21819919427394496,0.8220246675218386,0.7453298272411819,0.7818008057260554
582,The board increased by one to 26 members .,0.44444444444444464,0.07538827312875093,0.924611726871249,0.924611726871249,0.924611726871249
583,"In the past year , one inside director resigned , while three others retired .",1.4339850002884615,0.2345746142948933,0.7654253857051064,0.7654253857051064,0.7654253857051064
584,"Some U.S. allies are complaining that President Bush is pushing conventional-arms talks too quickly , creating a risk that negotiators will make errors that could affect the security of Western Europe for years .",1.7717303222802192,0.22334779655391931,0.8429729554426991,0.7200058660185088,0.7766522034460802
585,"Concerns about the pace of the Vienna talks -- which are aimed at the destruction of some 100,000 weapons , as well as major reductions and realignments of troops in central Europe -- also are being registered at the Pentagon .",1.1771868904022025,0.14973886841293169,0.9194795381224676,0.7907346392084393,0.8502611315870682
586,Mr. Bush has called for an agreement by next September at the latest .,0.3396348215831049,0.05382407584017307,1.0000000000000002,0.8978499788073997,0.9461759241598271
587,But some American defense officials believe the North Atlantic Treaty Organization should take more time to examine the long-term implications of the options being considered .,0.9811451924741101,0.12824583319705238,0.9082840523233144,0.8380490332949742,0.871754166802947
588,"For one thing , Pentagon officials , who asked not to be identified , worry that the U.S. will have a much tougher time persuading Europeans to keep some short-range nuclear weapons on their soil once Soviet armored forces are thinned out .",1.4366148258329599,0.17071138361240218,0.8174400877627672,0.8414856780351019,0.8292886163875975
589,"At the same time , they contend that a reduction of NATO forces under a treaty will increase the possibility of a conventional Soviet attack unless the West retains a residual force of nuclear weapons in Europe .",1.0949905388009675,0.1499984029614364,0.967184995543299,0.7581452902500613,0.8500015970385634
590,"Allies concerned about the deadline include the British , French and smaller NATO allies , some of whom do n't have adequate staffs to provide quick answers to the questions being raised by what generally are considered the most complex arms-control talks ever attempted .",1.600294854852109,0.1924184182791127,0.8349435173422144,0.7819560969555135,0.8075815817208876
591,"So far , no ally has complained openly , preserving the impression that NATO is in line with the Bush position that a quick agreement bringing Soviet conventional forces down to parity with NATO is the West 's top bargaining priority .",1.7340219386502511,0.22910324040657498,0.8363573324282677,0.7149394059137083,0.7708967595934253
592,"But even though NATO negotiators have only 10 months left under the Bush timetable , they are still wrestling over such seemingly fundamental questions as `` What is a tank ? ''",1.5318609377704338,0.18639997767996427,0.827733040915856,0.7999415262741464,0.8136000223200359
593,Five of the six categories of weapons under negotiation have n't even been defined .,0.7673183336217946,0.11781100479630796,0.9399132094021603,0.8311447327111338,0.8821889952036918
594,Tanks currently are defined as armored vehicles weighing 25 tons or more that carry large guns .,0.5882352941176476,0.08266257024743665,0.965209445929127,0.873989689300177,0.9173374297525636
595,"The Soviets complicated the issue by offering to include light tanks , which are as light as 10 tons .",0.43774437510817243,0.05607713359751193,0.9393807409630742,0.948509129735148,0.9439228664024878
596,"Oleg A. Grinevsky , the chief Soviet negotiator in the conventional-arms talks , argued that this would mean the Soviets would have to destroy some 1,800 tanks , while the U.S. would lose none because it has no light tanks in Europe .",1.4513109757341107,0.18035816537412502,0.8915733893694808,0.7584505435403773,0.8196418346258754
597,But the issue is stickier than it seems .,0.2222222222222232,0.03917064001854877,0.9246117268712489,0.9999999999999998,0.9608293599814512
598,"France , Britain and Italy all have light tanks they would like to keep out of the talks .",0.9215671054908867,0.12514895984535962,0.9005987136039566,0.850534672958185,0.8748510401546398
599,"And some U.S. Army analysts worry that the proposed Soviet redefinition is aimed at blocking the U.S. from developing lighter , more transportable , high-technology tanks .",0.8805347226228681,0.11771275365848634,0.8790018686614275,0.8855972751652346,0.882287246341514
600,Defining combat aircraft is even tougher .,0.2857142857142865,0.053615035438314584,1.0,0.8982265179691366,0.9463849645616855
601,"The Soviets insisted that aircraft be brought into the talks , then argued for exempting some 4,000 Russian planes because they are `` solely defensive . ''",1.3710944447649611,0.17483132663968917,0.8117140831347569,0.8390768153437729,0.8251686733603113
602,NATO has n't budged from its insistence that any gun-carrying plane has offensive capability .,0.9836591668108978,0.14986910296433875,0.8746041447001834,0.8269899926295402,0.8501308970356612
603,"The dispute over that issue , according to one U.S. official , is a `` potential treaty stopper , '' and only President Bush and Soviet leader Mikhail Gorbachev may be able to resolve it .",1.3853973050257542,0.17118890328569863,0.8702545811892843,0.7911354438715519,0.8288110967143011
604,Accounting problems raise more knotty issues .,0.2857142857142856,0.05361503543831442,1.0,0.8982265179691366,0.9463849645616855
605,"Greece and Turkey , for example , are suspected of overstating their arsenals in hopes that they can emerge from the arms-reduction treaty with large remaining forces to deter each other .",1.2276316410982595,0.1530260873319362,0.8840086980695372,0.8129174347066787,0.8469739126680639
606,Other nations are n't sure how many weapons they have in their own arsenals .,0.9836591668108978,0.14986910296433878,0.9543883758159454,0.7664083721012351,0.850130897035661
607,"`` It 's just going to be sloppy , both on our side and theirs -LCB- the Warsaw Pact 's -RCB- , '' says one NATO analyst .",1.1253491072973922,0.1348288052151163,0.8435150342629426,0.88796864441019,0.8651711947848839
608,"So far , neither the Bush administration nor arms-control experts in Congress seem moved by arguments that these problems may take more time to thrash out than President Bush has allowed .",1.1957707033278266,0.15080541356392363,0.8654120232914206,0.833573784040097,0.8491945864360767
609,They argue that the bigger danger would be that the West would delay action so long that the Soviets might back away from the current conciliatory attitude .,0.9649839288804944,0.1294768054544453,0.9307804330724154,0.8175934974410569,0.8705231945455545
610,"`` So what if you miss 50 tanks somewhere ? '' asks Rep. Norman Dicks -LRB- D. , Wash. -RRB- , a member of the House group that visited the talks in Vienna .",1.4122356597353996,0.17370566385666744,0.8534543198586312,0.8008096936356927,0.8262943361433329
611,"`` The bottom line is that if we can get that -LCB- Warsaw Pact -RCB- superiority brought down to parity , we ought to keep pressing ahead as quickly as possible .",1.5196622025965834,0.19779136852449056,0.7674974654147175,0.8402082461613977,0.8022086314755095
612,I worry more about things becoming so unraveled on the other side that they might become unable to negotiate .,1.0754887502163433,0.14596024954488462,0.8628799349889884,0.8453788639799709,0.8540397504551149
613,"International Lease Finance Corp. announced a leasing contract with charter carrier American Trans Air Inc. , in a transaction involving six Boeing Co. 757-200s .",1.1206404972401387,0.1897493539375454,0.8312654038907658,0.7902722142368314,0.8102506460624542
614,"The value of the jets , including spares , is in excess of $ 250 million .",0.7946926473133518,0.1150120838810171,0.949665854187226,0.8285581394821974,0.8849879161189835
615,"Two of the 757-200s are new aircraft to be delivered to American Trans Air , the main subsidiary of Amtran Inc. , in December 1991 and January 1992 .",1.005560670990696,0.13557583730746495,0.9139316633816049,0.8200046690430014,0.864424162692535
616,Four of the planes were purchased by International Lease from Singapore Airlines in a previously announced transaction .,0.44444444444444464,0.06420158009674172,0.9668345735606341,0.9066928626800108,0.9357984199032582
617,"Delivery of the first aircraft is set for early November , a second for December and two for April 1990 .",0.82119583323031,0.11958111993555308,0.9236840223793181,0.8410254460210606,0.8804188800644468
618,"Norway 's unemployment rate for October was 3.6 % , unchanged from September but up from 2.6 % in the same month last year .",1.0309775004326927,0.14777363885772496,0.9166853780381301,0.7962369739576706,0.8522263611422748
619,"The figure excludes a record number employed by extraordinary government work programs , the Labor Directorate announced Tuesday .",1.0062850251980882,0.14236154097226333,0.9664380016549322,0.7708570100559102,0.8576384590277362
620,"Including those in the state programs , there were 143,800 Norwegians , or about 6.5 % of the work force , without permanent employment in October , up from September 's 136,800 .",0.8934528319807304,0.11256150520660041,0.9698784502720721,0.8179154401732217,0.8874384947934
621,"The number of people registered as jobless at the end of October declined by 900 from September to 78,600 .",0.5754887502163468,0.08630129569681592,0.9682180429858387,0.8649919199353914,0.913698704303184
622,"Those employed in state-funded special programs increased by 7,400 to 65,200 in the same period , the Directorate said .",0.7132331253245203,0.10109419517153061,0.9302535494577671,0.86960190331666,0.8989058048284696
623,"In October 1988 , there were 40,800 fewer employed by government programs .",0.6153846153846159,0.0906911922604952,0.9093088077395047,0.9093088077395048,0.9093088077395047
624,"Coca-Cola Co. , aiming to boost soft-drink volume in Singapore , said it is discussing a joint venture with Fraser & Neave Ltd. , its bottling franchisee in that country .",1.1730492895677518,0.1552272996287485,0.897953539887706,0.7975388684552304,0.8447727003712516
625,The venture would be the latest in Coke 's rapid expansion of overseas investment .,0.4503258334775655,0.06593232622615115,1.0,0.876291722084123,0.934067673773849
626,"So far this year , it has put nearly $ 700 million into bottling operations in Australia , New Zealand and France .",0.8482510871446491,0.10804305660767805,0.944248415207528,0.8451532559803471,0.891956943392322
627,The move also reflects Coke 's eagerness to have a hand in developing the soft-drink markets in Pacific Basin countries .,0.9649839288804944,0.1367269249586141,0.9044960635082716,0.8256438278121156,0.8632730750413857
628,"Aside from Europe , the Pacific division is where Coke will be focusing much of its attention for years to come .",1.0686261365603142,0.1393541677707597,0.8789312837367731,0.8431057028355288,0.86064583222924
629,"That 's because when Coke looks to the Pacific area , it sees an economic and demographic gold mine .",1.2132331253245194,0.1677909516939769,0.8826530377250801,0.7872191456421193,0.8322090483060229
630,"In countries such as Taiwan , South Korea and Singapore , economies are growing , resulting in a rise in disposable income that consumers can use for soft drinks .",1.3706471826254596,0.18374580137309868,0.8937757724415355,0.7511069907669601,0.8162541986269016
631,"And unlike Europe and the U.S. , where populations are aging , the Pacific Basin countries have growing proportions of youths -- the heaviest consumers of Coca-Cola and other sodas .",1.5159264019255154,0.20373881611405142,0.8647357062071813,0.7378353302650469,0.7962611838859488
632,"A Coca-Cola spokesman said it is too early to say how the joint venture would be structured , or how much the company would invest in the transaction .",1.0436090519479455,0.13159209153061802,0.8966543771320445,0.8418867339191394,0.8684079084693822
633,"In the past , however , Coke has typically taken a minority stake in such ventures .",0.8390977944994367,0.1222241082536078,0.9028806164227023,0.8540294799079274,0.8777758917463925
634,"By acquiring stakes in bottling companies in the U.S. and overseas , Coke has been able to improve bottlers ' efficiency and production , and in some cases , marketing .",1.2099927420750616,0.14876529938156066,0.9147597158631519,0.7959596916009954,0.8512347006184391
635,Coke has tended to increase its control when results were sluggish in a given country .,0.75,0.10344827586206896,0.8666666666666667,0.9285714285714286,0.896551724137931
636,"That does n't appear to be the case in Singapore , a country of about three million people with a relatively high soft-drink consumption rate -- a key indicator of Coke 's success in a market .",1.3419320122811724,0.17384411498469116,0.925406888893979,0.7461322971169494,0.8261558850153092
637,"In Singapore , per-capita consumption is about one-third that of the U.S. .",1.1349913463202679,0.19049245573597517,0.8683065180611208,0.7581668788254782,0.8095075442640248
638,"And combining Fraser & Neave 's own soft drinks with Coca-Cola 's gives the Singapore company more than half the share of the soda market there , Coke said .",1.5543063494363567,0.2060735814860559,0.8013632050031589,0.7866263921480426,0.793926418513944
639,"Fraser & Neave , which also has interests in packaging , beer and dairy products , holds the Coke licenses for Malaysia and Brunei , where per-capita consumption is n't as high as in Singapore .",1.6677527782585493,0.21857379009898836,0.8545667887325447,0.7198184580337793,0.7814262099010116
640,Coke could be interested in more quickly developing some of the untapped potential in those markets .,0.677045588489821,0.09634516426836677,0.9310072345380606,0.8778637583632869,0.9036548357316334
641,A Coke spokesman said he could n't say whether that is the direction of the talks .,1.103228676597852,0.16137560858109815,0.8477063064857854,0.829735012101711,0.8386243914189021
642,"Coke said the joint-venture arrangement , which needs approval from both companies ' boards , should be completed early next year .",0.9256603625727395,0.12428727739599783,0.9139481264743318,0.8405480421027226,0.8757127226040019
643,"AMERICAN BRANDS Inc. , Old Greenwich , Conn. , said it increased its quarterly 11 % to 68 cents a share from 61 cents , payable Dec. 1 to stock of record Nov. 10 .",1.2680154402172503,0.16737300045778394,0.9028796351919056,0.7725177595307363,0.8326269995422159
644,"The increase follows the company 's report of strong earnings for the third quarter , and reflects what American Brands called its `` tradition of sharing earnings growth '' with shareholders .",1.3290414066556524,0.1651812386599952,0.8738842230174118,0.7990965513700107,0.8348187613400048
645,"American Brands is a consumer products company with core businesses in tobacco , distilled spirits and life insurance .",1.066561184552123,0.1619144756115901,0.8973410655852978,0.7861710486681119,0.8380855243884097
646,"As of Sept. 30 , American Brands had 95.2 million shares outstanding .",0.9811451924741137,0.15283268048368864,0.8983502986199521,0.8015022035805714,0.8471673195163113
647,Giovanni Agnelli & Co. announced a transaction that will strengthen its indirect control of Fiat S.p . A. and will admit Prince Karim Aga Khan as its first non-family shareholder .,1.9030231761190644,0.25410095968732305,0.8759278224254817,0.6494849968505509,0.7458990403126771
648,"Giovanni Agnelli , a limited partnership that is the master holding company for Fiat 's Agnelli family , owns approximately 75 % of the shares in Istituto Finanziario Industriale , which in turn owns approximately 40 % of Fiat , Italy 's biggest private-sector industrial group .",1.5434594357728884,0.19366939893088078,0.9158560007217926,0.7202029598791938,0.8063306010691194
649,"The company said Maria Sole Agnelli Teodorani , sister of Fiat Chairman Giovanni Agnelli , agreed to trade her shares in IFI for new ordinary shares in the limited partnership , which will give her control of 4.67 % of Giovanni Agnelli & Co .",1.6475325663870564,0.20390339316510675,0.9190086932544663,0.7021836176264131,0.7960966068348933
650,"The Aga Khan , meanwhile , agreed to trade some of his stake in Luxembourg-based Ifint S.A. , another Agnelli family company , for 7.45 % of Giovanni Agnelli & Co. 's capital .",1.399523791925703,0.18417376552605433,0.9037873502352143,0.7434681837059627,0.8158262344739455
651,"His new stake would be in the form of preferred shares , which receive higher dividends but have voting rights only in extraordinary shareholders assemblies .",1.1199775184139886,0.14430291484076796,0.8892299509979753,0.8246013636675347,0.8556970851592317
652,"The Aga Khan owns 10 % of Ifint 's capital , while IFI owns 23 % .",0.7502875001272633,0.11572328695385728,0.9605771355957822,0.8192056867458859,0.8842767130461429
653,"As a result of the transaction , which is expected to be approved at a shareholders meeting Nov. 24 , Giovanni Agnelli & Co. will control 79.18 % of IFI 's ordinary shares .",1.1505710434930485,0.13710798728201004,0.9425019484970902,0.7956833452780019,0.8628920127179898
654,Its capital will also be raised to 232.4 billion lire -LRB- $ 172.5 million -RRB- from the current 204.3 billion lire .,1.0463431822115394,0.13934736842524378,0.8820093802546674,0.840305685453448,0.8606526315747559
655,"IFI also has nonvoting preferred shares , which are quoted on the Milan stock exchange .",1.125,0.16363636363636364,0.7931034482758619,0.8846153846153845,0.8363636363636363
656,"The value of the two transactions was n't disclosed , but an IFI spokesman said no cash would change hands .",0.7619047619047592,0.10064946789691602,0.9470084820070203,0.8562595005472058,0.8993505321030838
657,"The move strengthens the existing links between the Agnellis and the Aga Khan , the head of the world 's Ismaili Moslems who is a longtime family friend and frequently goes sailing with Mr. Agnelli .",1.8411298593748286,0.25208067563528375,0.7813849904246004,0.7172025075471297,0.747919324364716
658,"Mr. Agnelli and the Aga Khan also have some business ties , and a spokesman for the Agnelli company did n't rule out that the current agreement could lead to further collaboration .",1.8593408010997372,0.24784024271468477,0.7831916387254929,0.723493264812338,0.7521597572853156
659,"For instance , Ifint earlier this year bought an 18 % stake in Alisarda , the Aga Khan 's airline , which flies between Italy and Sardinia .",1.6478201959792003,0.23354035890303593,0.8121709324849897,0.7256196994168913,0.766459641096964
660,"Giovanni Agnelli & Co. , which was formed in January 1987 as a way of keeping the Agnellis ' controlling stake in Fiat together despite an ever-growing family tree , has been playing a more active role in the Agnelli group of late .",1.4563850908471387,0.17904182245753947,0.8894253198394672,0.7622786674893967,0.8209581775424603
661,"It raised financing of 300 billion lire for the purchase this summer by another Agnelli-related group of the food concern Galbani S.p . A. , by selling a chunk of its IFI shares to Mediobanca S.p . A.",1.3622990093557004,0.18321759405442709,0.9085846883054599,0.7418289216880429,0.816782405945573
662,Mediobanca said during the weekend that it agreed to sell the shares back to Giovanni Agnelli for 333 billion lire .,0.8697458336423987,0.1184381451620883,0.9346217514797611,0.8342028895376495,0.8815618548379115
663,Your Oct. 2 page-one article on people riding so-called `` railbikes '' on railroad tracks was a disservice to your readers .,1.4665755684768378,0.20171676273496172,0.8045461217450365,0.7921171048480015,0.7982832372650385
664,It unfortunately encourages others to engage in a highly dangerous and illegal activity that only a very few are doing now .,0.9256603625727395,0.1213254201572546,0.9485484009452646,0.8183888269692355,0.8786745798427453
665,"And it treats such activities in a frivolous , cavalier fashion , with total indifference to common sense and public safety .",1.4099795458479036,0.20248350579735244,0.8905244235811588,0.7220991909001307,0.7975164942026477
666,Saul Resnick,1.0,1.0,1.0,0.0,0.0
667,Vice President,-0.0,0.0,1.0,1.0,1.0
668,Public Affairs,0.0,0.0,1.0,1.0,1.0
669,Conrail,-0.0,0.0,1.0,1.0,1.0
670,"MCI Communications Corp. said it received a three-year contract valued at more than $ 15 million to provide network , credit-card and other telecommunications services to Drexel Burnham Lambert Inc .",1.1572355800299094,0.14507219208646668,0.8803656965430818,0.8309186753377729,0.8549278079135332
671,"Congressional Democrats and the Bush administration agreed on a compromise minimum-wage bill , opening the way for the first wage-floor boost in more than nine years .",0.9121922401144715,0.12818707939530538,0.9091969915326927,0.8373817267509892,0.871812920604695
672,The agreement ended a long impasse between the congressional leaders and the White House over the wage issue .,1.137349498654567,0.1803635004127358,0.8911090192657075,0.7587777738836945,0.8196364995872636
673,President Bush in June vetoed a measure passed by Congress and said he would n't accept any minimum-wage rise that went beyond limits he set early in this year 's debate on the issue .,1.2751197280883035,0.16029412753406963,0.9396346978141671,0.7589885140708644,0.8397058724659301
674,The compromise was a somewhat softened version of what the White House had said it would accept .,0.6394319446848291,0.08550617805547756,0.9571582222557519,0.8754705695986059,0.9144938219445223
675,"Under the agreement with the House and Senate leaders , the minimum wage would rise from the current $ 3.35 an hour to $ 4.25 an hour by April 1991 .",1.068368241250444,0.142430119936661,0.9322575796263608,0.7939617348342068,0.857569880063339
676,"Employers could also pay a subminimum `` training wage '' for 90 days to new workers who are up to 19 years old , and then for another 90 days if the company institutes a specific training program for the newcomers .",1.455224178065805,0.1818561282347101,0.8579936320629887,0.7818314842639957,0.81814387176529
677,"White House officials were delighted that the compromise includes the concept of a training wage , which Mr. Bush has fought for throughout the year .",1.2926784797860291,0.17613894685511752,0.9290795165897638,0.740050201942134,0.8238610531448821
678,"`` For the first time in history , we have a training wage that will be part '' of the nation 's labor laws , said Roger Porter , assistant to the president for economic and domestic policy .",1.5471460622471103,0.19190909823688038,0.8736979227602986,0.7516487025476848,0.8080909017631195
679,"White House aides said that although they made a small compromise on the length of a training wage , the final minimum-wage increase will meet the standards set by Mr. Bush .",1.4571622025965842,0.195796309868192,0.8927037036300757,0.7316682561647225,0.8042036901318079
680,"The bill vetoed by the president in June , which the House failed to override , would have lifted the minimum wage to $ 4.55 an hour by late 1991 , with a training wage for up to two months , generally for a worker 's first job .",1.4772949078312454,0.18123342984347096,0.8890478195058368,0.7587830469378267,0.818766570156529
681,"Mr. Bush had been holding out for a bill boosting the wage floor to $ 4.25 an hour by the end of 1991 , coupled with a six-month training wage for workers newly hired by any employer .",1.3315000142607927,0.17550294865560856,0.9027949733340581,0.7586965485433061,0.8244970513443912
682,"Under the compromise , the $ 4.25 level would be reached nine months earlier , while the training subminimum would be shorter , unless it is tied to a training plan .",0.5738914992687576,0.07446610837844517,0.928752882025472,0.9223371377239675,0.9255338916215546
683,"Democrats argued that the training wage was a way of allowing employers to pay less than the minimum wage , while new workers need far less than six months to be trained for their jobs .",1.2634428737601118,0.15807794988360155,0.8761643204973928,0.8102556246218385,0.8419220501163985
684,Democrats had been negotiating with some Republican congressional leaders on a compromise lately .,0.14285714285714324,0.020702661194345037,1.0,0.9594344915881372,0.9792973388056551
685,"With congressional elections next year , GOP leaders have worried about opposing a minimum-wage rise for low-paid workers at a time when Congress is moving toward a capital-gains tax cut that would directly benefit wealthier taxpayers .",1.550921026628492,0.19578599994570134,0.8456594733289503,0.7666411852774639,0.8042140000542988
686,Republicans have been imploring the White House to compromise on the wage issue .,0.4285714285714306,0.06210798358303525,0.9577193557584996,0.9188689831762744,0.9378920164169652
687,"In the Senate , Edward Kennedy -LRB- D. , Mass. -RRB- , chairman of the Labor Committee , and Pete Domenici , -LRB- R. , N.M . -RRB- ranking minority member of the Budget Committee , have been working on a compromise , and their soundings showed that the Senate appeared to be heading toward enough strength to override another Bush veto , a Democratic staff official said .",1.6986283076080344,0.20989878777913365,0.8764634965488625,0.719231749756358,0.7901012122208659
688,"The House is scheduled to vote this week on the compromise , as a substitute to a new Democratic bill , itself watered down from last spring 's version .",1.1706471826254585,0.15384732002856646,0.9061715894021393,0.7935904149469869,0.8461526799714336
689,The Senate will probably vote not long afterward .,0.666666666666667,0.12750047008764348,1.0,0.7738351806137475,0.8724995299123566
690,Some Democrats thought they might have compromised too much .,0.0,0.0,1.0,1.0,1.0
691,"Rep. Austin Murphy -LRB- D. , Pa. -RRB- , chairman of the House labor standards subcommittee , said they might have done better `` if we 'd held their feet to the fire . ''",1.3002792858379104,0.15583924357985074,0.8851071946639347,0.8068352980964745,0.8441607564201494
692,"Mr. Kennedy suggested Democrats `` yielded a great deal '' on the size of the increase , but he cited concessions from the White House on the training wage , which he said make it `` less harsh . ''",1.5591131994150036,0.1991516876866884,0.8200834317273115,0.7824948362714675,0.8008483123133113
693,"With only 16-year-olds to 19-year-olds eligible , 68 % of workers getting less than $ 4.25 an hour , who are adults , wo n't be subject to the training wage , he said .",1.324700799331433,0.15627511912632733,0.8891124638177145,0.8027461424077889,0.8437248808736724
694,"The AFL-CIO , which previously opposed the administration 's subminimum idea , said the compromise has `` adequate safeguards , so the youth are not exploited and older workers are not displaced . ''",0.963379044181278,0.11946793899417614,0.8781143267852339,0.8829631456009863,0.8805320610058237
695,Gerald F. Seib contributed to this article .,0.34436093777043375,0.06679306553735245,1.0,0.8747778408107513,0.9332069344626476
696,Moody 's Investors Service Inc. said it lowered the ratings on about $ 3.2 billion of Houston Lighting & Power Co. 's securities because of the company 's low levels of interest coverage and internal cash generation .,1.3834518156038742,0.18508857488336405,0.8692366311843017,0.7669771890853145,0.8149114251166357
697,"Houston Lighting is a unit of Houston Industries Inc. , a utility holding company in Houston .",1.3599656163978677,0.2143578044706938,0.862488483701721,0.721369384210294,0.7856421955293061
698,"Downgraded by Moody 's were Houston Lighting 's first-mortgage bonds and secured pollution-control bonds to single-A-3 from single-A-2 ; unsecured pollution-control bonds to Baa-1 from single-A-3 ; preferred stock to single-A-3 from single-A-2 ; a shelf registration for preferred stock to a preliminary rating of single-A-3 from a preliminary rating of single-A-2 ; two shelf registrations for collateralized debt securities to a preliminary rating of single-A-3 from a preliminary rating of single-A-2 , and the unit 's rating for commercial paper to Prime-2 from Prime-1 .",2.0749773355506935,0.2799690864736824,0.8378588408384625,0.6312573184857027,0.7200309135263178
699,"Moody 's said Houston Lighting 's current situation has some positive aspects , including managing `` very well '' the construction and commercial operation risks of Units 1 and 2 of the South Texas Project nuclear power plant .",1.5545946277715572,0.1905844701213402,0.861172710306057,0.7635269396967683,0.8094155298786602
700,"Capital requirements will be declining and no new generating facilities will be required for several years , Moody 's said .",0.6073755953411144,0.0798565759602098,0.9245128990773126,0.9158150571396061,0.9201434240397897
701,"Scott C. Smith , formerly vice president , finance , and chief financial officer of this media concern , was named senior vice president .",1.248124137547861,0.19288509268108256,0.8270544203725297,0.7881142066112371,0.8071149073189171
702,"Mr. Smith , 39 , retains the title of chief financial officer .",0.6734528847818071,0.10490354572408699,0.9313093555269079,0.8615943417593946,0.8950964542759131
703,Armstrong World Industries Inc. agreed in principle to sell its carpet operations to Shaw Industries Inc .,0.9240885849733358,0.14854698884742737,0.8678658583076863,0.8356494324330171,0.8514530111525729
704,The price was n't disclosed but one analyst estimated that it was $ 150 million .,0.7193609377704329,0.10231800145096741,1.0,0.8143584676721461,0.8976819985490324
705,"Armstrong , which has faced a takeover threat from the Belzberg family of Canada since July , said that disposing of the carpet business would improve `` total financial performance . ''",1.3238914992687603,0.170738172166601,0.8859415888314442,0.7793983675851233,0.8292618278333992
706,"The move also would allow the company to concentrate on core businesses , which include ceramic tile , floor coverings and furniture .",1.32019686854784,0.18322865197475144,0.8210059615719975,0.8125801932041876,0.8167713480252486
707,"Moreover , such a sale could help Armstrong reassure its investors and deter the Belzbergs , who own a 9.85 % stake in the Lancaster , Pa. , company .",1.0494647818454688,0.1387388793712103,0.8595022166061683,0.86302723833251,0.8612611206287898
708,"Analysts expect Armstrong to use proceeds of the sale to reduce debt , buy back stock or perhaps finance an acquisition .",0.6706767046437951,0.09614803551344529,0.911245437154102,0.8965775014483656,0.9038519644865548
709,"The carpet division had 1988 sales of $ 368.3 million , or almost 14 % of Armstrong 's $ 2.68 billion total revenue .",1.2447626242053014,0.17149044014623968,0.9144080777608224,0.7573636296244859,0.8285095598537604
710,The company has been manufacturing carpet since 1967 .,0.44444444444444464,0.07538827312875093,0.924611726871249,0.924611726871249,0.924611726871249
711,Recently it upgraded its plants so that it could make stain-resistant products with higher quality dyes .,0.5593985296662902,0.07829297578640038,1.0,0.8547834817725652,0.9217070242135996
712,"For the past year or two , the carpet division 's operating profit margins have hovered around 5 % , high by industry standards , but disappointing compared with the 13 % to 19 % margins for two of Armstrong 's chief businesses , flooring and building products .",1.611888463233278,0.20800743319008616,0.8906320564154376,0.7130236094233204,0.7919925668099137
713,"Analysts hailed the planned transaction as being beneficial to Armstrong and Shaw , the market leader in the U.S. carpet industry , with an estimated 17 % to 20 % share .",1.2224817337113683,0.16907671093187238,0.8699927710604012,0.795212046663999,0.830923289068128
714,"Shaw , based in Dalton , Ga. , has annual sales of about $ 1.18 billion , and has economies of scale and lower raw-material costs that are expected to boost the profitability of Armstrong 's brands , sold under the Armstrong and Evans-Black names .",1.4009885211711826,0.17004388661847486,0.8721193180270633,0.7916817194304863,0.8299561133815251
715,"Yesterday , in composite trading on the New York Stock Exchange , Shaw 's shares closed ex-dividend at $ 26.125 , up $ 2.25 .",1.0243856189774725,0.14262154336303304,0.892775607312364,0.8246811444671803,0.8573784566369672
716,"Armstrong 's shares , also listed on the Big Board , closed at $ 39.125 , up 12.5 cents .",0.8377443751081728,0.120875766481268,0.8839381866335493,0.8743624302521236,0.8791242335187319
717,"Yesterday , Armstrong reported flat earnings for the third quarter and nine months , worsened by the stock dilution of an employee stock ownership plan adopted earlier this year .",1.9094737505048105,0.265672753496163,0.8084721440231455,0.6726395429189254,0.7343272465038374
718,"For the quarter , earnings were $ 47 million , or 92 cents a share , including a one-time gain of $ 5.9 million .",0.9745811190640108,0.13363716302468012,0.9377228496081853,0.8050956553546736,0.8663628369753199
719,"In the year-ago quarter , earnings were $ 42.9 million , or 93 cents a share .",0.7946926473133527,0.11122455439926067,0.9514403082113514,0.8338551150544389,0.88877544560074
720,"Yesterday , Armstrong announced an agreement to sell its small Applied Color Systems unit to a subsidiary of the Swiss company , Brauerei Eichof Ltd .",1.2447895375615472,0.17490672328050427,0.9051426100302975,0.7580523643703437,0.8250932767194952
721,The price was n't disclosed .,0.0,0.0,1.0,1.0,1.0
722,"Armstrong expects to close the sale of the color unit in late November and the carpet sale in December , with the gains to be applied to fourth quarter or first-quarter results .",1.0840738639641634,0.14534417545786404,0.9170831993016411,0.8001858465123176,0.8546558245421361
723,"The government 's primary economic-forecasting gauge rose a slight 0.2 % in September , but economists said the report offered little new information on the degree to which the U.S. economy is slowing .",0.9523688355177589,0.12192986553903698,0.9608161302816004,0.8084463086637288,0.8780701344609629
724,"The small increase in the index of leading indicators , which had climbed 0.5 % in August but was unchanged in July , does lend support to the view that the economy has slowed noticeably .",1.211378902067687,0.1526919274125244,0.8705016262997444,0.8253183766241016,0.8473080725874753
725,"However , it does n't give much of a clue as to whether a recession is on the horizon .",1.4509775004326926,0.21360273998551807,0.8591870931712123,0.7249775791894416,0.7863972600144818
726,"`` I do n't think it provides much new information on the economy , '' said Richard Rippe , economist at Dean Witter Reynolds Inc .",0.9332562502496291,0.12214877696866498,0.9280987788054128,0.8327650641410179,0.8778512230313344
727,"So far this year , the index of leading indicators has risen in four months , fallen in four months and remained unchanged in the other month .",1.2951665180889433,0.17825953197618136,0.816741706167451,0.8268007952323011,0.8217404680238186
728,"In another report yesterday , the Commerce Department said sales of new single-family houses plunged 14 % in September to an annual rate of 618,000 from 719,000 in August .",1.3169925001442326,0.17647422533310886,0.946166583820122,0.7290299206639368,0.8235257746668916
729,"The declines were particularly pronounced in the Northeast and in the South , where Hurricane Hugo was a factor .",1.1377443751081735,0.16656524073616852,0.8568636235841013,0.8112530069907049,0.8334347592638316
730,"Although September 's weakness followed two strong months for home sales , the decline supports other indications that the drop in mortgage rates earlier this year has had only a limited beneficial effect on the housing market .",2.2135035246961747,0.29910126925246033,0.7600155623653819,0.6503148293524614,0.7008987307475396
731,"The September drop was the largest since a 19 % drop in January 1982 , but monthly changes in this measure are even less reliable than those in other economic indicators .",1.1517110303835425,0.1520309052333187,0.8954528243140308,0.80526766910286,0.8479690947666815
732,"Because the figures are based on a small sample , the department said it is 90 % confident only that new-home sales fell somewhere between 5 % and 23 % during the month .",1.4217263655187464,0.18986937130512646,0.842908559813417,0.7798065272962987,0.8101306286948735
733,The department also said it takes four months to establish a trend .,0.46153846153846256,0.06651041694280019,0.9546544038697523,0.9132428618858452,0.9334895830571998
734,"So far this year , 534,000 newly built homes have been sold , down 4.5 % from the like months of 1988 .",1.4897679350647994,0.20177144300677632,0.8856051018574392,0.7265453412234103,0.7982285569932236
735,The index of leading indicators got a major boost in September from a surge in consumer expectations as measured by the University of Michigan .,1.0758638780895895,0.16175809968362803,0.9457185748374078,0.7527008271439691,0.8382419003163717
736,This measure had dropped sharply in August .,0.0,0.0,1.0,1.0,1.0
737,"The Commerce Department said that as a result of a new adjustment to the formula used to calculate the index , the influence of this component has been reduced .",1.0802123985522227,0.14798273836932882,0.9790115645130899,0.7541865526133911,0.8520172616306712
738,"Of the 11 components to the index , only three others rose in September : the money supply , the length of the average work week and stock prices .",1.4387086486243392,0.19979021895261695,0.8438046347212373,0.7608982547625991,0.8002097810473832
739,Several components that track the health of the manufacturing sector of the economy turned down in September .,0.63943194468483,0.09200625111439564,0.9342040197853633,0.8832140654048408,0.9079937488856044
740,"These include new orders for manufactured consumer goods , lead times on vendor deliveries , orders for new plant and equipment , and backlogs of orders for durable goods .",1.5488131148903381,0.24593509930977958,0.8357435029724483,0.686930081542423,0.7540649006902203
741,"Meanwhile , the National Association of Manufacturers said yesterday a recent poll of 53 executives on its board found that 61 % do n't expect a recession to occur until 1991 or later .",0.8960115719620614,0.108621586107479,0.945214337073797,0.8433446144683421,0.8913784138925207
742,The remainder expect a downturn to begin sometime in,0.44444444444444464,0.07538827312875093,0.9999999999999999,0.8597933880952316,0.924611726871249
743,"Although manufacturers often are quick to call for lower interest rates , 60 % of the executives said they would prefer that the Fed keep inflation-fighting as its top priority even if that means higher rates .",1.4737655408913728,0.17763718022775607,0.866124031108587,0.7828110263455226,0.8223628197722439
744,The other 40 % said the Fed ought to worry less about inflation and bring interest rates down .,0.566046710640177,0.07332893274356711,0.9444102685363287,0.9095859831837273,0.9266710672564321
745,All the figures are adjusted to remove usual seasonal patterns .,0.3636363636363624,0.05547273506256843,1.0,0.8948855177025863,0.9445272649374314
746,Here are the net contributions of the components of the Commerce Department 's index of leading indicators .,0.37527152789797036,0.05432469032897165,1.0,0.8969488416096539,0.9456753096710282
747,"After various adjustments , they produced a 0.5 % rise in the index for August and a 0.2 % rise for September .",0.8197718683597106,0.12226709266291484,0.8942881188334703,0.8617795008242,0.8777329073370851
748,"September , and the change from August , are : from 1.11 in the previous month .",0.27969926483314733,0.042187264337853,0.9514403082113514,0.9642710994407829,0.9578127356621475
749,Boston Edison Co. said it will take a previously reported $ 60 million charge against earnings in the fourth quarter .,0.32166130962683237,0.040760245436569746,1.0000000000000004,0.9216721706746747,0.9592397545634306
750,The charge resulted from a settlement approved yesterday by the Massachusetts Department of Public Utilities .,1.0637218755408666,0.17194860207386295,0.9110724770256953,0.7588972220619653,0.828051397926137
751,"As expected , the settlement limits rate increases for three years and ties future charges to customers for operation of the troubled Pilgrim Nuclear Power Station to that plant 's performance .",1.5113914992687594,0.1965033662163786,0.8701559711995113,0.7463236214178486,0.8034966337836217
752,"In its order , the state regulatory agency said the company `` must be held accountable for the mistakes made in the management of the plant 's operation . ''",1.134728132665547,0.1549874838926719,0.8927780705986964,0.8020985137077606,0.845012516107328
753,Pilgrim had been closed for 32 months .,0.0,0.0,1.0,1.0,1.0
754,"The average interest rate rose to 8.3875 % at Citicorp 's $ 50 million weekly auction of 91-day commercial paper , or corporate IOUs , from 8.337 % at last week 's sale .",1.5516143382989274,0.20006949775151614,0.9294930312028873,0.7020687632064961,0.7999305022484843
755,Bids totaling $ 515 million were submitted .,0.25,0.043478260869565216,0.9999999999999999,0.9166666666666666,0.9565217391304347
756,Accepted bids ranged from 8.38 % to 8.395 % .,0.1999999999999993,0.035436764027111455,0.9315520459418734,1.0000000000000002,0.9645632359728886
757,Citicorp also said that the average rate rose to 8.0087 % at its $ 50 million auction of 182-day commercial paper from 7.962 % at last week 's sale .,1.6168745808892169,0.2123764652186723,0.9183220014304432,0.6894927628611857,0.7876235347813276
758,Bids totaling $ 475 million were submitted .,0.25,0.043478260869565216,0.9999999999999999,0.9166666666666666,0.9565217391304347
759,Accepted bids ranged from 8 % to 8.019 % .,0.1999999999999993,0.035436764027111455,0.9315520459418734,1.0000000000000002,0.9645632359728886
760,The bank holding company will auction another $ 50 million in each maturity next Tuesday .,0.625,0.09570273200592783,1.0,0.8253125976409265,0.9042972679940723
761,"An imaginative novelist writing a thriller about amateur spy-chasing might invent a Clifford Stoll , but it 's unlikely .",1.0132331253245184,0.1363591069734188,0.9144981246296888,0.8181422228892228,0.8636408930265809
762,It 's also unnecessary .,0.0,0.0,1.0,1.0,1.0
763,"Amateur spy-chaser Clifford Stoll is a real person , or as he might waggishly put it , a surreal person .",0.7745077384043029,0.10411871575178092,0.9363714963978399,0.858747652186805,0.8958812842482188
764,"He is 37 , an astronomer with impressive credentials , and something of a genius at making computers do his bidding .",1.0120301139313819,0.137478340941629,0.8801580032328473,0.8455782144031194,0.862521659058371
765,"He once described himself as a `` Berkeley Hippie , '' and played the role well ; obligatory ragged jeans , a thicket of long hair and rejection of all things conventional , including , for a time at least , formal marriage to his `` sweetheart , '' Martha Matthews .",1.7623397180085352,0.21463495843353889,0.8201319909775554,0.7534258901891417,0.7853650415664613
766,"He also is an entertaining writer , combining wisecracks and wordplay with programmatic detail and lucid explanations of how computers work .",1.3190704549388137,0.17356663434360114,0.8652992750367727,0.7909087902225146,0.826433365656399
767,"In `` The Cuckoo 's Egg '' -LRB- Doubleday , 326 pages , $ 19.95 -RRB- , he spins a remarkable tale of his efforts over 18 months to catch a computer spy .",1.1949761906791387,0.13923237125906274,0.9127841429319826,0.8143599783677411,0.8607676287409374
768,"The result last spring was the arrest by West German authorities of five young West Germans , accused of stealing information from computers in the U.S. and Europe and selling it to the Soviet KGB .",1.7697084984596287,0.2231463004828045,0.8267141058925227,0.7326655094546164,0.7768536995171951
769,"One of them , 25-year-old Markus Hess of Hannover , allegedly used the international telecommunications network to break into more than 30 high-security computers in the U.S. , searching for secrets .",1.0318609377704338,0.1323584425719456,0.9096079439694024,0.8293767789332213,0.8676415574280544
770,"He probably did n't penetrate any top-secret files , but the KGB in East Berlin was willing to pay two of his associates , Peter Carl and Dirk Brezinski , $ 15,000 for some of the material Hess collected .",1.2433834373377382,0.1482470386703148,0.9439097991510275,0.7759905955512746,0.8517529613296849
771,They promised yet more for really good stuff .,0.44444444444444464,0.07538827312875093,0.9246117268712492,0.9246117268712492,0.9246117268712492
772,"Mr. Stoll draws his title from the cuckoo 's habit of laying eggs in the nests of other birds , making them surrogate parents .",1.180391000173076,0.15475826197185724,0.9226612072305584,0.7798088502142645,0.8452417380281425
773,The computer spy had discovered that a popular editing/electronic mail program called Gnu-Emacs could do tricks with the widely used Unix operating system created by AT&T .,1.0966533509050693,0.1521369126078039,0.8871993159433578,0.81186691176361,0.8478630873921965
774,"Using Gnu-Emacs , the spy could substitute a bogus `` atrun '' program for the one that routinely cleans up the Unix system every five minutes .",1.0966533509050684,0.1429352066048348,0.8472879126686177,0.8670699395250225,0.8570647933951655
775,"Once his cuckoo 's egg was laid , he could enter Unix and become a `` super-user , '' with access to everything .",0.8485219990250128,0.10622366030544611,0.9072864808869445,0.8806626463401805,0.8937763396945541
776,Mr. Stoll was scanning the heavens at the Keck observatory of the Lawrence Berkeley Laboratory in 1986 when his grant ran low and he was asked to switch to helping run the lab 's computers .,1.3899750004807698,0.17008791773697604,0.8698568478953409,0.7934748599845461,0.8299120822630236
777,"He discovered a 75-cent discrepancy in the charges made to various departments for computer time and traced it to a user named `` Hunter , '' who had no valid billing address .",1.5837776517118325,0.2016729242046272,0.8379851259060302,0.7622530812133365,0.7983270757953731
778,Mr. Stoll suspected the intruder was one of those precocious students who has fun breaking into computers .,0.6666666666666643,0.08947391570926481,0.9682834948230482,0.8592711795629887,0.910526084290735
779,"But after much tracking , it became evident to Mr. Stoll , through various clues , that the hacker was not on the Berkeley campus or even in California .",1.3446232142545798,0.1828880509414878,0.8555118956956097,0.7820111105255967,0.8171119490585123
780,Finding him became an obsession for Mr. Stoll .,0.2222222222222232,0.03632490079318972,1.0,0.9298966940476159,0.9636750992068105
781,He made a midnight requisition of all the printers he could lay hands on so that he could monitor all the telephone lines coming into the lab 's computers .,1.0918295834054481,0.14515243388053403,0.9234096715015827,0.795763073717824,0.8548475661194663
782,"After discovering that the hacker had taken over the dormant account of a legitimate user named Joe Sventek , he rigged up an alarm system , including a portable beeper , to alert him when Sventek came on the line .",1.567821339938872,0.19931419660597965,0.8637631230580408,0.7461941001373105,0.8006858033940201
783,Some nights he slept under his desk .,0.0,0.0,1.0,1.0,1.0
784,His boss complained about neglect of other chores .,0.6666666666666679,0.11751192005564601,0.9184649394575018,0.8492234537424981,0.8824880799443541
785,The hacker was pawing over the Berkeley files but also using Berkeley and other easily accessible computers as stepping stones to the network of computers used by the military and national security agencies .,1.7195409837267714,0.22796377131586268,0.834670168517144,0.7181462818463662,0.7720362286841376
786,The White Sands missile range and CIA contractor Mitre Inc. were among the targets .,1.033985000288462,0.15875394408122678,0.9371725532909856,0.7631337127502528,0.8412460559187732
787,"When the hacker moved , Mr. Stoll moved too , calling up other systems managers to alert them but keeping his own system open to avoid arousing suspicion .",0.9317086209880623,0.11709785039072548,0.8887171076061356,0.8771627925613461,0.8829021496092744
788,"Sometimes , if the hacker seemed to be into a sensitive file , he would drag his keychain across the terminal to create static or slow the system down to frustrate his quarry .",0.9596820730320799,0.1303609895638905,0.8895759931044249,0.8505760851776494,0.8696390104361096
789,"The FBI initially showed little interest , and he had the impression other federal security agencies were tangled up in legal red tape .",1.598521999025012,0.21587831443872285,0.8530754468597759,0.7254813094682376,0.7841216855612773
790,The CIA told him it does not do domestic counterespionage .,0.18181818181818166,0.026987823344141793,1.0,0.9474427588512931,0.9730121766558583
791,"One learns a lot from this book , or seems to , about crippling federal bureaucracy .",1.1476338237839379,0.16896852259600353,0.8765824404024585,0.7899807097621603,0.8310314774039964
792,`` Seems to '' because it 's possible that the CIA and the National Security Agency were more interested than they let on to Mr. Stoll .,0.8986912039440904,0.11418704332628632,0.9592324697287511,0.8228334078798354,0.8858129566737137
793,"Finally , he got help .",0.33333333333333304,0.06891905627080991,0.8710490642551528,1.0,0.93108094372919
794,Tymnet is a major network linking computers .,0.0,0.0,1.0,1.0,1.0
795,"One of its international specialists , Steve White , took a quick interest in Mr. Stoll 's hunt , ultimately tracing the hacker to West Germany .",1.04683935209224,0.13655119800233664,0.9178327673843192,0.8151491089578694,0.8634488019976637
796,The West Germans then took over and finally found Markus Hess .,0.8962406251802895,0.15087334379794973,0.938012678744193,0.7756281786893545,0.84912665620205
797,"Eventually , Mr. Stoll was invited to both the CIA and NSA to brief high-ranking officers on computer theft .",1.1000000000000005,0.14581402035354135,0.8895615844597711,0.8215163605593578,0.8541859796464586
798,He savored the humor of his uncombed appearance among these buttoned-up chaps .,0.6734528847818062,0.10490354572408685,0.931309355526908,0.8615943417593948,0.8950964542759132
799,"Back in Berkeley , he was violently scolded by a left-wing lady friend for consorting with such people .",0.42105263157894246,0.05821516149311797,0.9700197672066063,0.9151471198216902,0.9417848385068813
800,He became angry in return .,0.0,0.0,1.0,1.0,1.0
801,He had developed a hatred for the hacker and a grudging appreciation of the federal `` spooks '' who make national security their business .,0.7491622381280214,0.10321100268397605,0.9067830933900087,0.8870127992383767,0.896788997316024
802,"At several different levels , it 's a fascinating tale .",0.7958988638330426,0.12998587208595652,0.879875768611275,0.8603710954403706,0.8700141279140434
803,Mr. Melloan is deputy editor of the Journal .,0.7505430557959407,0.13428195354110548,0.915876032857139,0.8207686211452081,0.8657180464588945
804,Mips Computer Systems Inc. today will unveil a new general-purpose computer that will compete with more expensive machines from companies such as Sun Microsystems Inc. and Digital Equipment Corp .,1.1062363669231043,0.16033378247328958,0.8650933593255086,0.815691124365176,0.8396662175267109
805,"The closely held Sunnyvale , Calif. , company also will announce an agreement to supply computers to Control Data Corp. , which will sell Mips machines under its own label .",1.1454766130428027,0.14756950557468235,0.9173108635026785,0.7961216990944603,0.8524304944253176
806,"The new Mips machine , called the RC6280 , will cost $ 150,000 for a basic system .",0.792481250360578,0.11517447499862651,0.8902516496070951,0.8794651446377987,0.8848255250013733
807,"The computer processes 55 million instructions per second and uses only one central processing chip , unlike many rival machines using several processors .",1.7091479170272432,0.23431889828106486,0.8195660165780821,0.7184447207267097,0.765681101718935
808,"The machine employs reduced instruction-set computing , or RISC , technology .",0.792481250360578,0.13111627610797344,0.9195997479431867,0.8234693040604314,0.8688837238920265
809,"At that price , an analyst familiar with the machine said , the computer offers up to 10 times the performance of similar machines .",1.389162238128021,0.20020929586356476,0.8794355759093978,0.7333737229227274,0.7997907041364352
810,"`` In the price range it 's a tremendously high-performing product , '' said Sandy Gant , an analyst at the market-research firm InfoCorp .",1.1149721192370903,0.1545837059144016,0.8890753898915899,0.8058443563633386,0.8454162940855988
811,"The machine is part of an effort by Mips to establish itself as a supplier of computers , not just of integrated-circuit technology .",0.9674700395364022,0.13241741823440492,0.9500405493172855,0.7982952218257673,0.8675825817655951
812,Mips also wants to wedge into markets other than traditional RISC applications such as engineering ; Mips said the new machine will also be used by businesses and for communications .,1.1053116937577547,0.14177920112382494,0.900102249734785,0.8200635227032146,0.8582207988761751
813,"`` This clearly demonstrates that Mips is a systems company rather than just a chip company , '' said Mips Vice President John Hime .",1.2211730005192312,0.1718379277715164,0.8936506524762038,0.7716164149611573,0.8281620722284836
814,"The Control Data deal is a boon for Mips because it gives the the five-year-old company one more ally as it battles more established electronic concerns such as Sun , Hewlett-Packard Co. , Motorola Inc. and Intel Corp. for the emerging market for RISC machines .",1.960149603118805,0.25761905987428635,0.8194267794657362,0.6785782522999374,0.742380940125714
815,RISC technology speeds up a computer by simplifying the internal software .,0.5629072918469564,0.08972515320930873,0.9448498934839928,0.8781408934467743,0.9102748467906915
816,"For Mips , which expects revenue of $ 100 million this year , big-name allies such as Control Data are essential to attract software developers to the company 's RISC architecture .",1.433571968153979,0.16982576440214894,0.9275740803468283,0.7512855539620981,0.8301742355978513
817,"`` The thing it says about Mips is that they 're on a roll right now , '' said Ms. Gant at InfoCorp .",1.364786979256813,0.18265827816578994,0.8720251942256817,0.7691118033168047,0.8173417218342103
818,"`` They 're getting some major wins , '' she added .",0.3333333333333339,0.04875723891603064,0.9512427610839695,0.9512427610839695,0.9512427610839695
819,"Last month , for example , Mips agreed to supply its computers to Nixdorf Computer AG of West Germany and France 's Groupe Bull .",1.1411730005192329,0.1638169241388529,0.9151044939066829,0.7697937058264842,0.8361830758611475
820,"Sony Corp. , Tandem Computers Inc. and Digital Equipment have agreed to sell MIPS computers and companies such as Japan 's NEC Corp. and West Germany 's Siemens A.G. have agreed to make Mips chips under license .",1.3419399594655488,0.19605415531347878,0.8763295528887026,0.7426074152381622,0.803945844686521
821,"Today 's agreement gives Control Data a machine to compete against Digital and other general-purpose computer makers , said John Logan , a computer-market analyst at Aberdeen Group Inc. of Boston .",1.3015231403670162,0.17812161455958792,0.9034833949879681,0.7537937412785325,0.821878385440412
822,"The machine is essentially a mainframe computer , he said .",0.6140806820148619,0.10336064156789738,0.936099909688466,0.8603710954403706,0.8966393584321029
823,"`` Suddenly CDC -LRB- Control Data -RRB- has a competitive product to fight back against the VAX9000 , '' a machine Digital announced last month , he added .",1.0639569990439117,0.13539402008228432,0.8786225109395681,0.8510296338589929,0.8646059799177161
824,"Control Data , based in Minneapolis , Minn. , expects its sales of Mips systems , including the new RC6280 , to amount to more than $ 100 million by the end of 1991 , Mips said .",1.2437138139168402,0.15595052506635582,0.8879337206682631,0.8042987125469165,0.8440494749336438
825,"Nixdorf , Bull and others will also sell versions of the machine , said Mips President Robert Miller .",0.9870993422191274,0.14521046520353872,0.9019621423480684,0.812305945118139,0.854789534796461
826,"Mips will start shipping its new machine in the first quarter of 1990 , he said .",0.5882352941176485,0.07753516540207993,0.9369948446500883,0.9083785779402594,0.9224648345979202
827,"The machine uses a single processor , which makes it easier to program than competing machines using several processors .",0.7999999999999989,0.10465921651825008,0.9193966158529242,0.872511686113827,0.8953407834817497
828,The computer can process 13.3 million calculations called floating-point operations every second .,0.7692307692307683,0.11599389651816192,0.9501317970921511,0.8264857237716906,0.8840061034818376
829,"The machine can run software written for other Mips computers , the company said .",0.7169925001442321,0.10103055499540961,0.9228521132923115,0.8762917220841228,0.8989694450045904
830,Another fight is brewing between Congress and the Bush administration over how to pay for the savings-and-loan bailout without adding to the federal budget deficit .,1.1678664606384714,0.16817928417314382,0.886547197078741,0.7834579262815623,0.8318207158268556
831,"In a hearing before the House Ways and Means Committee , the General Accounting Office and the Congressional Budget Office , which both are arms of Congress , advised the new S&L bailout agency to abandon plans to raise temporary working capital through debt issued from an agency that would n't be counted on the federal budget .",1.5415028546820437,0.1885882550326981,0.8814269465303733,0.7517011708789351,0.8114117449673023
832,Officials of the Resolution Trust Corp. have said privately that such a plan was the most likely alternative to raise short-term cash for the bailout .,0.8272990386279577,0.10813654831699386,0.9366431364794455,0.851170120142264,0.8918634516830057
833,"Instead , the GAO and the Congressional Budget Office said , the RTC should consider using Treasury debt , which is less expensive and subject to oversight by Congress .",1.2168745808892174,0.1554199962863395,0.8852719855427847,0.8074644836984475,0.8445800037136605
834,The spending could be exempted from meeting deficit-reduction targets in the Gramm-Rudman budget law .,0.7169925001442303,0.10497506451307814,0.9197568173086429,0.8715882856335802,0.8950249354869216
835,The RTC has projected that it will require between $ 50 billion to $ 100 billion in temporary working capital .,0.5480845240155681,0.07524324274171801,0.9370078233436279,0.9128219139060579,0.9247567572582821
836,The borrowing to raise these funds would be paid off as assets of sick thrifts are sold .,0.8197159723424141,0.1123219893405531,0.9357984199032583,0.8442644404702333,0.8876780106594467
837,The new S&L law allows the RTC to issue notes for as much as 85 % of the value of the assets it holds .,1.0399999999999974,0.13779723265023225,0.9447725196391029,0.7929056393443032,0.8622027673497678
838,"But higher interest rates paid on off-budget debt could add billions to the bailout costs , and would n't be subject to congressional scrutiny , Ways and Means members argued .",1.4278923389190448,0.17642668347962787,0.8750330423882549,0.7778299944434912,0.823573316520372
839,"`` To allow this massive level of unfettered federal borrowing without prior congressional approval would be irresponsible , '' said Rep. Fortney Stark -LRB- D. , Calif. -RRB- , who has introduced a bill to limit the RTC 's authority to issue debt .",1.4322625001966784,0.16900708766114358,0.9144720862279702,0.761479896421007,0.8309929123388562
840,The RTC will have to sell or merge hundreds of insolvent thrifts over the next three years .,1.0838763891292738,0.14937711282115737,0.932828286033166,0.7817327658397625,0.8506228871788427
841,"The new S&L bailout law allows $ 50 billion to be spent to sell or merge sick S&Ls and their assets , but that is a net cost .",1.4144672416777198,0.17624370540543088,0.9055373074861892,0.7555233622592181,0.8237562945945693
842,"In the meantime , the agency must raise cash to maintain assets , such as real estate , until they can be sold .",0.8647869792568121,0.11672276357968893,0.9603162969184927,0.8176807675085312,0.8832772364203111
843,Then the short-term debt is paid off through the proceeds of selling the assets .,0.5333333333333314,0.08024318269135668,0.9582013815667275,0.8842781699384672,0.9197568173086428
844,"David Mullins , assistant secretary of the Treasury , said that the working capital is necessary to reduce the final costs of the bailout , by allowing the agency to sell savings and loans without their bad assets , then hold the assets until they can be sold under favorable conditions .",1.4161858718546894,0.17320727562483737,0.8797862977323124,0.7798205477144906,0.8267927243751626
845,"He said it has n't yet been determined how the RTC will raise the cash , but the administration does n't want it to be included on the federal budget , because it would `` distort '' the budget process by requiring either exemptions from Gramm-Rudman or big increases in the budget deficit .",1.6166708323360703,0.19073748994432663,0.8352519065584475,0.7848416605516966,0.8092625100556735
846,"But the worst possibility would be raising no working capital , he said .",0.2857142857142847,0.04056550841186268,0.9594344915881372,0.9594344915881372,0.9594344915881372
847,"`` If working capital financing is not provided , '' he said , `` the RTC may have to slow -LCB- S&L sales -RCB- or dump acquired assets through fire sales .",1.1485902344426107,0.13831388722646362,0.8512903075250005,0.872338960413176,0.8616861127735365
848,"Panhandle Eastern Corp. said it applied , on behalf of two of its subsidiaries , to the Federal Energy Regulatory Commission for permission to build a 352-mile , $ 273 million pipeline system from Pittsburg County , Okla. , to Independence , Miss .",1.6450122819909954,0.22033612016631474,0.8619724377094286,0.7117042260050601,0.7796638798336851
849,The natural gas pipeline concern said the 500 million cubic feet a day capacity pipeline would be built by a proposed joint venture between two Panhandle Eastern units - Texas Eastern Transmission Corp. and Trunkline Gas Co .,1.803403289815284,0.2352585887531517,0.8830249360418597,0.6744033054413835,0.7647414112468485
850,"Texas Eastern Transmission will build and operate the system , which will connect the Arkoma Basin with several interstate pipelines .",1.0649775226952505,0.15466154592984607,0.8747048941845516,0.8178798010346624,0.8453384540701538
851,Now was that a quarter cup or a half cup ?,0.2504443183784977,0.04215420901973559,1.0,0.9191017823372102,0.9578457909802645
852,"Not a gripping question , unless you 're the pastry chef of this city 's Chez Panisse restaurant and you 've just lost your priceless personal dessert notebook .",1.462288688157475,0.19115164775665855,0.8820293191471031,0.7468805265613119,0.8088483522433417
853,Chez Panisse was listed among the top 30 restaurants in the world this year by Connoisseur magazine .,0.7233083338141055,0.10887005992378611,0.9508399046145882,0.8384760941402046,0.8911299400762139
854,"The tattered black binder , bulging with 18 years ' worth of recipes held together by rubber bands , was in chef Lindsey Shere 's purse when it was stolen from her house recently .",1.1824022281501163,0.14286839360647727,0.928845999804997,0.7956973605018649,0.8571316063935225
855,The Berkeley police do n't have any leads but doubt the crime was driven by a passion for sweets .,0.9999999999999982,0.13950177755698379,0.9113523304758483,0.8150195519469002,0.860498222443016
856,"Instead , they figure the culprit probably took money from Ms. Shere 's wallet and discarded all the tips in the five-by-eight-inch looseleaf .",0.6981203125901434,0.09017043496966623,0.9467443642250085,0.875685445864391,0.9098295650303336
857,"Chez Panisse , whose founder , Alice Waters , is considered the inventor of the cooking style known as California cuisine and whose patrons make reservations a month in advance , has n't exactly subjected diners to vanilla ice cream because of the theft .",1.9267383200941737,0.24215140134301052,0.8523116671758029,0.6822353599394407,0.75784859865699
858,"For one thing , Ms. Shere can draw on her cookbook , published by Random House four years ago , which is teeming with recipes for such specialties as kiwi sherbet , gooseberry fool -LRB- a creamy dish made with crushed stewed berries -RRB- and hazelnut `` oeufs a la neige . ''",2.0153347908138324,0.23985223921028698,0.7838586487208027,0.7378292141517613,0.7601477607897125
859,"For another , sympathetic fans have sent Ms. Shere copies of her recipes clipped from magazines over the years .",1.3804820237218376,0.19544229022391874,0.9342418062591661,0.7064885309057467,0.8045577097760807
860,"Still , the restaurant 's ever-changing menu of five-course dinners -- it supposedly has n't repeated a meal since opening in 1971 -- requires constant improvisation .",1.3431356483885368,0.17065782751909847,0.8801405951441308,0.7840875710470159,0.8293421724809019
861,And that puts added pressure on Chez Panisse dessert-menu planners .,0.3636363636363624,0.05547273506256843,1.0,0.8948855177025863,0.9445272649374314
862,"`` We make what we know how to make , '' says business manager Richard Mazzera .",0.9411764705882382,0.13010908216700695,0.8698909178329935,0.8698909178329934,0.8698909178329935
863,"Many in the Bay Area 's pastry community express disbelief that Ms. Shere kept only one copy of such valuable notes , but she has received moral support from Baker 's Dozen , a group of California pastry chefs that meets regularly to discuss issues like how to keep meringues from weeping and how bovine eating habits affect butter texture .",2.3434256629162658,0.2712034680909685,0.7738248052041417,0.6887204177965066,0.7287965319090316
864,Ms. Shere has offered a $ 500 reward for the book 's return but figures she 'll have to reinvent many recipes from scratch .,0.7501955000865372,0.091292237191677,0.9515284223254219,0.869575161971947,0.9087077628083228
865,"`` It 's an overwhelming job , '' she says .",0.545454545454545,0.08558286026041424,0.9412693131031604,0.8890545298748629,0.9144171397395857
866,`` There are so many possible proportions when you consider how many things are made out of eggs and butter and milk .,1.000850000376257,0.13301154549290878,0.9173989529964706,0.8218294409128976,0.8669884545070915
867,"Newport Electronics Inc. named a new slate of officers , a move that follows replacement of the company 's five incumbent directors last week .",1.0847766191505475,0.14156871549792796,0.9240827593974945,0.8014894530778053,0.8584312845020721
868,"Milton B. Hollander , 60 years old , was named chief executive officer , succeeding Barrett B. Weekes .",0.9473684210526283,0.14949955584031363,0.9070772740032316,0.8005669475668741,0.8505004441596862
869,"Mr. Hollander 's Stamford , Conn.-based High Technology Holding Co. acquired most of its 49.4 % stake in Newport in August .",1.2058784096809454,0.17903941591067302,0.9681646691883392,0.7126118866574767,0.820960584089327
870,"Mr. Hollander was named chairman last week , succeeding Mr. Weekes , who was among the ousted directors .",0.5660467106401788,0.07986320905380961,0.9574275847633937,0.8856419710115668,0.9201367909461899
871,"The company has declined requests to discuss the changes , but Mr. Weekes has said that Mr. Hollander wanted to have his own team .",0.8301955000865382,0.1084157584181215,0.9069583208205682,0.8767226940777832,0.8915842415818784
872,"Scott Wakeman was named president and chief operating officer of U.S. operations , titles that had been held by Mr. Weekes .",1.0165694534818304,0.1348475460317098,0.9728787698110809,0.7789047694573862,0.8651524539682902
873,"Mr. Wakeman was vice president of the instrument and controls division of closely held Omega Engineering Inc. , another company controlled by Mr. Hollander .",1.1206404972401387,0.15902214649652582,0.9487707492049149,0.7551794839618492,0.840977853503474
874,A company spokesman did n't know Mr. Wakeman 's age .,0.43226250019667933,0.07059693211210312,1.0,0.8681166926700835,0.9294030678878968
875,"James R. Lees , 51 , vice president of Newport 's European operations , was named executive vice president and chief operating officer of European operations , assuming some former duties of Mr. Weekes .",1.0192734868773545,0.13792808229531142,0.9214039474935042,0.8099187614157841,0.8620719177046885
876,"Arthur B. Crozier , 34 , an attorney , was named secretary , succeeding John Virtue , who was another of the ousted directors .",0.6203910001730746,0.0901972442673778,0.9525081791981491,0.8707623810334874,0.9098027557326217
877,UNIFIRST Corp. declared a 2-for-1 stock split .,0.5,0.09090909090909091,0.9999999999999999,0.8333333333333333,0.9090909090909091
878,"The Wilmington , Mass. , garment service company also boosted its quarterly dividend 20 % to three cents a share adjusted for the split .",1.3264503783492056,0.1773030242940829,0.8978307369324545,0.7591670953747824,0.8226969757059168
879,The dividend had been five cents a share .,0.44444444444444464,0.07538827312875093,0.9999999999999999,0.8597933880952316,0.924611726871249
880,"The split and quarterly dividend will be payable Jan. 3 to stock of record Nov. 16 , the company said .",0.7433162130684199,0.09950832033569292,0.9724627999773195,0.8384395059854103,0.900491679664307
881,The split will raise the number of shares outstanding to about 10.2 million .,0.5714285714285721,0.08113101682372573,1.0000000000000002,0.8499145514073182,0.9188689831762745
882,"Separately , UniFirst reported that net income rose 21 % to $ 3 million , or 29 cents a share adjusted for the split , for the fourth quarter ended Aug. 26 .",1.3931566197283987,0.17857786189076622,0.8775434895316545,0.7720475462247656,0.8214221381092339
883,"A year earlier UniFirst earned $ 2.4 million , or 24 cents a share adjusted for the split .",1.1062921057186204,0.1541003572665591,0.8682404849088862,0.8246796711936776,0.8458996427334404
884,Sales rose to $ 52.4 million from $ 50.1 million .,0.545454545454545,0.10325690234988039,0.9287082776283172,0.8669051185911277,0.8967430976501195
885,"Fibreboard Corp. said it completed the previously reported sale of approximately 27,500 acres of timberland near Truckee , Calif. , to closely held Sierra Pacific Industries Corp. , Arcata , Calif. , for $ 32.5 million .",1.3425560011002036,0.17895191365304416,0.8826868650529813,0.7674559789676701,0.8210480863469558
886,"The lumber , insulation and fireproofing concern said the transaction , which includes a swap of other timber interests , would result in a $ 13.5 million after-tax gain , to be recorded in the fourth quarter .",1.3912637221215327,0.17278572788441848,0.9185666185911529,0.752388501524327,0.8272142721155816
887,Healthcare International Inc. said it reached a 120-day standstill agreement with its HealthVest affiliate calling for Healthcare to pay HealthVest $ 5 million right away and additional amounts in the future .,1.3085719681539763,0.16317889650869377,0.8820019866674608,0.7960434772582434,0.8368211034913063
888,"Under the agreement , Healthcare , a manager of health-care facilities , said it would pay HealthVest $ 3.9 million in overdue rent and mortgage payments and repay $ 1.1 million in funds that HealthVest advanced for construction work on facilities .",1.4526779726988828,0.18634721364863166,0.8782550778052804,0.7579032783558388,0.813652786351368
889,"In return , HealthVest agreed that it wo n't exercise its rights and remedies against Healthcare during the 120-day period .",1.0835660715315916,0.1442717148450975,0.8625374374495951,0.8490257981546255,0.8557282851549024
890,"After the payment , Healthcare still will be $ 6.5 million in arrears on rent and mortgage payments to HealthVest , a real estate investment trust whose portfolio consists largely of properties operated by Healthcare .",1.3302865392202987,0.16696148404210986,0.8698596907856905,0.7992080271964206,0.8330385159578901
891,"Healthcare has given HealthVest a 12 % note for that overdue amount , to be repaid over three years .",0.5754887502163468,0.07917716805072711,0.933668474136471,0.9083258597298141,0.9208228319492732
892,"In addition , Healthcare agreed to make monthly rent and mortgage payments of $ 2.7 million to $ 3 million to HealthVest during the standstill period , to be paid when Healthcare successfully completes asset sales .",1.4764646076511037,0.17433331869909569,0.8883154404572934,0.7712724222096699,0.8256666813009044
893,"Because Healthcare actually owes HealthVest $ 4.2 million in rent and mortgage payments each month , the amount due above the amount paid will be added to the three-year note .",1.3390250001395776,0.17002404103950708,0.8636155453810433,0.7988587805695818,0.829975958960493
894,"The funds should help ease a cash bind at HealthVest , which has been unable to pay its debts because Healthcare has n't made complete rent and mortgage payments since July .",1.5637218755408693,0.19703466171650064,0.8029653382834995,0.8029653382834995,0.8029653382834995
895,A spokesman said HealthVest has paid two of the three banks it owed interest to in October and is in negotiations with the third bank .,1.0769230769230749,0.1407649941604106,0.9023764448737334,0.8200304225616667,0.859235005839589
896,"Healthcare , which has been in a severe liquidity bind , said it is able to make the payments because it completed a transaction with Greenery Rehabilitation Group Inc. in which Greenery purchased stock and warrants for $ 500,000 and loaned Healthcare $ 9 million .",1.4102340305060173,0.16707325222982683,0.8918464430173323,0.7813096484996757,0.8329267477701733
897,The loan is backed by Healthcare 's 5.4 % stake in HealthVest and interest in certain facilities .,0.5555555555555562,0.07898424675974555,0.9668345735606343,0.8793431971959572,0.9210157532402546
898,I was pleased to note that your Oct. 23 Centennial Journal item recognized the money-fund concept as one of the significant events of the past century .,1.4912837965366847,0.20234567660283975,0.8432287422819885,0.7567536674948203,0.7976543233971606
899,"Actually , about two years ago , the Journal listed the creation of the money fund as one of the 10 most significant events in the world of finance in the 20th century .",1.0563572635556957,0.14629675840025988,0.9565953230750722,0.7707958817640557,0.8537032415997401
900,"But the Reserve Fund , America 's first money fund , was not named , nor were the creators of the money-fund concept , Harry Brown and myself .",1.0335920155530056,0.13732046936166997,0.9252212222801636,0.8080576811737894,0.8626795306383306
901,"We innovated telephone redemptions , daily dividends , total elimination of share certificates and the constant $ 1 pershare pricing , all of which were painfully thought out and not the result of some inadvertence on the part of the SEC .",1.372039354891439,0.17300315778121714,0.8976191032307064,0.7666767722402648,0.826996842218783
902,President,-0.0,0.0,1.0,1.0,1.0
903,The Reserve Fund,4.440892098500626e-16,2.4180073206327504e-16,1.0,1.0,1.0
904,"The crowning moment in the career of Joseph F. O'Kicki came as 300 local and state dignitaries packed into his elegant , marble-columned courtroom here last year for his swearing in as President Judge of Cambria County .",1.6625597865719373,0.21773595211930338,0.9079209610319979,0.6871605361074775,0.7822640478806967
905,Baskets of roses and potted palms adorned his bench .,0.6754887502163465,0.11317814411679862,0.9297367778539066,0.847693881548703,0.8868218558832013
906,The local American Legion color guard led the way .,0.8754887502163449,0.15177409542471376,1.0,0.7364516253185088,0.848225904575286
907,"As the judge marched down the center aisle in his flowing black robe , he was heralded by a trumpet fanfare .",1.3681757031868118,0.20462794559539813,0.838763492873682,0.756249292254204,0.7953720544046017
908,"To many , it was a ceremony more befitting a king than a rural judge seated in the isolated foothills of the southern Allegheny Mountains .",1.057074748283231,0.14546469928340133,0.9021607625632432,0.8116860391512652,0.8545353007165984
909,"But then Judge O'Kicki often behaved like a man who would be king -- and , some say , an arrogant and abusive one .",1.2105865002596152,0.15606121637031437,0.872111508176219,0.8175292853610904,0.8439387836296859
910,"While his case may be extreme , it reflects the vulnerability of many small communities to domineering judges .",1.1976256580086,0.16409811167563038,0.8687632173025831,0.805435939877151,0.8359018883243692
911,"Last March , nine months after the judge 's swearing-in , the state attorney general 's office indicted him on a sweeping array of charges alleging more than 10 years of `` official oppression '' in Cambria County , a depressed steel and mining community in western Pennsylvania .",1.7485591981724617,0.2195087852929076,0.8640119450024188,0.711694435513236,0.7804912147070923
912,"The allegations , ranging from theft and bribery to coercion and lewdness , paint a disquieting picture .",0.951078637709097,0.14632243601001924,0.8692792954490958,0.8386259946817544,0.8536775639899805
913,"According to testimony in a public , 80-page grand-jury report handed up to the state attorney general , Judge O'Kicki extorted cash from lawyers , muscled favorable loans from banks and bullied local businesses for more than a decade .",1.77089578748594,0.231346482671477,0.8498143535573859,0.7016436088786926,0.7686535173285228
914,"Prosecutors , in an indictment based on the grand jury 's report , maintain that at various times since 1975 , he owned a secret and illegal interest in a beer distributorship ; plotted hidden ownership interests in real estate that presented an alleged conflict of interest ; set up a dummy corporation to buy a car and obtain insurance for his former girlfriend -LRB- now his second wife -RRB- ; and maintained 54 accounts in six banks in Cambria County .",1.8633332715109407,0.22264501902273257,0.82031516804477,0.7386705505659598,0.7773549809772677
915,"In testimony recorded in the grand jury report , court employees said the judge , now 59 years old , harassed his secretaries , made imperial demands on his staff and hounded anyone who crossed him .",1.6904145255130913,0.22104402365152323,0.835015735831823,0.7299499326273826,0.7789559763484767
916,"Bailiffs claimed they were required to chauffeur him to and from work , mow his lawn , chop his wood , fix his car and even drop by his house to feed his two grown mutts , Dixie and Husky .",0.96302301110644,0.11979479350481571,0.9333131222175254,0.8328158442178547,0.8802052064951845
917,One former bailiff charged that the judge double-crossed him by reneging on a promise of a better paying job after pocketing a $ 500 bribe .,0.8930492672643675,0.1253716607310313,0.97590133574702,0.7923981653105686,0.8746283392689682
918,Some of the allegations are simply bizarre .,0.25,0.043478260869565216,0.9999999999999999,0.9166666666666666,0.9565217391304347
919,"Two former secretaries told the grand jury they were summoned to the judge 's chambers on separate occasions to take dictation , only to find the judge in his bikini underwear .",1.2040414066556515,0.1529178734304708,0.8932383406760751,0.805461591512437,0.8470821265695291
920,One secretary testified that the judge once called her to his office while wearing nothing at all .,1.0838763891292738,0.1591237976360197,0.8841431974582036,0.8016463267224369,0.8408762023639802
921,"The judge , suspended from his bench pending his trial , which began this week , vehemently denies all the allegations against him , calling them `` ludicrous '' and `` imaginative , political demagoguery . ''",1.3154333638664104,0.16576806478085507,0.8273780911870489,0.8412002796530985,0.8342319352191452
922,"He blames the indictment on local political feuding , unhappiness with his aggressive efforts to clear the courthouse 's docket and a vendetta by state investigators and prosecutors angered by some of his rulings against them .",1.738013688823159,0.23601837176697807,0.7955045044639991,0.7348617963245646,0.7639816282330223
923,"`` I do n't know whose toes I 've stepped on , '' says the judge .",0.47058823529411953,0.06300515534991187,0.9083785779402594,0.9674727294582484,0.9369948446500884
924,"`` I 'll find out , eventually , who pushed the state police buttons into action . ''",0.7505430557959407,0.10187789116400386,0.898122108835996,0.8981221088359962,0.8981221088359961
925,"Even if only some of the allegations stand up , however , they provide ample testimony to the awesome power of judges in rural communities .",1.3280509620377225,0.18574784767463076,0.8485313393891495,0.7826350600838489,0.814252152325369
926,"That power can sometimes be abused , particularly since jurists in smaller jurisdictions operate without many of the restraints that serve as corrective measures in urban areas .",1.325693409955849,0.17837943503985754,0.9144261675388528,0.7459170438000763,0.8216205649601428
927,Lawyers and their clients who frequently bring business to a country courthouse can expect to appear before the same judge year after year .,1.2610276044370998,0.17412143459535315,0.8491069519340801,0.8038872213678653,0.8258785654046467
928,"Fear of alienating that judge is pervasive , says Maurice Geiger , founder and director of the Rural Justice Center in Montpelier , Vt. , a public interest group that researches rural justice issues .",2.1135429534818124,0.2988051411263242,0.7667330810591886,0.6459784116922793,0.7011948588736752
929,"As a result , says Mr. Geiger , lawyers think twice before appealing a judge 's ruling , are reluctant to mount , or even support , challenges against him for re-election and are usually loath to file complaints that might impugn a judge 's integrity .",1.1393961486019881,0.13772461937937966,0.8873269088484196,0.8385995514252522,0.8622753806206205
930,"Judge O'Kicki , a stern and forbidding-looking man , has been a fixture in the local legal community for more than two decades .",0.6776942711037677,0.09121884068105171,0.9671154163009718,0.8570837673656109,0.9087811593189483
931,"The son of an immigrant stonemason of Slovenian descent , he was raised in a small borough outside Ebensburg , the Cambria County seat , and put himself through the University of Pittsburgh Law School .",1.5898692605521418,0.21806414968588733,0.8983634163938867,0.6922238904574395,0.7819358503141124
932,"He graduated near the top of his class , serving on the school law review with Richard Thornburgh , who went on to become governor of Pennsylvania and , now , U.S. Attorney General .",1.1852555272961114,0.1533339792041482,0.9170145431532757,0.7863420066882131,0.8466660207958514
933,It was also in law school that Mr. O'Kicki and his first wife had the first of seven daughters .,0.9132331253245187,0.12457783155612451,0.9047652187776232,0.8479226187649453,0.8754221684438752
934,He divorced his first wife three years ago and married the daughter of his court clerk .,0.9855816177743231,0.14172771626241587,0.8824968605566585,0.8353421069357011,0.8582722837375846
935,"Last year , Pennsylvania Supreme Court Justice John P. Flaherty called Mr. O'Kicki one of the finest judges `` not only in Pennsylvania but in the United States . ''",1.7602878435724545,0.23565286738078503,0.8530361623869993,0.6923630695798937,0.7643471326192145
936,"Clearly , the judge has had his share of accomplishments .",0.5454545454545459,0.0855828602604144,0.8890545298748629,0.9412693131031604,0.9144171397395857
937,"After practicing law locally , he was elected to his first 10-year term as judge in 1971 ; in 1981 , he was effectively re-elected .",1.1538461538461533,0.15880318270250168,0.8323844638249965,0.8501977579568365,0.8411968172974982
938,"Six years ago , Judge O'Kicki was voted president of the Pennsylvania Conference of State Trial Judges by the state 's 400 judges .",1.2669321648569465,0.1673697693156019,0.974237669473174,0.7269644590174167,0.8326302306843981
939,He has been considered several times for appointments to federal district and appellate court vacancies in Pennsylvania .,0.6813701392494673,0.09745256631640213,0.9537373711734672,0.8565726190740134,0.9025474336835978
940,"And when he ran unsuccessfully for a state appellate court seat in 1983 , the Pennsylvania Bar Association rated him `` one of the best available , '' after interviewing local lawyers .",0.9319662879443493,0.11754397577601554,0.878276507264737,0.8866755101162143,0.8824560242239846
941,"`` He probably was the smartest guy who ever sat on our bench , '' says a former president of Cambria County 's 150-member bar association , who , like most lawyers in Cambria County , refuses to talk about the judge publicly .",1.24669893118803,0.14453104386054888,0.9141535391085778,0.8038644416834809,0.8554689561394511
942,`` He 's sharp as a tack .,0.0,0.0,1.0,1.0,1.0
943,He could grasp an issue with the blink of an eye . '',0.3657605770894987,0.06100172581990684,1.0000000000000002,0.8850110714518084,0.9389982741800935
944,"For more than a decade , virtually no one complained about Judge O'Kicki .",0.9110633930116769,0.1419559087777334,0.9059887104715498,0.8149188580733344,0.858044091222267
945,"`` What about those institutions that are supposed to be the bedrock of society , the banks and the bar association ... ? '' wrote a columnist for the Tribune-Democrat , a newspaper in nearby Johnstown , shortly after the scandal became public .",0.9832073847463656,0.12355050831714212,0.9015570620847777,0.8527024784218661,0.8764494916828582
946,"`` If only a banker or a lawyer had spoken out years ago , the judicial process would n't be under the taint it is today . ''",0.94159028487858,0.12130681158630667,0.8821625889675853,0.8752509701213854,0.8786931884136931
947,"Officials with the Pennsylvania Judicial Inquiry and Review Board , the arm of the state that investigates judicial misconduct , counter that they had no inkling of anything amiss in Ebensburg .",1.5852829985375179,0.21158161747290352,0.8649697078132307,0.7243152239776585,0.7884183825270967
948,"`` Nobody told us ; nobody called us , '' says an official close to the case who asked not to be named .",1.2295739585136207,0.15817132507569873,0.8602727990883702,0.8241588290452576,0.8418286749243009
949,`` Nobody had the guts to complain . '',0.0,0.0,1.0,1.0,1.0
950,Certainly not the lawyers .,0.40000000000000036,0.09425390072448082,1.0,0.8277293767706427,0.9057460992755192
951,"Johnstown attorney Richard J. Green Jr. shelled out $ 500 in loans to the judge over five years , he said in testimony to the grand jury .",1.3292600338883451,0.17682811834761875,0.8642313541277772,0.7858369145633567,0.8231718816523815
952,"`` The judge never made a pretense of repaying the money , '' said Mr. Green .",0.7946926473133509,0.1112245543992604,0.9642710994407829,0.8242430077526517,0.88877544560074
953,"Eventually , Mr. Green testified , he began ducking out of his office rather than face the judge when he visited .",0.9777170456512234,0.13220089376734745,0.8982158777843683,0.8393748986776705,0.8677991062326526
954,"When Mr. Green won a $ 240,000 verdict in a land condemnation case against the state in June 1983 , he says Judge O'Kicki unexpectedly awarded him an additional $ 100,000 .",1.0616927640949125,0.13670814241708804,0.9470296636927382,0.7931594869908176,0.8632918575829124
955,"Mr. Green thought little of it , he told the grand jury , until the judge walked up to him after the courtroom had cleared and suggested a kickback .",1.08763968276969,0.1445149126612783,0.9278511899921704,0.7935904149469869,0.8554850873387216
956,`` Do n't you think I ought to get a commission ... or part of your fee in this case ? '' Mr. Green said the judge asked him .,1.0788175992200078,0.13454994871660408,0.8966295214636134,0.8363661834727926,0.8654500512833958
957,"Appalled , Mr. Green never paid the money , he testified .",0.5629072918469555,0.08972515320930859,0.9255829014258825,0.8954649084041568,0.9102748467906914
958,"But he did n't complain to the state 's Judicial Inquiry and Review Board , either , saying later that he feared retribution .",0.9166666666666687,0.12082720499113872,0.8889371395529526,0.8696206286486567,0.8791727950088617
959,Mr. O'Kicki said he will respond to Mr. Green 's allegation at his trial .,0.5333333333333341,0.07904613615090156,0.9588505806211745,0.8859388426599626,0.9209538638490983
960,"Like most of Cambria County 's lawyers and residents who had dealings with the judge , Mr. Green declined to be interviewed for this article .",1.1349913463202652,0.1399143834879786,0.9501879363670653,0.7855913022010128,0.860085616512021
961,And no one with a complaint about the judge would allow his name to be printed .,0.3817779409219444,0.06153974208176125,0.9384602579182387,0.9384602579182386,0.9384602579182387
962,"`` I do n't have anything much to say , and I think that 's what you 're going to find from everyone else you talk to up here , '' says local attorney Edward F. Peduzzi .",1.4107800124851773,0.17828071812321547,0.8214464745054679,0.8219922705102743,0.8217192818767844
963,Says another lawyer : `` The practice of law is a matter of biting one 's lip when you live in a small community .,1.100391000173075,0.15353728053032928,0.9045707534349042,0.7953695769832941,0.8464627194696708
964,One had best not dance on top of a coffin until the lid is sealed tightly shut . '',0.9612980266573858,0.13513705437418724,0.8963987780043953,0.8354706020506046,0.8648629456258125
965,"The judge was considered imperious , abrasive and ambitious , those who practiced before him say .",0.6770455884898201,0.09322376226502177,0.9530939112782991,0.8647517441288275,0.9067762377349785
966,"He sipped tea sweetened with honey from his high-backed leather chair at his bench , while scribbling notes ordering spectators to stop whispering or to take off their hats in his courtroom .",1.1630466790182963,0.15567074704625952,0.9094397629989504,0.78791891700033,0.8443292529537405
967,"Four years ago , he jailed all nine members of the Cambria County School Board for several hours after they defied his order to extend the school year by several weeks to make up for time lost during a teachers ' strike .",1.146956893464731,0.1420071184128869,0.8943000855214785,0.8245186944848043,0.8579928815871131
968,"Visitors in his chambers say he could cite precisely the years , months , weeks and days remaining until mandatory retirement would force aside the presiding president judge , giving Judge O'Kicki the seniority required to take over as the county 's top court administrator .",1.4679519007680533,0.17579686173070255,0.8607437897533199,0.7906386204381346,0.8242031382692975
969,"The judge , they say , was fiercely proud of his abilities and accomplishments .",0.4503258334775655,0.0634548741804923,0.9129195054117522,0.9614260566461558,0.9365451258195078
970,"`` My name is judge , '' Judge O'Kicki told a car salesman in Ebensburg when he bought a new red Pontiac Sunbird in October 1984 , according to the grand-jury report .",1.6176993328864908,0.2101436197859303,0.8101536706662229,0.7705512735728531,0.7898563802140698
971,The dealership dutifully recorded the sale under the name `` Judge O'Kicki . '',0.8221267860233521,0.12634752824789977,0.9521453180972221,0.8071155710335267,0.8736524717521006
972,"Yet , despite the judge 's imperial bearing , no one ever had reason to suspect possible wrongdoing , says John Bognato , president of Cambria County 's 150-member bar association .",1.5113914992687576,0.1922007560686945,0.9476932762362482,0.7038937527225007,0.8077992439313054
973,"`` The arrogance of a judge , his demeanor , the way he handles people are not a basis for filing a complaint , '' says Mr. Bognato .",0.9949914818025318,0.13242892776086862,0.9175763494530031,0.8227344085671486,0.867571072239132
974,"`` Until this came up and hit the press , there was never any indication that he was doing anything wrong . ''",1.120627717861625,0.15133889041916396,0.8425016768629962,0.8549112673856161,0.8486611095808364
975,"State investigators dispute that view now , particularly in light of the judge 's various business dealings in Cambria County .",1.3506918084095343,0.1864703514215912,0.9116010871668841,0.7345099457190346,0.8135296485784081
976,"The judge came under scrutiny in late 1987 , after the state attorney general 's office launched an unrelated investigation into corruption in Cambria County .",1.2598033654678247,0.18563405725889995,0.9472621853708938,0.7141712202722095,0.8143659427411
977,The inquiry soon focused on the judge .,0.75,0.14285714285714285,0.9,0.8181818181818181,0.8571428571428571
978,"Even his routine business transactions caused trouble , according to the grand jury report .",1.2503258334775644,0.19856563318540424,0.778721311900694,0.8255121763029459,0.8014343668145957
979,"When the judge bought his new Sunbird from James E. Black Pontiac-Cadillac in Ebensburg five years ago , the dealership had `` certain apprehensions '' about the judge 's reputation , according to the grand-jury report .",1.195644079933178,0.1475852936467761,0.8989271816387007,0.8104787481227232,0.852414706353224
980,"The dealership took the extra step of having all the paper work for the transaction pre-approved by Ebensburg 's local lender , Laurel Bank .",1.1305865002596143,0.1549441659851657,0.9506640950362619,0.760565430962532,0.8450558340148341
981,"Then , as an additional precaution , the car dealership took the judge 's photograph as he stood next to his new car with sales papers in hand -- proof that he had received the loan documents .",1.7070531958057398,0.22487334727666364,0.840477664951637,0.719205138383222,0.7751266527233363
982,"But when the judge received his payment book , he disavowed the deal .",0.7142857142857153,0.12034250032061823,0.8848778277256082,0.8744984049358729,0.8796574996793819
983,"`` There was no loan , there is no loan , there never shall be a loan , '' the judge wrote the bank on his judicial stationery , according to the report .",0.8030284973178352,0.11171168220375503,0.8821183035607697,0.8945452528605631,0.8882883177962448
984,"Later , the judge went a step farther .",0.44444444444444553,0.08153506054249816,0.918464939457502,0.918464939457502,0.918464939457502
985,"After Laurel Bank tried to repossess the car , a vice president asked him to intervene in an unrelated legal dispute involving a trust account .",0.9042221155510362,0.12444756984356133,0.9538647805864648,0.8091233583722695,0.8755524301564385
986,The judge wrote again .,0.0,0.0,1.0,1.0,1.0
987,"`` I find myself in an adversary relationship with Laurel Bank , and I am not inclined to extend myself as far as any favors are concerned , '' the judge wrote back in a letter attached to the grand jury 's report .",1.1312372161549398,0.13752637352307515,0.895235801286732,0.8320247327860769,0.8624736264769247
988,"`` Perhaps if my personal matters can be resolved with Laurel bank in the near future , I may be inclined to reconsider your request ... . ''",0.7237379466603713,0.0885123790307756,0.9287884174552545,0.894819571489799,0.9114876209692246
989,The judge now says it was `` unfortunate '' that he chose to write the letter but says `` there was certainly no intent to extort there . '',1.1386051727122037,0.14958344317682806,0.8581920303699654,0.842780714356306,0.850416556823172
990,The bank acquiesced .,0.0,0.0,1.0,1.0,1.0
991,"It refinanced the judge 's loan , lowered its interest rate and accepted a trade-in that had n't originally been part of the deal -- a beat up 1981 Chevy Citation the dealer had to repair before it could be resold .",1.672968154916437,0.20698298367079968,0.8145020960721611,0.7726362804444125,0.7930170163292003
992,The incident was n't the only time the judge got special treatment from his local bank .,1.2867237047604254,0.20049877671041913,0.9405857485268821,0.695220599840514,0.7995012232895811
993,"Two years later , he wrote to complain that the interest he was paying on an unsecured $ 10,000 loan was `` absolutely onerous . ''",0.6444187500832079,0.07768834144910651,0.9613364239696355,0.8863316580273563,0.9223116585508931
994,"Paul L. Kane , Laurel 's president at the time , quickly responded .",0.9110633930116752,0.148569964552526,0.8848778277256083,0.8204187532348579,0.851430035447474
995,"The bank , he wrote back , was `` immediately '' lowering the rate by 3.5 % , `` as a concession to you . ''",1.5196067309356494,0.20642158123144894,0.8192601090016303,0.7694578992902502,0.7935784187685506
996,"The judge says he ca n't discuss in detail how he will defend himself at his trial , although he contends that if he were as corrupt as state prosecutors believe , he would be far wealthier than he is .",1.4433480948715527,0.19083108647606487,0.8290287000886338,0.7902383682638286,0.8091689135239353
997,His seven-bedroom cedar and brick house outside of Johnstown is up for sale to pay for his lawyers .,0.9473684210526265,0.129105144155367,0.9681074766583005,0.7914239328885146,0.8708948558446322
998,The judge says he is confident he will return to his old bench .,0.7142857142857162,0.10798443637269772,0.9117055659629751,0.8731580672754988,0.8920155636273026
999,"Already , he notes , the 76 charges originally filed against him have been trimmed to 27 .",0.9727652780181613,0.13614891506423685,0.8915813872463431,0.8377937074339744,0.8638510849357627
1000,Most of the allegations no longer pending were ethics charges withdrawn by state prosecutors as part of a pre-trial agreement .,0.8930898810554009,0.12870280620192476,0.9407264961113788,0.8114118212968449,0.871297193798075
1001,The heart of the case -- `` official oppression '' -- remains intact .,0.9649839288804962,0.15163138992459924,0.888246723589725,0.8119173285429111,0.8483686100754012
1002,"`` If I lose , I lose my position , my career , my pension , my home and my investments , '' says the judge .",0.6448114642302638,0.09623229624454013,0.9128977758777341,0.8948184465991087,0.9037677037554601
1003,`` My God and I know I am correct and innocent .,0.833333333333333,0.13881350541022094,0.8857780868397355,0.8379234756068777,0.861186494589779
1004,"Many thanks for Alexander Cockburn 's comic masterpiece -LRB- `` U.S. . Economy : A House Built on Junk-Bond Sand , '' Viewpoint , Oct. 19 -RRB- .",1.4685505528129923,0.18682791518406536,0.8679908145651862,0.7648662767195559,0.8131720848159348
1005,The use of the abominable construction practices in the Soviet Union -- as evidenced by the collapse of sand apartment blocks during the Armenian earthquake -- as a metaphor for the U.S. economic system was a sublime example of Mr. Cockburn 's satirical muse .,1.7172124105857431,0.2507453105219274,0.860522688887314,0.6634665960643019,0.7492546894780727
1006,I await his sequel : the economic and social resiliency of the San Francisco Bay area and the outstanding work of the local governments and the private charitable organizations there as metaphors for the supremacy of whatever failed system Mr. Cockburn now believes in .,1.5459473647843742,0.2016742201784319,0.872386075967695,0.7358560557920669,0.7983257798215682
1007,It should be a scream .,0.0,0.0,1.0,1.0,1.0
1008,William S. Smith,0.9182958340544896,1.0,1.0,0.0,0.0
1009,"As a money manager and a grass-roots environmentalist , I was very disappointed to read in the premiere issue of Garbage that The Wall Street Journal uses 220,000 metric tons of newsprint each year , but that only 1.4 % of it comes from recycled paper .",1.9325302430491593,0.23392461000839387,0.8756557919947653,0.6808705937088342,0.7660753899916063
1010,"By contrast , the Los Angeles Times , for example , uses 83 % recycled paper .",0.8235294117647065,0.1302762320669603,0.9350680024835307,0.8129157524149121,0.8697237679330396
1011,"With newspapers being the largest single component of solid waste in our landfills , and with our country overflowing with trash , all sectors of our society and all types of businesses must become more responsible in our use and disposal of precious natural resources .",1.8759552914312758,0.24771201380409225,0.8331646936039817,0.6857236322412523,0.7522879861959079
1012,The Wall Street Journal is an excellent publication that I enjoy reading -LRB- and must read -RRB- daily .,1.0923625001138637,0.14754691737224634,0.810697575352927,0.898743450095977,0.8524530826277532
1013,"Please make me and thousands of other readers more comfortable with our daily purchase of your newspaper by raising your environmental standards to your overall impeccable quality levels , and increase your use of recycled paper .",1.5210993226349734,0.2108048012541695,0.8529338676121968,0.7343203667398184,0.7891951987458308
1014,Virginia M.W. Gardiner,1.584962500721156,1.0,1.0,0.0,0.0
1015,"FIRST AMERICAN FINANCIAL Corp. declared a special dividend of one share of Class B common stock for each share of Class A common stock , payable to holders of record on Nov. 10 if the Securities and Exchange Commission approves this as the effective date of the registration statement .",2.077345706662708,0.2688915270178072,0.8939302238688283,0.6184610736843951,0.7311084729821927
1016,"Shareholders of the Santa Ana , Calif. , title-insurance company approved the creation of this second class of stock , which will be traded on the national over-the-counter market and which the company said would be used for acquisitions and other general corporate purposes .",1.1494559639011168,0.14915401964077196,0.9079648879601608,0.8004882879409153,0.8508459803592283
1017,"The following were among yesterday 's offerings and pricings in the U.S. and non-U.S. capital markets , with terms and syndicate manager , as compiled by Dow Jones Capital Markets Report :",1.452012295209693,0.201566841560614,0.8364020544394637,0.763761803517818,0.7984331584393863
1018,Continental Cablevision Inc. --,0.6887218755408673,0.29798312381900666,1.0,0.5408520829727552,0.7020168761809934
1019,"$ 350 million of senior subordinated debentures , due Nov. 1 , 2004 , was priced at par to yield 12 7/8 % .",1.4795739585136243,0.21255873310845388,0.824505186914021,0.7535662591835279,0.7874412668915464
1020,"Rated single-B-1 by Moody 's Investors Service Inc. and single-B by Standard & Poor 's Corp. , the issue , which is non-callable for five years , will be sold through underwriters led by Morgan Stanley & Co .",1.3669242067719782,0.18414954449711554,0.8116176790077816,0.8201276133006394,0.8158504555028845
1021,Beatrice Co. --,0.666666666666667,0.26631956334878915,1.0,0.5793801642856952,0.7336804366512111
1022,"$ 251 million of notes , due Nov. 1 , 1997 , was priced in a two-part offering through underwriters at Salomon Brothers Inc .",1.0898044999134617,0.1497575441171034,0.8932270198575337,0.8112050183313848,0.8502424558828969
1023,The size of the issue was scaled back from an originally planned $ 350 million .,0.7971804688852169,0.11465571130067871,0.9609718878052136,0.8207518749639419,0.885344288699321
1024,"The first part , consisting of $ 151 million of 13 3/4 % senior subordinated reset notes , was priced at 99.75 .",1.0593273033304476,0.1465892207560022,0.9371689871763846,0.7833958380786353,0.8534107792439978
1025,The rate on the notes will be reset annually to give the issue a market value of 101 .,1.0526315789473637,0.15161683758964664,0.9654909045453385,0.7566111683109062,0.8483831624103527
1026,"However , the maximum coupon at which the notes can be reset is 16 1/4 % .",0.8679345589507923,0.12273356143883386,0.8978410072610266,0.8576137028272643,0.8772664385611662
1027,The minimum coupon is 13 3/4 % .,0.75,0.14285714285714285,0.8999999999999999,0.818181818181818,0.857142857142857
1028,"The second part , consisting of $ 100 million of senior subordinated floating-rate notes , was priced at 99 3/4 to float 4.25 % above the three-month London interbank offered rate .",1.5668426714818011,0.20860704283388828,0.8425376907268457,0.7461021683622834,0.7913929571661118
1029,The initial coupon on the floating-rate notes will be 12.9375 % .,0.5,0.07496336164077998,1.0,0.860528527174435,0.9250366383592199
1030,The issue is rated single-B-3 by Moody 's and single-B-plus by S&P .,0.3076923076923084,0.04534559613024766,1.0,0.9132428618858452,0.9546544038697523
1031,New Jersey Wastewater Treatment Trust --,0.6016067457394687,0.316360130955631,1.0000000000000002,0.5193410625009365,0.6836398690443692
1032,"$ 75.1 million , two-part offering of bonds apparently was won by a Merrill Lynch Capital Markets group .",0.9215671054908885,0.12514895984535984,0.8748510401546397,0.8748510401546397,0.8748510401546397
1033,"The group 's bid for $ 40.9 million of wastewater treatment insured bonds , Series 1989 A , produced a 7.0826 % true interest cost .",1.981145192474112,0.2726638736992295,0.8356703615872801,0.6438668261511855,0.7273361263007704
1034,The Series 1989 A bonds are insured and rated triple-A by Moody 's and S&P .,0.797180468885216,0.11067616860891086,0.9275954049300443,0.8540852082972755,0.8893238313910892
1035,"The group 's bid for $ 34.2 million of wastewater treatment bonds , Series 1989 B , produced a 7.0808 % true interest cost .",1.8203910001730765,0.25469555705523794,0.8526209363670235,0.6619829087834982,0.7453044429447622
1036,The Series 1989 B bonds are uninsured and rated double-A by Moody 's and S&P .,0.672180468885216,0.09172994313397849,0.9637977024650223,0.8587921370618795,0.9082700568660214
1037,"Both the Series 1989 A and Series 1989 B bonds were priced to yield from 6 % in 1991 to 7.15 % in 2008-2009 , according to a Merrill Lynch official .",1.5196622025965851,0.2057496566096876,0.8485309601276936,0.7464968590665885,0.7942503433903123
1038,"Matagorda County Navigation District No. 1 , Texas --",2.251629167387822,0.5507601614466612,0.6347886448454074,0.34762809857141697,0.4492398385533387
1039,"$ 70.3 million of pollution control revenue bonds -LRB- Houston Lighting & Power Co . Project -RRB- , due Oct. 1 , 2019 , were tentatively priced by a Goldman , Sachs & Co. group at 98 1/4 to yield 7.649 % with a coupon of 7 1/2 % .",1.8909067488796865,0.24441641757743907,0.8116333080861899,0.7067751456277286,0.755583582422561
1040,Interest on the bonds will be treated as a preference item in calculating the federal alternative minimum tax that may be imposed on certain investors .,0.9080630951706459,0.1316742120258647,0.914855555939968,0.8262999774811671,0.8683257879741348
1041,The bonds are insured and rated triple-A by Moody 's and S&P .,0.46153846153846256,0.06651041694280019,1.0,0.8752746979566215,0.9334895830571999
1042,Federal Home Loan Mortgage Corp. --,0.6016067457394687,0.316360130955631,1.0000000000000002,0.5193410625009365,0.6836398690443692
1043,$ 500 million of Remic mortgage securities is being offered in 11 classes by a Morgan Stanley group .,0.9612980266573867,0.13125259410772774,0.9679723077036991,0.7879737913437873,0.8687474058922716
1044,"The offering , Series 109 , is backed by Freddie Mac 10 % securities .",1.1169925001442298,0.17371248879952492,0.8328055262669113,0.8198707312795195,0.8262875112004748
1045,Complete details were n't immediately available .,0.2857142857142865,0.06005470579745028,1.0,0.8866950819254699,0.9399452942025498
1046,Lomas Mortgage Funding Corp. II --,0.6016067457394687,0.316360130955631,1.0000000000000002,0.5193410625009365,0.6836398690443692
1047,$ 100 million issue of collateralized mortgage obligations is being offered in four classes by a Morgan Stanley group .,1.0132331253245193,0.1363591069734189,0.94132651886254,0.7978001828629668,0.863640893026581
1048,The securities yield from 9.35 % to 10.48 % for a 30-year issue with an average life of 21.18 years .,1.0476190476190457,0.16062197882213097,0.9163844215200642,0.7743104983915295,0.8393780211778687
1049,The 10.48 % yield represents a spread to the 20-year Treasury of 2.45 percentage points .,1.0943609377704338,0.16442612460475506,0.9034444788328515,0.7771881834864852,0.835573875395245
1050,The collateral consists of collateralized whole loans with a weighted average coupon rate of 11.08 % and weighted average remaining term to maturity of 28 years .,1.7965273120991343,0.2676381364716967,0.7984273501088704,0.6763939701998484,0.7323618635283036
1051,"The issue is rated triple-A by S&P , Moody 's and Fitch Investors Service Inc .",0.9756025296523001,0.14953143705395805,0.8473001507825786,0.8536607601069844,0.8504685629460419
1052,"The issue is 6 % to 7 % overcollateralized , and 75 % of the loans are covered by a General Electric pool policy covering losses of as much as 10 % of the original principal balance of the loans .",1.2253373404275,0.1604662112178256,0.8938339551096297,0.7914532236620258,0.8395337887821744
1053,J.C. Penney Co. --,0.6887218755408673,0.29798312381900666,1.0,0.5408520829727552,0.7020168761809934
1054,"$ 350 million of JCP Master Credit Card Trust asset-backed certificates , Series B , with a final stated maturity of Oct. 15 , 2001 , was priced at 99.1875 to yield 9.192 % with a coupon of 8.95 % .",1.7445314008617183,0.24101102200621827,0.8131797329398629,0.7115695807607899,0.7589889779937817
1055,"The certificates , which have an average life of 10.05 years , were priced at 1.31 percentage points over the benchmark Treasury 10-year note .",1.301173000519233,0.1697210352924354,0.900875311359259,0.7699430185924555,0.8302789647075649
1056,"Rated triple-A by Moody 's and S&P , the issue will be sold through First Boston Corp .",0.7980293320333489,0.11607439361323732,0.920017380642105,0.8505586594426665,0.8839256063867627
1057,The issue is backed by a 12 % letter of credit from Credit Suisse .,0.9836591668108969,0.1498691029643386,0.9999999999999998,0.7393284112461508,0.8501308970356612
1058,Keio Teito Electric Railway Co . -LRB- Japan -RRB- --,0.9509775004326939,0.23234930048356076,0.8870663017781214,0.6765715949230876,0.7676506995164394
1059,"$ 300 million of bonds due Nov. 16 , 1993 , with equity-purchase warrants , indicating a 3 3/4 % coupon at par via Nomura International Ltd .",1.5539205358688184,0.21308232261332793,0.8968022628889611,0.7010219264466021,0.7869176773866718
1060,"Each $ 5,000 bond carries one warrant , exercisable from Nov. 30 through Nov. 2 , 1993 , to buy company shares at an expected premium of 2 1/2 % to the closing share price when terms are fixed Tuesday .",1.7271400954422766,0.2185732357310333,0.8322740520573101,0.7364347232259512,0.7814267642689665
1061,Diesel Kiki Co . -LRB- Japan -RRB- --,1.0,0.2222222222222222,0.8750000000000001,0.7000000000000001,0.7777777777777779
1062,"$ 200 million of bonds due Nov. 16 , 1994 , with equity-purchase warrants , indicating a 4 1/2 % coupon at par via Yamaichi International Europe Ltd .",1.5298113095379415,0.2108792512149529,0.8997844317242111,0.702696708721044,0.7891207487850472
1063,"Each $ 5,000 bond carries one warrant , exercisable from Nov. 30 through Nov. 2 , 1994 , to buy company shares at an expected premium of 2 1/2 % to the closing share price when terms are fixed Monday .",1.873481558856911,0.23856578974534498,0.8059741810605273,0.7215592035649814,0.761434210254655
1064,Chugoku Electric Power Co . -LRB- Japan -RRB- --,0.9838614413637048,0.2288397436948565,0.8817944864489706,0.685192649919523,0.7711602563051434
1065,"$ 150 million of 8 7/8 % bonds due Nov. 29 , 1996 , priced at 101 7/8 to yield 8 7/8 % less full fees via Nikko Securities Ltd .",1.7528611750850756,0.24498748815976087,0.8141057455590546,0.7039174786558181,0.7550125118402389
1066,Fees 1 7/8 .,0.5,0.14285714285714285,1.0,0.75,0.8571428571428571
1067,"Monte dei Paschi di Siena , Singapore branch -LRB- Italian parent -RRB- , via the Law Debenture Trust Corp. --",1.299999999999999,0.1949502650810876,0.9511878508322971,0.6978359670477959,0.8050497349189121
1068,"10 billion yen -LRB- $ 70 million -RRB- of 6 % bonds due Feb. 24 , 1993 , priced at 101 1/4 , via Daiwa Europe Ltd .",1.7906773388363453,0.2784672579765673,0.7503704533566705,0.6948295401386945,0.7215327420234329
1069,Okobank -LRB- Finland -RRB- --,1.1999999999999997,0.34844660574473535,0.5837513369370433,0.737175493807016,0.6515533942552646
1070,"10 billion yen of 6 % bonds due Nov. 30 , 1992 , priced at 101.225 to yield 6.056 % via IBJ International .",1.7150524774470899,0.26149546184425737,0.7762370365227617,0.7042703069154159,0.7385045381557424
1071,"EG&G Inc. said it acquired Laboratorium Prof. Dr. Berthold , a German maker of scientific instruments .",1.4273330886170852,0.21917501076239704,0.8648403287075807,0.71168773397576,0.7808249892376032
1072,Terms were n't disclosed .,0.0,0.0,1.0,1.0,1.0
1073,"The Wellesley , Mass. , maker of scientific instruments and electronic parts said Berthold expects 1989 sales of more than 100 million Deutsche marks -LRB- $ 54.5 million -RRB- and employs about 400 people .",1.6179768709454452,0.2005136535077293,0.8575404355921039,0.7487942001964212,0.7994863464922706
1074,"Berthold is based in Wildbad , West Germany , and also has operations in Belgium .",0.772782998537517,0.12409765042008755,0.940615086187349,0.8195207029597831,0.8759023495799124
1075,"John M. Kucharski , EG&G 's chairman and chief executive , said the acquisition `` will extend EG&G 's core technologies , strengthen its position in the European Economic Community and assure a strength and presence in the Eastern European market . ''",1.9125309525006395,0.2398261697811251,0.8446361598566197,0.6910680751714464,0.7601738302188751
1076,"He said it especially will strengthen the company 's efforts in the rapidly growing field of bio-analytical instrumentation , and in applied nuclear physics .",0.8905865002596167,0.11026032199685369,0.9573705027254064,0.8310335801668558,0.8897396780031466
1077,"Separately , EG&G said it sold most of its Mason Research Institute subsidiary to Transgenic Sciences Inc. , a closely held biotechnology company based in Worcester , Mass .",1.3272491377818305,0.17475450300795506,0.8965171966012618,0.7644712419909999,0.8252454969920451
1078,"The sale , for $ 7 million in cash and securities , will leave EG&G with a 12 % stake in Transgenic , executives said .",0.9230769230769189,0.12313180175973305,0.9421718121506271,0.8200304225616668,0.8768681982402664
1079,"Mason is the largest toxicology lab in New England , with annual revenue of $ 8 million and 140 employees .",1.0368779767055862,0.13720252308115127,0.9350594794039139,0.8009031616062227,0.8627974769188484
1080,"Mason serves commercial and government customers , including the National Institutes of Health .",0.6253491072973913,0.08947157413170036,0.9176074546284199,0.9035577855167632,0.9105284258682999
1081,"The combined companies will become profitable by January 1990 , said James P. Sherblom , Transgenic 's chairman and chief executive officer .",1.3858392600403162,0.18509022023821844,0.8670964659003603,0.7686482543401945,0.8149097797617818
1082,The Internal Revenue Service said it is willing to let the U.S. Tax Court decide how much oil man William Herbert Hunt will owe the government after his assets are liquidated .,1.8455828133113004,0.23723921330112788,0.8241006517787829,0.709919694775108,0.7627607866988722
1083,The surprise announcement came after the IRS broke off negotiations with Mr. Hunt on a settlement of the one-time tycoon 's personal bankruptcy case .,1.1803910001730769,0.16655885369453502,0.9736258202570874,0.7285438806034549,0.833441146305465
1084,"Although the action removes one obstacle in the way of an overall settlement to the case , it also means that Mr. Hunt could be stripped of virtually all of his assets if the Tax Court rules against him in a 1982 case heard earlier this year in Washington , D.C .",2.1418654390375647,0.2707072979037514,0.7925846244148199,0.6753616331532464,0.7292927020962483
1085,The IRS has been seeking more than $ 300 million in back taxes from Mr. Hunt .,0.6770455884898183,0.09757835085546908,0.9179867904413321,0.8873755440477579,0.9024216491445308
1086,"Separately , a federal judge hearing Mr. Hunt 's bankruptcy case yesterday turned down a proposed $ 65.7 million settlement between Mr. Hunt and Minpeco S.A. , another major creditor in the case .",1.092978219374415,0.1419633001701689,0.921931026875826,0.8024247425005804,0.858036699829831
1087,The Peruvian minerals concern had been seeking a claim of $ 251 million against Mr. Hunt .,0.5882352941176494,0.07753516540208005,1.0,0.8560879164010435,0.9224648345979203
1088,"In addition to turning down the compromise , Judge Harold C. Abramson said he would allow a claim of only $ 19.7 million .",0.6666666666666679,0.08395934424843475,0.9561808127628161,0.8791348624720211,0.9160406557515655
1089,Minpeco attorneys said they would appeal the decision to a federal district court .,0.3396348215831049,0.04859311664856734,1.0,0.9073174983183622,0.9514068833514328
1090,"Regarding Mr. Hunt 's taxes , he and the IRS have apparently agreed on a basic formula for liquidating his estate in which the IRS would get 70 % of the proceeds from a liquidating trust and 30 % would go to other creditors .",1.2696761757726067,0.1511870947607922,0.8679270948066498,0.8305224704377644,0.848812905239208
1091,But they have been at odds over how much Mr. Hunt would owe the government after his assets are sold .,0.6073755953411162,0.08061862278545626,0.9150155209004646,0.9237890952941213,0.9193813772145436
1092,The IRS had demanded $ 90 million but Mr. Hunt would agree to no more than $ 60 million .,0.7377443751081723,0.10097633239436574,0.9425977456743657,0.8593002375352065,0.8990236676056342
1093,"Grover Hartt III , a government lawyer , warned that Mr. Hunt stood to lose certain oil and gas properties , $ 200,000 in English pottery , a Colorado condominium and other assets he might have kept if he had settled with the IRS .",1.5260229880679352,0.18530881243378897,0.8791264712006567,0.759056400042965,0.8146911875662112
1094,"`` But they wanted to roll the dice and we 're going to let them , '' Mr. Hartt said .",0.738560714491757,0.09880879415606778,0.9128219139060579,0.8898531539262354,0.901191205843932
1095,"Stephen McCartin , Mr. Hunt 's attorney , said his client welcomed the gamble .",1.033985000288462,0.17291308387015433,0.8863784664179718,0.7752302805021506,0.8270869161298454
1096,The Tax Court is n't expected to rule before early next year .,0.46153846153846256,0.06651041694280019,0.9546544038697523,0.9132428618858452,0.9334895830571998
1097,Japan has found another safe outlet for its money : U.S. home mortgages .,0.9110633930116769,0.13590564473484434,0.8711010246032672,0.8571995023148349,0.8640943552651561
1098,An increasing number of big Japanese investors are buying up U.S. home mortgages that have been pooled and packaged for sale as interest-bearing instruments known as mortgage-backed securities .,1.3701840515003312,0.18966907980636077,0.8477415753493133,0.7760825620326377,0.8103309201936392
1099,"As much as 10 % of new U.S. mortgage securities issued by the Federal National Mortgage Association , or Fannie Mae , and Federal Home Loan Mortgage Corp. , or Freddie Mac , now flow into Japanese hands .",1.2986653045321255,0.18480298404154574,0.9207896188584473,0.7313308178048208,0.8151970159584544
1100,That may not come as a surprise to Americans who have watched the Japanese snap up properties in the U.S. from golf courses to a stake in Rockefeller Center .,1.1460180135867928,0.1534620188572263,0.861372523464643,0.8322057485020113,0.8465379811427738
1101,"But it marks a big change for the Japanese , who shunned mortgage securities after getting burned by a big downturn in interest rates a few years back .",0.9915478449021897,0.13100281865379854,0.8882386800053472,0.8505716460091299,0.8689971813462013
1102,"`` You ca n't say it 's a `` tsunami '' -LRB- tidal wave -RRB- , but we 're making some headway , '' says Fannie Mae 's chairman , David O. Maxwell , who visits Tokyo at least once a year to explain and drum up investor interest in mortgage securities .",1.4650705753159325,0.16450967651365117,0.8684243885604742,0.8049629649515208,0.8354903234863488
1103,`` Interest is a great deal higher than it was a year ago . '',0.7169925001442312,0.1010305549954095,0.9228521132923115,0.8762917220841228,0.8989694450045904
1104,The steady growth of the mortgage securities market in the U.S. has even triggered talk of building up a similar market here .,1.3158548915865405,0.18878905511907135,0.9058909845749525,0.7344492931854207,0.8112109448809288
1105,Evidence of the growing Japanese demand for mortgage securities abounds .,1.0463431822115412,0.17817617860826634,0.8480811295952848,0.7971435826713271,0.8218238213917338
1106,"Earlier this year , Blackstone Group , a New York investment bank , had no trouble selling out a special $ 570 million mortgage-securities trust it created for Japanese investors .",1.1974004993149592,0.15432280432790904,0.904367567003948,0.7941402043186461,0.8456771956720909
1107,"Industrial Bank of Japan , which claims to be the biggest Japanese buyer of U.S. mortgage securities , says it will more than double its purchases this year , to an amount one official puts at several billion dollars .",1.465729762077265,0.17365680284906276,0.8814841552139663,0.7776947518617128,0.826343197150937
1108,"And a Fannie Mae seminar this week promises to draw hundreds of prospective investors , who can be expected to channel tens of billions of dollars into the market in the next few years .",1.4821229423122046,0.18516223361749984,0.9048682315823326,0.7411013916067761,0.8148377663825
1109,"`` Last year , there were only several big investors who were interested , '' says Kinji Kato , a vice president at the international arm of Nomura Securities Co .",1.0841819507882837,0.13772142431312043,0.9132061658653972,0.8167311921967644,0.8622785756868795
1110,"`` This year , some investors are changing their policies and investing a lot . ''",0.9221804688852169,0.13029160532155729,0.9248757338964674,0.8207518749639421,0.8697083946784427
1111,"Ultimately , he says , strong demand could help to drive down interest rates on mortgage securities .",0.5283208335737184,0.07394415685091103,0.9260558431490888,0.9260558431490888,0.9260558431490888
1112,"At the moment , Nomura is the only Japanese institution authorized to act as a primary seller of Fannie Mae instruments .",1.0463431822115403,0.140632656127229,0.9461881415579366,0.7871405165286784,0.8593673438727711
1113,But other Japanese institutions say privately that they are considering asking to join the 59-dealer selling group .,0.8616541669070514,0.11875100610531299,0.9055844812680423,0.8581871988081291,0.8812489938946869
1114,These securities are attractive to Japanese investors for three reasons .,0.614080682014861,0.10336064156789723,0.936099909688466,0.8603710954403706,0.8966393584321029
1115,"First , they are safe .",0.33333333333333304,0.06891905627080991,0.8710490642551528,1.0,0.93108094372919
1116,"While they are n't backed by the full faith and credit of the U.S. government , as Treasury bonds are , it is widely assumed that the government would support them if necessary .",1.0299867649604062,0.1287917308249924,0.9256782817547647,0.8227924063348122,0.8712082691750073
1117,-LRB- U.S. Treasury bonds are still the dollar-denominated investment of choice for long-term Japanese investors -RRB- .,0.7502875001272651,0.10436105065668777,0.9647465156014439,0.8357703188265421,0.8956389493433127
1118,"Second , they are liquid .",0.33333333333333304,0.06891905627080991,0.8710490642551528,1.0,0.93108094372919
1119,"The secondary market in federally backed mortgage securities now exceeds $ 900 billion , or nearly half of the $ 2.2 trillion in U.S. residential mortgages issued .",1.2776584825291915,0.1645274972856732,0.8941306238549512,0.7840369168813884,0.8354725027143268
1120,"Third , they offer high yields .",0.2857142857142856,0.05361503543831442,0.8982265179691366,1.0,0.9463849645616855
1121,"At the moment , some offer as much as 1.6 to 1.8 percentage points over Treasury securities of similar maturities .",1.2740422620077805,0.1786965717489702,0.8601081220500965,0.7858490132204697,0.8213034282510294
1122,"But there is a risk , which the Japanese discovered when they first dipped their toes into the market nearly five years ago .",1.031453645923479,0.13615535915929314,0.8307403549342715,0.8996967807821549,0.8638446408407068
1123,"Since most mortgages can be prepaid or refinanced at any time , issuers of mortgage securities retain the right to buy back their bonds before maturity .",1.3151768520121099,0.17300393188086063,0.8626803668781703,0.7941466296938473,0.8269960681191394
1124,"That 's a headache for long-term investors , since it forces them to reinvest their money -- usually at lower rates than the original mortgage securities carried .",1.23319017903503,0.15789702888835982,0.8658595877775934,0.8196151641472058,0.8421029711116402
1125,"`` Two or three years ago , the problem was that people did n't understand the prepayment risk , '' says Nomura 's Mr. Kato .",0.6444187500832088,0.07915645849243946,0.9725092494068065,0.8743905081688241,0.9208435415075603
1126,`` So they were surprised and very disappointed by prepayment . '',0.3333333333333339,0.04875723891603064,0.9999999999999998,0.9070190181162898,0.9512427610839692
1127,"Compounding the trouble to Japanese investors , mortgage securities pay interest monthly , since most mortgages require homeowners to make monthly payments .",1.2988827383011854,0.18417105240637718,0.8304440718341777,0.8017193544627447,0.815828947593623
1128,"But Japanese institutional investors are used to quarterly or semiannual payments on their investments , so the monthly cash flow posed administrative problems .",1.28145364592348,0.17900153820608625,0.8758216339403305,0.772634424614002,0.8209984617939137
1129,"As a result , Japanese investors steered clear of the mortgage securities .",0.6153846153846141,0.0997364058156971,0.9002635941843026,0.9002635941843026,0.9002635941843026
1130,But they did n't lose touch with the U.S. issuers .,0.0,0.0,1.0,1.0,1.0
1131,"Since 1985 , Japanese investors have bought nearly 80 % of $ 10 billion in Fannie Mae corporate debt issued to foreigners , money that Fannie Mae uses to buy mortgages from U.S. banks .",1.8138269558675395,0.22708045145374356,0.8470430242782412,0.710725055586721,0.7729195485462559
1132,"And Japanese investors took up nearly all of two $ 200 million Real Estate Mortgage Investment Conduits , a kind of collateralized mortgage obligation , that were offered to foreigners this year .",1.387104166994467,0.1697576510334505,0.869804852781142,0.7941222201101678,0.8302423489665497
1133,"In addition , further packaging of mortgage-backed securities , such as Blackstone 's fund , have reduced the effects of prepayment risk and automatically reinvest monthly payments so institutions do n't have to .",1.741743557319813,0.21996742107536013,0.8732159092983225,0.7048193228289092,0.7800325789246402
1134,Freddie Mac for years has offered a so-called participation certificate that guarantees it wo n't be prepaid for a set number of years and offers semiannual payments .,1.3665950895175145,0.17476661136578045,0.865824910053523,0.7882774403442704,0.8252333886342197
1135,"As Georgia-Pacific 's bid for Great Northern Nekoosa has shown , uninvited takeovers are still alive despite premature reports of their demise .",1.0762994566158044,0.1444874651917936,0.9243255872566486,0.7962353839911382,0.8555125348082065
1136,"Therefore , the debate about poison pills will continue to rage in the boardrooms of corporations and the halls of academia .",0.9777170456512234,0.14040740921687472,0.9326481441416394,0.7971507278978286,0.8595925907831251
1137,"Although poison pills come in different colors and shapes , they usually give current shareholders the right to buy more stock of their corporation at a large discount if certain events occur -- typically , if a hostile bidder acquires more than a specified percentage of the corporation 's stock .",1.677428921992841,0.20624142055293368,0.8790315530500065,0.7235668998256594,0.7937585794470668
1138,"However , these discount purchase rights may generally be redeemed at a nominal cost by the corporation 's directors if they approve of a bidder .",0.9849861720937216,0.1352835381117344,0.9033695991012527,0.8292353606757076,0.8647164618882652
1139,"Supporters of poison pills argue that their adoption forces bidders to negotiate with a corporation 's directors , who are thereby put in a better position to pursue the long-term interests of the corporation .",1.1985239114878299,0.1513825828983872,0.8996188324981531,0.8030885221530868,0.8486174171016123
1140,Recent studies by Georgeson & Co. conclude that corporations with poison pills have experienced greater stock-price appreciation than corporations without poison pills during the past few years .,1.1523093752317983,0.15978327093947167,0.9769668842190503,0.7370489009647778,0.840216729060528
1141,Critics of poison pills argue that they harm shareholders by letting corporate management defeat takeover bids at premium prices and by deterring premium bids from ever being made to shareholders .,1.686473385080447,0.23197736872291877,0.8471952594425463,0.7023830824302708,0.7680226312770811
1142,"These critics are backed by several academic studies showing that the adoption of poison pills reduces shareholder values not merely in the short run , but also over longer periods .",1.9273743858662735,0.24956440968691057,0.8310331697283366,0.6840893287997444,0.7504355903130897
1143,Institutional investors that must evaluate poison pills on a regular basis are interested less in this general debate than in the answers to specific questions about the corporation issuing the pill .,1.5494940289210604,0.22777555916585948,0.7962345398942808,0.7496199830412512,0.7722244408341408
1144,Does this corporation have a high-quality management team with a good track record ?,0.775339498019525,0.1414638564052026,0.9427564611746483,0.7881293065920894,0.8585361435947975
1145,"Does this team have a viable strategy for improving shareholder values , and does this strategy require implementation over an extended period ?",0.9023864131375445,0.134930419561108,0.917278062193908,0.8184841278722164,0.8650695804388921
1146,Will the adoption of this particular form of a poison pill significantly improve the chances for management to carry out this strategy ?,0.7071592394126274,0.11057616400592477,0.9322353050300703,0.8503718212320059,0.8894238359940754
1147,"If the answers to these questions are affirmative , then institutional investors are likely to be favorably disposed toward a specific poison pill .",1.2651886656916798,0.17232608633705995,0.9239733403005477,0.7495531150770486,0.8276739136629401
1148,"However , the problem is that once most poison pills are adopted , they survive forever .",1.4273330886170834,0.22739080731462527,0.7018698370786509,0.8592059868996719,0.7726091926853749
1149,"Although the current management team may be outstanding , who will be the CEO in 10 years ?",0.44444444444444375,0.06148298494364386,0.9682834948230482,0.9105260842907348,0.9385170150563559
1150,"Although the five-year strategy may be excellent , what will be the strategy in 25 years ?",0.47058823529411953,0.06724173106143452,0.965209445929127,0.9024181883747451,0.9327582689385657
1151,The solution to this problem is a time-limited poison pill .,0.7958988638330444,0.1475063654532903,0.9999999999999999,0.7429097216466911,0.8524936345467099
1152,"The limit could range from three years to seven years , depending on the composition of the management team and the nature of its strategic plan .",1.1670287038639628,0.16097410199865955,0.8841968969892083,0.7982458816553186,0.8390258980013408
1153,"At the end of this period , the poison pill would be eliminated automatically , unless a new poison pill were approved by the then-current shareholders , who would have an opportunity to evaluate the corporation 's strategy and management team at that time .",1.2643078442129143,0.1693959366340418,0.9116975987451653,0.7627583527391327,0.8306040633659585
1154,One rare example of a time-limited poison pill is the shareholder rights plan adopted by Pennzoil last year after it received a huge litigation settlement from Texaco .,1.6967776787259625,0.2373206607977028,0.8689853455024334,0.6795478785486444,0.7626793392022971
1155,Pennzoil 's poison pill covers five years in order to give current management enough time to put these proceeds to work in a prudent manner .,1.116136538794378,0.15084199001654305,0.9449901342207107,0.7709730795128512,0.8491580099834564
1156,"Another interesting example is the poison pill adopted recently by Pittsburgh-based National Intergroup Inc. , a diversified holding company .",1.4509775004326926,0.21360273998551807,0.8324102539477484,0.7452047113866189,0.7863972600144817
1157,"The State of Wisconsin Investment Board , which owned about 7 % of the company 's voting stock , worked with management to devise a time-limited poison pill .",1.3503882571975927,0.17592529760820436,0.9507138252194715,0.7272075636843353,0.8240747023917959
1158,This pill automatically expires after three years unless continued by a vote of the shareholders .,0.625,0.09570273200592783,1.0,0.8253125976409263,0.9042972679940721
1159,"The attitude of the Wisconsin Investment Board reflects a growing receptivity to time-limited poison pills on the part of institutional investors , as shown by the discussions at recent meetings of the Council of Institutional Investors and my informal survey of several retirement plans with large stock positions .",1.97860631429696,0.26537282107892796,0.8177079075860463,0.666871704589301,0.734627178921072
1160,More widespread time limits on poison pills would allow shareholders to evaluate a specific poison pill within the context of a specific management team 's strategy .,1.2690615743144615,0.17047987392085812,1.0,0.7087008880387039,0.8295201260791422
1161,Such concrete analysis is likely to lead to more fruitful dialogue between management and shareholders than the abstract debate about poison pills .,1.6838719979652428,0.2342179202088709,0.8785186618440957,0.6786888161694851,0.7657820797911291
1162,Mr. Pozen is the general counsel and a managing director of Fidelity Investments in Boston .,1.0,0.14814814814814814,0.92,0.793103448275862,0.8518518518518519
1163,"Michael Blair , former president and chief executive officer of Enfield Corp. , failed to win election to the company 's board at a special shareholder meeting .",1.7682062501545364,0.238369158780485,0.8803031521122439,0.6711536520172788,0.7616308412195153
1164,"Mr. Blair said after the meeting that he had filed separate lawsuits in the Ontario Supreme Court for unjust dismissal against Enfield and for libel against its largest shareholder , Canadian Express Ltd. , and two executives of Hees International Bancorp Inc. , which controls Canadian Express .",1.7987228422424444,0.23932509957082387,0.8432289682966722,0.6928438807387316,0.7606749004291761
1165,Holders at the meeting elected a full slate of Canadian Express nominees to Enfield 's 11-member board .,0.9727652780181639,0.13614891506423724,0.9652469314257119,0.7817327658397625,0.8638510849357629
1166,Mr. Blair and Hees have been feuding for months .,0.4754887502163454,0.07708502369151794,1.0,0.8568636235841013,0.9229149763084817
1167,Yesterday 's election was a sequel to Enfield 's annual meeting in June when Mr. Blair disallowed proxies in favor of two Hees nominees .,1.2291622381280236,0.16568766331644838,0.9420998779772684,0.7486569856511722,0.8343123366835519
1168,The Ontario Supreme Court overturned Mr. Blair 's decision .,1.16096404744368,0.21174300301849414,1.0,0.6505149978319906,0.7882569969815056
1169,"He later resigned from his executive positions with Enfield , saying that actions by its board `` amounted to -LCB- my -RCB- dismissal . ''",1.0399999999999983,0.13890873125905412,0.8519875373667807,0.8703916533770284,0.8610912687409458
1170,Mr. Blair said his libel suit seeks 10 million Canadian dollars -LRB- US$ 8.5 million -RRB- from Canadian Express and Hees executives Manfred Walt and Willard L'Heureux .,1.6172933041122963,0.21367768534061335,0.904917359191529,0.6952106392323206,0.7863223146593866
1171,"He said his suit against Enfield seeks two years severance pay , equivalent to C$ 720,000 .",0.8679345589507923,0.11878138953166424,0.8724733397846773,0.890140973369016,0.8812186104683359
1172,Hees and Canadian Express executives could n't be reached for comment .,0.5629072918469573,0.08519839307066611,0.9477324542020783,0.8840824070190839,0.9148016069293341
1173,Enfield is a holding company with interests in manufacturing concerns .,0.3636363636363651,0.06239519984266523,0.9376048001573352,0.9376048001573352,0.9376048001573352
1174,"It is 38.5 % owned by Canadian Express , another holding company .",0.6153846153846168,0.09069119226049531,0.9093088077395047,0.9093088077395047,0.9093088077395047
1175,Hees is a merchant bank controlled by Toronto financiers Peter and Edward Bronfman .,1.114974319602629,0.1715414904802979,0.9496136988535271,0.7347202167065884,0.828458509519702
1176,All the concerns are based in Toronto .,0.0,0.0,1.0,1.0,1.0
1177,Buying 51 % of Rockefeller Group Inc. is right up Mitsubishi Estate Co. 's alley in one sense : The huge Japanese real estate company is entering a long-term relationship with a similarly conservative U.S. owner of tony urban property .,1.7639638760356178,0.236745019957128,0.8775683592025595,0.6752906063129708,0.7632549800428718
1178,"But in another sense , the $ 846 million purchase is uncharacteristically nervy , industry analysts say .",0.5283208335737193,0.07171369046299327,0.9571582222557518,0.9011051916823766,0.9282863095370066
1179,The usually cautious giant will become the majority owner of the company that owns New York 's beloved Rockefeller Center at a time when tensions over Japanese purchases of U.S. property are at an all-time high .,1.4928457670237076,0.19128809101513117,0.910268717111387,0.7275415904646914,0.8087119089848688
1180,"Officials of Rockefeller Group and Mitsubishi Estate prefer to focus on the affinities , nearly dismissing the threat of a backlash from the U.S. public .",0.8311400182475701,0.11919045385279996,0.9089324771570565,0.854374667394856,0.8808095461472001
1181,"`` We think there will be positive as well as negative reactions , '' says Raymond Pettit , senior vice president and chief financial officer of Rockefeller Group .",1.3060104476181822,0.16056012806909709,0.8958550879588318,0.7897090533606148,0.8394398719309031
1182,"`` On balance , we think it will be positive . ''",0.16666666666666696,0.024987787213593373,0.9512427610839695,1.0,0.9750122127864067
1183,But some Japanese government officials and businessmen worry that the prominent purchase is just the sort of deal that should be avoided for the time being .,0.9023899250592722,0.11920058629079615,0.9183818671226031,0.8461719676621438,0.8807994137092041
1184,"In particular , they criticize the timing , coming as it does on the heels of Sony Corp. 's controversial purchase of Columbia Pictures Entertainment Inc .",0.9205464063804953,0.12280052867476388,0.8987570628186917,0.8566518164851223,0.8771994713252362
1185,"`` Officially , yes , we encourage the free flow of direct investment , '' says a Foreign Ministry official .",0.761904761904761,0.10324741730016435,0.9055751697267266,0.8881002455259701,0.8967525826998356
1186,`` But they did n't have to choose this particular moment . '',0.1538461538461542,0.021228846046425227,1.0,0.9584248993188739,0.9787711539535747
1187,"During the past year , government officials and leading business organizations have repeatedly urged Japanese companies to refrain from flashy real estate purchases in the",1.1803910001730733,0.16288151512542093,0.8885680110732321,0.7913008828499107,0.8371184848745786
1188,"Since the mid-1980s , Japan 's other major real estate purchases in the U.S. include Dai-Ichi Seimei America Corp. 's $ 670 million purchase of an office building at 153 East 53rd St. in Manhattan in 1987 and Mitsui Fudosan Inc. 's $ 610 million purchase of the Exxon Building , part of Rockefeller Center , in 1986 .",1.8571984164508057,0.25537129776663053,0.8462721021174491,0.6647834071765241,0.7446287022333694
1189,"In Los Angeles , Arco Plaza was sold to Shuwa Corp. for $ 620 million in 1986 , and Sumitomo Life Insurance Co. paid $ 300 million for Atlanta 's IBM Tower last year .",1.6274419802316435,0.23289136552244633,0.8865886856333484,0.6760073254537354,0.7671086344775535
1190,"Altogether , annual Japanese investment in U.S. commercial real estate grew from about $ 1.3 billion in 1985 to about $ 7.1 billion in 1988 .",1.7266866534454266,0.26172746157363463,0.7946273202674742,0.6893817477279366,0.7382725384263652
1191,Many Japanese companies have taken the warnings by the country 's leaders to heart and sought development partnerships rather than landmark properties .,0.8641001296055313,0.1240519267008046,0.8946267782761954,0.858033393122255,0.8759480732991956
1192,Critics say Mitsubishi Estate 's decision to buy into Rockefeller reflects the degree to which companies are irritated by the pressure to act for the good of Japan .,1.2617272574407927,0.17207247586700258,0.8683559473712806,0.791096120074165,0.8279275241329975
1193,"`` Those who have no money and are n't buying think it 's right to refrain , but those with money who want to buy for themselves pay no attention , '' says an official of the Japan-U.S . Business Council .",1.699620904410816,0.20509082271520473,0.8298498169158243,0.762791992257326,0.7949091772847958
1194,"But to Mitsubishi Estate , the acquisition has just the elements that should win support from both sides .",0.8818361843243903,0.12396649226935695,0.8462615329075316,0.9079766566394275,0.8760335077306428
1195,"First of all , it is a friendly acquisition in which Rockefeller sought out Mitsubishi Estate and asked it to buy a majority share .",0.9207820003461542,0.11674782913947417,0.9015414966862173,0.865690151472,0.8832521708605257
1196,"Secondly , the two companies found a similarity in their business and development philosophies and intend to cooperate in a range of activities from real estate to telecommunications .",1.2934405173905859,0.17590933045202292,0.8459492828732068,0.8033332192303556,0.8240906695479773
1197,"Finally , Mitsubishi Estate has no plans to interfere with Rockefeller 's management beyond taking a place on the board .",0.584031547928114,0.07927881741498952,0.972684728895673,0.8740281475522527,0.9207211825850105
1198,"`` We 'll continue to work with them , in keeping with the reputation of the company , and we 'll rely very much on their leadership , '' says Mitsubishi Estate President Jotaro Takagi .",1.0066341932646532,0.12649424997567713,0.9074918108248571,0.8419733896527611,0.8735057500243228
1199,"Rockefeller may well have found its match in Mitsubishi Estate , a company of long history , strong government ties and sound resources .",1.2295739585136234,0.1652575196276808,0.8613186916897849,0.8097572118693659,0.8347424803723195
1200,"In asset terms , Mitsubishi Estate is the largest real estate firm in Japan .",1.0339850002884612,0.1525097467785156,0.915062739630041,0.789211227495875,0.8474902532214842
1201,"The core of its holdings is 190,000 square meters of incredibly expensive property in the Marunouchi district , the business and financial center of Tokyo , often jokingly called `` Mitsubishi Village . ''",1.4302703083261967,0.17890974381719438,0.8779713287275183,0.7711310387019165,0.8210902561828056
1202,The Mitsubishi family company acquired that property from the government some 100 years ago when it was a portion of samurai residential land running from the moat of the Imperial Palace east toward the hodgepodge of tiny shops and twisted alleys that made up the merchants ' district .,1.9307367938119677,0.24377576065094608,0.8434057131781618,0.685377848326015,0.7562242393490538
1203,"At the time , Japan had just opened its doors to the world after about 250 years of isolation and needed a Western-style business center .",1.2926784797860282,0.17034492046391506,0.8721321705921896,0.7911235056319421,0.8296550795360845
1204,"Mitsubishi built the government 's dream development , the story goes , in exchange for the official decision to locate Tokyo 's central railway station there .",1.2131439815616112,0.16501264070921426,0.9246334046054266,0.7611878608842738,0.8349873592907859
1205,"That was just an early step in a relationship with government that has earned the Mitsubishi group the dubious moniker of `` seisho , '' literally government-business , a title that has the pejorative connotation of doing the government 's bidding , but also suggests the clout inherent in maintaining such close ties .",1.6588294681052265,0.20644001492096284,0.8660481762089067,0.7322690965495557,0.7935599850790374
1206,Mitsubishi Estate is one of the dozens of companies in today 's Mitsubishi group .,0.9006516669551283,0.13550841797391666,0.9556477923086911,0.7892112274958751,0.8644915820260832
1207,"It 's known for its cautiousness in part because it has had little need for bold overseas ventures : In the year ended March 31 , 57.4 % of its total revenue came from office building management .",1.9617194064206398,0.24949292637430207,0.8649258077336874,0.662823867527607,0.7505070736256978
1208,"Its earnings can rise 10 % to 12 % annually simply from the natural turnover of tenants and automatic rent increases , says Graeme McDonald , an industry analyst at James Capel Pacific Ltd .",1.2798282148420341,0.16098131183457307,0.9049218395596484,0.7820630307153456,0.839018688165427
1209,"For the latest fiscal year , the company 's net income jumped a robust 19 % to 35.5 billion yen -LRB- $ 250.2 million -RRB- .",1.1199775184139895,0.1472211661942095,0.9059544763755448,0.8054994693464878,0.8527788338057901
1210,"For Mitsubishi Estate , the Rockefeller purchase will catapult it firmly into the overseas real estate business , the one area where it has lagged notably behind Japanese competitors such as Mitsui , which had purchased the Exxon Building .",1.47798538696909,0.1796259938342594,0.8731690815154789,0.7735992933981142,0.82037400616574
1211,"`` Japanese companies need to invest in overseas real estate for diversification , '' says Yoshio Shima , an industry analyst at Goldman Sachs -LRB- Japan -RRB- Corp .",1.3455017244363425,0.17324038126350108,0.8795138983834884,0.7799757542268198,0.8267596187364991
1212,Rockefeller is n't the first overseas purchase for Mitsubishi Estate -- it has already played a leading role in designing Los Angeles 's Citicorp Plaza .,0.8037152673938373,0.11325656396384208,0.9237252546084193,0.8526088014663701,0.8867434360361579
1213,But the Rockefeller investment is its largest .,0.25,0.043478260869565216,0.9166666666666666,1.0,0.9565217391304348
1214,"Nonetheless , it will barely make a dent in Mitsubishi Estate 's finances , analysts say .",0.632640441303737,0.08658015735981722,0.9226682439107676,0.9043550048385081,0.9134198426401834
1215,"Mitsubishi Estate has n't decided how it will raise the funds for the purchase , which are due in cash next April , but the Marunouchi holdings alone are estimated to have a market value of as much as 10 trillion yen to 11 trillion yen .",1.4280726697609296,0.1688529572088026,0.8572412500787593,0.8065945095036722,0.8311470427911973
1216,"Moreover , as a member of the Mitsubishi group , which is headed by one of Japan 's largest banks , it is sure to win a favorable loan .",0.6666666666666661,0.08217133285904442,0.9390870413681658,0.8975114511000504,0.9178286671409556
1217,Analysts say the company also could easily issue new convertible bonds or warrants .,0.4824919644402481,0.07047275413188359,1.0000000000000002,0.8683333996874409,0.9295272458681166
1218,"Meanwhile , at home , Mitsubishi has control of some major projects .",0.36576057708949694,0.05436857233438297,0.9375389919713144,0.953864780586465,0.9456314276656169
1219,"It is the largest private-sector landowner of the Minato-Mirai 21 project , a multibillion-yen development in the port city of Yokohama , about an hour outside Tokyo .",1.0260377126143059,0.15425494347470267,0.8922615587099684,0.8038383445895261,0.8457450565252974
1220,The project is one of a select group of public projects opened to U.S. firms under a U.S.-Japan construction trade agreement reached last year .,1.5909775004326914,0.22545518964314892,0.842681520592523,0.7166024750789974,0.7745448103568507
1221,"The centerpiece of that complex , the Landmark Tower , will be Japan 's tallest building when it is completed in 1993 .",1.1419418481082806,0.15110335566780492,0.8601027865350296,0.8379787526428778,0.8488966443321954
1222,"Mitsubishi is also pushing ahead with a controversial plan to redevelop Marunouchi into a business center of high-tech buildings , a project budgeted for 30 years and six trillion yen .",1.1454766130428027,0.14756950557468235,0.8595748389883849,0.8454039311695168,0.8524304944253176
1223,"Time Warner Inc. and Sony Corp. may be today 's public enemies , but the two entertainment giants could end up becoming partners in a number of ventures as part of a settlement of their acrimonious legal dispute over Hollywood producers Peter Guber and Jon Peters .",1.4275230623361859,0.18060724068702907,0.9116222651214583,0.7441105399226721,0.8193927593129708
1224,"The Warner Bros. studio and Sony signaled they are close to a settlement yesterday , asking a Los Angeles Superior Court to postpone a hearing scheduled for tomorrow on Warner 's request for a preliminary injunction blocking Mr. Guber and Mr. Peters from taking the top posts at Columbia Pictures Entertainment Inc .",1.9093072513346643,0.23712711191813388,0.8658521344324744,0.6817854288663273,0.7628728880818662
1225,"In separate statements , the two sides said they want to have `` further discussions . ''",0.6326404413037343,0.08387914552053397,0.9362366698923386,0.8968512668663687,0.9161208544794659
1226,Sony is acquiring Columbia and Guber-Peters Entertainment Co. in two separate transactions valued at more than $ 5 billion .,0.5804820237218395,0.08397695499868393,0.9693811063119044,0.8682325473412777,0.9160230450013159
1227,"Warner Communications Inc. , which is being acquired by Time Warner , has filed a $ 1 billion breach-of-contract suit against Sony and the two producers .",0.7723982582323483,0.10303762396003947,0.8897726399028544,0.9042692508741813,0.8969623760399608
1228,Warner has a five-year exclusive contract with Mr. Guber and Mr. Peters that requires them to make movies exclusively at the Warner Bros. studio .,1.1607820003461544,0.15504111051579952,0.8729417902249279,0.8187142977091781,0.8449588894842005
1229,"The two sides in the legal battle have hurled accusations of duplicity at each other for weeks , and both Warner and Sony have accused each other of trying to sabotage each other 's prospects for success in the entertainment business .",1.29008460547721,0.1618275630275114,0.9258065312182083,0.7656941087012228,0.8381724369724887
1230,"But it may amount to little more than posturing ; the two have continued on-again , off-again settlement talks over the last few weeks , and people familiar with the talks say the matter could be resolved within a week .",1.6364288763366073,0.2044129631723014,0.813798070435837,0.7781732102295923,0.7955870368276992
1231,Both Warner and Sony declined to comment on the terms of the settlement discussions .,0.5836591668108966,0.08381746371967383,0.9999999999999996,0.845329187754529,0.9161825362803258
1232,But the people familiar with the talks said that Warner is n't expected to get any cash in the settlement .,0.3216613096268297,0.042827687169632464,1.0,0.9178623895461145,0.9571723128303672
1233,"Instead , Sony is likely to agree to let Warner participate in certain of its businesses , such as the record club of Sony 's CBS Records unit .",0.9746435347065665,0.12618802986735242,0.9178845301785626,0.8337778242088171,0.8738119701326477
1234,"Warner has surpassed Sony as the largest record company , but it does n't have a powerful world-wide record club like CBS .",1.1091206523620416,0.1495524745373592,0.870869611566829,0.8309612981843266,0.8504475254626408
1235,The two sides are also discussing certain business ventures involving cable rights to Columbia 's movies .,0.6326404413037352,0.08946090885619996,0.9520779686984046,0.8724733397846771,0.9105390911438002
1236,"In addition , Sony is expected to agree to swap Columbia 's 35 % stake in the sprawling Burbank , Calif. , studio that Warner and Columbia share , in exchange for the old MGM studio lot that Warner acquired with the purchase of Lorimar Telepictures Corp .",1.835690290384476,0.23370713875705892,0.8831150861914464,0.676767211969487,0.7662928612429415
1237,"Still , it may be tough for the two to have a smooth partnership in anything , in the wake of sworn affidavits filed over the last week .",0.7972212234056464,0.10384052228388935,0.9731274849219109,0.8304743951160121,0.8961594777161106
1238,"One , for example , came from CBS Records Chairman Walter Yetnikoff , who will head a committee that will oversee Sony 's entertainment division , including both records and movies .",0.8506025296523019,0.106002043492425,0.937824837642973,0.8540844704660031,0.8939979565075753
1239,"In his affidavit , Mr. Yetnikoff accused Warner Chairman Steven J. Ross of having an `` antiSony , anti-Japanese bias '' and said that Mr. Ross had tried to talk him out of letting Sony buy CBS Records two years ago for that reason .",1.5008375835638734,0.17904091609145448,0.8799761971626751,0.7693605957249285,0.8209590839085457
1240,"Mr. Ross , who will be chairman and co-chief executive officer of Time Warner after the merger is complete , denied that in his own affidavit , and called Mr. Yetnikoff 's remarks `` vicious '' and his claims `` reckless , irresponsible and baseless , '' saying Warner under his leadership has started a number of businesses in Japan .",2.0942817187760516,0.24565165746799447,0.8183086460821007,0.6996616747183267,0.7543483425320049
1241,"Mr. Ross also said he enjoys `` warm professional and personal relationships '' with Japanese executives including Sony Chairman Akio Morita , `` who has visited my home here . ''",1.4364298391284134,0.18055050977391798,0.8329588935514266,0.8063712996912936,0.8194494902260819
1242,"But despite the acrimony between Mr. Ross and Mr. Yetnikoff , officials of the Time side of Time Warner have reportedly been increasingly interested in a settlement that might yield attractive business opportunities .",1.176941542088338,0.15220311744155085,0.9213793491117368,0.7850980083175894,0.847796882558449
1243,"Time executives such as the company 's president , N.J . Nicholas , who will eventually be co-chief executive of Time Warner alongside Mr. Ross , have no personal relationships or ego at stake in the fight over the Guber-Peters duo , and were never directly drawn into the fray .",1.7498471265883246,0.2175970923864638,0.8528859311713715,0.7226801691712246,0.7824029076135365
1244,"Talks between the two sides could unravel , of course , as they have more than once since Sony announced its plans to hire Mr. Guber and Mr. Peters .",0.9324722817012345,0.11610935708274862,0.9240241793968739,0.8470982626070773,0.8838906429172512
1245,But both sides appear to be more willing now to meet each other 's terms to resolve the issue .,0.6754887502163447,0.09908319111096274,0.9009168088890369,0.9009168088890369,0.9009168088890368
1246,"And although Warner has said it wanted the producers to fulfill the terms of their contract , the producers said in sworn court declarations that they did n't believe the relationship could be repaired after the acrimony of the legal battle .",1.4056086295156494,0.1770767032426782,0.859594663998625,0.7892528000800536,0.8229232967573216
1247,Any settlement is also expected to exclude Mr. Guber and Mr. Peters from any of the projects they were working on at Warner .,0.8485219990250128,0.10848718558074127,0.9766558507108769,0.8200245986735935,0.8915128144192587
1248,"The Guber-Peters duo have 50 projects in various stages of development and production at Warner , including `` Bonfire of the Vanities '' and `` A Bright Shining Lie . ''",1.5443323542234593,0.19478828207481214,0.8798711141671044,0.7422314149891921,0.8052117179251879
1249,But that does n't mean Mr. Guber and Mr. Peters might not eventually get their hands on some of their projects ; studios develop hundreds of movies but produce only 10 to 20 each year .,1.4755393188545476,0.18246872126294061,0.8765779346821223,0.7659374144634026,0.8175312787370593
1250,"Once a studio chooses not to actually make a movie that is in development , producers are typically free to take it elsewhere .",1.129975644948491,0.15325272236035475,0.874468150280886,0.8207299211363038,0.8467472776396451
1251,"Mr. Guber and Mr. Peters also almost certainly would n't be able to participate in future sequels to `` Batman , '' the blockbuster hit they produced for Warner .",1.2088220835496797,0.14976190885775023,0.9054074170223309,0.8014059049869262,0.8502380911422497
1252,"But in acquiring Guber-Peters Entertainment , Sony will actually get a piece of the profits from `` Batman , '' since the publicly held concern gets certain revenue from the movies Mr. Guber and Mr. Peters produce .",1.302209038299054,0.16205193484754887,0.9069919128411758,0.7786724105903304,0.8379480651524512
1253,The two producers own a combined 28 % stake in Guber-Peters .,0.5,0.07496336164077998,1.0,0.860528527174435,0.9250366383592199
1254,"Southern Co. 's Gulf Power Co. subsidiary pleaded guilty to two felony charges of conspiracy to make illegal political contributions and tax evasion , and paid $ 500,000 in fines .",1.5402776116727246,0.20633629915445423,0.8284224326514456,0.761704310560297,0.793663700845546
1255,Gulf Power 's guilty plea before U.S. District Judge Robert L. Vining yesterday marks the end of only one part of a wide-ranging inquiry of Southern Co .,1.6899695149636962,0.2552777158057335,0.9200235971892194,0.6255331805575164,0.7447222841942666
1256,The company is the subject of a federal grand jury investigation into whether its officials and its utility subsidiaries conspired to cover up their accounting for spare parts to evade federal income taxes .,1.9753311605508879,0.26516978757409415,0.803519551059138,0.6769598995963086,0.7348302124259057
1257,"`` The terms announced today are strictly between the United States and Gulf Power , '' said U.S. Attorney Robert L. Barr .",1.2502125000940651,0.17184644592659148,0.9111689044811404,0.7590019283614352,0.8281535540734087
1258,`` This is only a further step in a lengthy investigation . '',0.3657605770894987,0.05697441096448504,1.0,0.8921933958410667,0.943025589035515
1259,"The plea settlement does not allow Southern Co. to charge any of the $ 500,000 to its customers , or take action against employees who provided information during the federal inquiry .",0.9960719681539771,0.12137231717099596,0.9238490511492617,0.8376267965535412,0.8786276828290042
1260,"Gulf Power had been under investigation for violating the Utility Holding Company Act , which prohibits public utilities from making political contributions .",0.5502183492197243,0.07706629890545441,0.9742855439217631,0.8767240494468252,0.922933701094546
1261,"In a statement , Southern Co. President Edward L. Addison said , `` We believe our decision to plead -LRB- guilty -RRB- to these charges is responsible and proper .",1.2428070838381444,0.15462336757463796,0.8569088960427957,0.8341506488653917,0.8453766324253622
1262,"And our action today will allow Gulf Power to avoid prolonged , distracting legal proceedings . ''",1.1032286765978538,0.1613756085810984,0.8297350121017107,0.8477063064857852,0.8386243914189018
1263,"He did not say what effect , if any , the $ 500,000 fine would have on the company 's earnings .",0.9554340913024486,0.12571843978735406,0.8848663748274014,0.8639469843641115,0.8742815602126457
1264,"Mr. Barr said yesterday 's plea by Gulf Power , which came after months of negotiations , was based on evidence that Gulf Power had set up an elaborate payment system through which it reimbursed outside vendors -- primarily three Florida advertising agencies -- for making illegal political contributions on its behalf .",2.0475896199562262,0.2514313770740885,0.8034902041606146,0.7006748577968109,0.7485686229259115
1265,"The Appleyard Agency , for example , allegedly made contributions from 1982 to 1984 to various funds for political candidates , then submitted bills to Gulf Power .",0.8571428571428559,0.12455720521912787,0.8754427947808721,0.8754427947808721,0.8754427947808721
1266,"The contributions were funded by monthly payments of $ 1,000 to $ 2,000 to Appleyard in the guise of a `` special production fee '' -- in effect , hiding the nature of the payments from the Internal Revenue Service , federal prosecutors said .",1.3227952763406794,0.16626760610253438,0.8799315139856374,0.7921424695715227,0.833732393897466
1267,"The government also indicated that former Gulf Power senior vice president Jacob F. `` Jake '' Horton was the mastermind behind the use of the ad agencies -- Appleyard , Dick Leonard Group II Inc. and Hemmer & Yates Corp. -- to make payments to various political candidates from 1981 to 1988 .",2.1546083587717417,0.28082199232198285,0.7794789276973122,0.6675369786171924,0.719178007678017
1268,"Mr. Horton , who oversaw Gulf Power 's governmental-affairs efforts , died mysteriously in a plane crash in April after learning he might be fired following the uncovering of irregularities in a company audit .",1.270411241334573,0.15462333481224272,0.9153203015882502,0.7853635907094036,0.8453766651877569
1269,Government officials declined to say whether the investigation includes the ad agencies or the politicians involved .,0.5593985296662902,0.07927839181241121,1.0,0.8530900045552093,0.9207216081875887
1270,"In New York Stock Exchange trading , Southern Co. rose 50 cents a share to $ 27.125 .",0.9727652780181613,0.1405194028020274,0.9639956704933978,0.7754115523761865,0.8594805971979722
1271,` Frequent Drinker ' Offer Stirs Up Spirited Debate,0.7505430557959416,0.13428195354110564,1.0,0.7632300273809491,0.8657180464588945
1272,"TO GRAB a bigger piece of the declining scotch market , Seagram Co. has launched a controversial `` frequent drinker '' promotion for its Chivas Regal brand .",1.6383679636045407,0.21453853748249188,0.8505556245820313,0.7296224763874446,0.7854614625175077
1273,"Under the program , dubbed Chivas Class , customers who send in two labels from Chivas bottles will receive an upgrade in seating class on some Trans World Airlines flights .",1.3824113862023655,0.18370059571696487,0.831862661001772,0.8013077962586052,0.8162994042830352
1274,Repeat customers also can purchase luxury items at reduced prices .,0.4322625001966802,0.07059693211210326,1.0,0.8681166926700835,0.9294030678878968
1275,"But at a time of mounting concern over alcohol abuse , some liquor marketers consider Seagram 's frequent buyer promotion risky .",1.2346027026695516,0.17294246468469543,0.931781766879337,0.7434951005824482,0.8270575353153042
1276,"`` I 'm surprised they 're doing this , '' says Penn Kavanagh , president of Schieffelin & Somerset Co. , which markets Johnnie Walker scotches .",1.0143267388115866,0.13533876803809422,0.8929302193410272,0.8381272344560088,0.8646612319619058
1277,"`` I would be very leery of anything that says if you drink more , you get more . ''",0.8132331253245191,0.10944346365989306,0.8743483970582453,0.9073769386561276,0.8905565363401067
1278,Others question the impact on Chivas 's upscale image of a promotion that has customers soaking off labels .,0.9215671054908876,0.12514895984535976,0.9107154120700555,0.8417043539423174,0.8748510401546397
1279,"`` It 's really bizarre , '' says Albert Lerman , creative director at the Wells Rich Greene ad agency .",1.1961626418458922,0.16168738665253254,0.9319506809679846,0.7617731882769427,0.8383126133474673
1280,"`` Chivas has an image of something you would savor , rather than guzzle . ''",0.625,0.0847457627118644,0.9310344827586207,0.8999999999999999,0.9152542372881356
1281,Chivas Class is n't the first such promotion .,0.44444444444444464,0.07538827312875093,0.9999999999999999,0.8597933880952316,0.924611726871249
1282,"Last year , J&B Scotch offered 500 TWA frequent flier miles in exchange for a label .",1.029986764960408,0.15432014498431795,0.9098291505437756,0.7899807097621604,0.845679855015682
1283,And Dewar 's gave discounts on Scottish merchandise to people who sent in bottle labels .,0.844360937770432,0.12227122358431229,0.8777287764156874,0.8777287764156874,0.8777287764156874
1284,But the scope of Seagram 's Chivas promotion sets it apart .,0.5000000000000009,0.07496336164078012,0.9487436426212901,0.9024855221679389,0.9250366383592199
1285,The current campaign is just the first leg of an aggressive three-to-five-year direct marketing plan .,1.1477829985375179,0.18809278632051848,0.9999999999999999,0.6833702072999952,0.8119072136794816
1286,Seagram says the promotion is designed to build brand loyalty rather than promote heavy drinking .,0.75,0.10714285714285714,0.9615384615384617,0.8333333333333334,0.8928571428571429
1287,"Seagram asks customers to buy only two or three bottles over a 12-month period , says Richard Shaw , vice president of U.S. direct marketing .",1.2598033654678238,0.1608249261830778,0.9070719205313997,0.7807349029440541,0.8391750738169218
1288,`` We 're not asking them to save up 50 proof-of-purchases .,0.16666666666666696,0.02379844619454642,1.0,0.9535095090581449,0.9762015538054536
1289,"We 're not saying drink more , we 're saying trade up . ''",0.6253491072973922,0.09743778699777902,0.8571995023148344,0.9529943552357747,0.9025622130022211
1290,Goya Concocts a Milk For Hispanic Tastes,0.8571428571428572,0.18016411739235036,0.6946795539074097,1.0,0.8198358826076497
1291,MOST FOOD companies these days are trimming the fat and cholesterol content of their products to appeal to health-conscious consumers .,0.9523809523809472,0.12781404038187485,0.9446279917913244,0.8100634686795132,0.8721859596181245
1292,But Goya Foods Inc. believes it can milk some sales by bucking the trend .,0.5333333333333323,0.07325556665525833,0.9267444333447415,0.9267444333447415,0.9267444333447415
1293,"The Secaucus , N.J. , company has formed a joint venture with a distributor called La Lecheria to market a higher-fat milk targeted at Hispanic consumers .",1.2872180556356856,0.16995116294569337,0.9064919255791806,0.76549574267833,0.8300488370543067
1294,"To give Leche Fresca the creamier taste Goya says Hispanics prefer , the new brand has a butterfat content of 3.8 % .",0.9723707815913176,0.12692006964238325,0.9505699956144013,0.8072714981922146,0.8730799303576168
1295,That compares with 3.5 % butterfat for whole milk .,0.4754887502163454,0.08243038523439633,1.0,0.847693881548703,0.9175696147656035
1296,"A spokesman for Borden Inc. , the nation 's largest milk producer , concedes Goya may be on to something .",1.1961626418458904,0.165960367957471,0.9033277875762682,0.7746235098252832,0.8340396320425286
1297,"Borden sells considerably more whole milk than reduced-fat milks in southern and Hispanic markets , he says .",0.8888888888888884,0.12296596988728785,0.9344892165434507,0.82623465712856,0.8770340301127121
1298,"Borden even tested a milk with 4 % butterfat in the South , but decided the market was too small .",0.797851785817306,0.11154110758962607,0.9709001560396806,0.8189223941722021,0.8884588924103736
1299,Goya is selling Leche Fresca in nearly 500 grocery stores and bodegas in New York and parts of New Jersey .,1.2933933075585795,0.18691159917283387,0.9672546671962577,0.7013098534221253,0.8130884008271662
1300,"And it 's adding 15 to 20 new outlets a day , says Greg Ricca , sales director at La Lecheria .",0.9434039773710676,0.12104791174227807,0.9406436630435779,0.8248544805517831,0.878952088257722
1301,"Because of Leche Fresca 's success , he says , the joint venture is developing other dairy products tailored to Hispanic tastes .",0.968028804630019,0.12245496647543311,0.9437505433967065,0.820019444968297,0.8775450335245668
1302,Jewelry Makers Copy Cosmetics Sales Ploys,1.3333333333333335,0.34753068574288004,0.9999999999999998,0.48419625702061114,0.65246931425712
1303,"FOR YEARS , costume jewelry makers fought a losing battle .",0.7272727272727266,0.11746137379367926,0.937604800157335,0.8335817948122942,0.8825386262063207
1304,Jewelry displays in department stores were often cluttered and uninspired .,0.7272727272727266,0.11746137379367926,0.9376048001573352,0.8335817948122942,0.8825386262063208
1305,"And the merchandise was , well , fake .",0.44444444444444464,0.07538827312875093,0.924611726871249,0.924611726871249,0.924611726871249
1306,"As a result , marketers of faux gems steadily lost space in department stores to more fashionable rivals -- cosmetics makers .",1.773615909484267,0.25470438088828395,0.8030608441196696,0.69528299672557,0.745295619111716
1307,"But lately , retailers say , fake has become more fashionable .",0.7295739585136225,0.11946485063688529,0.8268845360680646,0.9416308273977262,0.8805351493631147
1308,And jewelry makers are beginning to use many of the same marketing tricks honed in the aggressive world of cosmetics .,0.810454762316847,0.10673389421373589,0.9999999999999998,0.8071191371805522,0.8932661057862634
1309,"Last year , the total women 's fashion jewelry business topped $ 4.9 billion , says Karen Alberg , editor of Accessories magazine .",1.3129072918469555,0.1759746038505168,0.9105757499632782,0.7525001504276685,0.8240253961494828
1310,"And it 's growing fast , with annual sales gains of more than 10 % .",0.5471804688852169,0.07596753833988251,0.9301250390563706,0.9180191809971816,0.9240324616601174
1311,"To increase their share of that business , jewelry makers such as Crystal Brands Inc. 's Trifari and Monet units and Swank Inc. , maker of Anne Klein jewelry , are launching new lines with as much fanfare as the fragrance companies .",1.898270997800938,0.24734029542240987,0.7932751579958754,0.716000681496314,0.7526597045775902
1312,"They 're hiring models to stroll the aisles sporting their jewels , and they 're even beginning to borrow a perennial favorite of the beauty business -- offering a gift when consumers make a purchase .",1.3644282077434342,0.17301910609737312,0.8622413978463134,0.7944909760398896,0.8269808939026264
1313,"`` We 've started trying just about anything to keep sales moving in the stores , '' says Kim Renk , a Swank vice president .",0.8853673080251481,0.10992925289584078,0.9074038801288892,0.8733873934138332,0.890070747104159
1314,But there are limits .,0.0,0.0,1.0,1.0,1.0
1315,Ms. Renk says retailers nixed a promotion for pins with animal motifs .,0.8272990386279613,0.13203220784509564,0.9464536648194254,0.8015022035805714,0.8679677921549044
1316,Her idea : bring in live zoo animals .,0.44444444444444464,0.07538827312875093,0.924611726871249,0.924611726871249,0.924611726871249
1317,"Trifari , whose national ads earlier this year included paper cutouts of its costume finery , takes a tamer approach .",1.2554537131714394,0.17107292405255217,0.8558886781121096,0.8036122490232208,0.8289270759474476
1318,"The company focuses on the how-to aspects , says Andrew E. Philip , president .",0.7673183336217955,0.11781100479630809,0.9399132094021604,0.831144732711134,0.8821889952036918
1319,Trifari now trains sales help to advise customers on the best earring styles .,0.4824919644402481,0.06764963894544354,1.0,0.8732737098805868,0.9323503610545565
1320,But cosmetics firms still have one big marketing edge : They motivate sales people with commissions .,1.0802663515647222,0.15748780214703872,0.9117458768025811,0.783051000445474,0.842512197852961
1321,Jewelry makers rarely pay commissions and are n't expected to anytime soon .,1.3846153846153841,0.2301453813736413,0.8338213277866716,0.7150030674151631,0.7698546186263585
1322,Odds and Ends,0.666666666666667,0.26631956334878915,1.0,0.5793801642856952,0.7336804366512111
1323,"DESPITE GROWING interest in the environment , U.S. consumers have n't shown much interest in refillable packages for household products .",0.8571428571428559,0.12083167900726328,0.94243260666765,0.8238634311803964,0.8791683209927366
1324,"Procter & Gamble Co. recently introduced refillable versions of four products , including Tide and Mr. Clean , in Canada , but does n't plan to bring them to the U.S. .",1.7224817337113656,0.2192753231160514,0.8423513391163729,0.7275005321735052,0.7807246768839486
1325,Marketers believe most Americans wo n't make the convenience trade-off ... .,0.16666666666666785,0.023798446194546546,1.0,0.9535095090581449,0.9762015538054536
1326,"Braumeisters Ltd. tests a beer brewed with oat bran , rather than rice or corn .",0.8506025296523001,0.12792174530782288,0.9206197368373449,0.8283992772421999,0.872078254692177
1327,"Called Otto 's Original Oat Bran Beer , the brew costs about $ 12.75 a case .",1.2711553220256944,0.18412479785006025,0.8886356955987752,0.7541280442379601,0.8158752021499395
1328,"No cholesterol , of course .",0.3333333333333339,0.07993748885604396,0.8519590445170674,1.0,0.9200625111439562
1329,"Northwest Airlines settled the remaining lawsuits filed on behalf of 156 people killed in a 1987 crash , but claims against the jetliner 's maker are being pursued , a federal judge said .",1.23159714649786,0.1570894718924324,0.878691819971299,0.8099293204253566,0.8429105281075675
1330,"Northwest , a unit of NWA Inc. , and McDonnell Douglas Corp. , which made the MD-80 aircraft , also are pursuing counterclaims against each other in the crash near Detroit Metropolitan Airport .",1.276002293683944,0.1687744290428316,0.9501118784371931,0.7387826275397451,0.8312255709571681
1331,Terms of the settlements for the remaining 145 lawsuits against Northwest were n't disclosed .,0.5006516669551297,0.07384464854931864,0.9999999999999998,0.8624667941511334,0.9261553514506812
1332,A total of 157 lawsuits were filed on behalf of crash victims .,0.5776750003328424,0.09305601918715016,1.0,0.8297323878123811,0.9069439808128499
1333,U.S. District Judge Julian A. Cook Jr. announced the settlements as the jury trial was to begin yesterday .,1.4736842105263133,0.2335056011049029,0.8638158449705048,0.6888818205422211,0.7664943988950966
1334,He reset opening arguments for today .,0.0,0.0,1.0,1.0,1.0
1335,"The jury will resolve the claims against McDonnell Douglas , Northwest 's claim that a defect in the aircraft caused the crash , and McDonnell Douglas ' claim that the plane was improperly flown .",1.1433146408858113,0.15255542848196987,0.9359209785627811,0.7742514416731829,0.84744457151803
1336,The National Transportation Safety Board ruled that pilots failed to set the plane 's wing flaps and slats properly for takeoff and failed to make mandatory preflight checks that would have detected the error .,1.5364125003090647,0.19500052860100148,0.8329234437008766,0.7788870819969947,0.8049994713989982
1337,"Also , a cockpit warning system failed to alert the pilots the flaps and slats were not set for takeoff , the NTSB said .",0.9207820003461533,0.12168501019605005,0.9248051152756638,0.836275275856362,0.8783149898039496
1338,"The only passenger who survived the crash was Cecelia Cichan , then 4 , of Tempe , Ariz. , whose parents and brother died in the crash .",1.32569340995585,0.17837943503985765,0.8626622859244341,0.7843066638281655,0.8216205649601428
1339,She now lives with relatives in Alabama .,0.0,0.0,1.0,1.0000000000000002,1.0000000000000002
1340,"Sun Myung Moon , the Korean evangelist-industrialist who in 1954 founded the Unification Church , remains the mystery man behind a multimillion-dollar political and publishing operation based in this country and catering to the American right .",1.4968669725744368,0.20243743619039312,0.8305138777291099,0.7671262072955054,0.7975625638096068
1341,But there may be less there than meets the eye .,0.18181818181818166,0.026987823344141793,0.9474427588512931,1.0,0.9730121766558583
1342,"Mr. Moon planned to convert millions of Americans to his unique brand of Christianity -- in which he plays the role of Old Testament-style temporal , political messiah -- and then to make the U.S. part of a unified international theocracy .",1.3593710459476371,0.16484298795742136,0.889318538148414,0.7872138916482225,0.8351570120425783
1343,His original strategy -LRB- in itself a brilliant innovation for spreading a religion -RRB- was to create new economic enterprises each time he wanted to extend and fund his various religious missions .,1.4019594698936482,0.17990923440178816,0.8682536132994616,0.7769903758457435,0.8200907655982116
1344,Tax-exempt airport and street-corner solicitations were intended only to provide start-up funds .,0.21191442324334364,0.03223729085582722,1.0000000000000002,0.9375389919713146,0.967762709144173
1345,"More stable industries were to build an economically viable infrastructure for the Moon movement in North America , as they had in Japan and South Korea .",0.7686995371171657,0.09859838578429428,0.9793542393281524,0.8349434983442193,0.9014016142157056
1346,Then he would move his movement to Europe .,0.0,0.0,1.0,1.0,1.0
1347,But that was not to be .,0.0,0.0,1.0,1.0,1.0
1348,Throughout the 1970s and early 1980s spokesmen for both the Unification Church and its opponents in the anticult movement gave wildly exaggerated membership figures .,1.3745811190640094,0.19057682232473475,0.9012065023341383,0.7346071541033454,0.8094231776752652
1349,Their legacy lives on .,0.0,0.0,1.0,1.0,1.0
1350,"It is still common to read in the press that the church has 10,000 or more full-time American members and 25,000 `` associates . ''",1.0807820003461561,0.13703455569939146,0.8740037873462199,0.8522024441183675,0.8629654443006086
1351,"Some estimates have gone as high as 80,000 members .",0.39999999999999947,0.06406297452126797,0.9359370254787319,0.9359370254787319,0.9359370254787319
1352,"But internal church documents clearly show that at its publicity-seeking heights , as when it organized a spectacular Yankee Stadium bicentennial rally in 1976 , there actually were only about 2,000 full-time Unification Church members in the U.S.",1.6749668550459083,0.20453090842393104,0.8838546737706842,0.7231536342131492,0.7954690915760688
1353,"Mr. Moon 's support for a Watergate-beleaguered Richard Nixon , the Koreagate scandal , and his prison sentence for income-tax evasion did not help the church 's recruitment efforts .",1.303980515958794,0.1796246346159855,0.8858634960556387,0.7639032391809326,0.8203753653840149
1354,"Defections , burnouts , and abduction `` deprogrammings '' kept member turnover high .",1.393555357451925,0.23478551047134022,0.7607265904861087,0.7697556554512164,0.7652144895286601
1355,That the membership number has even kept close to its 1976 size is the result of the `` graying '' of the church .,0.9947626242053005,0.1467434882108633,0.892451450061122,0.8173594839805693,0.8532565117891366
1356,"Many of the enthusiastic young `` Moonies '' of the Nixon era who remained faithful to Father Moon are now parents , producing new members by procreation rather than conversion .",1.1454766130428045,0.13889974561603385,0.9263212884077451,0.8044593549301357,0.8611002543839661
1357,The reputed wealth of the Unification Church is another matter of contention .,0.5776750003328432,0.09790890096400776,1.0,0.8216447632803787,0.9020910990359926
1358,"For a while in the 1970s it seemed Mr. Moon was on a spending spree , with such purchases as the former New Yorker Hotel and its adjacent Manhattan Center ; a fishing/processing conglomerate with branches in Alaska , Massachusetts , Virginia and Louisiana ; a former Christian Brothers monastery and the Seagram family mansion -LRB- both picturesquely situated on the Hudson River -RRB- ; shares in banks from Washington to Uruguay ; a motion picture production company , and newspapers , such as the Washington Times , the New York City Tribune -LRB- originally the News World -RRB- , and the successful Spanish-language Noticias del Mundo .",2.5972616329560516,0.32471961078812706,0.757042505453975,0.6094577265194421,0.675280389211873
1359,Yet these purchases can be misleading .,0.0,0.0,1.0,1.0,1.0
1360,"Most were obtained with huge inputs of church money from South Korea and Japan , minimum cash downpayments and sizable mortgages .",1.4099795458479027,0.1924344123849985,0.9059768774370403,0.7284392361865848,0.8075655876150013
1361,"Those teams of young fund-raisers selling flowers , peanuts or begging outright at traffic intersections brought in somewhere near $ 20 million a year during the mid-to-late 1970s , but those revenues were a pittance compared to the costs of Mr. Moon 's lavish international conferences , speaking tours , and assorted land buys .",2.195581312895415,0.2624164391811099,0.8205295523951763,0.6698677269695752,0.7375835608188901
1362,"Only his factories in Japan and Korea , employing his followers at subsistence wages and producing everything from rifles to ginseng to expensive marble vases , kept the money flowing westward .",1.4449634674227338,0.18814538984202375,0.8654493972216445,0.7645106677207468,0.8118546101579761
1363,"Virginia Commonwealth University sociologist David Bromley , who more than any other researcher has delved into the complex world of Unificationist finances , has concluded that profitable operations in the U.S. have been the exceptions rather than the rule .",1.3009775004326904,0.1675999767178539,0.9182185191088548,0.7612519312680519,0.8324000232821456
1364,"Likewise , journalists John Burgess and Michael Isikoff of the Washington Post have estimated that at least $ 800 million was transferred from Japan to the U.S. to deal with the church 's annual operating losses in this country .",1.4188721875540855,0.17121167619096175,0.9001057163414282,0.7679425176145833,0.8287883238090379
1365,Mr. Moon 's two English-language U.S. newspapers illustrate the scope of this financial drain .,0.9836591668108987,0.14986910296433886,0.8746041447001833,0.8269899926295402,0.850130897035661
1366,"Start-up costs for the Washington Times alone were close to $ 50 million , and the total amount lost in this journalistic black hole was estimated at $ 150 million by 1984 .",1.017691179559817,0.13230492249273504,0.8990575276470568,0.8384469484316247,0.8676950775072652
1367,"Since then , Moon 's organization has inaugurated a pair of high-quality glossy opinion magazines , The World and I and Insight , which are a further drain .",1.5818725165836973,0.21006754701392222,0.8089932301155102,0.7717491867957856,0.7899324529860782
1368,"Insiders say that not even their editors know for sure how much these show-piece publications , along with the newspapers , have cost Mr. Moon .",1.6255639425573207,0.22703626196656043,0.8111096461691903,0.7382446201026506,0.7729637380334391
1369,"Many American church-owned businesses , such as a $ 30 million factory to build fishing vessels , are defunct .",1.218226398830013,0.16859795396059682,0.8989226915787494,0.7733160717300223,0.831402046039403
1370,Some components of the American church had their budgets cut in half last year and again this year .,1.1976256580086,0.16897232418429678,0.9031566653922676,0.7695675423036773,0.8310276758157028
1371,The relatively small academic conferences that have attracted conservative guests -- and press scrutiny -- in recent years are much more narrowly targeted and austere than the thousand-person get-togethers in fancy digs and exotic locales of years past .,2.234241741276082,0.28557200490981105,0.8531908724130277,0.6144877667629117,0.7144279950901891
1372,I attended several of these in the dual role as a presenter of research findings as well as an investigator of my hosts .,1.2389723955628993,0.18842070179315404,0.8829407967859408,0.7508904418380605,0.8115792982068458
1373,-LRB- Mr. Moon 's Paragon House eventually even published three of my co-edited books on religion and politics . -RRB-,1.0000000000000009,0.13082402064781287,0.9171711883448281,0.8259541236229871,0.8691759793521872
1374,"According to veteran watchers of Unificationist affairs , such as Dr. J. Gordon Melton , director of the Institute for the Study of American Religion , almost all operations are being drastically reduced as Mr. Moon now concentrates more on developing his empire in the Far East .",1.7950999382579296,0.2311701558520284,0.8565315899261726,0.6974198261063401,0.7688298441479716
1375,"`` Everything , '' one non-`` Moonie '' senior consultant to the Unification Church recently told me in an interview , `` is going back to Korea and Japan . ''",1.2343439518222699,0.15721818168866492,0.8541706528928504,0.8316926871124344,0.8427818183113351
1376,-LRB- Europe had proved even less hospitable than North America .,0.614080682014861,0.0973991849255082,0.9399378843056376,0.8681166926700836,0.9026008150744919
1377,European politicians were less reluctant to have their governments investigate and harass new religions . -RRB-,1.1415414066556497,0.16644285171648263,0.9195742865820103,0.7622556248918265,0.8335571482835172
1378,"So Mr. Moon is in retreat , refocusing on the Far East .",0.7692307692307692,0.1216375834239194,0.9475144363545471,0.8186176154790098,0.8783624165760806
1379,South Korea and Japan continue to be profitable .,0.5283208335737166,0.09090909090909056,1.0,0.8333333333333333,0.9090909090909091
1380,"Moon 's Tong'Il industry conglomerate is now investing heavily in China , where church accountants have high hopes of expanding and attracting converts even in the wake of the bloody massacre in Tiananmen Square .",1.5956706123418325,0.19826107140111876,0.8931453470026378,0.7273049714083825,0.8017389285988809
1381,Panda Motors is one such investment .,0.0,0.0,1.0,1.0,1.0
1382,"According to senior consultants to the church , Mr. Moon has successfully negotiated a joint venture with the Chinese government to build an automobile-parts plant in Guangdong Province , an area of China with a substantial Korean minority .",1.3394572040391672,0.1744240870068013,0.9278754964473417,0.7435936619596615,0.8255759129931989
1383,Mr. Moon has agreed to put up $ 10 million a year for 25 years and keep the profits in China .,0.8302119321132011,0.11006102035517708,0.9161900925807783,0.8651502835181971,0.8899389796448228
1384,"In return , he has the government 's blessing to build churches and spread Unificationism in that country .",0.6315789473684159,0.08485288017830903,0.9417848385068812,0.8899748111509226,0.9151471198216902
1385,"Whatever respectability and ties to intellectuals and opinion-makers the publications and conferences bring really are salvage -- not the Rev. Moon 's original final goals , but the ones for which he will have to settle .",1.9331293901440656,0.24456271783310568,0.7653214322414235,0.745805185031416,0.7554372821668941
1386,"Mr. Shupe is co-author -LRB- with David G. Bromley -RRB- of `` ` Moonies ' in America : Cult , Church , and Crusade '' and `` Strange Gods : The Great American Cult Scare .",1.917209722462606,0.2507840686211784,0.7939596144683431,0.709246277871024,0.7492159313788213
1387,The Manville Personal Injury Settlement Trust said it is considering several ways to ease a liquidity crunch that could include the sale of Manville Corp. to a third party .,0.9510689658546516,0.12672341169090698,0.9313618826512329,0.8220110646374111,0.8732765883090934
1388,"In a filing with the Securities and Exchange Commission , the majority holder of Manville acknowledged that the cash portion of its initial funding of $ 765 million will be depleted next year , and that alternative sources of funds will be necessary to meet its obligations .",1.5003335923125753,0.1777642760919945,0.9043796472697472,0.7537714010061708,0.8222357239080055
1389,"The trust , which was created as part of Manville 's bankruptcy-law reorganization to compensate victims of asbestos-related diseases , ultimately expects to receive $ 2.5 billion from Manville , but its cash flow from investments has so far lagged behind its payments to victims .",1.60105957590749,0.18739699580486646,0.8622507942162969,0.7683613044927682,0.812603004195134
1390,Spokespersons for both the trust and the company refused to comment on whether any talks with a possible acquirer of Manville had actually taken place .,1.0178612864119252,0.13751401736703037,0.9540188405415443,0.7869796188505684,0.862485982632969
1391,"The trust is considering a sale of its Manville holdings , but Manville has the right of first refusal on any sales of its stock held by the trust .",1.0909685317733517,0.1524658510085593,0.9053543362467309,0.7966559519417911,0.8475341489914406
1392,"Manville , a forest and building products concern , has offered to pay the trust $ 500 million for a majority of Manville 's convertible preferred stock .",1.0633727682434735,0.1366253236717868,0.9016241417801013,0.8282384414130641,0.8633746763282129
1393,"Manville and the trust are discussing the offer , but no decision has been made .",0.8443609377704329,0.13378604477881306,0.8662139552211867,0.8662139552211867,0.8662139552211867
1394,The filing also said the trust is considering a sale of Manville securities in the open market ; an extraordinary dividend on the common stock ; or a recapitalization of Manville .,1.079627543957593,0.15359987121212526,0.9157715321248444,0.7867986612190273,0.8464001287878749
1395,"The Soviet Union 's jobless rate is soaring to 27 % in some areas , Pravda said .",0.8197159723424141,0.10900284077560674,0.9095073978969678,0.8732253309488066,0.890997159224393
1396,It said the situation is caused by efforts to streamline bloated factory payrolls .,0.4285714285714297,0.05963862700507131,0.9594344915881373,0.9220318027381575,0.940361372994929
1397,"Unemployment has reached 27.6 % in Azerbaijan , 25.7 % in Tadzhikistan , 22.8 % in Uzbekistan , 18.8 % in Turkmenia , 18 % in Armenia and 16.3 % in Kirgizia , the Communist Party newspaper said .",0.5353996031086208,0.08554695824721553,0.9662330388507168,0.8679404980268286,0.9144530417527844
1398,"All are non-Russian republics along the southern border of the Soviet Union , and all but Kirgizia have reported rioting in the past six months .",1.427669826106297,0.1876673533923214,0.9094378544106294,0.7339636891181857,0.8123326466076782
1399,The newspaper said it is past time for the Soviet Union to create unemployment insurance and retraining programs like those of the West .,1.0943609377704346,0.141349563954752,0.9437486635385613,0.7876295380081001,0.8586504360452479
1400,"Pravda gave no estimate for overall unemployment but said an `` Association of the Unemployed '' has cropped up that says the number of jobless is 23 million Soviets , or 17 % of the work force .",1.737871053087047,0.22064987853697024,0.832237243063036,0.7327831233231856,0.77935012146303
1401,"An 11-week dispute involving Australia 's 1,640 domestic pilots has slashed airline earnings and crippled much of the continent 's tourist industry .",1.2660615425549455,0.17032440439410682,0.8901208143036249,0.7769176376277149,0.8296755956058932
1402,"`` The only people who are flying are those who have to , '' said Frank Moore , chairman of the Australian Tourist Industry Association .",1.068247596569896,0.13947286032300213,0.9194159964394906,0.8087278878355944,0.8605271396769976
1403,He added : `` How is a travel agent going to sell a holiday when he can not guarantee a return flight ? '',1.0151886656916806,0.13372122314936585,0.9001433677018855,0.8348698621058248,0.8662787768506344
1404,"Transport giant TNT , which owns half of one of the country 's two major domestic carriers , said the cost of the dispute had been heavy , cutting TNT 's profits 70 % to $ 12 million in the three months to Sept. 30 .",1.656104553638782,0.1958539999094464,0.8790927072268443,0.7409745064852943,0.8041460000905537
1405,"Brazilian financier Naji Nahas , who was arrested on Monday after 102 days in hiding , is likely to be interrogated next week by the Brazilian judiciary .",0.9824919644402508,0.1263643066585206,0.9336787644188012,0.8208485167320432,0.8736356933414798
1406,"Mr. Nahas , who single-handedly provoked a one-day closure of Brazil 's stock markets in June when he failed to honor a debt of $ 31.1 million owed to his brokers , yesterday blamed his predicament on the president of the Sao Paulo stock exchange ; a few days before Mr. Nahas 's failure , the exchange raised the required margin on stock-margin transactions .",1.8048019810952551,0.21653757025077483,0.8377030960608387,0.7358187037516565,0.7834624297492252
1407,China 's parliament ousted two Hong Kong residents from a panel drafting a new constitution for the colony .,0.5660467106401796,0.08593145677194025,0.9346414282320457,0.8943818333818834,0.9140685432280594
1408,"The two , Szeto Wah and Martin Lee , were deemed unfit because they had condemned China 's crackdown on its pro-democracy movement .",0.8485219990250101,0.11084927838233671,0.9449853380165482,0.8395460057611418,0.8891507216176631
1409,"The committee is formulating Hong Kong 's constitution for when it reverts to Chinese control in 1997 , and Chinese lawmakers said the two can only return if they `` abandon their antagonistic stand against the Chinese government and their attempt to nullify the Sino-British joint declaration on Hong Kong . ''",1.5468954211105226,0.17741675900666914,0.8506910548766223,0.7962734476341496,0.8225832409933307
1410,NUCLEAR REACTOR FOR ISRAEL ?,0.40000000000000036,0.09425390072448082,1.0,0.8277293767706427,0.9057460992755192
1411,"Israeli officials confirmed that Energy Minister Moshe Shahal and his Canadian counterpart , Jake Epp , discussed a possible Israeli purchase of a $ 1.1 billion Canadian nuclear reactor for producing electricity .",1.4278610751140537,0.1921036009497375,0.8638977843741824,0.7587134896234943,0.8078963990502626
1412,"However , a Canadian Embassy official in Tel Aviv said that Canada was unlikely to sell the Candu heavy-water reactor to Israel since Israel has n't signed the Nuclear Non-Proliferation Treaty .",1.7599503222343955,0.22877684183201355,0.9335682346936451,0.656976637618071,0.7712231581679864
1413,Israel has been accused in the past of using subterfuge to seek elements needed to develop nuclear weapons .,0.5660467106401796,0.07538488857694195,1.0,0.8597992414107674,0.9246151114230576
1414,The South Korean government is signing a protocol today establishing formal diplomatic relations with Poland .,1.297180468885216,0.1935275838568601,0.9153351576804232,0.7207518749639421,0.8064724161431397
1415,The two are also signing a trade agreement .,0.6666666666666679,0.11751192005564601,0.9184649394575018,0.8492234537424981,0.8824880799443541
1416,"South Korean government officials said they do n't expect that Seoul can loan money to Warsaw , but it can `` offer experience . ''",1.0007820003461534,0.12561701341818848,0.8832521708605259,0.8656901514720003,0.8743829865818116
1417,Poland is the second Communist nation to recognize the Seoul government ; South Korea established diplomatic relations with Hungary in February 1989 .,1.0549853263691507,0.14122207690236,0.9485710878435263,0.7845145927330426,0.8587779230976403
1418,"Venezuela will hold a debt-equity auction Friday , with 32 potential bidders participating .",0.571428571428573,0.08113101682372587,0.9188689831762745,0.9188689831762745,0.9188689831762745
1419,"Earlier this year , Venezuela announced it was opening up debt-equity swaps to foreign investors but said the program would be limited to a net disbursement of $ 600 million a year .",1.026494029725069,0.12315433523194146,0.9181176355864538,0.8391246508578118,0.8768456647680587
1420,Friday 's auction will be limited to $ 150 million disbursed by the Central Bank to potential investors .,0.6057776318066752,0.07888190670939602,0.9606195618959648,0.8847369790711469,0.9211180932906032
1421,"The office of foreign investment has authorized some $ 1.78 billion worth of investment proposals , said Edwin Perozo , superintendent of foreign investment .",0.8905865002596158,0.11816609109168845,0.967903628304218,0.8098214645147663,0.8818339089083114
1422,"Most of the proposals are in tourism , basic industry and fishery and agro-industry projects , he said .",0.8163039475961522,0.11246182023410878,0.9279078993827439,0.850534672958185,0.8875381797658909
1423,"Under the debt-equity program , potential investors will submit sealed bids on the percentage of discount they are willing to purchase the debt at , and the bids will be allocated based on these discount offers .",1.3914579312260544,0.17796867333795144,0.9064950846804968,0.7519659999632473,0.8220313266620485
1424,The Venezuelan central bank set a 30 % floor on the bidding .,0.9811451924741119,0.1605265805976513,0.9999999999999999,0.7233556158360749,0.8394734194023483
1425,A song by American singer Tracy Chapman praising jailed black leader Nelson Mandela was banned from South African state radio and television .,1.6680229555043606,0.2520507335665428,0.8505734457189785,0.6674227548251441,0.7479492664334572
1426,The South African Broadcasting Corp. said the song `` Freedom Now '' was `` undesirable for broadcasting . '' ...,0.8377443751081737,0.12087576648126812,0.927609294913575,0.8354559219867861,0.8791242335187318
1427,Britain 's House of Commons passed a law that will force English soccer fans to carry identity cards to enter stadiums .,1.137252273120632,0.1496425370654777,0.8903484863718295,0.8138045004173439,0.8503574629345223
1428,"The `` anti-hooligan '' law , which would deprive troublemakers of cards , must be ratified by the House of Lords and is expected to become effective early next year .",0.9519282259460295,0.11703697270097677,0.8971962958852517,0.8691743041665405,0.8829630272990231
1429,"A federal judge ruled that Imelda Marcos was n't brought to the U.S. against her will and that marital privileges , which protect spouses from incriminating each other , do n't apply in her case .",1.4091404431444596,0.17614514304697015,0.8267817936485512,0.82094857077764,0.82385485695303
1430,"As a result , Judge John F. Keenan of New York ordered Mrs. Marcos to turn over to the court all pleadings and documents she may have filed in foreign countries in opposition to U.S. requests for evidence .",1.5707277170815725,0.20052288410049787,0.8818291593662718,0.7311926751680394,0.7994771158995023
1431,Mrs. Marcos had claimed that she did n't have to turn over the documents because she was brought here involuntarily and because providing the materials would violate her marital privilege .,0.9361145164081899,0.11671741639688395,0.8850275909242442,0.8815444439965675,0.8832825836031163
1432,"In 1988 , a year and a half after Mrs. Marcos and her late husband , Ferdinand Marcos , the ousted president of the Philippines , fled the Philippines for Hawaii , they were charged with racketeering , conspiracy , obstruction of justice and mail fraud in a scheme in which they allegedly embezzled more than $ 100 million from their homeland .",1.7296489985829826,0.21986707141254958,0.8358187901339389,0.7314036548059938,0.7801329285874503
1433,"Much of the money was fraudulently concealed through purchases of prime Manhattan real estate , federal prosecutors have charged .",0.9754887502163454,0.13800764583303732,0.9001991608392319,0.8268966958177656,0.8619923541669626
1434,Mrs. Marcos 's trial is expected to begin in March .,0.4322625001966802,0.06663929502024596,1.0,0.875048115456911,0.9333607049797542
1435,U.S. law requires criminal defendants to turn over foreign documents such as those sought in the Marcos case .,0.6057776318066779,0.08345770632459437,0.9582312669006733,0.8783295386900204,0.9165422936754052
1436,"The law is meant to overcome delays caused by defendants ' use of foreign procedures to block U.S. requests for records , Judge Keenan said in his opinion .",1.0991138958940416,0.1386510845284241,0.9361312629278087,0.7976306182637921,0.8613489154715762
1437,"For instance , the documents could involve foreign business dealings or bank accounts .",1.0728250006181348,0.17148269707633226,0.8285173029236678,0.8285173029236678,0.8285173029236678
1438,"The U.S. has charged that the Marcoses ' alleged crimes involved bank accounts in the Philippines , Hong Kong , the U.S. and other countries .",1.0580682693971886,0.14078458677739786,0.8982438845018421,0.823437270539952,0.8592154132226019
1439,"On the allegation of kidnapping , Judge Keenan wrote , `` The suggestion that Mrs. Marcos was brought to this country against her will is unsupported by affidavit or affirmation . ''",1.4615906229114666,0.19510692315261427,0.8615000649555286,0.7552664318092209,0.8048930768473859
1440,The judge also said the two marital testimonial privileges cited by Mrs. Marcos do n't apply .,0.47058823529411953,0.061080948039827276,1.0000000000000002,0.8848703331208349,0.938919051960173
1441,The first one permits a witness to refuse to testify against her spouse .,0.4285714285714288,0.06888937246136335,0.9529943552357747,0.910209376617429,0.9311106275386366
1442,But Judge Keenan said that privilege 's purpose is `` fostering harmony in marriage . '',0.75,0.10344827586206896,0.9629629629629629,0.8387096774193549,0.896551724137931
1443,"Because Mr. Marcos died Sept. 28 , the privilege can no longer apply , the judge said .",0.41720972246260857,0.06125052276694808,0.9543164905991346,0.9236821772947138,0.9387494772330518
1444,The second marital privilege cited by Mrs. Marcos protects confidential communications between spouses .,0.7682062501545337,0.11709052281086967,0.9529943552357751,0.8224267686930378,0.8829094771891307
1445,"But Judge Keenan said that privilege is meant to protect private utterances -- not litigation papers filed with foreign governments , as Mrs. Marcos 's attorneys maintained .",0.9285714285714306,0.11519609222653651,0.9193885004992457,0.8527269204770231,0.8848039077734638
1446,"Though Judge Keenan threw out most of Mrs. Marcos 's objections , he agreed with one of her concerns : that turning over the foreign documents could violate the defendant 's constitutional right against self-incrimination .",1.3581625830439181,0.16782359993881885,0.8471373381180837,0.8177347291777041,0.8321764000611808
1447,"As a result , he said he will examine the Marcos documents sought by the prosecutors to determine whether turning over the filings is self-incrimination .",0.6734528847818035,0.08802726343693512,0.9189476631997129,0.905102893444457,0.9119727365630647
1448,Judge Keenan also directed the prosecutors to show that Mrs. Marcos 's Fifth Amendment right against self-incrimination wo n't be violated .,1.159535227469405,0.15678523158413143,0.9195685880039869,0.7785684989767422,0.8432147684158683
1449,"Mrs. Marcos 's attorney in New York , Sandor Frankel , declined to comment on the ruling .",0.9035923614716879,0.13800847265908892,0.9485537744527694,0.7899069280848517,0.8619915273409108
1450,Mrs. Marcos has n't admitted that she filed any documents such as those sought by the government .,0.7505430557959398,0.10504653595757395,0.9350109973806348,0.8581871988081291,0.8949534640424259
1451,"Charles LaBella , the assistant U.S. attorney prosecuting the Marcos case , did n't return phone calls seeking comment .",1.3182263988300127,0.19600044007846723,0.8889526997337994,0.7338672285917908,0.8039995599215326
1452,U.S. . AND BRITISH LAW FIRMS announce rare joint venture in Tokyo .,0.6734528847818053,0.10490354572408672,0.9999999999999999,0.8101127539502293,0.8950964542759131
1453,"Sidley & Austin , a leading Chicago-based law firm , and Ashurst Morris Crisp , a midsized London firm of solicitors , are scheduled today to announce plans to open a joint office in Tokyo .",1.413076816757691,0.18542673655623604,0.8774237790791093,0.7601249498846296,0.8145732634437639
1454,The firms will be registered under Japanese law as foreign legal consultants and their practice with Japanese clients will be limited to advising them on matters of foreign law .,0.7358011307048997,0.10087315069183142,0.9348609055825866,0.8660240096132813,0.8991268493081689
1455,The office may also be able to advise foreign and multinational clients on international law and general matters .,0.650764630347382,0.09887136189396083,0.9221798517035833,0.8810170746329059,0.9011286381060389
1456,"The office will provide `` one-stop shopping '' for Japanese financial institutions and other clients seeking advice on access to the world capital markets , according to A. Bruce Schimberg , Sidley 's senior banking specialist , who will move to Tokyo from Chicago to open the office next year .",1.6964341421905988,0.2105010006997606,0.8614260309729637,0.7286578001860633,0.7894989993002395
1457,"The Sidley-Ashurst venture will also be staffed by another Sidley partner specializing in corporate law , a partner from Ashurst concentrating on acquisitions and a Japanese attorney .",1.3162411775811886,0.17948372767764748,0.8574939017807593,0.7865959678488305,0.820516272322352
1458,"The office will tap the resources of Sidley 's 700 lawyers in the U.S. , London and Singapore as well as the 400 Ashurst staff members in London and Brussels .",1.2303777241960097,0.16405802859518823,0.9239353663459179,0.7632517042123702,0.835941971404812
1459,Ashurst is new to the Far East .,0.8443609377704338,0.1637742533134754,0.8960775105770448,0.7838687499016604,0.8362257466865245
1460,Sidley will maintain its association with the Hashidate Law Office in Tokyo .,1.2007415749566768,0.19366368971350167,0.9420223909514853,0.7048166354188242,0.806336310286498
1461,THE UNITED AUTO WORKERS said it will seek a rehearing of a U.S. appellate court ruling against the union 's claim that the state of Michigan engages in wage-discrimination against female employees .,1.2126064373031369,0.15917000806079631,0.9635349596650751,0.7458472773269175,0.8408299919392037
1462,A three-judge panel of the court in Cincinnati made the ruling Saturday .,0.7315211541789965,0.12083322367265957,0.9999999999999999,0.7843867916821335,0.8791667763273404
1463,The UAW is seeking a hearing by the full 14-judge panel .,0.5629072918469555,0.08972515320930859,1.0,0.8353251681030535,0.9102748467906915
1464,"The union sued the state in November 1985 , alleging that it intentionally segregated job classifications by sex and paid employees in predominantly female jobs less than males in comparable jobs .",1.6599817337113674,0.23080192345131867,0.7756014539814209,0.7628995660960393,0.7691980765486812
1465,The UAW also charged that the state applied its own standards for determining pay in a discriminatory manner .,0.8163039475961495,0.11370661447589134,0.9679723077036994,0.8173262025174636,0.8862933855241079
1466,"In November 1987 , a district court judge in Detroit ruled against the UAW .",0.7673183336217955,0.13051530379851933,0.9055237799577378,0.8362044628800572,0.8694846962014805
1467,"The union is the bargaining representative for more than 20,000 Michigan state employees .",0.7142857142857153,0.1079844363726976,0.9999999999999998,0.8050795068453933,0.8920155636273023
1468,NEW JERSEY MERGER :,0.5,0.14285714285714285,1.0,0.75,0.8571428571428571
1469,"One of the largest law firms in central New Jersey has been created through the merger of Norris , McLaughlin & Marcus , a 41-lawyer firm , and Manger , Kalison , McBride & Webb , a health-care specialty law firm with 14 lawyers .",1.517704163744387,0.2048240475475295,0.8775056360976589,0.7269698932868082,0.7951759524524705
1470,"Norris McLaughlin is a general-practice firm that has expanded recently into such specialties as banking , labor and environmental work .",0.9290369049679468,0.12754191423681224,0.9080764809400151,0.8395284199777775,0.8724580857631876
1471,The merged firm will carry Norris McLaughlin 's name .,0.8754887502163466,0.15177409542471404,0.8372688393501769,0.8594735557078133,0.8482259045752859
1472,DRUG WARS :,4.440892098500626e-16,1.4009454786722165e-16,1.0,1.0,1.0
1473,A Texas legislator proposes color-coding drivers ' licenses of some drug offenders .,1.2888375001664212,0.21086856301668055,0.7967005972399045,0.7817047468033617,0.7891314369833192
1474,The bill would authorize courts to order the licenses as a condition of probation .,0.7673183336217946,0.11781100479630796,0.9999999999999998,0.7892112274958749,0.8821889952036917
1475,"State Senator J.E. `` Buster '' Brown , a Republican who is running for Texas attorney general , introduced the bill .",1.4507339527678909,0.21521507548043442,0.8348695917507407,0.7403694178493968,0.7847849245195655
1476,He said an altered license would be an `` embarrassment '' to teenagers and young adults and would act as a deterrant to drug use .,1.3469057695636097,0.17740102261849436,0.8573438381429103,0.7905605859449828,0.8225989773815052
1477,"Richard Avena , executive director of the Texas Civil Liberties Union , called the proposal `` political gimmickry , '' and said it fails to recognize the drug problem as a health issue .",1.164989425718728,0.1495673865319038,0.9336700730305489,0.7808217117830228,0.8504326134680961
1478,"The amendment , offered by Rep. Douglas Bosco -LRB- D. , Calif. -RRB- , was approved 283-132 during debate on a bill designed to strengthen the Transportation Department 's authority in dealing with leveraged buy-outs of airlines .",1.2712238549067587,0.1579640680819142,0.9330041608636173,0.7672306752554869,0.842035931918086
1479,"The bill would require the agency to block the acquisition of 15 % or more of an airline 's stock if the purchase threatened safety , reduced the carrier 's ability to compete , or put the airline under foreign control .",1.5460880230844642,0.20484484696940758,0.9113161899991087,0.7052591974778926,0.7951551530305925
1480,"Debate on the legislation , which faces a veto threat from President Bush , is to continue today .",0.9665541040315899,0.1401265675054012,0.9533867730139314,0.7830660694454014,0.8598734324945985
1481,The amendment would require the department to block the purchase of a major airline by anyone who has run two or more carriers that have filed for protection from creditors under Chapter 11 of the Bankruptcy Code .,1.3758072351972048,0.17053876965267997,0.8912741855512708,0.7756660969513894,0.8294612303473198
1482,"In 1983 , Texas Air 's Continental Airlines filed for bankruptcy .",0.8962406251802895,0.15087334379794973,0.8345496804519782,0.8642219131602643,0.8491266562020503
1483,"Earlier this year , Texas Air 's Eastern Airlines filed for bankruptcy .",0.6734528847818062,0.10490354572408685,0.9032667515301913,0.8870726372581196,0.8950964542759134
1484,"`` This ought to be subtitled the ` Do n't let Frank Lorenzo take over another airline ' amendment , '' said Rep. James Oberstar -LRB- D. , Minn. -RRB- , chairman of the House aviation subcommittee , who argued that the provision was unnecessary because the bill already would give the department ample power to block undesirable deals .",1.752908798784584,0.20577145640779138,0.8515509024517212,0.7441367920463677,0.7942285435922087
1485,"For years , a strict regimen governed the staff meetings at Nissan Motor Co. 's technical center in Tokyo 's western suburbs .",1.1747630438545178,0.1636910586575641,0.9452222691872246,0.7499014714074363,0.8363089413424362
1486,Employees wore identification badges listing not only their names but also their dates of hire .,1.047180468885216,0.1622826213929938,0.9153351576804232,0.7722341517470809,0.8377173786070061
1487,"No one could voice an opinion until everybody with more seniority had spoken first , so younger employees -- often the most enthusiastic and innovative -- seldom spoke up at all .",1.148590234442608,0.14260709400428662,0.8965079649516539,0.8215483690300012,0.8573929059957135
1488,"But in 1986 , the badges and the `` do n't speak out of turn '' rule were abolished -- early steps in a cultural revolution still rolling on with all the subtlety of a freight train .",1.4548476977669536,0.18017909785476352,0.8612362671103042,0.7822059678097486,0.8198209021452364
1489,"In recent years , Nissan has instituted flex-time work schedules and allowed employees to dress casually , even in blue jeans .",1.21613125009834,0.1657058733773194,0.8707218768104568,0.8007919819673325,0.8342941266226805
1490,"A rule forbidding staffers to own competitors ' cars has been lifted , and now many designers drive foreign cars to get useful ideas .",1.4505865002596172,0.19297089386996658,0.8560179167037638,0.7633439104115178,0.8070291061300338
1491,Nissan 's decades-old corporate song filled with references to Mount Fuji has been scrapped in favor of a snappy tune sung by a popular Japanese vocalist .,1.2629579803744422,0.17429502894404578,0.939022681583839,0.7367917281614251,0.8257049710559544
1492,"And in a Japanese corporate first , Nissan recently opened the first coed company dormitory for single employees at the suburban Tokyo technical center .",1.1860593781761288,0.178610488703163,0.8862043157303585,0.7654093533697531,0.821389511296837
1493,"`` We had lots of internal debate about this one , '' concedes Tadahiko Fukuyama , a senior public-relations official .",0.8337988097298528,0.11014684607376435,0.9370078233436275,0.8472171749979016,0.8898531539262355
1494,"`` But in the end , top management decided to follow the voice of the younger generation . ''",0.5263157894736796,0.07251028477378518,0.9696766324820704,0.8888205370726577,0.9274897152262143
1495,"This corporate glasnost is a big reason Nissan , after years of making lackluster cars and lousy profits , has loosened up its rigid ways and now is riding a string of hits , ranging from the sleek Maxima sedan and Porsche-like 300ZX to the whimsically nostalgic Pao , a minicar sold only in Japan .",1.9178587574331756,0.23384699271645373,0.8227004746053544,0.7168790652281211,0.7661530072835466
1496,The company 's turnaround is far from complete ; many crucial tests are just beginning .,0.797180468885216,0.11067616860891086,0.9275954049300443,0.8540852082972755,0.8893238313910892
1497,But its surprising progress so far holds important lessons for companies in trouble .,0.5714285714285721,0.08829443403702496,0.9538137903613059,0.8731580672754988,0.9117055659629754
1498,The big one : A company 's culture ca n't be radically changed unless top management first admits that things have gone badly awry and then publicly leads the charge .,1.8958354817150624,0.2486191509761512,0.8105684929585995,0.70024874398316,0.7513808490238485
1499,"Atsushi Muramatsu , Nissan 's executive vice president for finance , helped set the tone in December 1986 , when the company was heading toward the first operating loss by a Japanese auto maker since the nation 's postwar recovery .",1.3259640969902469,0.17900948432051375,0.9450757627695053,0.7257075694653922,0.820990515679486
1500,"`` This is a time of self-criticism to discover what is wrong with us , '' he said .",0.6315789473684168,0.08251889163680749,0.9434314132144602,0.8929201804917525,0.917481108363192
1501,"Yutaka Kume , who took the helm as Nissan 's president in June 1985 , added simply , `` I am deeply disappointed . ''",0.9599999999999973,0.12079541699310631,0.9160911192583933,0.8451735524406876,0.8792045830068935
1502,No wonder .,4.440892098500626e-16,1.4009454786722165e-16,1.0,1.0,1.0
1503,"Nissan , Japan 's second-largest auto maker and the world 's fourth-largest , was getting beat up not only by its bigger rival , Toyota Motor Corp. , but also by Honda Motor Co. , the most successful Japanese car company in the U.S. but a relative pipsqueak in Japan .",1.7373207634142718,0.226743482026662,0.8331103522523363,0.7214264802405679,0.7732565179733382
1504,Nissan 's market share in Japan had been dropping year by year since the beginning of the decade .,0.8421052631578929,0.13071714353590863,1.0,0.7687889596736135,0.8692828564640912
1505,"Its U.S. sales sagged , partly because of price increases due to the rising yen .",0.797180468885216,0.11067616860891086,0.8951875585845559,0.883536422376492,0.8893238313910891
1506,"Worst of all , Nissan was preoccupied with management infighting , cronyism and corporate rigidity .",0.7971804688852169,0.11465571130067871,0.947021394189164,0.8312097052669927,0.8853442886993212
1507,"Consider the experience of Satoko Kitada , a 30-year-old designer of vehicle interiors who joined Nissan in 1982 .",0.8957657899291478,0.12477520859246953,0.9262189983080927,0.8295526761929106,0.8752247914075302
1508,"At that time , tasks were assigned strictly on the basis of seniority .",0.822126786023353,0.1263475282478999,0.952145318097222,0.8071155710335266,0.8736524717521004
1509,"`` The oldest designer got to work on the dashboard , '' she recalls .",0.5333333333333323,0.07325556665525833,0.9267444333447414,0.9267444333447414,0.9267444333447414
1510,`` The next level down did doors .,0.25,0.043478260869565216,0.9166666666666666,0.9999999999999999,0.9565217391304347
1511,"If a new person got to work on part of the speedometer , that was a big deal . ''",0.5999999999999996,0.08704636002483797,0.96919702191136,0.8628799349889884,0.9129536399751619
1512,"This system produced boring , boxy cars that consumers just were n't buying .",1.1967776787259643,0.18647403055768816,0.8067480407346637,0.8204187532348579,0.8135259694423123
1513,"Desperately hoping to spark sales , Nissan transferred 5,000 middle managers and plant workers to dealerships .",0.7502875001272624,0.10436105065668741,0.9200682833380375,0.8724733397846773,0.8956389493433128
1514,"Meanwhile , President Kume ordered everyone from top executives to rookie designers to go `` town watching , '' to visit chic parts of Tokyo to try to gain insights into developing cars for trend-setters .",1.3826232641893705,0.17921808656228982,0.9028487695076419,0.7523912925503674,0.82078191343771
1515,Some town-watching excursions were downright comic .,0.2857142857142865,0.053615035438314584,1.0,0.8982265179691366,0.9463849645616855
1516,One group of middle-aged manufacturing men from the company 's Zama plant outside Tokyo was supposed to check out a trendy restaurant in the city .,1.1097981912412802,0.14680724511771776,0.8934434754934909,0.8164123793079818,0.8531927548822815
1517,"But when they arrived at the door , all were afraid to go in , fearing that they would be out of place .",1.0314536459234773,0.13503403991667087,0.8805531430223523,0.8499210142581504,0.864965960083329
1518,Other trips were more productive .,0.33333333333333304,0.06891905627080991,1.0,0.8710490642551528,0.93108094372919
1519,Mr. Kume himself visited Honda 's headquarters in Tokyo 's upscale Aoyama district .,1.1149743196026307,0.1880763476699872,0.8938804248352685,0.7437333412340663,0.811923652330013
1520,He liked the well-lighted lobby display of Honda 's cars and trucks so much that he had Nissan 's gloomy lobby exhibit refurbished .,0.9481203125901443,0.13128578706285096,0.875,0.8625180928576522,0.8687142129371489
1521,"Later , Nissan borrowed other Honda practices , including an engineering `` idea contest '' to promote inventiveness .",1.1578947368421018,0.16245604533474975,0.8253545155206442,0.8500988360330317,0.8375439546652498
1522,One engineer developed a `` crab car '' that moves sideways .,0.5629072918469564,0.08519839307066598,0.9477324542020783,0.8840824070190839,0.9148016069293341
1523,"Such sudden cultural shifts may come across as a bit forced , but they seem to be genuine -- so much so , in fact , that some older employees have resisted .",1.514368740940518,0.19114522835477346,0.8174685322440416,0.8004206465919173,0.8088547716452266
1524,"Nissan handled the die-hards in a typically Japanese fashion : They were n't fired but instead `` were neglected , '' says Kouji Hori , the personnel manager at the Nissan Technical Center .",0.912339706136879,0.11282793558404015,0.9384398439966989,0.841215722598302,0.88717206441596
1525,"Despite the pain of adjusting , the cultural revolution has begun to yield exciting cars .",0.672180468885216,0.09496999265525848,0.9624378669482337,0.8540852082972755,0.9050300073447414
1526,"A year ago , the company completely revamped its near-luxury sedan , the $ 17,699 Maxima , which competes against a broad range of upscale sedans ; it replaced its boxy , pug-nosed body with sleek , aerodynamic lines .",1.5248429614922703,0.1910526997077434,0.8637760849260502,0.760663648879581,0.8089473002922561
1527,"Since then , Nissan also has launched new versions of the $ 13,249 240SX sporty coupe and 300ZX sports car .",1.1195130954441366,0.14605287847222742,0.8870100595810165,0.8232604250891025,0.853947121527772
1528,"The restyled 300ZX costs as much as $ 33,000 and is squared off against the Porche 944 , which begins at $ 41,900 .",0.9795739585136225,0.13129650536803592,0.8860716139734007,0.8520031598882922,0.8687034946319638
1529,"Besides new styling , the new Nissans have more powerful engines and more sophisticated suspension systems .",1.0802663515647248,0.17555364597272657,0.777162987295132,0.8778559824237757,0.824446354027274
1530,All three new models are outselling their predecessors by wide margins .,0.5629072918469564,0.08519839307066598,1.0000000000000002,0.84298098188371,0.9148016069293343
1531,"In its home market , Nissan has grabbed attention with limited-production minicars featuring styling odd enough to be cute .",0.8754887502163466,0.11269919413931806,0.9451519739955954,0.836123111644235,0.8873008058606819
1532,"One is the Pao , a tiny coupe with a peelback canvas top and tilted headlights that give it a droopy-eyed look .",0.9893429348766727,0.13763400653653465,0.8906212275212948,0.8358484429464477,0.8623659934634654
1533,"Nissan initially planned to sell just 10,000 Paos , but sales have passed 50,000 , and there 's a one-year waiting list for the car .",0.7024870194804,0.0852858413292023,0.9115012027482741,0.9179498454517158,0.9147141586707975
1534,"Then , there 's the S-Cargo , an offbeat delivery van with a snail-like body that inspired its name .",1.0622556248918276,0.15381384683577073,0.8386262981197045,0.8538835457276148,0.8461861531642295
1535,Nissan helped develop a Tokyo restaurant with both vehicles as its design theme .,0.6792696431662097,0.11175327641027527,0.8882467235897248,0.8882467235897248,0.8882467235897248
1536,"The chairs are S-Cargo seats , and a gift shop sells such items as alarm clocks styled like the Pao 's oversized speedometer .",0.9481203125901461,0.12278480883606528,0.9759858448606171,0.7965986813031175,0.8772151911639349
1537,All these vehicles have sharply improved Nissan 's morale and image -- but have n't done much for its market share .,0.8524948864619759,0.11334990780703257,0.9243881185121888,0.8518725064316102,0.8866500921929673
1538,Nissan had 29 % of the Japanese car market in 1980 before beginning a depressing eight-year slide that continued through last year .,1.167597955316234,0.1681371585833137,0.9432078623098582,0.7440305601407919,0.8318628414166864
1539,"Strong sales so far this year are certain to turn the tide , but even the 25 % market share that Nissan expects in 1989 will leave it far below its position at the beginning of the decade .",1.34780151068769,0.17112555669895918,0.8784799553690449,0.7845716903298341,0.8288744433010404
1540,"Nissan concedes that it wo n't recoup all its market-share losses in Japan until at least 1995 , and even that timetable might prove optimistic .",0.8171197114552493,0.10329810562071547,0.9021635864148114,0.8913059344924735,0.8967018943792843
1541,"`` Everyone else is going to catch up '' with Nissan 's innovative designs , says A. Rama Krishna , auto analyst at First Boston -LRB- Japan -RRB- Ltd .",1.6624767660309079,0.2108501134671124,0.8263743260946944,0.7551344809711175,0.7891498865328876
1542,"Nissan 's pace of new-model hits will slow , he adds , just as arch-rival Toyota unleashes its own batch of new cars .",0.9795739585136225,0.12467503507308135,0.9455240831629376,0.8148291126876341,0.8753249649269185
1543,"Likewise , in the U.S. , Nissan has grabbed 5.2 % of the car market so far this year , up from 4.5 % a year ago .",1.3256934099558473,0.18692171198272575,0.938993824953291,0.7169394119113522,0.8130782880172741
1544,"But even that brings Nissan only to the share it had in 1987 , and leaves the company behind its high of 5.5 % in 1980 and 1982 .",1.2153487068219508,0.1576974979895335,0.8869274586247496,0.8019529607571448,0.8423025020104667
1545,Why ?,0.0,0.0,1.0,1.0,1.0
1546,"So far , Nissan 's new-model successes are mostly specialized vehicles with limited sales potential .",0.8443609377704329,0.12227122358431242,0.9603883722013241,0.8081704165945509,0.8777287764156874
1547,"In compact and subcompact cars , the bread-and-butter sales generators for Japanese auto makers , Nissan still trails Toyota and Honda .",1.1029392048404718,0.155592249831417,0.9069545511097811,0.7899312882727132,0.8444077501685829
1548,"Nissan hopes that that will start to change this fall , with its new version of the Stanza compact sedan .",1.322592262419871,0.18188546882479759,0.8678720849360931,0.7737530850635442,0.818114531175202
1549,The Stanza has been a nonentity compared with Honda 's hugely successful Accord and Toyota 's Camry .,1.311646693024266,0.18662617388772254,0.8955595571300716,0.7450045654263917,0.8133738261122774
1550,"But this year , Honda has revamped the Accord and made it a midsized car .",0.9693609377704338,0.14296011465498867,0.8731360084470113,0.8415264788807096,0.8570398853450114
1551,"Nissan instead has kept its new Stanza a bit smaller than that and cut the base price 6 % ; at $ 11,450 , Stanza prices start $ 749 below the predecessor model yet have a more-powerful engine .",1.2655960624690072,0.15551128019131089,0.8708553944829069,0.8196717206435219,0.8444887198086893
1552,"Accord prices start at $ 12,345 .",0.0,0.0,1.0,1.0,1.0
1553,Nissan 's risk is that its low-base-price strategy might get lost amid the highly publicized rebates being offered by Detroit 's Big Three .,0.9276942711037686,0.1198226071290442,0.8837677946893627,0.8766160458024085,0.8801773928709559
1554,"But `` on a new car , a rebate does n't work well '' because it cheapens the vehicle 's image , contends Thomas D. Mignanelli , executive vice president of Nissan 's U.S. sales arm .",1.2194436615882118,0.1517330069009477,0.9403521833956143,0.772608333821276,0.8482669930990523
1555,"Even if the new Stanza succeeds , Nissan will remain behind in the subcompact segment , where its Sentra does n't measure up to the Honda Civic and Toyota Corolla .",1.3034313534376354,0.16475986346531485,0.8951221542608963,0.7828677321738292,0.8352401365346851
1556,Nissan will introduce a completely revamped Sentra next fall .,0.20000000000000018,0.03103731587265484,1.0,0.9397940008672038,0.9689626841273452
1557,"At the opposite end of the market , Nissan launches its luxury Infiniti division on Nov. 8 -- three years after Honda pioneered Japanese luxury cars and two months after Toyota 's Lexus went on sale .",1.7879723761735455,0.22706782439772424,0.8629997214896796,0.6998879041464975,0.7729321756022761
1558,Nissan started advertising Infiniti fully eight months before the cars hit American showrooms .,0.911063393011676,0.13590564473484423,0.910209376617429,0.8224267686930375,0.8640943552651558
1559,"The ads featured fences , rocks and pussy-willow buds -- almost anything but the cars themselves .",2.094684733790401,0.3445068627148269,0.6530269493179327,0.6579780232233057,0.655493137285173
1560,The ads have generated some laughs but also plenty of attention because they are so unlike any other U.S. auto advertising .,1.7558722946859397,0.2653362504279334,0.7168892654187634,0.7533420403545015,0.7346637495720663
1561,"On the other hand , Nissan 's sales goals for Infiniti are modest compared with Toyota 's targets for Lexus .",0.9164339284684049,0.13532628702704044,0.911089744167068,0.8227578070151711,0.8646737129729596
1562,"Nissan will build only about 3,500 of the $ 38,000 Infiniti Q45 sedans each month , sending about 2,000 of them to the U.S. and keeping the rest for sale in Japan .",1.404985696260618,0.18251152977410454,0.8664839894554756,0.773737330322783,0.8174884702258957
1563,"Toyota wants to sell about 49,000 Lexus LS400 sedans next year in the U.S. alone .",0.547180468885216,0.07596753833988239,0.963797702465022,0.8874185416306087,0.9240324616601173
1564,"`` When I saw the Lexus sales projections , I got worried , '' confesses Takashi Oka , who led the Infiniti development team .",0.9101955000865365,0.12108291316421665,0.9116867464552131,0.8484214349623249,0.878917086835783
1565,"But on reflection , Mr. Oka says , he concluded that Nissan is being prudent in following its slow-startup strategy instead of simply copying Lexus .",1.5196067309356485,0.2006457515663686,0.8605360887126924,0.7462946708603133,0.7993542484336309
1566,"`` Infiniti is Nissan 's big business move for the 21st century , and we 're in no hurry to generate large profits right away , '' Mr. Oka says .",0.6695125000697892,0.08079116526467375,0.9612873614294962,0.880659633543866,0.9192088347353262
1567,"Despite plans to add two new Infiniti models next year , bringing the total to four , Infiniti wo n't show profits for at least five years , he adds .",0.903225806451613,0.11038815793350644,0.9396594173816476,0.844625885621185,0.8896118420664936
1568,"These days Nissan can afford that strategy , even though profits are n't exactly robust .",0.8443609377704329,0.12227122358431242,0.8777287764156874,0.8777287764156874,0.8777287764156874
1569,"Nissan had record net income of 114.63 billion yen -LRB- $ 868 million -RRB- in the fiscal year ended last March 31 , a remarkable recovery from the 20.39 billion yen of two years earlier , when the company lost money on operations .",1.726685646614479,0.21897978335006588,0.8516008986143585,0.7212435515331173,0.7810202166499342
1570,Nissan has increased earnings more than market share by cutting costs and by taking advantage of a general surge in Japanese car sales .,1.3637106647166917,0.19557348878508748,0.86223151309582,0.7538851737387519,0.8044265112149128
1571,"But Nissan expects to earn only 120 billion yen in the current fiscal year , a modest increase of 4.7 % .",0.7393028412041094,0.09458930743648332,0.9749507886649429,0.8451302750984954,0.9054106925635165
1572,"The big reason : For all its cost-cutting , Nissan remains less efficient than Toyota .",1.0,0.15384615384615385,0.814814814814815,0.8800000000000001,0.8461538461538463
1573,"In its last fiscal year , Nissan 's profit represented just 2.3 % of sales , compared with 4.3 % at Toyota .",0.9352076088837826,0.13230753432075731,0.8811900762557016,0.8546021156339287,0.867692465679243
1574,"To help close the gap , Nissan recently established a top-level cost-cutting committee .",0.5714285714285721,0.08829443403702494,0.9117055659629754,0.9117055659629754,0.9117055659629754
1575,"Nissan is the world 's only auto maker currently building vehicles in all three of the world 's key economic arenas -- the U.S. , Japan and Europe .",1.3884366381548423,0.18642043407309514,0.8278973494191565,0.7997485913653417,0.8135795659269051
1576,"That gives it an enviable strategic advantage , at least until its rivals catch up , but also plenty of managerial headaches .",1.0878065221153896,0.14291634566811118,0.8875010867934132,0.8286821310783034,0.8570836543318893
1577,"For example , Nissan 's U.S. operations include 10 separate subsidiaries -- for manufacturing , sales , design , research , etc. -- that report separately back to Japan .",1.31366365114057,0.1860851806377727,0.7828983542050035,0.8474902532214843,0.8139148193622275
1578,"And in July , Nissan 's Tennessee manufacturing plant beat back a United Auto Workers organizing effort with aggressive tactics that have left some workers bitter .",1.0784968695838462,0.13503434670160483,0.8966049533388137,0.8354832107949959,0.8649656532983955
1579,"`` We are in a transitional phase from being a Japanese company to becoming an international company based in Japan , '' says Mr. Muramatsu , the executive vice president .",0.807082258343673,0.10290983781215088,0.9753600328006318,0.8304489908477329,0.8970901621878491
1580,"He promises that Nissan will soon establish a holding company overseeing all U.S. operations , just as it 's doing in Europe .",1.6423668482964073,0.2217988833585937,0.8103412301483542,0.7485132518495637,0.7782011166414063
1581,"Perhaps the biggest challenge , however , will be to prevent a return to its former corporate rigidity as its recovery continues .",1.1632559783549343,0.16182819453653235,0.8445320791311852,0.8319066156944245,0.8381718054634676
1582,"Already , personnel officials are talking about the need for a `` Phase Two '' cultural-reform effort of some sort .",1.1602156179333454,0.17085561355719436,0.8553225050591797,0.8045211025613984,0.8291443864428054
1583,"`` We are still only half way through the turnaround of this company , and there are many more things to do , '' President Kume says .",0.8490870539577617,0.10362056735451365,0.8934398662239794,0.8993384062491097,0.8963794326454864
1584,"He adds , however , that `` the momentum we have generated is unstoppable .",0.5836591668108966,0.08381746371967384,0.9096086714135926,0.9228521132923115,0.916182536280326
1585,"As expected , Warner Bros . Records said it agreed to form a recorded-music and music-publishing joint venture with former MCA Records Chairman Irving Azoff .",1.0909433837153957,0.14579664651421165,0.9046795585411426,0.8090620841003954,0.8542033534857882
1586,"Warner said it will provide financing for the venture , but did n't disclose terms .",0.625,0.08771929824561403,0.8965517241379309,0.9285714285714284,0.9122807017543858
1587,"Mr. Azoff has n't named the company yet , but any records it produces will be distributed by Warner .",1.0754887502163477,0.14210313635077734,0.8578968636492228,0.8578968636492228,0.8578968636492228
1588,"Warner is part of Warner Communications Inc. , which is in the process of being acquired by Time Warner Inc .",0.9104483561316066,0.13919412871752904,0.9133363726970992,0.8139893117222209,0.8608058712824709
1589,"Mr. Azoff resigned as head of MCA Records , a unit of MCA Inc. , in September , and had been discussing a joint venture with both Warner and MCA .",1.6765860790657126,0.22629319956817842,0.8911321622001631,0.6836248777013836,0.7737068004318216
1590,"In a statement yesterday , Mr. Azoff said he chose Warner , the largest record company , because `` their standing in the entertainment industry is second to none .",1.4000000000000021,0.18634045845729494,0.8973430302903989,0.744252784673477,0.8136595415427055
1591,"President Bush and Soviet leader Mikhail Gorbachev will hold an informal meeting in early December , a move that should give both leaders a political boost at home .",0.9555002049843715,0.13130361326364112,0.9581861870016313,0.7944945656723859,0.8686963867363592
1592,The White House is purposely not calling the meeting a summit so that there wo n't be any expectation of detailed negotiations or agreements .,0.7003910001730755,0.0933041132282131,0.9470689604397038,0.8696242424963669,0.9066958867717868
1593,"Rather , senior administration officials said that the unexpected meeting was scheduled at Mr. Bush 's request because of his preference for conducting diplomacy through highly personal and informal meetings with other leaders .",1.3563493500327448,0.1757988635807994,0.9057788600411986,0.7561036996590303,0.8242011364192006
1594,"The two leaders will meet on Dec. 2 and 3 , alternating the two days of meetings between a U.S. and a Soviet naval vessel in the Mediterranean Sea .",1.3454842658866788,0.1785654634503786,0.9027636419398009,0.7535481140803627,0.8214345365496221
1595,"The unusual seaborne meeting wo n't disrupt plans for a formal summit meeting next spring or summer , at which an arms-control treaty is likely to be completed .",1.522033292669576,0.1991615483187719,0.8451089935781856,0.7609752090343109,0.8008384516812282
1596,"In announcing the meeting yesterday , Mr. Bush told reporters at the White House that neither he nor Mr. Gorbachev expects any `` substantial decisions or agreements . ''",1.5615245694877338,0.20680658489011738,0.8322049004942674,0.7576756564656377,0.7931934151098827
1597,"Instead , he said that the purpose is simply for the two to get `` better acquainted '' and discuss a wide range of issues without a formal agenda .",0.7836591668108968,0.09678641702418736,0.9107121289109856,0.8958375104395713,0.9032135829758127
1598,"Despite the informal nature of the session and the calculated effort to hold down expectations , the meeting could pay significant political dividends for both leaders .",0.7686995371171665,0.11082277624140882,0.9327825589085404,0.8494667039071725,0.8891772237585914
1599,Mr. Gorbachev badly needs a diversion from the serious economic problems and ethnic unrest he faces at home .,0.9215671054908876,0.1288322092246488,0.9367097097217293,0.8141980567300483,0.871167790775351
1600,"American officials have said that a meeting with the leader of the U.S. could help bolster his stature among Soviet politicians and academics , whose support he needs .",0.9655172413793132,0.12055812069571847,0.9169886544946316,0.8448489186782799,0.8794418793042819
1601,"For his part , Mr. Bush has been criticized regularly at home for moving too slowly and cautiously in reacting to Mr. Gorbachev 's reforms and the historic moves away from communism in Eastern Europe .",1.3939113740940012,0.18528218403654792,0.8439082917564734,0.7874792015375349,0.814717815963452
1602,"A face-to-face meeting with Mr. Gorbachev should damp such criticism , though it will hardly eliminate it .",0.7777777777777759,0.10596644038667037,0.9672446082717254,0.8311254154755863,0.8940335596133294
1603,"Senate Majority Leader George Mitchell -LRB- D. , Maine -RRB- , who has been the most prominent Democratic critic of Mr. Bush 's handling of the Soviet relationship , praised the president for arranging the meeting .",1.0572814994260495,0.13954223890069808,0.9253116585925075,0.8040994692029759,0.8604577610993024
1604,But he added : `` The mere fact of a meeting does n't deal with the substance of policy . '',0.738560714491757,0.09880879415606778,0.9464731785362247,0.8600442397575854,0.9011912058439319
1605,"Mr. Bush said that the December meeting , which was announced simultaneously in Moscow , will be held in the unusual setting of ships at sea to hold down the `` fanfare '' and force the two sides to limit participation to just small groups of advisers .",1.5151886656916798,0.1780795004467497,0.8642430539418491,0.7835495590214243,0.8219204995532505
1606,"`` By doing it in this manner we can have , I would say , more time without the press of social activities or mandatory joint appearances , things of that nature for public consumption , '' Mr. Bush said .",1.3109416088257175,0.1618637082738993,0.8904536569014071,0.7916254408258242,0.8381362917261008
1607,"Soviet Foreign Minister Eduard Shevardnadze , at a news conference in Moscow , said , `` As the two sides plan to hold a full-scale summit in late spring-early summer next year , they found it useful , I would say even necessary , to hold an interim informal meeting . ''",1.3542766228378884,0.16497211505017736,0.9041378660809108,0.7757328538453311,0.8350278849498225
1608,"Although no specific agreements are expected , Mr. Shevardnadze said `` that does n't mean they will be without an agenda . ''",0.8154298913984137,0.10119782278792931,0.8671945871182507,0.932800995879568,0.8988021772120708
1609,"If the two leaders cover the subjects that have been featured in lower level U.S.-Soviet meetings , their talks would include human rights , Soviet reforms , regional disputes , relations with allies , economic cooperation , arms control , and joint efforts to fight narcotics , terrorism and pollution .",1.6821118819443583,0.2148506765178872,0.8689093041118111,0.7161179259346141,0.7851493234821129
1610,The president specifically mentioned U.S. economic advice to Moscow as a possible topic .,1.0539205358688193,0.16063928993179602,0.9059887104715497,0.7818612602811748,0.8393607100682041
1611,Mr. Gorbachev has for months been publicly urging the U.S. to drop its restrictions on Soviet trade .,0.8197159723424123,0.11232198934055286,0.879343197195957,0.8961723383521184,0.8876780106594465
1612,"He recently told a small group of American businessmen in Moscow that he hoped to sign a general trade agreement with the U.S. , possibly at the 1990 summit .",1.1039805159587903,0.1453981834516994,0.9109923241561183,0.8047855197779219,0.8546018165483008
1613,"The Soviets hope a trade agreement would give them Most-Favored Nation status , which would lower the tariffs on Soviet exports to the U.S. .",1.1698044999134583,0.15118603527940336,0.8724712168057809,0.8264057870608998,0.8488139647205961
1614,In an unusually candid article about the latest economic woe -- unemployment -- Pravda yesterday reported that three million Soviets have lost their jobs as a result of perestroika and the number could grow to 16 million by the year 2005 .,1.351688093646831,0.16339079220104788,0.885708383765629,0.7926677331270676,0.8366092077989519
1615,Economists in Moscow are now proposing that the state start a system of unemployment benefits .,0.844360937770432,0.12227122358431229,0.9603883722013241,0.8081704165945509,0.8777287764156874
1616,But one Bush administration official knowledgeable about the summit plan cautioned against assuming that there will be bold new initiatives on the Soviet economy or other issues .,1.5705060161084665,0.21584751771894659,0.8202035518281817,0.7511371443563816,0.7841524822810532
1617,"`` Do n't take this as some big opening for major movement on economic cooperation , or arms control , or the environment , '' he said .",1.022471088681809,0.13563649860629892,0.8945358840787168,0.8361601130599028,0.8643635013937009
1618,"`` Those things will all come up , but in a fairly informal way . ''",0.547180468885216,0.07341925651101462,0.9324838821067971,0.9207518749639422,0.9265807434889853
1619,"Instead , this official said , `` This is vintage George Bush .",0.8272990386279595,0.13203220784509534,0.83957314849398,0.8983502986199521,0.8679677921549046
1620,This was George Bush 's own idea .,0.25,0.043478260869565216,1.0,0.9166666666666666,0.9565217391304348
1621,It 's George Bush wanting to meet a foreign leader and talk to him directly . '',0.5882352941176503,0.08001681210673736,0.9349454589164965,0.9054922669751322,0.9199831878932627
1622,"Aside from the Soviet economic plight and talks on cutting strategic and chemical arms , one other issue the Soviets are likely to want to raise is naval force reductions .",1.0908477900252826,0.14694769788630987,0.8578497695538098,0.8483081952892473,0.8530523021136901
1623,"Western analysts say that , given the meeting 's setting at sea , Gorbachev is unlikely to pass up the opportunity to press once again for negotiated cuts in the navies of both the North Atlantic Treaty Organization and the Warsaw Pact .",1.5267787082419373,0.19153304157802095,0.8563374799670592,0.7656651529890456,0.8084669584219795
1624,That theme has been a recurring one for Soviet military officials for much of this year .,1.0011500005090523,0.14428949493124785,0.9999999999999998,0.7478094563125967,0.8557105050687522
1625,They argue that as the Kremlin follows through on announced plans to cut land forces -- the Soviets ' area of greatest strength -- the U.S. should show more willingness to cut sea forces -- Washington 's area of greatest superiority .,1.2627514866585097,0.1537710393529802,0.8820746714396007,0.81318287171075,0.8462289606470198
1626,"One of the reasons Bush administration aides are anxious to insist that the coming meeting will be informal is to avoid comparisons with the last such loosely structured superpower gathering , former President Reagan 's 1986 meeting with Mr. Gorbachev in Reykjavik , Iceland .",1.7812217315204686,0.2128373520016204,0.8797265082081993,0.712223292762077,0.7871626479983796
1627,That meeting sent shivers through the Western alliance because Mr. Reagan was pulled into discussing the possible elimination of nuclear weapons without consulting American allies .,1.5045929030293737,0.2083106127396247,0.9028384881760141,0.7049076903785899,0.7916893872603749
1628,"Mr. Bush said that he initiated talks with the Soviets on the informal meeting by sending a proposal to Mr. Gorbachev last July , which the Soviet leader readily accepted .",1.0959409177753887,0.14664503464738107,0.8849231197495089,0.8239615144147532,0.8533549653526189
1629,"But word of the possible session was closely held by the president and a handful of top aides , and word of it did n't reach many second-level officials until the past few days .",1.402673826565736,0.18564659692622437,0.9026739666812941,0.7417756548250384,0.8143534030737754
1630,"Indeed , many senior officials had been insisting for weeks that Mr. Bush was n't interested in such an informal get-together .",1.414518885398353,0.1980922462769717,0.8541571101989479,0.7556821743328189,0.8019077537230284
1631,"Though President Bush 's political critics at home have been urging him to open a more direct dialogue with Mr. Gorbachev , it actually was the arguments of leaders within the Soviet bloc itself that led the president to seek the December meeting .",1.2409854303210857,0.14955826547992,0.8947353090705378,0.8103267763693467,0.8504417345200799
1632,"Mr. Bush decided he wanted the meeting after talking in Europe in July with the leaders of Poland and Hungary , who urged him to support Mr. Gorbachev 's efforts to transform the Soviet system and to urge him to loosen his grip on Eastern Europe , a senior aide said .",1.3836218635014248,0.17155570093205258,0.8911490802177109,0.7739837359022733,0.828444299067947
1633,"While flying home from those discussions , Mr. Bush drafted a letter to Mr. Gorbachev suggesting an informal get-together to precede their formal summit next year .",1.4451685188390337,0.193410844727304,0.8398944485932316,0.7758245007314066,0.806589155272696
1634,Peter Gumbel in Moscow contributed to this article .,0.5283208335737166,0.09090909090909056,1.0,0.8333333333333333,0.9090909090909091
1635,"Banca Nazionale del Lavoro said its potential losses from lending to Iraq could reach 1.175 trillion lire -LRB- $ 872 million -RRB- , marking the bank 's first quantification of potential costs of unauthorized lending by its Atlanta branch .",1.6468575745231817,0.19381638730259204,0.8535331455803447,0.7638113722362919,0.806183612697408
1636,BNL previously reported that its Georgia branch had taken on loan commitments topping $ 3 billion without the Rome-based management 's approval .,0.8695652173913038,0.10864614143132359,0.9318506495544203,0.8542303269998169,0.8913538585686762
1637,"State-owned BNL , Italy 's largest bank , has filed charges against the branch 's former manager , Christopher Drogoul , and a former branch vice president , alleging fraud and breach of their fiduciary duties .",1.626075595577853,0.21751105596110268,0.8252275346223509,0.7439592438073038,0.7824889440388972
1638,"BNL also said that its board had approved `` after an in-depth discussion , '' a letter to the Bank of Italy outlining measures the state-owned bank has taken or plans to take to improve controls on its foreign branches .",1.3085058656523056,0.15959251837125957,0.8495295948438412,0.8314791907719442,0.8404074816287403
1639,The central bank had ordered BNL to come up with a suitable program by yesterday .,0.672180468885216,0.09496999265525848,0.9624378669482336,0.8540852082972753,0.9050300073447411
1640,"Bank of Italy has also ordered BNL to shore up its capital base to account for potential foreign loan losses , and the Rome bank has outlined a 3 trillion lire capital-raising operation .",1.8420350142085526,0.22747922827321054,0.8019393767699597,0.7451841923371137,0.7725207717267897
1641,BNL was unable to elaborate on what measures were planned by the bank to improve controls on its branches abroad .,0.4168994048649246,0.05677151912829023,0.9478683980123319,0.938633768231099,0.9432284808717095
1642,Hardly a day passes without news photos of the police dragging limp protesters from some building or thoroughfare in one of our cities .,1.228497643973503,0.1703442341397955,0.9287314465923974,0.7496809266216853,0.8296557658602046
1643,"Of recent note are the activities of the pro- and anti-abortionists , anti-nuclear activists , animal rights protesters , college students concerned about racism , anti-apartheid groups , various self-styled `` environmentalists '' and those dissatisfied with the pace of the war against AIDS .",1.9033053442609917,0.26121262114578603,0.847618847364903,0.6547230902829247,0.7387873788542142
1644,"Maybe he did n't start it , but Mohandas Gandhi certainly provided a recognizable beginning to non-violent civil disobedience as we know it today .",1.4913685006057689,0.19947831784544434,0.8328035320868926,0.7706491154137145,0.8005216821545554
1645,"The Mahatma , or `` great souled one , '' instigated several campaigns of passive resistance against the British government in India .",1.2288983698474105,0.17253572638613307,0.8416174471370543,0.8137792449789047,0.8274642736138672
1646,"Unfortunately , according to Webster 's Biographical Dictionary , `` His policies went beyond his control and resulted ... in riots and disturbances '' and later a renewed campaign of civil disobedience `` resulted in rioting and a second imprisonment . ''",1.6340283448354942,0.19874895247245325,0.8014828433225134,0.801019385768528,0.8012510475275471
1647,"I am not a proponent of everything Gandhi did , but some of his law breaking was justified because India was then under occupation by a foreign power , and Indians were not able to participate fully in decisions that vitally affected them .",1.7841703060004077,0.2262955410972417,0.796608311776991,0.7520808468818332,0.7737044589027583
1648,"It is difficult , however , to justify civil disobedience , non-violent or not , where citizens have full recourse to the ballot box to effect change .",1.4510425172532377,0.19478697598248249,0.8716590792817457,0.7481797266576867,0.8052130240175173
1649,"Where truly representative governments are safeguarded by constitutional protections of human rights and an independent judiciary to construe those rights , there is no excuse for breaking the law because some individual or group disagrees with it .",1.2151026155593918,0.1510683597967589,0.8972645811870392,0.8055396452971788,0.8489316402032412
1650,There may be a few cases where the law breaking is well pinpointed and so completely non-invasive of the rights of others that it is difficult to criticize it .,1.1924812503605793,0.14836209826784424,0.9152329523441746,0.7963064693454653,0.8516379017321559
1651,"The case of Rosa Parks , the black woman who refused to sit at the back of the bus , comes to mind as an illustration .",0.9620062389273034,0.1343862319716682,0.9382053690527697,0.8034486734048563,0.8656137680283325
1652,But most cases of non-violent civil disobedience are not nearly so benign .,0.36576057708949783,0.05802409896789303,1.0,0.8903161109005063,0.9419759010321069
1653,The public has a tendency to equate lawful demonstrations with non-violent civil disobedience .,0.9649839288804962,0.14511634632484477,0.952145318097222,0.7756508980058032,0.8548836536751554
1654,"It is true that both are non-violent , but there is a fundamental difference between them .",0.9123397061368808,0.1343256786762704,0.8809333394142385,0.8509349185393255,0.86567432132373
1655,"Lawful demonstrations , such as peaceful picketing and other assemblages that do not disturb the peace or cause a public nuisance or interfere with the rights of others , are rights guaranteed by any truly free system of government .",1.3987084225518522,0.18327097303645157,0.896679369810475,0.7498687165792793,0.8167290269635479
1656,"Civil disobedience , violent or non-violent , is intentional law breaking .",1.292481250360579,0.23312689556523788,0.9025324466007382,0.6666666666666666,0.7668731044347622
1657,"The subject of this discussion is non-violent civil disobedience ; but , before we get on with that , let me make just a few tangential remarks about lawful demonstrations .",1.9603516107473204,0.2549229652786344,0.7844256349201504,0.7094875041113018,0.7450770347213655
1658,"They are useful to call public attention to grievances , but they have little value in educating anyone about the issues in dispute .",1.0314536459234773,0.13921823864646937,0.9053582883955185,0.8203888198183226,0.8607817613535305
1659,"The delight of television in dramatic confrontation encourages overuse of slogans chanted through bullhorns , militant gestures , accusatory signs and other emotionally inspired tactics .",1.9322627291356707,0.27575869162682604,0.8145554885359745,0.6519554728894648,0.7242413083731734
1660,Civilized discourse and an environment where compromise can begin are lost in a hostile posture abetted by superficial media interviews .,1.1195130954441366,0.1536912499843594,0.9055046101982017,0.7943776315230462,0.8463087500156399
1661,"At best , demonstrations are overused and boringly uninformative ; at worst , they can become the stimuli that lead to law breaking .",1.1666666666666643,0.14887424483457723,0.8334011876713073,0.8696206286486567,0.8511257551654224
1662,Demonstrations are particularly apt to degenerate into criminal conduct when they leave the site of the grievance and become mobile .,1.0009309527930395,0.13521066473674254,0.9086856572003141,0.8249386222539413,0.8647893352632571
1663,"Petty criminals and street people looking for excitement attach themselves like remora to the fringes of the crowd and use the protest as an excuse for rock throwing , auto trashing , arson , window breaking , looting , pocket picking and general hooliganism .",1.9949875002403878,0.27728418141604033,0.8656044558587865,0.6203176175873161,0.72271581858396
1664,Soon the whole purpose of the demonstration is lost in mob mania .,0.7692307692307683,0.12163758342391927,1.0,0.7831071547146135,0.8783624165760805
1665,There are better ways to promote a cause .,0.0,0.0,1.0,1.0,1.0
1666,"Where non-violent civil disobedience is the centerpiece , rather than a lawful demonstration that may only attract crime , it is difficult to justify .",1.0203910001730732,0.1337810417864552,0.9166473398618454,0.8210497752383229,0.8662189582135444
1667,"Some find no harm in the misdemeanors of trespass , minor property destruction , blocking traffic and the like .",1.3182263988300136,0.2109114642757555,0.810784496338016,0.7685234478006928,0.7890885357242444
1668,They say these are small prices to pay for galvanizing action for the all-important cause .,0.5,0.06896551724137931,1.0,0.8709677419354839,0.9310344827586207
1669,"The crimes may appear small , but the prices can be huge .",0.7692307692307692,0.12163758342391941,0.9475144363545468,0.8186176154790094,0.8783624165760802
1670,Here are two cases to illustrate .,0.0,0.0,1.0,1.0,1.0
1671,Assume a neighborhood demonstration to protest speeding on a certain road or a careless accident involving a police car .,1.0825742227201616,0.17788547591871634,0.9132115140275449,0.7475436544345786,0.8221145240812837
1672,"The protesters lie down in the street , blocking traffic , and will not move until the authorities carry them away .",1.080656250491697,0.1519710647087514,0.8439565115632379,0.8521408516951192,0.8480289352912486
1673,Assume that someone caught in the jam has a heart attack .,0.8333333333333313,0.13881350541022067,0.9999999999999998,0.7562138054198472,0.8611864945897788
1674,There is no way to get an ambulance in quickly to move him to a hospital .,0.9567448533229674,0.14179054826016252,0.9248434006019078,0.8005320022740542,0.8582094517398378
1675,He dies .,4.440892098500626e-16,1.4009454786722165e-16,1.0,1.0,1.0
1676,"The demonstration was non-violent and involved only a simple misdemeanor , but its impact on that individual was violent and terminal .",1.3756664775677452,0.19160873391644911,0.9043186175954425,0.7308635023776432,0.8083912660835509
1677,Assume that a TV network is airing a celebrity interview program with a live audience .,0.922180468885216,0.15659113209175438,0.9520789786278588,0.7570045183990946,0.8434088679082455
1678,The politician appearing is highly controversial and has recently generated a good deal of rancor amid certain groups .,1.0268302633856248,0.14569158960416023,0.9050645645825934,0.8089427800536537,0.854308410395839
1679,"In a planned protest against his appearance , several members of the studio audience chain themselves in front of the TV cameras in such a way that the program can not continue .",1.528733816258578,0.2195761231800092,0.858335336845335,0.7154795011650709,0.7804238768199908
1680,The network must refund money to the advertisers and loses considerable revenue and prestige .,1.0666666666666664,0.1580922723018029,0.9141692768185687,0.7802333000342245,0.841907727698197
1681,"The demonstrators have been non-violent , but the result of their trespasses has been to seriously impair the rights of others unconnected with their dispute .",1.2699826926405322,0.16898152394240912,0.8396121082258863,0.8225989773815054,0.8310184760575906
1682,"It might be alleged that TV has done more than its share to popularize and promote non-violent civil disobedience , so the second situation hypothesized above would be simply a case of `` chickens coming home to roost . ''",1.8937151490463595,0.22953730605303363,0.7876944835322108,0.7539686975788819,0.7704626939469662
1683,Or maybe the TV network would lose nothing .,0.5283208335737175,0.09090909090909072,1.0,0.8333333333333333,0.9090909090909091
1684,Geraldo or Phil would probably pull up another camera and interview the chained protesters .,0.13333333333333375,0.019378583500281706,1.0000000000000002,0.9619796142199877,0.9806214164997185
1685,"Let us look for a moment at another type of non-violent civil disobedience that only harms other people indirectly , yet does irreparable damage to the nation as a whole .",1.7009372888129208,0.23443331738129017,0.8175074421170463,0.7198317959768621,0.7655666826187097
1686,I am referring to those young men who chose to disobey their country 's call to arms during the Vietnam war and fled to Canada or some other sanctuary to avoid combat .,1.3127014066358633,0.16751972642080487,0.8509397728187775,0.8148046560913638,0.832480273579195
1687,"Their cowardly acts of civil disobedience , which they tried to hide under the cloak of outrage at a war they characterized as `` immoral , '' weakened the national fabric and threw additional burdens on those who served honorably in that conflict .",1.5512464406484314,0.19559735652423843,0.8546242621209904,0.7597559211370967,0.8044026434757613
1688,"Even more at fault are those leaders in and out of government who urged and supported their defections , thereby giving great help and comfort to the enemy propagandists .",1.7794692661751386,0.2290873497674831,0.8013632050031589,0.7426915278917783,0.7709126502325169
1689,It is amazing that the ensuing mass executions in Vietnam and Cambodia do not weight more heavily on minds so morally fine-tuned .,1.163255978354936,0.15087714453703696,0.8827488878188912,0.8179646122774028,0.8491228554629632
1690,"Worse , it remained to a well-meaning but naive president of the United States to administer the final infamy upon those who fought and died in Vietnam .",1.4205156253863347,0.17961929946313415,0.8705231945455547,0.7757000581789316,0.8203807005368661
1691,"Under the guise of `` healing the wounds of the nation , '' President Carter pardoned thousands of draft evaders , thus giving dignity to their allegations of the war 's `` immorality . ''",1.3670991837704065,0.17907272274900754,0.8676556220930571,0.7789749090022126,0.820927277250992
1692,"The precedent having been set , who can complain if future generations called upon to defend the U.S. yield to the temptation to avoid the danger of combat by simply declaring the war immoral and hiding until it is over ?",1.5548440478501044,0.18857137601474086,0.8291347744901716,0.794462890615251,0.8114286239852588
1693,"Finally , I think it important to point out the extraordinarily high visibility of non-violent civil disobedience in these days of intensive media coverage .",1.1949721192370877,0.15697003685609218,0.922337073757108,0.7762814394859516,0.8430299631439079
1694,"Give television a chance to cover live any breaking of the law , and no second invitation will be required .",1.1242685940207986,0.16469017608111783,0.8821347828891791,0.793205363983734,0.835309823918882
1695,This brings into question the motives of those who lead civil disobedience demonstrations .,0.9110633930116778,0.13590564473484446,0.9529943552357749,0.7903652024255984,0.8640943552651559
1696,Do they want the spotlight for themselves or for their cause ?,0.8333333333333321,0.13151128824149447,0.8919489837379184,0.8462309278638708,0.8684887117585053
1697,"Here is a good rule of thumb : If the movement produced the leader , the chance that he is sincere is much greater than if the leader produced the movement .",1.3990906229114675,0.19968328700338392,0.8755307585885171,0.737003132449438,0.8003167129966161
1698,"In either case , ask yourself whether you have become better informed on the issues under protest by watching the act of civil disobedience .",1.260391000173076,0.17735650686636648,0.8717086485970221,0.778807394948005,0.8226434931336334
1699,"If you have not , it is probable that a thorough airing of the dispute by calm and rational debate would have been the better course .",1.4353662037838353,0.19329192036721984,0.828378679864067,0.7861423916115992,0.8067080796327805
1700,Mr. Agnew was vice president of the U.S. from 1969 until he resigned in 1973 .,1.047180468885216,0.1622826213929938,0.9557963304855164,0.7456053878937332,0.837717378607006
1701,Gov. George Deukmejian and key legislators agreed to back a temporary one-quarter-cent increase in the state sales tax to raise $ 800 million for repairs and relief associated with last month 's earthquake .,1.1332154415582583,0.140665013502803,0.9400174357299964,0.7914078196154687,0.859334986497197
1702,"The tax increase , which will be considered at a special session of the state legislature that begins tomorrow , would cover only part of the estimated $ 4 billion to $ 6 billion in total damage caused by the Oct. 17 quake .",1.4914297486995798,0.18574415718066023,0.9141402276556982,0.7340492650326902,0.8142558428193392
1703,"Aside from as much as $ 3.45 billion in recently approved federal aid , the state is expected to draw from a gubernatorial emergency fund that currently stands at an estimated $ 700 million .",1.3977052725298247,0.18432361410807044,0.8614418938526122,0.7745283043647452,0.8156763858919291
1704,"`` I am not aware that there is anything but bipartisan agreement for the general outline '' of the revenue-raising plan , said a spokesman for the governor , after a Monday meeting with legislative leaders over the quake-relief question .",1.2608128886431622,0.16927148393055574,0.887111911671618,0.7810840777787111,0.8307285160694443
1705,"The tax increase -- on top of the current six-cent per dollar sales tax -- would become effective this Dec. 1 and expire Dec. 31 , 1990 .",1.3656725341974107,0.18124984173188866,0.8815061655925565,0.7643357250705629,0.8187501582681115
1706,The sales-tax plan was preferred over an alternative that would have boosted the state gasoline tax .,1.1920389709700272,0.1830442777338589,0.9576470440899713,0.7123080253412165,0.8169557222661415
1707,Some legislators expressed concern that a gas-tax increase would take too long and possibly damage chances of a major gas-tax-increasing ballot initiative that voters will consider next June .,1.5051289824739502,0.19651489592984414,0.9036911501550027,0.7232835997044583,0.8034851040701559
1708,"Despite continuing problems in its newsprint business , Kimberly-Clark Corp. posted a 20 % gain in third-quarter net income .",1.2559707739381851,0.17973545632156446,0.8674988193908126,0.7779083615083522,0.8202645436784353
1709,"The consumer-products and newsprint company said net rose to $ 108.8 million , or $ 1.35 a share , from $ 90.5 million , or $ 1.12 a share , a year ago .",1.0185056024438452,0.14654835464187316,0.9067932256654445,0.8060369915031825,0.8534516453581271
1710,Sales rose 6.2 % to $ 1.45 billion from $ 1.37 billion .,0.7392031134182169,0.12881246135523033,0.9420223909514854,0.8102604523825037,0.8711875386447697
1711,"After a flat second quarter tied largely to lower newsprint earnings , Kimberly-Clark attributed the gain to improved results in its consumer businesses in North America , Brazil and Korea .",1.6575509027501347,0.217935912310105,0.8054819836487965,0.7599693861592558,0.7820640876898952
1712,"Those gains came from higher prices , particularly for disposable diapers and tissue products , and from increased sales , primarily for feminine-care products , the company said .",1.1160182060896666,0.1587363335277866,0.8807698377271406,0.805149385371959,0.8412636664722136
1713,"Newsprint results continued to be depressed , the company added , because of industrywide price discounting .",1.1032286765978538,0.1613756085810984,0.9111017778161479,0.7768283446231852,0.838624391418902
1714,"The quarter-to-quarter comparison was also enhanced by charges taken in the year-earlier period , including $ 11 million related to the modernization of a pulp and newsprint mill in Alabama .",1.225806451612903,0.15438329443261056,0.9184125845921878,0.7835133099050834,0.8456167055673895
1715,"In the 1989 period also , interest expense and tax rates were lower than a year ago .",1.2005355819131553,0.17356073150654797,0.8955595571300715,0.7672240573230512,0.8264392684934518
1716,"In the first nine months , profit rose 10 % to $ 313.2 million , or $ 3.89 a share , from $ 283.9 million , or $ 3.53 a share .",1.1210719681539754,0.16297189954073776,0.8923008052415387,0.7882035959730701,0.8370281004592622
1717,Sales rose 6.7 % to $ 4.27 billion from $ 4 billion .,0.7392031134182169,0.12881246135523033,0.9420223909514854,0.8102604523825037,0.8711875386447697
1718,"In New York Stock Exchange composite trading , Kimberly-Clark closed at $ 66.50 a share , up $ 1.50 .",1.018226398830012,0.14493026662782568,0.9266548417315829,0.7937515507922055,0.8550697333721738
1719,"INTENSIVE AUDITS are coming to 55,500 taxpayers as research guinea pigs .",0.5629072918469564,0.08972515320930871,0.9448498934839928,0.8781408934467743,0.9102748467906915
1720,"This is the year : Unsuspecting filers of 1988 personal returns are being picked randomly for thorough audits to help the IRS update its criteria for enforcement , audit selection , and use of resources .",1.4035923614716896,0.17204091754003473,0.8617286597529442,0.7967364322370125,0.8279590824599654
1721,The last Taxpayer Compliance Measurement Program survey covered 1985 returns .,1.0909090909090917,0.18718559952799507,0.8669051185911276,0.7650772524126411,0.8128144004720049
1722,"The 1988-return project starts Jan. 1 and is to be done by May 31 , 1991 .",0.677045588489821,0.09634516426836677,0.8887754456007398,0.9190409136986413,0.9036548357316335
1723,Specially trained IRS agents will look for under-reported income and unsupported deductions and credits .,0.9006516669551301,0.13028132393502198,0.9575313698150203,0.7966591520174366,0.8697186760649779
1724,The agents will make more than routine inquiries about such items as marital status and dependents ; they want to look at living standards and business assets .,0.7237379466603722,0.09769047810133914,0.9590106766957023,0.8519389440539291,0.902309521898661
1725,But they also are to see that taxpayers get all allowable tax benefits and to ask if filers who sought IRS aid were satisfied with it .,1.5933166669871826,0.21323791548382573,0.7714661701738743,0.8026768145121256,0.7867620845161744
1726,"Courts have ruled that taxpayers must submit to TCMP audits , but the IRS will excuse from the fullscale rigors anyone who was audited without change for either 1986 or 1987 .",1.0625000000000018,0.13334355634384518,0.8787523634823545,0.8548890001354797,0.8666564436561551
1727,Rewards have been suggested -- but never adopted -- for filers who come through TCMP audits without change .,0.8163039475961522,0.12079104519348709,0.8931203022977523,0.8657243302175376,0.8792089548065126
1728,"PENALTY OVERHAUL is still likely , congressional sources say .",0.5999999999999996,0.09927436741713137,0.9315520459418732,0.8718740509574638,0.9007256325828685
1729,Long-debated proposals to simplify the more than 150 civil penalties and make them fairer and easier to administer are in the House tax bill .,0.9509775004326926,0.1328859423917263,0.8377784130297774,0.8985786841664943,0.8671140576082733
1730,But they were stripped from the Senate bill after staffers estimated penalty revenue would fall by $ 216 million over five years .,0.7612945654055201,0.1002999729880001,0.9515340385446429,0.8532215074174534,0.8997000270119999
1731,"Still , congressional aides say penalty reform is a strong candidate for enactment , even if not this time around , although some provisions may be modified .",1.2542648385272752,0.16959927521999638,0.8888172672743391,0.779189356766984,0.8304007247800035
1732,"Sen. Pryor -LRB- D. , Ark. -RRB- , a leader on the issue who generally backs the House plan , wants some changes -- for one , separate sanctions for negligence and large misstatements of tax owed , not a single penalty .",1.2714194061176078,0.16149557032462458,0.8789230341926265,0.8016398110156876,0.8385044296753754
1733,He would ease the proposed penalties for delayed payroll-tax deposits and for faulty Form 1099 and other reports that taxpayers correct voluntarily .,1.2617195655936468,0.16964118178806692,0.8605419220701146,0.8022212833722359,0.830358818211933
1734,The General Accounting Office urges Congress to ensure that all penalties retain their force as deterrents .,1.1764705882352953,0.17395277035436565,0.8558217422442106,0.7982748068156971,0.8260472296456344
1735,TAXPAYERS ' RIGHTS are defined by a growing number of states .,0.5629072918469555,0.08519839307066586,1.0000000000000002,0.84298098188371,0.9148016069293343
1736,The 1988 tax act created a federal bill of rights spelling out IRS duties to protect taxpayers ' rights in the assessment and collection of taxes .,1.3142201279764478,0.1695524969643959,0.9084723317578064,0.7647650796258855,0.8304475030356043
1737,States are following suit .,0.0,0.0,1.0,1.0,1.0
1738,California enacted a rights law in 1988 .,0.0,0.0,1.0,1.0,1.0
1739,"In 1989 , Illinois , Kansas , Ohio , Oregon and South Carolina have adopted rights laws , the Federation of Tax Administrators , a state officials ' group , reports ; the features vary .",1.4960636263867677,0.20590899354800946,0.8394782833201531,0.7533598151954514,0.79409100645199
1740,And taxpayer groups are urging legislation in many other states .,0.7958988638330435,0.13819300836452358,0.8516589220365601,0.8721998193769318,0.8618069916354766
1741,"One group is the Committee on State Taxation , which comprises 330 multistate corporations and advises the Council of State Chambers of Commerce .",1.213308978281824,0.1733925699808999,0.8658402702961666,0.7907758967485603,0.8266074300191001
1742,"The group 's Mark Cahoon says its efforts begun in 1989 have led to the introduction of bills in Massachusetts , Minnesota and Colorado to establish evenhanded procedures affecting all kinds of taxpayers .",1.5586387782262037,0.19414907301471074,0.8395448908323955,0.7747571296187425,0.8058509269852889
1743,The group also seeks uniformity among states in provisions for taxpayers ' rights .,0.7682062501545337,0.12242184314866547,1.0000000000000002,0.7818612602811749,0.8775781568513349
1744,"This week , New York City announced a 10-point policy patterned on the federal bill of rights for taxpayers .",0.9509775004326926,0.13407497041527855,0.9684637155259123,0.7830206266295318,0.8659250295847212
1745,"THE MILEAGE RATE allowed for business use of a car in 1989 has risen to 25.5 cents a mile for the first 15,000 from 24 cents in 1988 , the IRS says ; the rate stays 11 cents for each added mile .",1.5661584392737904,0.2091092907751636,0.908046951400249,0.700510788400497,0.7908907092248367
1746,Also unaltered : 12 cents for charitable activities and nine cents for medical and moving costs .,1.0299867649604098,0.16843742015640534,0.8519715791491174,0.8121085015047699,0.831562579843595
1747,"IRA BALANCES could be used to qualify for bank services under a bill entered by Reps. Chandler -LRB- R. , Wash . -RRB- and Andrews -LRB- D. , Texas -RRB- .",1.1374556428658078,0.14791405978528918,0.897417517739515,0.811113851192648,0.8520859402147107
1748,The bill would thwart a recent Labor Department opinion that investing individual-retirement-account funds to earn free checking violates the law .,1.350691808409537,0.1915062523474408,0.8568855330414169,0.7652755479604728,0.8084937476525591
1749,HUGO FELLED vast timberlands .,0.0,0.0,1.0,1.0,1.0
1750,South Carolina 's congressional delegation has entered Senate and House bills to provide special casualty-loss treatment and other tax relief for timber growers in the hurricane disaster areas .,1.6783115332088663,0.2284040024792705,0.852141475658414,0.7049620982295669,0.7715959975207298
1751,"HE RODE HIS HOBBY , but he could n't milk it , the Tax Court says .",0.5593985296662911,0.0757968653563108,0.9546386028264596,0.895648373203216,0.9242031346436893
1752,The court often weighs deductions of sideline-business costs : Do they stem from a profit-seeking activity or a nondeductible hobby ?,0.9056928575549446,0.12393995137946152,0.9086856572003141,0.8456960305983099,0.8760600486205381
1753,But it 's rare to see both functions in one case .,0.0,0.0,1.0,1.0,1.0
1754,"Charles O. Givens of Mount Vernon , Ind. - investment broker , ex-accountant , and son of a former stable owner - bred Tennessee Walking Horses for six years , raised cattle for four , and never made a profit on either .",1.7863428817007794,0.22785190591952836,0.8645541072711939,0.6975879055823865,0.7721480940804718
1755,"He claimed losses totaling $ 42,455 -- and the IRS denied them all .",0.7142857142857153,0.10351330597172509,0.9154387115169994,0.8783034747644116,0.8964866940282752
1756,"Special Judge Galloway noted that Givens managed horse-breeding in a businesslike way : He kept detailed accounts , practiced soil conservation , enhanced his experience by consulting experts , spent several hours a day doing chores , and dropped the sideline when his best brood mare died .",1.9926820935780132,0.2507253518329817,0.8247703726965518,0.6864409675371743,0.7492746481670186
1757,Yet he took little businesslike care with his cattle : He had no prior experience and did n't seek business counsel about them .,1.4276942711037686,0.1926999652716022,0.84910695193408,0.769416770272516,0.8073000347283978
1758,"The judge said Givens may deduct his $ 30,180 of losses from horse breeding , but rejected the $ 12,275 in deductions from the cattle operation .",0.9448064816417396,0.12398771529435394,0.9302701046325395,0.8277348152589823,0.8760122847056461
1759,BRIEFS :,0.0,0.0,1.0,1.0,1.0
1760,"The IRS already is doing intensive TCMP audits of 19,000 returns for 1987 and fiscal 1988 filed by corporations with under $ 10 million in assets ... .",0.8935553574519242,0.11747754297506091,0.9518402839168151,0.8226154374784738,0.8825224570249389
1761,"President Bush says he will name Donald E. Kirkendall to the new Treasury post of inspector general , which has responsibilities for the IRS ... .",1.3523561330280822,0.18193608242976292,0.8610655294728723,0.779153016504435,0.818063917570237
1762,"The U.S. and Finland signed an income-tax treaty , subject to ratification .",1.039213461871304,0.16335555278309621,0.8791667763273404,0.798045672073436,0.8366444472169037
1763,"An arbitrator awarded Eastern Airlines pilots between $ 60 million and $ 100 million in back pay , a decision that could complicate the carrier 's bankruptcy-law reorganization .",0.9317086209880667,0.11709785039072602,0.9378099119940857,0.834068344499361,0.8829021496092742
1764,"Eastern , a unit of Texas Air Corp. , said it is examining the ruling to determine if it can appeal .",0.7615857955528833,0.1050725987975448,0.9135180631588851,0.87707831091608,0.8949274012024551
1765,"It 's unclear whether Eastern will succeed in overturning the arbitrator 's decision , made in a long-simmering `` pay parity '' dispute that predates both the carrier 's Chapter 11 petition and its 1986 acquisition by Texas Air .",1.5943609377704346,0.19269515166877213,0.8586053836324202,0.7617889658549637,0.8073048483312281
1766,All Eastern 's previous court efforts to head off the pilots ' demands have failed .,0.672180468885216,0.09496999265525848,0.9275954049300443,0.883536422376492,0.9050300073447415
1767,An Eastern spokesman said he does n't expect that the arbitrator 's ruling `` will have any overall material effect on the company 's strategic plan . '',1.0539205358688184,0.13777232642674117,0.920272091667214,0.8110709128749417,0.8622276735732586
1768,Bankruptcy experts said the law is n't clear on how such an arbitration ruling can affect a company 's case .,0.9290369049679494,0.1288132889519069,0.9428359132356233,0.8096581268884937,0.8711867110480931
1769,"Like any other creditor , the pilots will have to apply to the court for payment of their claim .",1.1999999999999993,0.1722067629769032,0.8884144792397048,0.7749165610536798,0.8277932370230968
1770,"That may leave a lot of leeway for U.S. Bankruptcy Judge Burton R. Lifland to decide what , if anything , the pilots actually collect .",1.434008173659394,0.1910652347690987,0.8924683613794161,0.7397000373001853,0.8089347652309008
1771,"In August , he issued the ruling that let the pilots pursue their back-pay grievance before the arbitrator .",0.7626434208248947,0.11328323361690491,0.8867167663830945,0.8867167663830945,0.8867167663830944
1772,The pilots ' contract with Eastern calls for a mutually acceptable private arbitrator to resolve such grievances .,0.8197159723424141,0.1123219893405531,0.9357984199032583,0.8442644404702333,0.8876780106594467
1773,"In a statement to employees , Eastern said the company was disappointed by the ruling .",0.672180468885216,0.10367621836518685,0.9207767444026483,0.8731360084470113,0.8963237816348131
1774,"`` The obligation is totally unwarranted , '' the statement said .",0.5,0.07496336164077998,0.9487436426212901,0.9024855221679389,0.9250366383592199
1775,"James Linsey , a lawyer for the Air Line Pilots Association , said the pilots were extremely pleased .",0.9010218673033519,0.13501962307507986,0.9086970743588199,0.8252769554245036,0.8649803769249198
1776,"`` This is a blow not only to Eastern but to the creditors committee , '' he said .",0.7110407897014124,0.09655945259825123,0.9034405474017482,0.9034405474017482,0.9034405474017482
1777,"Eastern 's creditors committee , along with the company , has consistently opposed the pilots ' claim , which if paid would have to come out of money both hope to use to pay off other bankruptcy claims .",1.2301068833599267,0.1481791532278268,0.9078291594587742,0.8023217873168622,0.8518208467721735
1778,"Eastern and its creditors are in the final , delicate stages of negotiating a second reorganization plan to pay off the airline 's debts .",1.050586500259615,0.13649768593564657,0.8737863170447057,0.853457569692517,0.8635023140643532
1779,"An earlier plan , which had received the creditors ' approval in July , fell apart when Eastern changed its business plan .",0.968028804630019,0.12809093650872144,0.8884968304150558,0.8559293148949079,0.8719090634912787
1780,It is n't known whether the pilot claim was figured into either plan .,0.4824919644402481,0.0735417556899433,0.9551046883087149,0.8994801465563352,0.9264582443100571
1781,The dispute between Eastern and its pilots is over a `` pay parity '' clause in the pilots ' contract .,1.0416334752822465,0.149207715308409,0.9022719797579933,0.8048699250911889,0.8507922846915905
1782,The clause was part of an agreement in which pilots accepted a substantial pay cut as long as no other labor group got a raise .,1.9370972298692406,0.2789528053704748,0.8905489230255283,0.6057520004037602,0.7210471946295249
1783,"Shortly after Texas Air took control of Eastern , some Machinists union supervisors received a 20 % pay raise .",1.018226398830012,0.14493026662782568,0.9677804087528674,0.7658737292947779,0.8550697333721741
1784,The pilots argued that this triggered a pay raise for them .,1.0629072918469546,0.17404686581748618,0.9380126787441936,0.7378106902709923,0.8259531341825137
1785,"Eastern has disputed the claim , but a federal district court , an appeals court and now the arbitrator have all sided with the pilots .",1.3178716348650141,0.19148803482756116,0.8305827792519479,0.7875837507088624,0.8085119651724386
1786,The two sides do n't even agree about how much money is at issue .,0.5836591668108966,0.08715508189603577,0.8715882856335804,0.9582013815667277,0.912844918103964
1787,"The pilots put the amount as high as $ 100 million , the company at $ 65 million .",0.9215671054908894,0.13273883565311487,0.9232534731009764,0.8176720256604232,0.8672611643468849
1788,"Another arbitrator is hearing another pay parity case between Eastern and its pilots , resulting from a similar set of circumstances involving a separate pay raise granted another union .",1.5161314485121347,0.21114104145311796,0.8662475655955114,0.7241637955915321,0.7888589585468823
1789,A decision on that case is n't expected before mid-November .,0.18181818181818166,0.03025375536532712,1.0,0.9412693131031604,0.969746244634673
1790,"Ironically , many of the pilots involved have left Eastern or are still striking the carrier , which filed for bankruptcy protection March 9 .",0.9901955000865357,0.12412327232245246,0.897268911731486,0.8554808316795566,0.8758767276775472
1791,About 800 have crossed the picket lines and returned to work .,0.33333333333333215,0.048757238916030385,0.9512427610839693,0.9512427610839693,0.9512427610839693
1792,Few people in the advertising business have raised as many hackles as Alvin A. Achenbaum .,1.2193609377704338,0.18671387687350505,0.8762637211822506,0.758754017779876,0.813286123126495
1793,"The general public may not know his name , but he 's famous -- make that infamous -- in advertising circles : A marketing consultant , he pioneered slashing ad agency commissions , to the delight of advertising clients and the dismay of agencies .",1.9073233324250802,0.25323870645641555,0.7358572159337073,0.7579933893445333,0.7467612935435847
1794,"Now , after beating them , Mr. Achenbaum is joining them .",0.3962406251802886,0.06862872982967268,0.9213328697403964,0.941630827397726,0.9313712701703271
1795,"Backer Spielvogel Bates Worldwide named Mr. Achenbaum , 62 , vice chairman of professional services , reporting directly to Carl Spielvogel , chairman and chief executive officer .",1.2753394980195258,0.1785541409698186,0.9229770993073912,0.7400385989177568,0.8214458590301817
1796,"He joins Nov. 13 , dissolving his consulting firm , Canter , Achenbaum Associates .",0.6666666666666661,0.10235734821229665,0.9310922587103624,0.8665130607049907,0.8976426517877029
1797,"In years past , the ad industry 's most distinguished executives did n't hesitate to excorciate Mr. Achenbaum .",0.8421052631578902,0.1100251888490768,0.9151471198216905,0.8661502256146908,0.8899748111509228
1798,"They have since mellowed , although one senior Young & Rubicam executive , echoing others , said : `` I think ad agencies owe Carl -LCB- Spielvogel -RCB- a vote of thanks for getting him out of the consulting business . ''",1.5678207483801039,0.1841418657664081,0.8469301122904007,0.7869853942673919,0.815858134233592
1799,"But industry executives also believe hiring Mr. Achenbaum is a shrewd move for Backer Spielvogel , a unit of Saatchi & Saatchi .",1.3158548915865413,0.17411577482688828,0.9228566317652893,0.7473534343549353,0.8258842251731119
1800,"Mr. Achenbaum has counted among his clients some of the most visible blue-chip advertisers in the country , including Nissan , Toyota , Seagram and Backer Spielvogel clients Hyundai and J.P. Morgan .",1.352399711608812,0.1832280946119515,0.9024289148744579,0.7459660805876291,0.8167719053880488
1801,"At Backer Spielvogel , he will work with clients and potential clients on marketing strategies ; aside from agency compensation issues , he helped Nissan , for example , come up with its positioning and pricing for its new Infiniti line .",1.3841579593994204,0.1835168374603376,0.8442871577777887,0.7904520603036688,0.8164831625396626
1802,"His client contacts , meanwhile , could prove a gold mine for an agency that has had few new business wins of late .",0.9318553323583467,0.12042477933242227,0.9449853380165482,0.8226340318532442,0.879575220667578
1803,"`` I 've done over 40 ad agency searches -LCB- for clients -RCB- , so I have a pretty good notion of what clients are interested in when they look for an agency , '' Mr. Achenbaum said .",1.208190140481122,0.14381803126463039,0.8820530936108516,0.831785229251741,0.85618196873537
1804,"As a consultant , he has given seminars at agencies including Ogilvy & Mather on how to win new business .",0.5480845240155672,0.06976993071191127,0.9416462074179802,0.9190874247242985,0.9302300692880884
1805,"Mr. Spielvogel said he hopes Mr. Achenbaum will do some strategic consulting at the agency for `` non-clients , in hopes that they become clients . ''",0.842773611191241,0.10913653706627242,0.9138528045078769,0.8690024007142666,0.8908634629337279
1806,"At Backer Spielvogel , Mr. Spielvogel 's hallmark has been personal involvement with all major clients .",0.9411764705882355,0.1301090821670066,0.9639554355610527,0.7925522349399121,0.8698909178329933
1807,He pampers them ; he invites them to fabulous parties ; he strokes them .,0.7673183336217946,0.14629075248462906,0.9241885985742668,0.7932178304750885,0.8537092475153706
1808,"Mr. Achenbaum , too , delves into his clients ' business .",0.5629072918469555,0.08972515320930857,0.8781408934467743,0.9448498934839928,0.9102748467906915
1809,`` Carl has a much higher degree of intimacy with his clients than is ordinary for an agency his size .,0.8571428571428559,0.12288590858479824,0.9145769651947636,0.842599554153438,0.8771140914152017
1810,"And with Al 's record of being a delver and a detail guy , you can see how the two fit , '' said Alan Gottesman , an analyst with PaineWebber .",0.8003012648261505,0.1012716754151847,0.9400638859703417,0.8608747880560583,0.8987283245848152
1811,"Mr. Achenbaum 's move follows the announcement last month that his consulting partner , Stanley Canter , 66 , would retire .",1.0731654761107636,0.15222639563762427,0.8499127468559452,0.8456452028357941,0.8477736043623756
1812,"When the announcement came out , `` I picked up the phone and said , ` Why do n't you come to us ? ' '' Mr. Spielvogel said .",1.0121509325533422,0.12863659596969845,0.8831307294041504,0.859905543954125,0.8713634040303017
1813,"Mr. Achenbaum , who had been considering paring down his firm or merging it with another small consulting outfit , soon agreed .",1.0549853263691507,0.1380091834990221,0.855929314894908,0.8681387828516732,0.8619908165009782
1814,"The two men are longtime friends and tennis partners , having met about 25 years ago .",0.7058823529411775,0.09758181162525506,0.9327582689385657,0.8739896893001767,0.9024181883747451
1815,"Before becoming a consultant in 1974 , Mr. Achenbaum was a senior executive at J. Walter Thompson Co .",0.8163039475961531,0.12467494869515128,0.9645678806564791,0.8011974272079131,0.8753250513048486
1816,"He spent most of his career formulating marketing strategies , but became best-known for chipping away at ad agency compensation .",1.1602156179333463,0.16017407720537008,0.9141313198248501,0.7766922921176179,0.8398259227946298
1817,"Ad agencies typically earned a straight 15 % commission ; if a client spent $ 100 million on TV time , the agency made $ 15 million .",1.2418178547559622,0.16967108871066,0.9188920935731415,0.7573365189834106,0.8303289112893399
1818,"But Mr. Achenbaum pioneered negotiated fees , which often worked out to less than 15 % .",0.7058823529411793,0.0945077330248678,0.8778381039203459,0.9349454589164967,0.9054922669751326
1819,"More recently , he negotiated `` indemnification '' clauses in which an ad agency in some cases must pay a client if it drops the account .",1.180529740034343,0.15866575207834563,0.8449292858872514,0.8377696729554343,0.8413342479216549
1820,"He ultimately became so well-known for cutting compensation , however , that clients did n't seek him out for anything else .",1.159535227469406,0.1648927917773453,0.8572725248372385,0.8140591991367385,0.8351072082226545
1821,"`` I was very frustrated , '' he said .",0.5999999999999988,0.09927436741713123,0.9315520459418732,0.8718740509574638,0.9007256325828685
1822,"`` The fact of the matter is , I am a marketer .",0.5196067309356529,0.08894239330352247,0.8963621598021588,0.9262429352121896,0.9110576066964777
1823,That 's another reason -LCB- for the Backer Spielvogel job -RCB- .,0.5629072918469564,0.08972515320930873,1.0,0.8353251681030535,0.9102748467906915
1824,It struck me as a way to get back to what I really want to do . '',0.7505430557959407,0.10504653595757407,0.9350109973806344,0.8581871988081291,0.8949534640424257
1825,Mr. Spielvogel added pointedly : `` The pressure on commissions did n't begin with Al Achenbaum . '',0.8888888888888884,0.12296596988728785,0.9344892165434507,0.8262346571285599,0.877034030112712
1826,"Mr. Spielvogel said Mr. Achenbaum will work with clients to determine the mix of promotion , merchandising , publicity and other marketing outlets , and to integrate those services .",0.8000000000000016,0.10371924878009305,0.9518541073929714,0.8468386511978442,0.8962807512199074
1827,"He will concentrate on , among others , J.P. Morgan and Hyundai .",0.36576057708949783,0.0610017258199067,0.9299916270173645,0.9481810799010795,0.9389982741800933
1828,"Mr. Achenbaum helped Morgan in its recent agency search , and he has a long relationship with Hyundai , which is having severe troubles , including declining sales .",1.1815400864307044,0.15435335005524084,0.8702043988724563,0.8224369308457236,0.8456466499447592
1829,"`` The trail of revenue is increasingly going away from pure advertising , and going towards other services , '' Mr. Spielvogel said .",0.594360937770432,0.0751509228069507,0.9695691147396885,0.8840724550988276,0.9248490771930492
1830,"Instead of being just an ad agency , he said : `` We have redefined our mission here .",1.2770875003415973,0.17691212463143668,0.8399590501894042,0.8068810948034961,0.8230878753685629
1831,"Our mission is to help our clients grow , and to use every tool of marketing communications to accomplish that . ''",0.9090909090909092,0.1272301527695398,0.9195685880039869,0.8305037972314823,0.87276984723046
1832,Industry executives are wishing Mr. Achenbaum well .,0.25,0.043478260869565216,0.9999999999999999,0.9166666666666666,0.9565217391304347
1833,"Leonard Matthews , then-president of the American Association of Advertising Agencies , called Mr. Achenbaum a `` quisling '' in an incendiary 1987 speech .",1.1166458784357438,0.15973361634158165,0.9072124356134372,0.7825216555732979,0.8402663836584181
1834,"Yesterday , Mr. Matthews , now a consultant with the Stamford , Conn. , firm Matthews & Johnston , quipped , `` I think he 'll be very good at that -LCB- new job -RCB- .",1.3100349849647248,0.1705379859727826,0.8537214104069704,0.8065432353652107,0.8294620140272171
1835,And much better at that than at -LCB- the price-cutting -RCB- he 's been doing recently . '',1.0147034725827995,0.14285714285714277,0.8264084183730028,0.8902516496070951,0.857142857142857
1836,Cotton Inc . Campaign,0.5,0.14285714285714285,1.0,0.75,0.8571428571428571
1837,"Cotton Inc. , the fiber company that represents cotton growers , will begin a new ad campaign , developed by Ogilvy & Mather , Thanksgiving Day .",1.2364473327871934,0.17816258523155268,0.8436964235280344,0.8010824745552017,0.8218374147684475
1838,"J. Nicholas Hahn , Cotton Inc. 's president and chief executive , was an outspoken critic of WPP Group 's acquisition of Ogilvy Group earlier this year .",1.2906773388363453,0.18623210369303916,0.9347700663072388,0.7205018698445809,0.8137678963069612
1839,"During the takeover , Mr. Hahn said he would put his account up for review if WPP 's bid were successful , but he did n't .",0.9546087966969425,0.1198869665574147,0.926459326671304,0.8381827897351751,0.8801130334425858
1840,Cotton Inc. 's new $ 9 million campaign calls cotton the `` Fabric of Our Lives . '',0.5974937501201927,0.07717208180737689,0.9698357992989892,0.8801663115996204,0.9228279181926231
1841,The campaign replaces its `` Take Comfort in Cotton '' ads and marks the end of its national cooperative advertising efforts .,1.2327007035801678,0.16834363919663453,0.8991947487527073,0.773554773297953,0.8316563608033651
1842,"For years , the company 's ads were tied in with pitches for Cannon sheets or Martex towels , for example , and an announcer at the end of the ads would tell customers where to `` find the true performance label . ''",1.2536649876984125,0.15603428716812703,0.8923312507327333,0.8005735633484162,0.8439657128318729
1843,"With the new TV spots , Ogilvy & Mather has opted for a family style with lots of laughter , hugs and tears .",1.281453645923479,0.17744230163155425,0.9134422680340324,0.7481219672546962,0.8225576983684459
1844,"`` We 're making a fairly obvious plea for some emotional reaction , '' says Tom Rost , creative director at Ogilvy & Mather .",1.1305865002596143,0.14426034718253927,0.905441125497873,0.8112106777124118,0.8557396528174608
1845,"Cotton Inc. will spend nearly $ 2 million on broadcasting on Thanksgiving Day alone , advertising on such programs as `` Good Morning America , '' `` Macy 's Thanksgiving Day Parade '' and the NFL holiday game .",1.7748533576634236,0.2197143895361909,0.8481831025589683,0.722452886599119,0.780285610463809
1846,Frank Mingo Dies at 49,0.40000000000000036,0.09425390072448082,1.0,0.8277293767706427,0.9057460992755192
1847,"Frank L. Mingo , one of the pioneers of advertising targeted at black audiences , died at the age of 49 after a stroke .",1.0807820003461535,0.15514771457157303,0.9159023647600363,0.784031906227251,0.8448522854284268
1848,"Mr. Mingo was chief executive officer of the Mingo Group , which he founded in 1977 and which created ads for the black market .",1.1607820003461535,0.15179711894632045,0.923092866769408,0.7845525873758169,0.8482028810536795
1849,Clients include Miller Brewing Co. and General Motors .,0.7505430557959407,0.15967580893929892,0.8658072050385711,0.8162983545263646,0.8403241910607011
1850,"Mr. Mingo was hospitalized Sept. 23 and died Monday , according to Samuel J. Chisholm , the agency 's president and chief operating officer .",1.475863878089589,0.20753324867968903,0.8756913430462131,0.7236883324376813,0.7924667513203109
1851,Ad Notes ... .,0.0,0.0,1.0,1.0,1.0
1852,EARNINGS :,0.0,0.0,1.0,1.0,1.0
1853,"Omnicom Group Inc. , New York , reported third-quarter net income rose 54 % to $ 5.6 million , or 22 cents a share , from $ 3.6 million , or 15 cents a share , a year earlier .",0.9064396837797402,0.12398383959963753,0.9166212748417539,0.8388559474728814,0.8760161604003621
1854,Revenue increased 20 % to $ 246.6 million from $ 204.8 million .,0.8930492672643711,0.1599084557430459,0.9384541072426582,0.760392249474655,0.8400915442569541
1855,"Prime Minister Lee Kuan Yew , Singapore 's leader and one of Asia 's leading statesmen for 30 years , recently announced his intention to retire next year -- though not necessarily to end his influence .",1.392588849603528,0.16839936588784432,0.8985473647382689,0.7739379887291203,0.8316006341121561
1856,"The prime minister , whose hair is thinning and gray and whose face has a perpetual pallor , nonetheless continues to display an energy , a precision of thought and a willingness to say publicly what most other Asian leaders dare say only privately .",1.6470195089136306,0.21413854638946686,0.8052240565456865,0.767408179945054,0.7858614536105332
1857,"The 66-year-old Mr. Lee recently spent an hour discussing the state of Asia and the world with two Journal reporters in his plainly furnished , wood-paneled office .",1.695855123405857,0.23251577681483715,0.7937385721376363,0.7429110859143749,0.7674842231851626
1858,The interview did not touch on Singapore 's domestic affairs .,0.0,0.0,1.0,1.0,1.0
1859,"Skipping personal pleasantries , Mr. Lee picked up exactly where he left off several months earlier -- before the government crackdown in China -- when he had warned that the orthodox leadership in Beijing feared a plurality of views .",1.539595223136847,0.18940070925183483,0.8613144461265165,0.7655243623554434,0.8105992907481653
1860,Excerpts follow :,4.440892098500626e-16,1.4009454786722165e-16,1.0,1.0,1.0
1861,"On China 's turmoil : `` It is a very unhappy scene , '' he said .",0.39734632365667544,0.05268248428027065,0.9273917408862826,0.9681183349461695,0.9473175157197296
1862,"`` It took Zhao Ziyang -LRB- former premier and party chief -RRB- 10 years to build a team of economists who understood how the Western economies work and now that team is part in exile , part being rusticated and part missing . ''",1.4159946028135915,0.1580807349915261,0.8852328470148864,0.8026465501630144,0.8419192650084738
1863,"Rebuilding that team , Mr. Lee predicted , will take another 10 years .",0.482491964440249,0.07047275413188371,0.9417607907978354,0.9176074546284199,0.9295272458681164
1864,"`` That 's very sad for China and for Asia because China could have been a good engine for growth , not just for Hong Kong and Taiwan but for Japan , Korea and the rest of Asia . ''",1.6146795355987678,0.21662827266231588,0.8435944080021318,0.7311745007432907,0.7833717273376839
1865,"On similarities between China and the Soviet Union : `` In important particulars , the Soviets are different from the Chinese .",1.30704034100743,0.1867802929844116,0.8391371760079746,0.7888552386408018,0.8132197070155885
1866,They are already industrialized ... .,0.0,0.0,1.0,1.0,1.0
1867,Their problem is one of inefficiency of an industrial economy .,0.2504443183784977,0.04215420901973559,1.0,0.9191017823372102,0.9578457909802645
1868,The Chinese problem is much greater -- it 's how to industrialize to begin with . '',0.35294117647059053,0.04801008726404247,0.9083785779402593,0.9999999999999998,0.9519899127359577
1869,"Asked if the Soviets , like Chinese officials , wo n't one day face a similar conflict between the desire to liberalize economically and yet retain political control , Mr. Lee said , `` I would think that the Soviets face a deeper dilemma because they have been more in blinkers than the Chinese -- I mean keeping their people cut off from the outside world . ''",1.6587351105804613,0.1852792085154209,0.8314719142952142,0.7986312873830387,0.8147207914845793
1870,"Mikhail Gorbachev , he said , is ahead of China 's leaders in his awareness of the world .",0.7507717108679106,0.10250799637730953,0.9292436381193486,0.8678385403073833,0.8974920036226898
1871,`` But I think the Soviet peoples are more introverted than the Chinese . '',0.2666666666666657,0.03662778332762911,1.0000000000000002,0.9293328156610813,0.963372216672371
1872,"Regardless , he said , he still believes the Soviet Union , while falling far short of the efficiency of a Western economy , may well manage to improve considerably .",1.1815867897771186,0.157192519728682,0.872383976334793,0.8151706903172843,0.8428074802713179
1873,"On Asia-Pacific prosperity : `` If America can keep up the present situation -- her markets open for another 15 years , with adjustments , and Japan can grow and not cut back , and so too , Korea , Taiwan , Hong Kong , Singapore , ASEAN , Australia and New Zealand -- then in 15 years , the economies of these countries would be totally restructured to be able to almost sustain growth by themselves . ''",1.826008586194396,0.2188113647372037,0.8242334046419247,0.7424166637619122,0.7811886352627964
1874,"In such an arrangement , `` all benefit , '' he said .",0.5196067309356511,0.07904470615755642,0.8921933958410667,0.9516333757650957,0.9209552938424435
1875,"`` And if the Europeans come in , they benefit too .",0.16666666666666696,0.024987787213593373,0.9512427610839695,1.0000000000000002,0.9750122127864068
1876,It 's not a zero-sum game . '',0.0,0.0,1.0,1.0,1.0
1877,"Asked about the possibility of greater economic cooperation among Asia-Pacific nations , which will be discussed Nov. 6 and 7 at a ministerial meeting in Canberra , Mr. Lee said the goal `` is to have a free and open world trading system . ''",1.5630821428363815,0.18202733957003778,0.8664257173889413,0.7746518653498162,0.8179726604299618
1878,"An Asian bloc is n't intended , he said .",0.40000000000000036,0.0640629745212681,0.9359370254787319,0.9359370254787319,0.9359370254787319
1879,`` That 's not possible . '',0.0,0.0,1.0,1.0,1.0
1880,On U.S.-Japan relations : `` I 'm encouraged .,0.44444444444444464,0.07538827312875093,0.924611726871249,0.924611726871249,0.924611726871249
1881,I think the earlier strident notes struck by -LCB- U.S. Commerce Secretary Robert -RCB- Mosbacher and -LCB- U.S. Trade Representative -RCB- Carla Hills have been more rounded .,2.3117519983285906,0.31655009478965257,0.7646289322606263,0.6178536930538863,0.6834499052103472
1882,"I believe the U.S. is becoming more patient and circumspect , '' he said .",0.5836591668108975,0.08381746371967395,0.8762917220841228,0.9598784086543215,0.9161825362803259
1883,`` It 's the total relationship that is important . '',0.18181818181818077,0.028527620086804616,1.0,0.9445272649374314,0.9714723799131952
1884,"The total relationship , as Mr. Lee sees it , is `` the flow of dollars to the U.S. to fund the deficits , the investments the Japanese are making in the U.S. in order to satisfy American demand that American products consumed in America should be made as much as possible in America by Americans with Japanese technology and capital . ''",1.913715775200738,0.22756313957131197,0.8175924834824223,0.7320080638447503,0.7724368604286881
1885,"Japan 's recent political turbulence , Mr. Lee said , may mean Japan will slow market adjustments .",1.153049305675749,0.1710157788240554,0.8816150136904746,0.7822833462533587,0.8289842211759446
1886,"`` They 'll be more timorous in tackling their own voters , like opening up more to agricultural imports from America , hurting their farmers . ''",1.00072407439459,0.13229663335651934,0.8572509373747415,0.8784138343394783,0.867703366643481
1887,"On U.S. military presence in Asia : Asked if his offer to allow the American military to use facilities in Singapore would help preserve America 's presence in the region at bases in the Philippines , he said , `` What we have done is make it easier for the Philippines to continue to host American bases without it being said they are lackeys of the imperialists and the only ones in Asia or in Southeast Asia .",1.830862256254055,0.21262332176234974,0.8137329216483472,0.7626741915842502,0.7873766782376506
1888,"We are willing to share the political burden of being host to America , an imperial power .",0.7505430557959416,0.101877891164004,0.9675054986903171,0.838024294014567,0.898122108835996
1889,"We think it is n't such a great burden , that it carries no stigma , and we are prepared to do it . ''",1.1647766191505484,0.15692416236976817,0.8717314802841468,0.8162441789827278,0.8430758376302316
1890,On U.S.-Philippine relations : `` It 's such a mixed-up relationship going back into history ... .,0.8679345589507941,0.11878138953166449,0.9318940048406843,0.8357703188265421,0.8812186104683357
1891,I really do not understand how it is that Filipinos feel so passionately involved in this father figure that they want to dispose of and yet they need .,1.7492777914896749,0.2468278131751398,0.7405260770229168,0.7662577209833592,0.7531721868248603
1892,I just do n't understand it .,0.8571428571428585,0.1801641173923506,0.8722165935233486,0.7733901638509398,0.8198358826076496
1893,My relationships with the British are totally different .,0.0,0.0,1.0,1.0,1.0
1894,They lorded it over me .,0.7924812503605785,0.18103744911964753,0.9999999999999998,0.6934264036172707,0.8189625508803525
1895,They did me some good .,0.666666666666667,0.1480409554829327,0.8519590445170674,0.8519590445170674,0.8519590445170674
1896,They did themselves even more good .,1.4285714285714297,0.3412623489149147,0.5467803277018796,0.8283480523167006,0.6587376510850855
1897,They let me down when the Japanese came down -LCB- during World War II -RCB- ... .,0.79469264731335,0.1112245543992603,0.8604398045360281,0.9190409136986412,0.88877544560074
1898,I do n't feel down or done in because I show British serials on my television network or read their books .,0.9211210230222893,0.12360245121494211,0.9379239034195225,0.8224463431569606,0.8763975487850575
1899,I mean it is a normal adult relationship .,0.44444444444444464,0.07538827312875093,1.0,0.8597933880952316,0.924611726871249
1900,"`` But the Filipinos and the Americans , when I talk to them , there 's so much passion about Filipino manhood being diminished as a result of being squatted upon by the Americans and so on .",1.6179985119832647,0.2023504749976042,0.803639253613297,0.7917484217979954,0.7976495250023958
1901,The occasional Englishman tries to put on airs but we let it pass ... .,0.45032583347756283,0.06593232622615076,0.8762917220841228,1.0,0.9340676737738488
1902,It 's just comic when they try to pretend they 're still the master race . '',0.5149933824802062,0.071632874688382,0.9659470024203421,0.8936018158887534,0.9283671253116181
1903,Mr. Lee added that the Filipinos are `` making it very difficult '' for the U.S. military presence to last beyond five or 10 years .,0.7024870194804,0.08372209831665128,0.9366936967069163,0.8967330721868084,0.9162779016833483
1904,On military alternatives if the U.S. pulls back : `` The Soviets already are present .,1.0471804688852169,0.1506123471490877,0.8436627231756523,0.8551908098600887,0.8493876528509122
1905,"I suppose sooner or later , the Japanese would have to fill up a large part of the gap on the naval side .",1.114786979256813,0.15088195184300476,0.8431973626062352,0.8551224683162827,0.8491180481569954
1906,"Maybe the Chinese , maybe even the Indians . ''",0.6754887502163456,0.1306967351133348,0.9182485351882309,0.8253117886877818,0.8693032648866649
1907,On economic consequences of a diminished U.S. presence : `` America is the only major power in recent history that has used its military might to sustain a system that enables all participants to equally benefit without her as the provider of the security taking royalties . '',1.673866802161763,0.20209072585683446,0.8514418042682782,0.7507100325383669,0.7979092741431658
1908,"Asked why so few nations seem to share his views of America , he said , `` Many people see it that way .",1.0629072918469555,0.13386149883052484,0.8483321484473488,0.884708385136258,0.866138501169475
1909,But they have just taken it for granted . '',0.40000000000000124,0.06406297452126825,1.0,0.8795880017344075,0.9359370254787319
1910,On Cambodia : `` Let 's assume that -LCB- former Cambodian leader Prince Norodom -RCB- Sihanouk does what the press wants him to do and joins up with -LCB- Vietnamese-backed Cambodian leader -RCB- Hun Sen .,1.5147034725827986,0.18566001239205063,0.8644318387109358,0.7697355690884403,0.8143399876079489
1911,Is the trouble over ?,0.0,0.0,1.0,1.0,1.0
1912,Can Sihanouk and Hun Sen knock off the Khmer Rouge still supported by China ?,1.167318333621794,0.175630009319595,0.9535893787980597,0.7259919676785178,0.8243699906804047
1913,He ca n't .,0.0,0.0,1.0,1.0,1.0
1914,`` What is the way forward ?,0.0,0.0,1.0,1.0,1.0
1915,To get the Khmer Rouge as part of a process for elections .,0.6734528847818053,0.11018459817862249,0.9464536648194255,0.8395731484939801,0.8898154018213775
1916,"And when they lose , then we can expect China to stop aid .",0.4285714285714288,0.06210798358303499,0.9188689831762744,0.9577193557584996,0.9378920164169652
1917,Let 's put it bluntly .,1.0000000000000004,0.23981246656813157,0.8262346571285601,0.7039180890341349,0.7601875334318687
1918,The Chinese can not be seen to have made use of the Khmer Rouge and then discard them . '',0.7754887502163452,0.10112827225986523,0.9354689143671634,0.865030226282342,0.8988717277401346
1919,Ms. House is vice president of Dow Jones International Group .,0.9777170456512252,0.2074517702511737,1.0000000000000002,0.6563808586606826,0.7925482297488265
1920,Mr. Wain is editor of The Asian Wall Street Journal .,1.228161364029722,0.23055120343732743,0.9999999999999999,0.6252879152150299,0.7694487965626726
1921,Everything looked good as neurosurgeon Walter Levy and colleagues carefully cut away a woman 's spinal tumor at the Cleveland Clinic in 1978 .,1.3333333333333357,0.17920301416430284,0.879929224303086,0.7691118033168048,0.8207969858356975
1922,"Using small electrical shocks applied to her feet , they were able to monitor sensory nerves .",0.8679345589507914,0.12273356143883374,0.9634582931076163,0.8052298448066285,0.877266438561166
1923,"The shocks generated nerve impulses that traveled via spine to brain and showed up clearly on a brain-wave monitor , indicating no damage to the delicate spinal tissue .",1.7163599141661194,0.22372676944565556,0.8477372287437976,0.7159212781010825,0.7762732305543452
1924,"Then , says Dr. Levy , `` she woke up paralyzed . ''",0.5196067309356511,0.07904470615755642,0.8921933958410667,0.9516333757650957,0.9209552938424435
1925,"The damage was to her motor nerves , which could n't be monitored along with the sensory nerves , he explains .",0.8524948864619768,0.10812219697889254,0.8779344773370186,0.9062711711176921,0.8918778030211073
1926,"The tragedy , he adds , `` galvanized me '' to look for a way to prevent similar cases .",0.7377443751081714,0.10097633239436561,0.8823877399164477,0.9162989334658097,0.8990236676056342
1927,"Dr. Levy 's answer may come with a new kind of magnetic brain probe , a device that he and dozens of U.S. researchers are studying with great hope .",1.7379655162472547,0.22642095509336166,0.8357085641417853,0.7200481298783259,0.7735790449066383
1928,"Besides holding the promise of safer spinal surgery , the probe could improve the diagnosis of brain and nerve disorders such as strokes and multiple sclerosis .",1.481481481481481,0.2007486417593595,0.9299287054233898,0.7007755415408821,0.7992513582406403
1929,"Perhaps most exciting , the device is thrusting open a window to the workings of the brain .",0.11111111111111072,0.01631221247817858,0.9678992099516293,1.0,0.9836877875218214
1930,"The probe , which is painless , non-invasive and apparently harmless , employs strong magnetic fields to induce small whirlwinds of electricity within the brain .",1.5815159799524503,0.21218141153686723,0.8558753040246802,0.7297879710015285,0.7878185884631322
1931,"If positioned over the brain 's motor-control area , the hand-held electromagnets generate nerve impulses that zip down motor nerves and activate muscles , making , say , a finger twitch .",1.3946622025965851,0.17861604779693374,0.8991482610406014,0.7560000506106421,0.8213839522030664
1932,"In principle , they will enable doctors to check the body 's motor system the way an electrician tests a home 's electrical circuits by running current through them .",1.2666666666666657,0.17047723610809817,0.9023931542826817,0.7675419301234447,0.8295227638919016
1933,"`` Until now , we 've had no objective way of measuring motor function , '' says Keith Chiappa , a neurologist conducting clinical tests with the devices at Boston 's Massachusetts General Hospital .",1.164425357204668,0.13991875450339572,0.9453221157297252,0.7889414172319391,0.860081245496604
1934,"`` All we could do was tell a patient , ` squeeze my fingers as hard as you can ' or ` raise your arm . '",1.0747981484686644,0.14825228051951417,0.8202775933836431,0.8857288989778695,0.851747719480486
1935,"`` Under the best circumstances such tests are subjective ; when a patient is unconscious , they do n't work at all .",0.7399804351588646,0.09504714234779502,0.9151746003502611,0.894956929600101,0.9049528576522051
1936,"Magnetic brain tweaking started in the early 1900s , when researchers produced flashes of light in the visual field with magnets .",1.1818181818181825,0.1702626841723072,0.9693967837259192,0.7252514776620471,0.8297373158276928
1937,"In the 1960s , Mayo Clinic researchers developed magnetic devices to stimulate motor nerves in the hand and other limbs .",1.1242685940208004,0.15050671225825024,0.9433660598157119,0.7726119684864133,0.8494932877417496
1938,"But for brain tests , the unwieldy machines `` would have required patients to stand on their heads , '' says Reginald Bickford , a researcher at the University of California at San Diego .",1.167278656350664,0.14301593864442355,0.9351374872085059,0.7908863203880375,0.8569840613555763
1939,"The field took off in 1985 after scientists at Britain 's Sheffield University developed a handy , compact magnet for brain stimulation .",1.1960771741011733,0.17132139798239962,0.8608448731916795,0.7988295897215824,0.8286786020176005
1940,"Since then , at least two commercial versions have been put on the U.S. market , and an estimated 500 have been sold .",0.9947626242053014,0.1354924799061219,0.8890011962965108,0.8413273491817087,0.8645075200938779
1941,"In August , a Chicago conference on such devices attracted more than 100 researchers , who reported studies on everything from brain mapping to physical therapy .",1.345877645468052,0.19285472906379533,0.8229096567592024,0.7919735250370835,0.807145270936205
1942,"`` We do n't feel we can use -LCB- the devices -RCB- routinely in surgery yet , but we 're getting close , '' says Dr. Levy , who is now with the University of Pittsburgh .",1.3479541346196555,0.1629264368977696,0.8293393607218073,0.8449533777292514,0.8370735631022302
1943,"A problem , he adds , is that anesthetized brains are more resistant to magnetic stimulation than awake ones .",1.2377443751081731,0.17176313758953896,0.8720766880630253,0.7885937736536003,0.828236862410461
1944,"The devices could help indicate when surgery would help , says Charles Tator , a University of Toronto neurosurgeon .",0.8754887502163466,0.12213223688632276,0.9580582613942698,0.810064500463404,0.8778677631136771
1945,"For example , paralyzed car-crash victims occasionally have some intact spinal tissues that , if preserved by emergency surgery , enable partial recovery .",1.6818553323583458,0.24286150139765667,0.8179919732642079,0.7047123199733843,0.7571384986023434
1946,But such operations typically are n't performed because there is no sign right after an injury that surgery would be beneficial .,1.7513329551354913,0.24434259587290053,0.7461930931206593,0.7653648797417405,0.7556574041270995
1947,"`` The cost -LCB- of magnetic stimulators -RCB- would seem like peanuts if we could retrieve limb function '' in such people , Dr. Tator says .",1.4633250001602605,0.18881238428526056,0.8250255931367629,0.7978061836139182,0.8111876157147399
1948,Scientists caution there is a chance the magnet technique might spark seizures in epileptics .,0.6339850002884626,0.09538682662823832,0.9575313698150205,0.8572377286071979,0.9046131733717618
1949,But no significant problems have been reported among hundreds of people tested with the devices .,0.7193609377704338,0.11453626464487,1.0000000000000002,0.794468303494162,0.8854637353551302
1950,"The main sensation , besides feeling like a puppet jerked with invisible strings , is `` like a rap on the head , '' says Sam Bridgers , a neurologist who has studied the brain stimulators at Yale University .",1.3765348497155054,0.18085290353628117,0.920599541703293,0.7378356984048764,0.8191470964637184
1951,One apparent side effect is a minor increase in a brain hormone .,1.2007415749566759,0.20377643951522229,0.9384541072426584,0.6914313697841585,0.7962235604847773
1952,And some doctors who have conducted hours of tests on themselves report temporary headaches .,0.7999999999999998,0.11406115734003718,0.9999999999999998,0.7952335801521476,0.8859388426599627
1953,"At least two companies , Cadwell Laboratories Inc. of Kennewick , Wash. , and Novametrix Medical Systems Inc. of Wallingford , Conn. , now sell versions of the magnetic devices .",1.1783653229993796,0.17529138515716375,0.870753121667203,0.7832891125839532,0.824708614842836
1954,"The machines , which at $ 12,500 are inexpensive by medical standards , have n't been approved in the U.S. for marketing as brain stimulators but are sold for stimulating nerves in the hand , legs and other non-brain areas .",1.011803498911319,0.13275148564083286,0.9210842121458549,0.8193584995494133,0.8672485143591675
1955,Researchers can apply for permission to use the probes for brain studies .,0.5196067309356529,0.0829262705422514,0.9999999999999999,0.846847799710819,0.9170737294577487
1956,"At the University of Kentucky , a team led by Dean Currier , a physical therapy researcher , is testing the stimulators in conjunction with electric shocks to induce muscle contractions to help prevent wasting of thigh muscles after knee surgery .",1.80752730859271,0.23109291586368313,0.8970767826154813,0.6727832827388005,0.7689070841363176
1957,"Similarly , a Purdue University team led by heart researcher W.A. Tacker hopes to develop ways to magnetically induce cardiac muscle contractions .",1.304347826086957,0.17233074753162908,0.9000523787868879,0.7660617857141854,0.8276692524683709
1958,"The devices might someday serve as temporary pacemakers or restarters for stopped hearts , says Dr. Tacker , whose prototype was dubbed the `` Tacker whacker . ''",1.0808808038032298,0.1310458008844653,0.8970973006344928,0.842523158940338,0.868954199115535
1959,"The devices ' most remarkable possibilities , though , involve the brain .",0.3657605770894987,0.05697441096448504,0.934572126022259,0.9516333757650957,0.9430255890355151
1960,"Probing with the stimulators , National Institutes of Health scientists recently showed how the brain reorganizes motor-control resources after an amputation .",0.7049897729239509,0.09503804082515455,0.9248523659948292,0.885909088867124,0.9049619591748451
1961,Similar studies are expected to reveal how stroke patients ' brains regroup -- a first step toward finding ways to bolster that process and speed rehabilitation .,1.152570943657918,0.14843897191721953,0.9037202446628555,0.8050941272905345,0.8515610280827807
1962,Scientists also are exploring memory and perception with the new machines .,0.5000000000000009,0.07496336164078012,0.9487436426212901,0.9024855221679389,0.9250366383592199
1963,"At the State University of New York at Brooklyn , researchers flash two groups of different letters on a computer screen in front of human guinea pigs .",1.3482624973040416,0.1921765547620292,0.952006611313194,0.7015694512975276,0.8078234452379711
1964,"Between flashes , certain areas in subjects ' brains are jolted with a magnetic stimulator .",1.297180468885216,0.1935275838568601,0.8781604976480947,0.7456053878937333,0.8064724161431398
1965,"When the jolt is timed just right , the subjects do n't recall seeing the first group of letters .",0.9754887502163445,0.1356186851394789,0.8525289126517229,0.8765679227628858,0.8643813148605207
1966,`` Where does that first stimulus go ? '' exclaims SUNY neurologist Paul Maccabee .,0.5836591668108975,0.0871550818960359,0.9582013815667277,0.8715882856335804,0.912844918103964
1967,"`` Trying to answer that is suggesting all kinds of theories , '' such as precisely where and how the brain processes incoming signals from the eyes .",1.339634821583104,0.17845454106144126,0.8156865241659355,0.8274891700688151,0.8215454589385587
1968,He and others say that the machines are weak enough that they do n't jeopardize the memory .,0.9308270834535248,0.13365160386900637,0.9005037206819031,0.8346893534084745,0.8663483961309933
1969,"Both the SUNY team and researchers at the National Magnet Laboratory in Cambridge , Mass. , are working with more potent magnetic brain stimulators .",1.4505865002596172,0.20325632447189107,0.8555554367317515,0.745497415938445,0.7967436755281094
1970,"Among other things , the stronger devices may be able to summon forth half-forgotten memories and induce mood changes , neurologists say .",1.038013173083793,0.13548813550516353,0.941241472478758,0.7993492506119466,0.8645118644948365
1971,"Du Pont Co. , Hewlett-Packard Co. and Los Alamos National Laboratory said they signed a three-year , $ 11 million agreement to collaborate on superconductor research .",0.9644111117521401,0.13652706197906153,0.9241856556547948,0.8102453258202055,0.8634729380209388
1972,"The collaboration will include at least 25 researchers and will be aimed primarily at developing thin films of high-temperature superconductors for use in electronics , the companies said .",1.050496325748627,0.1358325998395608,0.9001052299896897,0.8309891177671497,0.8641674001604391
1973,"The materials , discovered during the past three years , conduct electricity without resistance and promise smaller , faster computers and other new technologies .",1.310195500086535,0.17616960118088595,0.8845087280793469,0.7709428229620781,0.8238303988191138
1974,"Joint-research programs have proliferated as U.S. companies seek to spread the risks and costs of commercializing new superconductors and to meet the challenges posed by foreign consortia , especially in Japan .",1.2818609377704346,0.1618315413045498,0.9022402683054996,0.7825932763769936,0.8381684586954503
1975,The latest research pact bolsters Du Pont 's growing portfolio of investments in superconductors .,0.7169925001442294,0.10497506451307802,0.9582013815667275,0.8396639387564935,0.8950249354869214
1976,"The Wilmington , Del. , chemicals concern previously signed research superconductor agreements with Oak Ridge National Laboratory and with Argonne National Laboratory .",1.7408304355351216,0.27045268425776864,0.8339211332325276,0.6483941151146938,0.7295473157422318
1977,"Last year , Du Pont agreed to pay $ 4.5 million for rights to superconductor work at the University of Houston .",1.1938482957495653,0.1582682162192415,0.9118134658740568,0.7816541070544154,0.8417317837807586
1978,"Hewlett-Packard is a Palo Alto , Calif. , computer maker .",1.1595352274694068,0.21490020251485778,0.8942613737270577,0.6996894215281875,0.7850997974851424
1979,The Los Alamos laboratory is one of three U.S. Department of Energy national laboratories designed as pilot centers to foster joint industry-government programs to speed the transfer of new superconductors to the marketplace .,1.5257147935566842,0.20338587210449863,0.8768741435957847,0.7298144407346308,0.7966141278955015
1980,"J.C. PENNEY Co. , Dallas , said it issued $ 350 million of securities backed by credit-card receivables .",1.0923625001138637,0.15644423962255358,0.8922847963333489,0.799873449270242,0.8435557603774461
1981,The offering was priced with an 8.95 % coupon rate at 99.1875 % to yield 9.19 % .,0.7505430557959416,0.12327789613345996,0.9457635118505431,0.8170750453249713,0.8767221038665401
1982,The retailer said the securities are expected to be rated triple-A by Standard & Poor 's Corp. and Aaa by Moody 's Investors Service Inc .,1.1451706734929745,0.15617457667667495,0.8493726207349199,0.8383502125436222,0.8438254233233248
1983,"They pay interest only for 115 months , with principal payments beginning thereafter .",0.4285714285714297,0.062107983583035126,0.9577193557584998,0.9188689831762745,0.9378920164169652
1984,"The expected average life of the certificates is 10 years , with the final scheduled payment in October , 2001 .",0.9649839288804953,0.1405192942606867,0.9287431959398232,0.7998319734870747,0.8594807057393132
1985,First Boston Corp. is sole underwriter .,0.39355535745192416,0.08464054970690846,1.0,0.8439288486314106,0.9153594502930916
1986,"As part of the transaction , J.C. Penney will sell a portion of its credit-card receivables to its JCP Receivables Inc. unit , which will then transfer them to a master trust .",1.4278610751140528,0.18976745712768997,0.8750424155575423,0.7543609249533229,0.8102325428723102
1987,The trust will issue the certificates .,0.2857142857142865,0.053615035438314584,1.0,0.8982265179691366,0.9463849645616855
1988,"Credit support will be provided by a letter of credit facility from Credit Suisse in favor of the trustee , Fuji Bank & Trust Co. , for the benefit of the certificate holders .",1.498108734398457,0.21955777483572692,0.9118190013686376,0.682155800161304,0.7804422251642731
1989,J.C. Penney will continue to service the receivables .,0.44444444444444464,0.07538827312875093,0.9999999999999999,0.8597933880952315,0.924611726871249
1990,"Battle-tested Japanese industrial managers here always buck up nervous newcomers with the tale of the first of their countrymen to visit Mexico , a boatload of samurai warriors blown ashore 375 years ago .",1.3665998072561774,0.16806699056755908,0.9055114897265841,0.7694133550443191,0.8319330094324406
1991,"`` From the beginning , it took a man with extraordinary qualities to succeed in Mexico , '' says Kimihide Takimura , president of Mitsui group 's Kensetsu Engineering Inc. unit .",1.3755003884688604,0.17296845911181563,0.9231919527568379,0.7490136774289737,0.8270315408881843
1992,"Here in this new center for Japanese assembly plants just across the border from San Diego , turnover is dizzying , infrastructure shoddy , bureaucracy intense .",1.5607024254599153,0.22579490745018838,0.8755913989191461,0.6938616064282158,0.7742050925498121
