id,sentence,VI,normalized-VI,homogeneity,completeness,V-score
0,-,3.5078938790471765,0.42768876592278426,0.5392744443445217,0.6096599491117882,0.5723112340772155
1,"In an Oct. 19 review of `` The Misanthrope '' at Chicago 's Goodman Theatre -LRB- `` Revitalized Classics Take the Stage in Windy City , '' Leisure & Arts -RRB- , the role of Celimene , played by Kim Cattrall , was mistakenly attributed to Christina Haag .",1.7095735635771705,0.23515215229692782,0.7436553901228319,0.7872836085396048,0.7648478477030722
2,Ms. Haag plays Elianti .,0.5509775004326936,0.16732395949356627,1.0,0.7133204400839018,0.8326760405064336
3,"Rolls-Royce Motor Cars Inc. said it expects its U.S. sales to remain steady at about 1,200 cars in 1990 .",1.588721875540866,0.24611755514330105,0.6983576111482148,0.8189992199426396,0.7538824448566989
4,"The luxury auto maker last year sold 1,214 cars in the U.S.",1.3333333333333348,0.24228070939499,0.7577192906050102,0.7577192906050102,0.7577192906050101
5,"Howard Mosher , president and chief executive officer , said he anticipates growth for the luxury auto maker in Britain and Europe , and in Far Eastern markets .",1.0393692913819406,0.16374928373853273,0.8169511023970811,0.8564842595440749,0.8362507162614672
6,BELL INDUSTRIES Inc. increased its quarterly to 10 cents from seven cents a share .,1.3836591668108982,0.2346462183570577,0.7074096709670947,0.8336372241241875,0.7653537816429424
7,The new rate will be payable Feb. 15 .,0.6666666666666679,0.11751192005564601,0.8492234537424981,0.9184649394575018,0.8824880799443541
8,A record date has n't been set .,0.25,0.047619047619047616,1.0,0.9090909090909092,0.9523809523809524
9,"Bell , based in Los Angeles , makes and distributes electronic , computer and building products .",0.9855816177743231,0.1600137108155382,0.8147362262545366,0.866851492968232,0.839986289184462
10,Investors are appealing to the Securities and Exchange Commission not to limit their access to information about stock purchases and sales by corporate insiders .,1.6945811190640097,0.25397068603519657,0.6720419777471559,0.8383230909002533,0.7460293139648034
11,"A SEC proposal to ease reporting requirements for some company executives would undermine the usefulness of information on insider trades as a stock-picking tool , individual investors and professional money managers contend .",1.498813814213933,0.2301148914091605,0.7653942806079796,0.7744289460216185,0.7698851085908396
12,"They make the argument in letters to the agency about rule changes proposed this past summer that , among other things , would exempt many middle-management executives from reporting trades in their own companies ' shares .",1.345879056678963,0.20777537983334102,0.7234670970095316,0.8754239574640172,0.7922246201666593
13,The proposed changes also would allow executives to report exercises of options later and less often .,1.3829279414309985,0.21876892173612295,0.7565230221504288,0.8076075562195615,0.7812310782638776
14,Many of the letters maintain that investor confidence has been so shaken by the 1987 stock market crash -- and the markets already so stacked against the little guy -- that any decrease in information on insider-trading patterns might prompt individuals to get out of stocks altogether .,2.050925265905657,0.30043502707262604,0.6743399681770194,0.7267504959233605,0.6995649729273739
15,"`` The SEC has historically paid obeisance to the ideal of a level playing field , '' wrote Clyde S. McGregor of Winnetka , Ill. , in one of the 92 letters the agency has received since the changes were proposed Aug. 17 .",1.7566314806260488,0.24415402833697386,0.7404787417979625,0.7718645544575068,0.7558459716630261
16,`` Apparently the commission did not really believe in this ideal . '',0.6734528847818062,0.10490354572408685,0.949175149309976,0.846847799710819,0.8950964542759131
17,"Currently , the rules force executives , directors and other corporate insiders to report purchases and sales of their companies ' shares within about a month after the transaction .",1.0106136770500234,0.15461080792737852,0.8090466247461788,0.8851503572107218,0.8453891920726215
18,"But about 25 % of the insiders , according to SEC figures , file their reports late .",1.0474862762374082,0.16012152104761085,0.7457949242891949,0.9611265597251768,0.8398784789523891
19,"The changes were proposed in an effort to streamline federal bureaucracy and boost compliance by the executives `` who are really calling the shots , '' said Brian Lane , special counsel at the SEC 's office of disclosure policy , which proposed the changes .",1.7333136619929856,0.2293097588865766,0.7255951314509526,0.8217620410047227,0.7706902411134235
20,"Investors , money managers and corporate officials had until today to comment on the proposals , and the issue has produced more mail than almost any other issue in memory , Mr. Lane said .",1.530705902017072,0.2166943619474791,0.741967891739704,0.8295213054236199,0.7833056380525205
21,"The SEC will probably vote on the proposal early next year , he said .",0.5836591668108975,0.08381746371967395,0.9096086714135928,0.9228521132923116,0.9161825362803261
22,Not all those who wrote oppose the changes .,0.6666666666666679,0.11751192005564601,0.8492234537424981,0.918464939457502,0.8824880799443541
23,"The Committee on Federal Regulation of Securities for the American Bar Association argues , for example , in its lengthy letter to the SEC , that the proposed changes `` would substantially improve the -LCB- law -RCB- by conforming it more closely to contemporary business realities . ''",1.9897614732239681,0.27123977897317947,0.653248447035517,0.8240111885897158,0.7287602210268204
24,What the investors who oppose the proposed changes object to most is the effect they say the proposal would have on their ability to spot telltale `` clusters '' of trading activity -- buying or selling by more than one officer or director within a short period of time .,1.7274704551962365,0.2353549783286909,0.7103924015122647,0.827869348401935,0.7646450216713089
25,"According to some estimates , the rule changes would cut insider filings by more than a third .",0.8616541669070532,0.13245152019228265,0.8639316648262616,0.8711957054013171,0.8675484798077175
26,The SEC 's Mr. Lane vehemently disputed those estimates .,1.6364527976600276,0.35517897140517835,0.5613109177123412,0.7575229638522974,0.6448210285948216
27,"The rules will eliminate filings policy-making divisions , such as sales , marketing , finance and research and development , Mr. Lane said .",1.0577842478297024,0.16307910211720986,0.7940421463829428,0.8846949553645586,0.8369208978827901
28,"The proposed rules also would be tougher on the insiders still required to file reports , he said .",0.671309868534915,0.09165852758660527,0.9034405474017482,0.9132958598776049,0.9083414724133941
29,Companies would be compelled to publish in annual proxy statements the names of insiders who fail to file reports on time .,1.4190582249487989,0.21167632623673413,0.7964770008258942,0.7803355821880058,0.7883236737632655
30,"Considered as a whole , Mr. Lane said , the filings required under the proposed rules `` will be at least as effective , if not more so , for investors following transactions . ''",1.582402228150114,0.21328989891171146,0.759381120283443,0.8160795736875114,0.786710101088288
31,"But Robert Gabele , president of Invest/Net , a North Miami , Fla. , company that packages and sells the insider-trading data , said the proposal is worded so vaguely that key officials may fail to file the reports .",1.7518508480286714,0.24465325586282125,0.7105114469389239,0.806221626426889,0.7553467441371785
32,"Many investors wrote asking the SEC to require insiders to report their purchases and sales immediately , not a month later .",1.7260985659562298,0.25275532808697765,0.7073910801102632,0.7918569740725818,0.7472446719130219
33,"But Mr. Lane said that while the SEC regulates who files , the law tells them when to do so .",1.0961690480311335,0.1500057523732954,0.8284013040912295,0.8727429927956794,0.8499942476267041
34,"Investors who want to change the required timing should write their representatives in Congress , he added .",0.8197159723424141,0.1123219893405531,0.8205019727013756,0.9668345735606346,0.8876780106594471
35,"The SEC would likely be amenable to legislation that required insiders to file transactions on a more timely basis , he said .",1.576724456803933,0.2160936604016898,0.7305181724027912,0.8457132635305789,0.7839063395983107
36,"The nation 's largest pension fund , which oversees $ 80 billion for college employees , plans to offer two new investment options to its 1.2 million participants .",1.5281244428045904,0.2345759393926669,0.6762979774172042,0.8816068158994881,0.7654240606073331
37,"The Teachers Insurance and Annuity Association-College Retirement Equities Fund said it will introduce a stock and bond fund that will invest in `` socially responsible '' companies , and a bond fund .",1.6330398609675987,0.2337869444758499,0.6913482698515463,0.859260765079199,0.7662130555241504
38,"Both funds are expected to begin operation around March 1 , subject to Securities and Exchange Commission approval .",1.1062921057186212,0.16370149885048269,0.7461680789974038,0.9511942486226849,0.8362985011495169
39,"For its employees to sign up for the options , a college also must approve the plan .",0.7505430557959407,0.11201436227959627,0.8594805971979721,0.9184463009531736,0.8879856377204035
40,"Some 4,300 institutions are part of the pension fund .",0.9509775004326926,0.17967113101375665,0.8203288689862431,0.8203288689862431,0.820328868986243
41,"The new options carry out part of an agreement that the pension fund , under pressure to relax its strict participation rules and to provide more investment options , reached with the SEC in December .",1.8777728154577042,0.27354504939842883,0.6794982305612851,0.7803833350157117,0.726454950601571
42,"The new `` social choice '' fund will shun securities of companies linked to South Africa , nuclear power and in some cases , Northern Ireland .",1.3536326446904825,0.19734780149296796,0.7423702607730875,0.8735893898033533,0.8026521985070321
43,"Also excluded will be investments in companies with `` significant '' business stemming from weapons manufacture , alcoholic beverages or tobacco .",1.3293232953562057,0.20316113731168967,0.7296981091294201,0.8775871349036765,0.7968388626883105
44,"Sixty percent of the fund will be invested in stocks , with the rest going into bonds or short-term investments .",0.8930898810554009,0.13142611858906644,0.8521235870241459,0.8856718264712463,0.8685738814109333
45,"The bond fund will invest in high-grade or medium-grade bonds , mortgages or asset-backed securities , including as much as 15 % in foreign securities .",1.4471404963630894,0.22225897843249645,0.738908988013209,0.8208809439056167,0.7777410215675034
46,"The fund also might buy and sell futures and options contracts , subject to approval by the New York State Insurance Department .",1.5427801502332192,0.23252926075649819,0.7349384358603664,0.803016543547194,0.767470739243502
47,"Under two new features , participants will be able to transfer money from the new funds to other investment funds or , if their jobs are terminated , receive cash from the funds .",1.3253351173123624,0.1888200862041345,0.7856613458741101,0.8384118369652533,0.8111799137958656
48,"The investment choices offered by the pension fund currently are limited to a stock fund , an annuity and a money-market fund .",1.2490893892695905,0.20615764354658392,0.832620305624533,0.7585157094478522,0.793842356453416
49,"New Brunswick Scientific Co. , a maker of biotechnology instrumentation and equipment , said it adopted an anti-takeover plan giving shareholders the right to purchase shares at half price under certain conditions .",1.6461369368927388,0.24460990208804168,0.7243712556523583,0.789184350068577,0.7553900979119583
50,"The company said the plan , under review for some time , will protect shareholders against `` abusive takeover tactics .",0.9823424039567001,0.15185478645262152,0.8583152382109293,0.8382133723190079,0.8481452135473788
51,"W. Ed Tyler , 37 years old , a senior vice president at this printing concern , was elected president of its technology group , a new position .",1.7733076539731227,0.293330350631845,0.6388445214602458,0.7906071826607782,0.7066696493681552
52,"Solo woodwind players have to be creative if they want to work a lot , because their repertoire and audience appeal are limited .",1.3841367062030692,0.2058844571999191,0.7726142703363882,0.816847801064492,0.7941155428000811
53,"The oboist Heinz Holliger has taken a hard line about the problem : He commissions and splendidly interprets fearsome contemporary scores and does some conducting , so he does n't have to play the same Mozart and Strauss concertos over and over again .",2.1512978804349556,0.2992986109686571,0.6699657178801276,0.7343927456543213,0.7007013890313428
54,"Richard Stoltzman has taken a gentler , more audience-friendly approach .",0.7958988638330426,0.12998587208595652,0.812643957607515,0.936099909688466,0.8700141279140435
55,"Years ago , he collaborated with the new music gurus Peter Serkin and Fred Sherry in the very countercultural chamber group Tashi , which won audiences over to dreaded contemporary scores like Messiaen 's `` Quartet for the End of Time . ''",1.7722228326963751,0.24830404398773637,0.7035844308156031,0.8068702257919773,0.7516959560122639
56,"Today , the pixie-like clarinetist has mostly dropped the missionary work -LRB- though a touch of the old Tashi still survives -RRB- and now goes on the road with piano , bass , a slide show , and a repertoire that ranges from light classical to light jazz to light pop , with a few notable exceptions .",1.7179607386888414,0.253757721509203,0.7313154605963986,0.7617911327469449,0.746242278490797
57,"Just the thing for the Vivaldi-at-brunch set , the yuppie audience that has embraced New Age as its very own easy listening .",1.6510508022190047,0.2581693826696289,0.7092589916930144,0.7775378439849125,0.7418306173303711
58,But you ca n't dismiss Mr. Stoltzman 's music or his motives as merely commercial and lightweight .,1.2844119710424309,0.19428425607473737,0.7788807598895519,0.8344658144924532,0.8057157439252627
59,"He believes in what he plays , and he plays superbly .",0.5,0.09018579399128603,0.9031592274965288,0.9165679877090553,0.9098142060087139
60,"His recent appearance at the Metropolitan Museum , dubbed `` A Musical Odyssey , '' was a case in point .",0.8152102608935117,0.11941730127809896,0.882987047318888,0.8781914085128822,0.880582698721901
61,"It felt more like a party , or a highly polished jam session with a few friends , than a classical concert .",0.6671729551281054,0.10640750413141269,0.8418982679503466,0.9520502761471892,0.8935924958685874
62,"Clad in his trademark black velvet suit , the soft-spoken clarinetist announced that his new album , `` Inner Voices , '' had just been released , that his family was in the front row , and that it was his mother 's birthday , so he was going to play her favorite tune from the record .",1.1937592645264834,0.16515065678734078,0.80503132863212,0.866961214148371,0.8348493432126598
63,"He launched into Saint-Saens 's `` The Swan '' from `` Carnival of the Animals , '' a favorite encore piece for cellists , with lovely , glossy tone and no bite .",1.5739161983999361,0.22905750260584265,0.7545710760439717,0.7880400730721628,0.7709424973941577
64,"Then , as if to show that he could play fast as well , he offered the second movement from Saint-Saens 's Sonata for Clarinet , a whimsical , puckish tidbit that reflected the flip side of the Stoltzman personality .",1.2533371206808006,0.17021515458772613,0.8477751830417589,0.8125421749982072,0.8297848454122738
65,"And so it went through the first half : an ingeniously chosen potpourri of pieces , none longer than five minutes , none that would disturb or challenge a listener .",1.8173773041173344,0.2500478069920065,0.6899072297528446,0.8214453658292103,0.7499521930079933
66,"Mr. Stoltzman introduced his colleagues : Bill Douglas , pianist/bassoonist/composer and an old buddy from Yale , and jazz bassist Eddie Gomez .",1.8224411722127676,0.3220164909507901,0.6095525555910848,0.7637222002606601,0.6779835090492101
67,"An improvisational section was built around pieces by Mr. Douglas , beginning with `` Golden Rain , '' a lilting , laid-back lead in to the uptempo `` Sky , '' which gave Mr. Stoltzman the opportunity to wail in a high register and show off his fleet fingers .",1.6366458784357452,0.2232165315969426,0.7428702007756917,0.8139412482635089,0.7767834684030573
68,Bach 's `` Air '' followed .,0.0,0.0,1.0,1.0,1.0
69,"Mr. Stoltzman tied the composer in by proclaiming him `` the great improviser of the 18th century , '' and then built on the image by joining with Mr. Douglas in some Bach two-part inventions , cleverly arranged for clarinet and bassoon by Mr. Douglas .",1.6874809387601264,0.24582066262593297,0.7064369809057308,0.8088424504922594,0.7541793373740672
70,"Keeping the mood light , the two then chanted and chortled their way through some murderous polyrhythms , devised by Mr. Douglas as an alternative to Hindemith 's dry theory-teaching techniques , and then , with Mr. Gomez , soared and improvised on the composer 's tight `` Bebop Etudes . ''",2.081184504556683,0.29141511471900616,0.641228313022434,0.7917530318135666,0.7085848852809938
71,"The end of the first half , however , brought what the standing-room-only crowd seemed to be waiting for : the pop singer Judy Collins , who appears on `` Inner Voices . ''",1.105406144866878,0.14690681881572257,0.8198777575628297,0.8891135296603946,0.8530931811842773
72,"Glamorous and pure-voiced as ever , Ms. Collins sang Joni Mitchell 's `` For Free '' -- about an encounter with a street-corner clarinetist , to which Mr. Stoltzman contributed a clarinet obligatto -- and Mr. Douglas 's lush setting of a Gaelic blessing , `` Deep Peace . ''",1.8335880142090106,0.2584942217448557,0.7120592367141962,0.7734928491910302,0.7415057782551442
73,"`` Deep Peace '' also featured a slide show of lovely but predictable images of clouds , beaches , deserts , sunsets , etc .",0.7020647593717335,0.10740064800384165,0.8582928851206015,0.929762501077692,0.8925993519961583
74,"It was all too mellow to be believed , but they probably would have gotten away with it , had they not felt compelled to add Ms. Collins 's signature tune , `` Amazing Grace , '' and ask for audience participation .",1.760686184756901,0.22913116688716403,0.7482241890369893,0.7949269125835555,0.7708688331128362
75,That went over the permissible line for warm and fuzzy feelings .,0.959147917027245,0.16319133923667334,0.8137336173760192,0.8612305753409127,0.8368086607633267
76,Was this why some of the audience departed before or during the second half ?,1.8079610319175825,0.3303728431723365,0.656749040405129,0.683020425826327,0.6696271568276632
77,Or was it because Ms. Collins had gone ?,0.666666666666667,0.12750047008764348,0.836929878915004,0.9112268122170702,0.8724995299123565
78,"Either way it was a pity , because Mr. Stolzman offered the most substantial music of the evening just after intermission : Steve Reich 's `` New York Counterpoint , '' one of a series of Reich works that juxtapose a live performer with recorded tracks of his or her own playing .",1.7800240624740074,0.2477839268460573,0.7011408673819893,0.811317165536139,0.7522160731539427
79,-LRB- Mr. Reich 's new `` Different Trains '' for string quartet uses the technique magisterially . -RRB-,1.5485723878292896,0.24399134910304213,0.6513106557042583,0.9008142798466648,0.7560086508969579
80,Mr. Stoltzman must have worried that his audience might not be able to take it : He warned us in advance that `` New York Counterpoint '' lasts 11 1/2 minutes .,1.460282998537517,0.19170016347049337,0.7638061159752961,0.858297955955079,0.8082998365295067
81,"He also unfortunately illustrated this intricate , jazzy tapestry with Mr. Pearson 's images , this time of geometric or repeating objects , in a kitschy mirroring of the musical structure that was thoroughly distracting from Mr. Reich 's piece and Mr. Stoltzman 's elegant execution of it .",1.8009678731818468,0.2623240453244275,0.6944404841775832,0.7866524924869723,0.7376759546755725
82,"The rest of the concert was more straight jazz and mellow sounds written by Charlie Parker , Ornette Coleman , Bill Douglas and Eddie Gomez , with pictures for the Douglas pieces .",1.3951242429487207,0.22225831569079832,0.7534092587299162,0.8036982650053438,0.777741684309202
83,"It was enjoyable to hear accomplished jazz without having to sit in a smoke-filled club , but like the first half , much of it was easy to take and ultimately forgettable .",1.6125759776891035,0.2368317034148577,0.7485035157554654,0.7784191892853084,0.7631682965851423
84,Is this the future of chamber music ?,1.1887218755408666,0.27572377406989873,0.7242762259301011,0.7242762259301011,0.7242762259301011
85,"Managers and presenters insist that chamber music concerts are a hard sell , but can audiences really enjoy them only if the music is purged of threatening elements , served up in bite-sized morsels and accompanied by visuals ?",2.260454407207173,0.3181623251033317,0.6532502718645913,0.7130416560956075,0.6818376748966682
86,What 's next ?,0.0,0.0,1.0,1.0,1.0
87,Slides to illustrate Shostakovich quartets ?,0.6666666666666679,0.14804095548293286,0.8519590445170674,0.8519590445170674,0.8519590445170674
88,"It was not an unpleasant evening , certainly , thanks to the high level of performance , the compositional talents of Mr. Douglas , and the obvious sincerity with which Mr. Stoltzman chooses his selections .",1.4670206642537043,0.2079961838222489,0.7469840085171515,0.8427982290940721,0.792003816177751
89,But it was neither deep nor lasting : light entertainment that was no substitute for an evening of Brahms .,1.5937151490463606,0.24708221711480513,0.7045569943354943,0.8084068231636543,0.7529177828851947
90,Ms. Waleson is a free-lance writer based in New York .,0.9777170456512261,0.17529633757796464,0.8417872029467559,0.8082997290653977,0.8247036624220356
91,One of Ronald Reagan 's attributes as President was that he rarely gave his blessing to the claptrap that passes for `` consensus '' in various international institutions .,1.62825106720254,0.22165154868276468,0.7287781164281196,0.8351543278706456,0.7783484513172355
92,"In fact , he liberated the U.S. from one of the world 's most corrupt organizations -- UNESCO .",0.9612980266573858,0.13925845038126952,0.8068810948034963,0.9223068359853249,0.8607415496187301
93,"This is the U.N. group that managed to traduce its own charter of promoting education , science and culture .",0.7804820237218415,0.11049705216989605,0.8626919113373097,0.918033922413243,0.8895029478301039
94,"Ever since , the remaining members have been desperate for the United States to rejoin this dreadful group .",1.4478828949645726,0.21175786015711565,0.711560344299007,0.8834474712011706,0.7882421398428842
95,Now UNESCO apologists are lobbying President Bush to renege on President Reagan 's decision to depart .,0.8294038511829349,0.13640970122390714,0.8284040795945612,0.9018981572501298,0.8635902987760933
96,But we can think of many reasons to stay out for the foreseeable future and well beyond .,0.819715972342415,0.1196060225898379,0.8715968398065165,0.8893705068931045,0.880393977410162
97,"The U.S. , along with Britain and Singapore , left the agency when its anti-Western ideology , financial corruption and top leadership got out of hand .",1.0431406309770566,0.1668031385570662,0.794765818878335,0.8755334365279346,0.8331968614429339
98,"The personal antics of agency Director Amadou-Mahtar M'Bow drew much attention , such as when several of his top aides were uncovered as KGB plants and ejected from France and when a mysterious office fire was set just before Congress sent accountants to trace U.S. funds .",1.9463759525581033,0.2833038037642712,0.6726246984525673,0.7669479088830663,0.7166961962357289
99,"Mr. M'Bow was an extreme case , but even his replacement , the more personally genial Spanish biochemist Federico Mayor , has had little success at achieving reforms .",1.949933841608381,0.2853149949628399,0.6550064254258138,0.7863285309867895,0.7146850050371601
100,"Several ridiculous projects continue , including the `` New International Economic Order , '' which means redistributionism from the West to pay for everyone else 's statism .",1.2148575868215516,0.17207084595961697,0.7508056684419966,0.9227109128789426,0.8279291540403828
101,"The Orwellian `` New World Information Order '' would give government officials rights against the press ; journalists would be obliged to kowtow to their government , which would have licensing and censorship powers and , indeed , duties to block printing of `` wrong '' ideas .",1.7021351728490588,0.23033906445249522,0.7332288968158582,0.8099026741385725,0.7696609355475049
102,UNESCO somehow converted the founding U.N. ideals of individual rights and liberty into `` peoples ' rights . '',0.8215600249703563,0.12407154705575973,0.8259701379643896,0.9323192298059906,0.8759284529442399
103,Million-dollar conferences were held to chew on subjects such as `` ethical responsibilities of scientists in support of disarmament '' and `` the impact of the activities of transnational corporations . '',1.1726808573540763,0.17539931832334285,0.8315077887080695,0.81780738017944,0.8246006816766572
104,The agency was so totally subverted from the high principles of its founding that even the Soviets now wonder about an agency that seemed so congenial to them .,2.001853372586562,0.3104808997351426,0.6167726003888591,0.7817207448084362,0.6895191002648574
105,"Glasnost may be partly responsible , but Soviet Foreign Minister Eduard Shevardnadze last year admitted , `` The exaggerated ideological approach undermined tolerance intrinsic to UNESCO . ''",1.8298319064241833,0.27185314022769047,0.6949723566217783,0.7646472959203929,0.7281468597723095
106,UNESCO is now holding its biennial meetings in Paris to devise its next projects .,0.9509775004326926,0.15024598374383857,0.7971545224922264,0.9097853495416093,0.8497540162561612
107,Mr. Mayor 's hope that references to `` press freedom '' would survive unamended seems doomed to failure ; the current phrasing is `` educating the public and media to avoid manipulation . '',1.1415512915627462,0.15303203906791857,0.8102001987749418,0.8872314863131057,0.8469679609320814
108,He has n't been able to replace the M'Bow cabal .,0.43226250019667933,0.06663929502024582,0.875048115456911,1.0,0.9333607049797542
109,"Soviets remain in charge of education programs , a former head of an African military tribunal for executions is in charge of culture , and a hard-line Polish communist in exile directs the human-rights and peace division .",1.433161046357288,0.23259287739133216,0.7809558381086061,0.7543205006004897,0.7674071226086676
110,"Of the agency 's 2,750 staff members , 230 are in the field working on actual projects , such as literacy and oceanographic research .",0.9420647593717328,0.13901164876534786,0.871055900107496,0.851150862157457,0.8609883512346519
111,"The position of the United States , which once contributed 25 % of the budget , is that nothing has changed .",1.2504443183784968,0.18689284653062166,0.7812612781467277,0.8476595645030487,0.8131071534693782
112,"John Bolton , the assistant secretary of state for international organizations , told Congress that the continuing `` statist , restrictive , nondemocratic '' programs make rejoining any time soon `` extremely unlikely . ''",1.8994401679346744,0.2798587513085097,0.6700691023834944,0.7783012406294376,0.7201412486914901
113,"This has n't much bothered the UNESCO delegates , who last week could n't even agree to raise funds by selling off a fancy 19th-century French chateau the agency somehow owns .",1.9131025296523019,0.2624385184319899,0.7072429622537548,0.7705958508504465,0.7375614815680104
114,"Other countries , including West Germany , may have a hard time justifying continued membership .",1.0943609377704329,0.17778185606841873,0.7901285219616306,0.8570246286857125,0.8222181439315813
115,We see an even stronger argument against UNESCO than its unsurprising failure to reform .,1.1346366672435906,0.17694200159314621,0.7634518016103111,0.892759871505838,0.8230579984068536
116,This is that the Reagan Revolution spanning Eastern Europe and Tiananmen Square shows the power of ideas unencumbered by international civil servants or government functionaries .,2.3193754816845433,0.39388594817313394,0.5680300921888429,0.6496717299906921,0.606114051826866
117,"Free markets , free minds and free elections have an appeal that seems to get muddled only when delivered through U.N. organizations -- which of course are made up largely of governments that fear these principles at home .",1.4126167745468283,0.1984437941415511,0.7185452269501842,0.9062523186223291,0.801556205858449
118,The Babelists of the United Nations are experts at obfuscation .,0.9777170456512252,0.16456707411605903,0.8516589220365602,0.8198136529169125,0.8354329258839411
119,"This can have its purposes at times , but there 's no reason to cloud the importance and allure of Western concepts of freedom and justice .",0.839074890076061,0.11962741746387558,0.8706005136246454,0.8903665152379958,0.8803725825361246
120,"We can see plenty of reasons to stay out , and none to rejoin UNESCO .",0.7193609377704329,0.11015169126876266,0.8415264788807096,0.9440576462834864,0.8898483087312373
121,Researchers at Plant Genetic Systems N.V. in Belgium said they have developed a genetic engineering technique for creating hybrid plants for a number of key crops .,1.314914809223195,0.20734878624527509,0.7633433611391424,0.8242994169799523,0.7926512137547252
122,The researchers said they have isolated a plant gene that prevents the production of pollen .,0.8278195311147822,0.1258501433794257,0.8976465804800805,0.8518518518518517,0.874149856620574
123,The gene thus can prevent a plant from fertilizing itself .,0.43226250019667933,0.07059693211210312,0.9191017823372102,0.9399378843056375,0.9294030678878968
124,"Such so-called male-sterile plants can then be fertilized by pollen from another strain of the plant , thereby producing hybrid seed .",1.1120178839413697,0.17199277233118782,0.8028101001474708,0.8548372889442869,0.828007227668812
125,"The new generation of plants will possess the flourishing , high-production trait known as `` hybrid vigor , '' similar to that now seen in hybrid corn .",1.590333036177885,0.23292712505246055,0.7513519759129483,0.7834657049927247,0.7670728749475393
126,"`` The development could have a dramatic effect on farm production , especially cotton , '' said Murray Robinson , president of Delta & Pine Land Co. , a Southwide Inc. subsidiary that is one of the largest cotton seed producers in the U.S. .",1.6943262627389295,0.24573379313161567,0.7202433345385892,0.7916627933478377,0.7542662068683843
127,"On a commercial scale , the sterilization of the pollen-producing male part has only been achieved in corn and sorghum feed grains .",1.3317039340474226,0.20493968261997483,0.7919335334497027,0.7982118900884685,0.7950603173800254
128,"That 's because the male part , the tassel , and the female , the ear , are some distance apart on the corn plant .",1.0316370396574142,0.18415517398311707,0.8666094816941001,0.7706984893243508,0.8158448260168828
129,"In a labor-intensive process , the seed companies cut off the tassels of each plant , making it male sterile .",1.5178239514727236,0.24037386834371377,0.7327975507380067,0.7884938184980806,0.7596261316562862
130,"They sow a row of male-fertile plants nearby , which then pollinate the male-sterile plants .",0.75,0.11538461538461539,0.8518518518518519,0.92,0.8846153846153846
131,The first hybrid corn seeds produced using this mechanical approach were introduced in the 1930s and they yielded as much as 20 % more corn than naturally pollinated plants .,1.9720419819576742,0.29183320523374423,0.6634871521564134,0.7592984290954815,0.708166794766256
132,The vast majority of the U.S. corn crop now is grown from hybrid seeds produced by seed companies .,1.1976256580086027,0.20109203457730354,0.7539036517551501,0.8496264563785189,0.7989079654226967
133,"A similar technique is almost impossible to apply to other crops , such as cotton , soybeans and rice .",0.7427376486136668,0.11558986010373123,0.8396252409579349,0.9342418062591662,0.8844101398962687
134,"The male part , the anthers of the plant , and the female , the pistils , of the same plant are within a fraction of an inch or even attached to each other .",1.3125495584913667,0.20752993121031718,0.7921127142344035,0.792827745925104,0.7924700687896827
135,The anthers in these plants are difficult to clip off .,0.6140806820148619,0.10336064156789738,0.8603710954403706,0.936099909688466,0.8966393584321029
136,"In China , a great number of workers are engaged in pulling out the male organs of rice plants using tweezers , and one-third of rice produced in that country is grown from hybrid seeds .",1.7735261585969369,0.26532244481555384,0.707271013359149,0.764293709561278,0.7346775551844463
137,"At Plant Genetic Systems , researchers have isolated a pollen-inhibiting gene that can be inserted in a plant to confer male sterility .",0.8897562368134846,0.12623794738149435,0.8113764205924119,0.9465402479249702,0.8737620526185056
138,"Jan Leemans , research director , said this gene was successfully introduced in oil-producing rapeseed plants , a major crop in Europe and Canada , using as a carrier a `` promoter gene '' developed by Robert Goldberg at the University of California in Los Angeles .",1.7227793802848224,0.26093559291616053,0.7230754980015448,0.7557764106715257,0.7390644070838394
139,The sterilizing gene is expressed just before the pollen is about to develop and it deactivates the anthers of every flower in the plant .,1.3931568569324169,0.20749519203400582,0.7943521438480153,0.7906660444328575,0.7925048079659941
140,Mr. Leemans said this genetic manipulation does n't hurt the growth of that plant .,0.7169925001442294,0.11571604975058286,0.8725941094450619,0.896291253477897,0.8842839502494169
141,The researchers also pulled off a second genetic engineering trick in order to get male-sterile plants in large enough numbers to produce a commercial hybrid seed crop .,0.771772874087028,0.12652792813289332,0.8492046816754203,0.8991672220419941,0.8734720718671065
142,"They attached a second gene , for herbicide resistance , to the pollen-inhibiting gene .",0.5333333333333323,0.08724391184852678,0.9382358735306905,0.8886236285253832,0.9127560881514728
143,"Both genes are then inserted into a few greenhouse plants , which are then pollinated and allowed to mature and produce seed .",1.4399745860332072,0.20323094164937225,0.7612236445700311,0.8357966668208993,0.7967690583506276
144,The laws of heredity dictate that half of the plants springing from these greenhouse-produced seeds will be male sterile and herbicide resistant and half will be male fertile and herbicide susceptible .,1.5968904376852509,0.2625106174954686,0.7004697935103347,0.7786402535752747,0.7374893825045316
145,"The application of herbicide would kill off the male-fertile plants , leaving a large field of male-sterile plants that can be cross-pollinated to produce hybrid seed .",1.1064556659602687,0.15774805732191682,0.8263880030298435,0.858736874576974,0.8422519426780833
146,Mr. Leemans said the hybrid rapeseeds created with this genetic engineering yield 15 % to 30 % more output than the commercial strains used currently .,1.6552139399868215,0.26666015024330775,0.6578987786147362,0.828323473575098,0.733339849756692
147,"`` This technique is applicable to a wide variety of crops , '' he said , and added that some modifications may be necessary to accommodate the peculiarities of each type of crop .",1.0959154390835302,0.14460972534828762,0.861940650114448,0.848938708312938,0.8553902746517122
148,"He said the company is experimenting with the technique on alfalfa , and plans to include cotton and corn , among other crops .",0.6735332098491895,0.0981504186988271,0.8668226842289243,0.939826441663579,0.9018495813011729
149,"He said that even though virtually all corn seeds currently planted are hybrids , the genetic approach will obviate the need for mechanical emasculation of anthers , which costs U.S. seed producers about $ 70 million annually .",1.9514467873268702,0.26561923749140137,0.6859376717634929,0.7901862155727365,0.7343807625085985
150,"In recent years , demand for hybrid seeds has spurred research at a number of chemical and biotechnology companies , including Monsanto Co. , Shell Oil Co. and Eli Lilly & Co .",1.6531865624831443,0.2659715985025072,0.7190777547985118,0.7496139387841158,0.734028401497493
151,One technique developed by some of these companies involves a chemical spray supposed to kill only a plant 's pollen .,1.386638832322082,0.2151290170496557,0.7520881124411521,0.8206420607911997,0.7848709829503442
152,"But there have been problems with chemical sprays damaging plants ' female reproductive organs and concern for the toxicity of such chemical sprays to humans , animals and beneficial insects .",1.352133772932052,0.20883446560376207,0.7629387832453617,0.8215611610948904,0.7911655343962377
153,"However , Paul Johanson , Monsanto 's director of plant sciences , said the company 's chemical spray overcomes these problems and is `` gentle on the female organ . ''",1.3652425457245263,0.19296461277144134,0.7776650866740095,0.8387112351974841,0.8070353872285585
154,"Biosource Genetics Corp. , Vacaville , Calif. , is developing a spray containing a gene that spreads from cell to cell and interferes with the genes that are responsible for producing pollen .",1.620725559253457,0.23011119307901381,0.7616438825106722,0.7783141902443393,0.7698888069209862
155,"This gene , called `` gametocide , '' is carried into the plant by a virus that remains active for a few days .",1.0985219990250137,0.1630321520813774,0.8325672347271474,0.8414152280189726,0.8369678479186229
156,"Robert Erwin , president of Biosource , called Plant Genetic 's approach `` interesting '' and `` novel , '' and `` complementary rather than competitive . ''",0.9955108207473984,0.15546313680742666,0.7992270476336341,0.895292845250016,0.844536863192573
157,"`` There is a large market out there hungry for hybrid seeds , '' he said .",0.6770455884898219,0.09322376226502202,0.8923214695898586,0.9217070242135996,0.9067762377349783
158,"Mr. Robinson of Delta & Pine , the seed producer in Scott , Miss. , said Plant Genetic 's success in creating genetically engineered male steriles does n't automatically mean it would be simple to create hybrids in all crops .",1.8028328527047206,0.2438154830964311,0.7225416690034854,0.7931133080515016,0.7561845169035687
159,"That 's because pollination , while easy in corn because the carrier is wind , is more complex and involves insects as carriers in crops such as cotton .",1.5558419130608199,0.23606205379280606,0.7913860014192904,0.7383300580688165,0.763937946207194
160,"`` It 's one thing to say you can sterilize , and another to then successfully pollinate the plant , '' he said .",0.5629072918469555,0.07630112961070261,0.9032922481095698,0.9450488316943403,0.9236988703892974
161,"Nevertheless , he said , he is negotiating with Plant Genetic to acquire the technology to try breeding hybrid cotton .",0.5121375001030213,0.07183216621737064,0.8881002455259701,0.972021624410019,0.9281678337826291
162,"A bitter conflict with global implications has erupted between Nomura Securities Co. and Industrial Bank of Japan , two of the world 's most powerful financial companies .",1.736756802967525,0.2715608432506725,0.658831305642307,0.814493240260856,0.7284391567493276
163,The clash is a sign of a new toughness and divisiveness in Japan 's once-cozy financial circles .,0.825264054015185,0.13234458594220708,0.8765996076499548,0.858891897240516,0.8676554140577927
164,Not only are Japan 's financial institutions putting their enormous clout to work ; increasingly they 're squaring off against one another in unprecedented public fashion .,1.2878111086358173,0.18301145476027403,0.7211109526546554,0.9422711995089202,0.8169885452397262
165,"Already , the consequences are being felt by other players in the financial markets -- even governments .",0.5283208335737202,0.08155369904682659,0.9184463009531734,0.9184463009531734,0.9184463009531735
166,What triggered the latest clash was a skirmish over the timing of a New Zealand government bond issue .,1.4670685779435377,0.254450761812104,0.7975711647005421,0.6998980810849273,0.745549238187896
167,"Nomura was attempting to organize the 50 billion-yen -LRB- $ 352 million -RRB- borrowing in Japan at a time when many Japanese banks , led by Industrial Bank of Japan , were pressuring the Wellington government to help them recover loans made to a defunct investment bank that had been owned by New Zealand 's civil-service pension fund .",1.9490432776358873,0.2602253169688222,0.6833738289671123,0.8063228846412772,0.7397746830311778
168,"Unwilling to put up new money for New Zealand until those debts are repaid , most banks refused even to play administrative roles in the new financing , forcing an embarrassed Nomura to postpone it this week .",1.975117997697188,0.2900887814147082,0.6151931533398545,0.8391036019645174,0.7099112185852923
169,The dispute shows clearly the global power of Japan 's financial titans .,0.8930492672643702,0.1515583401044289,0.7717734951285344,0.9420223909514854,0.8484416598955713
170,"Aside from Nomura 's injured pride , the biggest victim so far has been the New Zealand government .",0.9870993422191274,0.1498513865747613,0.8255109792080121,0.876302125336781,0.8501486134252386
171,"Barred by its budget law from making any new domestic bond issues , Wellington 's Debt Management Office had been casting abroad to raise the 3 billion New Zealand dollars -LRB- US$ 1.76 billion -RRB- to NZ$ 4 billion it needs to come up with by the end of its fiscal year next June 30 .",2.6291224038494727,0.3713967356361174,0.5404925088320945,0.751036824402019,0.628603264363883
172,"With Japan 's cash-flush banks aligned against it , though , raising money may be difficult .",0.8679345589507923,0.12273356143883386,0.830596660538842,0.9294930312028871,0.877266438561166
173,"Not only can they block Wellington from raising money in Japan , bankers here say , but as the largest underwriters in the Eurobond market , they might be able to scuttle borrowings there , too .",1.668881242212283,0.22516169396386412,0.7436285592873578,0.8087825350163759,0.774838306036136
174,"New Zealand 's finance minister , David Caygill , lashed out at such suggestions .",1.7073093649624531,0.3063461220515157,0.6221379557785217,0.7837470702298567,0.693653877948484
175,"He told reporters in Wellington Tuesday that the government had n't guaranteed the loans to DFC New Zealand Ltd. , an investment bank 80%-owned by the National Provident Fund , and would n't bail it out .",1.4504728887947786,0.20191467249420036,0.7758189184100975,0.8216676182896095,0.7980853275057999
176,"`` It may very well be what the Japanese banks want , '' he told Radio New Zealand .",1.006285025198089,0.14236154097226345,0.8003699367945998,0.9237339961864269,0.8576384590277364
177,`` I think it would be irresponsible and I am not about to be blackmailed by Japanese banks or any other international interests . '',1.1199999999999983,0.153270937714742,0.8285864589228515,0.8656839466082938,0.8467290622852578
178,No less significant than the Japanese banks ' attempt to cut off funds to pressure a foreign government are the implications of a confrontation between Japan securities and banking industries .,1.3191565480510032,0.19150687120779114,0.7700684696846741,0.850953780294364,0.8084931287922088
179,Anxiety is rising over recent government proposals to eventually lower the strict barriers that now separate -- and protect -- the two industries from each other .,1.9083624976048332,0.2722801443018456,0.6613326996449646,0.8089226685330506,0.7277198556981547
180,"Both sides are jealously guarding their turf , and relations have been at a flashpoint for months .",0.6030418317929636,0.09218256845223041,0.8578777169534331,0.9639308255246374,0.9078174315477698
181,The banks badly want to break into all aspects of the securities business .,1.5903330361778858,0.277126077726178,0.6948094579391225,0.753300951504992,0.7228739222738221
182,"Meanwhile , the securities companies -- most of them smaller than the banks -- are seeking access only to limited kinds of banking that would n't open them to the full brunt of competition from the banks .",1.587860432306246,0.21783393199970208,0.7346884301891379,0.8362039231920014,0.7821660680002978
183,"Nomura , the world 's biggest securities company largely by virtue of its protected home field , and Industrial Bank of Japan , Japan 's most innovative and aggressive bank in capital markets abroad , captain the opposing sides .",2.0706161934544305,0.30482702339861995,0.6376695936199818,0.7640752966241678,0.6951729766013801
184,And their suspicions of each other run deep .,1.0566416671474377,0.20000000000000004,0.6666666666666666,1.0,0.8
185,"In the past year , both have tried to stretch the limits of their businesses .",1.0943609377704338,0.1708433658435833,0.7691218838107541,0.8993570498455009,0.8291566341564168
186,"Nomura started a credit-card venture with American Express Co. that allowed cardholders to use their Nomura securities accounts like a bank account , attracting the wrath of banks .",1.8920953587336866,0.28597501917142365,0.69790360095498,0.7309087709880167,0.7140249808285767
187,"And Industrial Bank of Japan started up a London securities subsidiary that sells Japanese stocks to non-Japanese institutions overseas , a move that stirred the anger of the stock brokerage firms .",1.844861326239295,0.2740045712601318,0.6719590039671778,0.7894826659623038,0.7259954287398687
188,The New Zealand bond issue simply has brought the two institutions face-to-face .,1.4426836540125736,0.25531948798960724,0.6819683409876647,0.8200944261408445,0.7446805120103925
189,"ITEL CORP. reported third-quarter earnings , which were mistakenly shown in the Quarterly Earnings Surprises table in yesterday 's edition to be lower than the average of analysts ' estimates .",1.4198713687420472,0.19042666990610196,0.8067923950101452,0.8123735027142419,0.809573330093898
190,"On a pretax basis , Itel 's third-quarter earnings of 30 cents a share were actually 7.14 % higher than the average of estimates .",1.180391000173076,0.1786595184790513,0.7833974187646383,0.8631460906551172,0.8213404815209486
191,"Raymond E. Ross , 53 years old , formerly group vice president , U.S. plastics machinery , at this machine tool , plastics machinery and robots concern , was named senior vice president , industrial systems , succeeding David A. Entrekin , who resigned Monday .",1.9917394473262209,0.34413773570735273,0.5840415915525135,0.7478235007754925,0.6558622642926474
192,"John A. Conlon Jr. , 45 , was named a managing director at this investment-banking company .",1.6337904418127867,0.2691339743125517,0.67371184477897,0.7986164592637242,0.7308660256874485
193,"He will be in charge of research , equity sales and trading , and the syndicate operation of Rothschild .",0.7887218755408663,0.1260919168028242,0.8792133824988466,0.8686664257410859,0.8739080831971758
194,Mr. Conlon was executive vice president and director of the equity division of the international division of Nikko Securities Co .,1.3886314027966744,0.25968087759297015,0.7187615879721659,0.7632097738498986,0.7403191224070298
195,"As Yogi Berra might say , it 's deja vu all over again .",0.9649839288804953,0.15163138992459912,0.848368610075401,0.8483686100754009,0.848368610075401
196,"Crouched at shortstop , Bert Campaneris , once Oakland 's master thief , effortlessly scoops up a groundball and flips it to second .",1.1614292908719674,0.17132950244182862,0.7614415847441841,0.9089205691636968,0.8286704975581711
197,"In the outfield , Paul Blair , the Orioles ' eight-time Gold Glove winner , elegantly shags a fly .",0.7854752972273351,0.13021989597984965,0.8662599755206387,0.8733289579916472,0.8697801040201504
198,"On the mound , former Red Sox great Luis Tiant , the wily master of 1,001 moves , throws an off-speed strike .",1.33170393404742,0.23757309303111446,0.6847303769977751,0.8600127752334713,0.7624269069688854
199,"`` Babies , kiddies , '' growls their manager -- a fellow named Earl Weaver , who , in a different time , handled four World Series teams and now handles the Gold Coast Suns .",1.4075287350849184,0.19669269829715652,0.7249335203089464,0.9006814916909578,0.8033073017028433
200,"`` Old-time kiddies , '' he says .",0.25,0.043478260869565216,0.9166666666666666,0.9999999999999999,0.9565217391304347
201,Perhaps .,0.0,0.0,1.0,1.0,1.0
202,"But for the next few months , these boys of summers long past are going to be reveling in an Indian summer of the soul .",1.0485048049553862,0.15881627025766004,0.8326878883638608,0.8498547228248241,0.8411837297423401
203,"Now that the baseball season is officially over , you see , it 's time for a new season to begin .",0.9656869317198407,0.13492378066701594,0.8719713143802666,0.8582893144160798,0.8650762193329835
204,"Today is the debut of the Senior Professional Baseball Association , a new eight-team pro sports circuit , modeled after the highly successful senior tennis and golf tours and complete with good salaries , a cable television contract and even expansion plans .",2.0502518321894296,0.32064422096699935,0.661083697919626,0.6986666371052376,0.6793557790330006
205,"One hundred and ninety two former greats , near greats , hardly knowns and unknowns begin a 72-game , three-month season in spring-training stadiums up and down Florida .",1.6648508599135834,0.27519274724051374,0.6554282505400503,0.8106130176196318,0.7248072527594861
206,"For everyone involved , it 's one more swig of that elixir of youth , baseball .",1.057304026531595,0.18530153065185467,0.7729047535635284,0.8612704324545152,0.8146984693481456
207,"`` Someone always makes you quit , '' says legendary St. Louis Cardinals centerfielder Curt Flood , the league 's commissioner .",1.4609867931852847,0.21930226807053968,0.7324636158279423,0.8357322854778432,0.7806977319294601
208,"`` You feel you want one more -- one more at-bat , one more hit , one more game . ''",1.1370022354088505,0.18643607403931967,0.7955704102623958,0.8323901994465167,0.8135639259606803
209,"Until the baby-faced heroes of today reclaim these ballparks for spring training , there is one more .",1.0147034725828004,0.14747092083356228,0.8577571482974123,0.8473643545894279,0.8525290791664376
210,And not just for the players .,0.2857142857142856,0.05361503543831442,1.0,0.8982265179691366,0.9463849645616855
211,"It 's one more for the baseball-loving lawyers , accountants and real estate developers who ponied up about $ 1 million each for the chance to be an owner , to step into the shoes of a Gene Autry or have a beer with Rollie Fingers .",2.088953392923063,0.28259877203823847,0.6758341945121553,0.7644164964008826,0.7174012279617614
212,"`` Nothing can be better than this , '' says Don Sider , owner of the West Palm Beach Tropics .",0.957136450957611,0.1368569580867113,0.872707743957447,0.8537857214452139,0.8631430419132886
213,"Early in the morning Mr. Sider , an estate lawyer , pores over last wills and testaments .",1.2641604167868596,0.19724698018384895,0.7678420149244406,0.8409897900141885,0.802753019816151
214,"Midmorning , he dons an orange-and-blue uniform and , for fun , may field a bunt from Dave Kingman .",0.8622556248918256,0.13004141790456641,0.8522538841264139,0.888414479239705,0.8699585820954336
215,"It 's one more , too , for the fans who dream of a season that never ends .",0.6713098685349159,0.09067475466575448,0.904471390026827,0.914231478258675,0.9093252453342451
216,"`` I feel like a little kid , '' says a gleeful Alex de Castro , a car salesman , who has stopped by a workout of the Suns to slip six Campaneris cards to the Great Man Himself to be autographed .",1.357686986223344,0.1738815519628984,0.7826844270043062,0.874656326079209,0.8261184480371015
217,The league 's promoters hope retirees and tourists will join die-hard fans like Mr. de Castro and pack the stands to see the seniors .,1.132260259458274,0.17349218008037398,0.7743202310872713,0.8862384673779707,0.8265078199196261
218,The league is the brainchild of Colorado real estate developer James Morley -- once a minor-leaguer himself -- who says he had the idea last January while lying on a beach in Australia .,1.9487525691526377,0.2897515635611309,0.7116937744346798,0.70880895705293,0.7102484364388687
219,"When he sent letters offering 1,250 retired major leaguers the chance of another season , 730 responded .",1.4172097224626068,0.226537036432908,0.6906090600370504,0.8789074424519183,0.7734629635670918
220,"Eventually , about 250 made the trip to Florida to compete for the available slots .",0.8443609377704329,0.12686399155298864,0.8015556033736736,0.958754573727417,0.8731360084470113
221,"-LRB- Players have to be 35 or older , except for catchers , who are eligible at 32 because life behind the plate is so rough . -RRB-",1.8292600338883434,0.2535700926482246,0.6791817265368804,0.8284585095197019,0.7464299073517754
222,"For some players , the lure is money -- up to $ 15,000 a month .",0.625,0.09217420279475715,0.9037421391037929,0.9119465277377136,0.9078257972052429
223,"Others , just released from the majors , hope the senior league will be their bridge back into the big-time .",1.1602156179333454,0.17085561355719436,0.7832047053203411,0.8808091575461212,0.8291443864428054
224,"But as they hurl fireballs that smolder rather than burn , and relive old duels in the sun , it 's clear that most are there to make their fans cheer again or recapture the camaraderie of seasons past or prove to themselves and their colleagues that they still have it -- or something close to it .",2.713073214418813,0.37101554214125937,0.5895738472681706,0.6740413789389068,0.6289844578587405
225,`` My fastball is good .,0.0,0.0,1.0,1.0,1.0
226,"Real good , '' says 39-year-old Pete Broberg , working in the midday heat of the Tropics camp .",1.0062850251980908,0.1513787684145638,0.8125329369899148,0.888064214810908,0.8486212315854362
227,"Mr. Broberg , who started with the now-defunct Washington Senators , says that when he left baseball in 1978 , he `` never looked back . ''",1.1525709436579206,0.15358135313477475,0.8138839079337167,0.8816628255180134,0.8464186468652255
228,"For a long time , he ignored baseball altogether , even the sports pages .",1.3006516669551287,0.20822210851276116,0.7631897206955147,0.8225911692347638,0.7917778914872384
229,"Now Mr. Broberg , a lawyer , claims he 'd play for free .",0.7682062501545346,0.11709052281086978,0.8571995023148347,0.910209376617429,0.8829094771891305
230,"`` You ca n't give it up that easily , '' he says .",1.1967776787259643,0.18647403055768816,0.7851683743387783,0.8440086748696405,0.813525969442312
231,`` I tried . '',0.0,0.0,1.0,1.0,1.0
232,"The nagging memory of one afternoon fourteen years ago drove Jim Gideon , a lean 36-year-old righthander to take a four-month leave from selling insurance in Texas to try out for Mr. Weaver 's team .",1.9311956520186602,0.2852906192379262,0.6585186626417149,0.7813840780223701,0.7147093807620738
233,"`` It does n't replace pitching in the majors , but it proves to me that I would have been able to play if I 'd stayed healthy , '' he says .",1.6752791671255851,0.22644840170753947,0.7453270365202924,0.8039979509948882,0.7735515982924607
234,"Back in 1975 , late in the season , a then-21 Mr. Gideon made his only major league appearance , five and two-thirds innings for the Texas Rangers against the Chicago White Sox .",1.5615759979353196,0.2426416610589336,0.6799972450702726,0.8545812974974553,0.7573583389410666
235,"He gave up seven hits , walked five and did n't get a decision .",1.0339850002884612,0.1525097467785156,0.8311447327111339,0.8644915820260832,0.8474902532214842
236,Arm troubles forced him back to the minors the next year .,0.792481250360578,0.13876942465908715,0.797140294720724,0.9365276331003517,0.8612305753409126
237,"`` There 's a satisfaction in going against the rules , '' offers Will McEnaney , once a stopper with Cincinnati 's Big Red Machine .",1.0736979600343703,0.1492866485226228,0.8183851987351165,0.8857006228295519,0.850713351477377
238,He means the rule that a player ca n't cut it after a certain age .,0.6721804688852169,0.10367621836518699,0.9207767444026483,0.8731360084470113,0.8963237816348131
239,These days he hustles to house-painting jobs in his Chevy pickup before and after training with the Tropics .,1.48761381613107,0.225834405414411,0.7262105830813242,0.828901775975496,0.7741655945855884
240,"While sipping a beer after practice , he vividly recounts getting the Red Sox 's Carl Yastrzemski to pop out to end the 1975 World Series , and repeating the feat against the Yankees ' Roy White in 1976 .",1.5860483599055994,0.22394477600737508,0.7323174986785588,0.8253492804382355,0.7760552239926246
241,Some of the game 's reigning philosophers dislike the idea of middle-aged men attempting a young man 's sport .,1.1000000000000005,0.1915089730063633,0.7683598093600266,0.8530453465132579,0.8084910269936366
242,"`` I personally do n't enjoy seeing players who I remember vividly from their playing days running about and being gallant about their deficiencies , '' says Roger Angell , New Yorker magazine 's resident baseball sage .",1.8458344592125329,0.2503528029287013,0.6801406759991935,0.8349771254407693,0.7496471970712986
243,`` I feel people should be allowed to remember players as they were . '',1.0666666666666647,0.15809227230180264,0.809898071099938,0.876551741863524,0.8419077276981971
244,"Worse , says baseball author Lawrence Ritter , `` Someone will get a heart attack and that will be the end of the whole story . ''",1.083745367734818,0.14967112952194964,0.8963702045873393,0.8087862173791722,0.8503288704780504
245,But the ballplayers disagree .,0.0,0.0,1.0,1.0,1.0
246,Most are trim .,0.0,0.0,1.0,1.0,1.0
247,Some have been training for months ; others only recently left active status .,0.9721171767454884,0.1529236707675274,0.764524515837765,0.949613698853527,0.8470763292324728
248,"-LRB- No one has worked out the players ' average age , but most appear to be in their late 30s . -RRB-",0.9510566513446621,0.12556317008973453,0.8164866637433708,0.9412414724787583,0.8744368299102657
249,And there 's pride .,0.0,0.0,1.0,1.0,1.0
250,"`` I 'm not going to look stupid , '' vows former Pittsburgh Pirate second baseman Rennie Stennett , sweat dotting his brow as he prepares for some practice swings .",2.0414262101659437,0.28459458832798873,0.647595011628512,0.7990777378935395,0.7154054116720111
251,"`` It 's going to be a tough league , '' promises the 47-year-old Mr. Campaneris .",0.6326404413037352,0.08658015735981697,0.9226682439107675,0.9043550048385077,0.9134198426401832
252,`` There will be a lot of malice . '',-8.881784197001252e-16,-1.4224837867897312e-16,1.0,1.0,1.0
253,"Men who have played hard all their lives are n't about to change their habits , he says .",0.7765730264296531,0.10956624743063875,0.8570524637644585,0.9265207581120888,0.8904337525693607
254,"Nonetheless , one ca n't help wonder whether the game will be just a little bit slower .",1.0566416671474386,0.1545076981664445,0.8738888853635177,0.8188831037463916,0.8454923018335558
255,"At the weatherbeaten Pompano Beach municipal stadium , Mr. Blair , the 45-year-old former Oriole , knows his power is n't what it used to be .",1.087444088849998,0.1627699272096463,0.7703853653924086,0.9167768603206802,0.8372300727903538
256,So he adjusts .,0.0,0.0,1.0,1.0,1.0
257,He no longer crowds the plate .,0.6792696431662097,0.1376310147645185,0.7580392711198944,1.0,0.8623689852354814
258,"He 's not thinking about home runs anymore , just base hits .",1.1930596157174573,0.21333454424511888,0.7266922242572691,0.8574282058812591,0.7866654557548811
259,"Still , `` how sweet it is , '' he says , savoring the fat sound of the well-hit line drive that bounces off the center field wall .",1.0765269292715054,0.15153939410144543,0.8652606173932914,0.8323005512888206,0.8484606058985548
260,"And do n't expect many complete games by pitchers -- perhaps three out of 288 , laughs Mr. Fingers , the former Oakland reliever .",1.280640497240138,0.18329740814619438,0.7601426032395323,0.8823561318024886,0.8167025918538053
261,"Expect `` tricky '' stuff from pitchers , says Mr. Weaver , the manager .",0.666666666666667,0.10079962541730082,0.8479184568799503,0.9570846384092841,0.899200374582699
262,"Expect brushbacks but no beanballs , says Mr. McEnaney .",0.4754887502163454,0.08243038523439632,0.9057167934083037,0.9297367778539066,0.9175696147656035
263,"Even expect stolen bases , says the wiry and fit Mr. Campaneris : `` If you know how to slide , it 's no problem , '' he says .",1.4876396827696912,0.18888706188205692,0.7669366379923114,0.8606894944296026,0.8111129381179433
264,And expect slower fastballs .,0.40000000000000036,0.09425390072448082,0.8277293767706427,1.0,0.9057460992755192
265,"`` I 'm not so young anymore , '' concedes the cigar-chomping , 48-year-old Mr. Tiant .",1.1187970593325813,0.1698869027350638,0.8301130972649364,0.8301130972649362,0.8301130972649363
266,"`` I wo n't be throwing 90 mph , but I will throw 80-plus , '' he says .",0.6057776318066779,0.08345770632459439,0.9034405474017484,0.9300296364325625,0.9165422936754054
267,"White-haired Pedro Ramos , at 54 the league 's oldest player and a pitcher-coach with the Suns , has lost even more speed .",0.9276942711037677,0.13111241206433774,0.8081839726511085,0.9394508038700513,0.8688875879356623
268,"Stuffing a wad of Red Man into his cheek , he admits the fastball he brought into the majors in 1955 has become a slowball .",1.18448967238961,0.17262078770742603,0.8146092800729042,0.8405558872577362,0.8273792122925739
269,Its maximum velocity is 72 mph .,0.5714285714285712,0.1133049180745301,0.8866950819254699,0.8866950819254699,0.88669508192547
270,But he is n't worried .,0.0,0.0,1.0,1.0,1.0
271,He will compensate with the guile learned from his years in the majors .,0.5364125003090674,0.08622394789568585,0.8932639217666867,0.9352523683539501,0.9137760521043143
272,He has good control .,0.0,0.0,1.0,1.0,1.0
273,"He will keep the ball down , move it around .",0.614080682014861,0.10336064156789723,0.8603710954403707,0.9360999096884661,0.896639358432103
274,"After all , he says , `` Even to make love , you need experience .",0.6415414066556497,0.10241561385697645,0.8569300283062992,0.9422882994691714,0.8975843861430236
275,Alltel Corp. said it will acquire the 55 % of Pond Branch Telephone Company Inc. 's cellular franchise that it does n't own already .,1.1166458784357438,0.16204253409182406,0.8349855323060973,0.8409506308683689,0.8379574659081759
276,Terms were n't disclosed .,0.0,0.0,1.0,1.0,1.0
277,"Alltel holds 45 % of the franchise , which has operations in Aiken , S.C. , and Augusta , Ga .",1.0290304987827046,0.1556131615273397,0.8799322074500932,0.8116017189830897,0.8443868384726602
278,"Alltel , which provides local telephone service in 25 states , said it exercised its right of first refusal following an offer from an undisclosed third party to acquire the majority position in the franchise .",1.3281538202256966,0.1924697408197866,0.7740206025571112,0.8440726787710033,0.8075302591802132
279,Stewart & Stevenson Services Inc. said it received two contracts totaling $ 19 million to build gas-turbine generators .,1.632607895192307,0.2534241856812818,0.6799181003788087,0.8277241130932228,0.7465758143187181
280,"The separate contracts were from Paragould Light & Water Commission , a utility in Paragould , Ark. , and PSE Inc. , a cogeneration-plant operator in Houston .",1.4723639651786016,0.256435362651032,0.7305791647841076,0.7570200764131474,0.743564637348968
281,Stewart & Stevenson makes equipment powered with diesel and gas turbines .,1.4591479170272446,0.2713460120775267,0.6861230575340912,0.7768061183330607,0.7286539879224732
282,"Liberty National Bancorp said its acquisition of Florence Deposit Bank , Florence , Ky. , first announced in April , has been completed in a transaction valued at $ 13.1 million .",1.5445600614131427,0.24102645479881846,0.7520893291010103,0.7659849542861753,0.7589735452011814
283,"Liberty National exchanged about 78.64 shares of its common stock for each of Florence Deposit 's 5,600 shares outstanding .",2.1580629729365075,0.3795535452371892,0.5474563894674745,0.7158935390725651,0.6204464547628106
284,"Liberty National , a bank holding company , has assets exceeding $ 3 billion .",1.3836591668108973,0.22449406809987382,0.7375718925218688,0.8175535032637824,0.7755059319001261
285,"Hani Zayadi was appointed president and chief executive officer of this financially troubled department store chain , effective Nov. 15 , succeeding Frank Robertson , who is retiring early .",1.9479520632582403,0.29900175393525275,0.6427573912129744,0.7708452641740438,0.7009982460647471
286,"Mr. Zayadi was previously president and chief operating officer of Zellers Inc. , a retail chain that is owned by Toronto-based Hudson 's Bay Co. , Canada 's largest department store operator .",1.5937653508864074,0.23949295142666419,0.71864005661568,0.8075540487408874,0.760507048573336
287,"Tuesday , October 31 , 1989",0.6666666666666674,0.17376534287144021,1.0000000000000002,0.7039180890341349,0.8262346571285601
288,The key U.S. and foreign annual interest rates below are a guide to general levels but do n't always represent actual transactions .,1.02216413062291,0.15901634806494538,0.8297589391293968,0.8525162179092605,0.8409836519350544
289,PRIME RATE : 10 1/2 % .,0.0,0.0,1.0,1.0,1.0
290,The base rate on corporate loans at large U.S. money center commercial banks .,0.7403234269000194,0.15188033190913444,0.7917909728346593,0.9130767376525858,0.8481196680908653
291,"FEDERAL FUNDS : 9 % high , 8 13/16 % low , 8 7/8 % near closing bid , 8 15/16 % offered .",1.4252767090144571,0.2895850478781231,0.6418754427605238,0.7953415883658719,0.710414952121877
292,Reserves traded among commercial banks for overnight use in amounts of $ 1 million or more .,1.5952597340449266,0.2611293895653082,0.7275936204382532,0.7505026682823439,0.7388706104346918
293,Source : Fulton Prebon -LRB- U.S.A . -RRB- Inc .,0.8754887502163466,0.17621256094017193,0.881353453268883,0.7732802751711707,0.8237874390598281
294,DISCOUNT RATE : 7 % .,0.45914791702724456,0.11353496062129774,1.0,0.7960819109658652,0.8864650393787022
295,The charge on loans to depository institutions by the New York Federal Reserve Bank .,1.0976262297806771,0.20779835519380863,0.8048495815472654,0.7799450739108292,0.7922016448061913
296,CALL MONEY : 9 3/4 % to 10 % .,-8.881784197001252e-16,-1.873042866809317e-16,1.0,1.0,1.0
297,The charge on loans to brokers on stock exchange collateral .,0.7958988638330418,0.15816576312184175,0.8942613737270578,0.7952138773323884,0.8418342368781581
298,COMMERCIAL PAPER placed directly by General Motors Acceptance Corp. : 8.55 % 30 to 44 days ; 8.25 % 45 to 59 days ; 8.40 % 60 to 89 days ; 8 % 90 to 119 days ; 7.90 % 120 to 149 days ; 7.80 % 150 to 179 days ; 7.55 % 180 to 270 days .,1.3361360534311055,0.24941407675363964,0.7097462565636358,0.7964124697116659,0.7505859232463604
299,"COMMERCIAL PAPER : High-grade unsecured notes sold through dealers by major corporations in multiples of $ 1,000 : 8.62 % 30 days ; 8.55 % 60 days ; 8.45 % 90 days .",1.3874235361381881,0.2522316596683204,0.713176046365254,0.7858874702933066,0.7477683403316795
300,CERTIFICATES OF DEPOSIT : 8.09 % one month ; 8.04 % two months ; 8.03 % three months ; 7.96 % six months ; 7.92 % one year .,1.301420288249446,0.30548771179455686,0.6697851163673997,0.7211352060994612,0.6945122882054434
301,"Average of top rates paid by major New York banks on primary new issues of negotiable C.D.s , usually on amounts of $ 1 million and more .",1.369583945229401,0.22214869455171193,0.7330584105191496,0.8284745184470826,0.7778513054482881
302,"The minimum unit is $ 100,000 .",0.2857142857142865,0.053615035438314584,0.8982265179691366,1.0,0.9463849645616855
303,Typical rates in the secondary market : 8.53 % one month ; 8.50 % three months ; 8.30 % six months .,0.7514576807108844,0.1476943758150881,0.8019919792881979,0.9093547641650161,0.8523056241849116
304,BANKERS ACCEPTANCES : 8.49 % 30 days ; 8.44 % 60 days ; 8.27 % 90 days ; 8.12 % 120 days ; 8.05 % 150 days ; 7.98 % 180 days .,1.1747294322249653,0.26955023221870184,0.76762990104762,0.6967048856941687,0.730449767781298
305,"Negotiable , bank-backed business credit instruments typically financing an import order .",0.8741854163060889,0.15884869710404523,0.841151302895955,0.841151302895955,0.841151302895955
306,LONDON LATE EURODOLLARS : 8 3/4 % to 8 5/8 % one month ; 8 3/4 % to 8 5/8 % two months ; 8 11/16 % to 8 9/16 % three months ; 8 9/16 % to 8 7/16 % four months ; 8 1/2 % to 8 3/8 % five months ; 8 7/16 % to 8 5/16 % six months .,0.9862653940000277,0.23100979001423144,0.7390301529950825,0.8014820477409884,0.7689902099857683
307,LONDON INTERBANK OFFERED RATES -LRB- LIBOR -RRB- : 8 3/4 % one month ; 8 11/16 % three months ; 8 7/16 % six months ; 8 7/16 % one year .,1.3904479250510224,0.3060994636634514,0.6041926531988157,0.8148921610555832,0.6939005363365486
308,The average of interbank offered rates for dollar deposits in the London market based on quotations at five major banks .,1.624565614338731,0.291958816822282,0.6823118168151255,0.7357870527013807,0.7080411831777178
309,FOREIGN PRIME RATES : Canada 13.50 % ; Germany 9 % ; Japan 4.875 % ; Switzerland 8.50 % ; Britain 15 % .,1.0143434108526486,0.2211582575205109,0.6958695174112799,0.8842790370422973,0.7788417424794888
310,These rate indications are n't directly comparable ; lending practices vary widely by location .,1.21764416709936,0.20083846174175463,0.7925825069557938,0.8058507055950003,0.7991615382582453
311,"TREASURY BILLS : Results of the Monday , October 30 , 1989 , auction of short-term U.S. government bills , sold at a discount from face value in units of $ 10,000 to $ 1 million : 7.78 % 13 weeks ; 7.62 % 26 weeks .",1.9860610722613128,0.29461373871881136,0.7056692559591694,0.7051034934910395,0.7053862612811885
312,FEDERAL HOME LOAN MORTGAGE CORP . -LRB- Freddie Mac -RRB- : Posted yields on 30-year mortgage commitments for delivery within 30 days .,2.2367251460383804,0.396889589087358,0.5514546362327467,0.6654437571639878,0.603110410912642
313,"9.78 % , standard conventional fixed-rate mortgages ; 7.875 % , 2 % rate capped one-year adjustable rate mortgages .",0.7419287731048145,0.14898170163590457,0.7781360041812284,0.9389641894626605,0.8510182983640955
314,Source : Telerate Systems Inc .,0.666666666666667,0.1480409554829327,0.8519590445170675,0.8519590445170675,0.8519590445170675
315,"FEDERAL NATIONAL MORTGAGE ASSOCIATION -LRB- Fannie Mae -RRB- : Posted yields on 30 year mortgage commitments for delivery within 30 days -LRB- priced at par -RRB- 9.75 % , standard conventional fixed-rate mortgages ; 8.75 % , 6/2 rate capped one-year adjustable rate mortgages .",1.8012070851848794,0.29612642865693944,0.6205137666077142,0.8131062450833877,0.7038735713430606
316,Source : Telerate Systems Inc .,0.666666666666667,0.1480409554829327,0.8519590445170675,0.8519590445170675,0.8519590445170675
317,MERRILL LYNCH READY ASSETS TRUST : 8.63 % .,1.4172097224626081,0.31646890273909534,0.6709639748071445,0.6965779685658426,0.6835310972609047
318,Annualized average rate of return after expenses for the past 30 days ; not a forecast of future returns .,0.7622556248918277,0.12588583263958106,0.8513023537472281,0.8981821904657273,0.8741141673604189
319,"Canada 's gross domestic product rose an inflation-adjusted 0.3 % in August , mainly as a result of service-industry growth , Statistics Canada , a federal agency , said .",1.2735547005449002,0.19797467861897883,0.7783230566499066,0.8272165388666853,0.8020253213810213
320,The August GDP was up 2.4 % from its year-earlier level .,0.7295739585136234,0.12636193996214967,0.7756281786893549,1.0,0.8736380600378505
321,GDP is the total value of a nation 's output of goods and services .,0.7169925001442303,0.12092015929268507,0.8170288989354227,0.9513306017937847,0.8790798407073146
322,Statistics Canada said service-industry output in August rose 0.4 % from July .,1.0468954211105244,0.19697847924223652,0.8018625102121278,0.8041838866164344,0.8030215207577636
323,Output of goods-producing industries increased 0.1 % .,0.75,0.14285714285714285,0.8181818181818181,0.8999999999999999,0.8571428571428571
324,"Separately , Statistics Canada reported that its industrial-product price index dropped 0.2 % in September , its third consecutive monthly decline .",1.2892967262091029,0.21761836890537742,0.6914297290654334,0.9008857527405,0.7823816310946224
325,It also reported a 2.6 % decline in its raw-materials price index for September .,0.6909685317733514,0.1140937706253199,0.8279022651924789,0.9526502046893518,0.8859062293746799
326,"Columbia Pictures Entertainment Inc. was dropped , effective today , from the recreational products and services industry group of the Dow Jones Equity Market Index .",1.725182806625896,0.27678152016805785,0.7021832988438241,0.7455528755652926,0.723218479831942
327,"Columbia Pictures is being acquired by Sony Corp. , which is based in Japan .",0.9006516669551283,0.14733070244636637,0.8764717470613812,0.8301254792600825,0.8526692975536335
328,People 's Savings Financial Corp. said it will buy back as much as 10 % of its 2.4 million shares outstanding because the stock is undervalued .,1.4768260363306398,0.19605827983109486,0.7509059376133957,0.8650385846058773,0.8039417201689054
329,The holding company said it has been `` unfairly associated '' with other banks in New England that have had major loan losses in recent quarters .,1.4783758133664309,0.2102750857998019,0.7114115819794217,0.8874127368917969,0.7897249142001979
330,The company said its People 's Savings Bank unit does n't have a `` large exposure to construction and commercial loans that have caused the loan-loss problems in many of the banks .,1.4686179832336403,0.19745434815165328,0.7365997326106929,0.8814605997484235,0.8025456518483466
331,"A seat on the Chicago Mercantile Exchange was sold for $ 410,000 , down $ 6,000 from the previous sale Oct .",1.0120301139313828,0.1541441232031821,0.818898286775591,0.8746487346928521,0.8458558767968183
332,"Seats currently are quoted at $ 400,000 bid , $ 425,000 asked .",0.46153846153846345,0.07298255005435195,0.9050010224717209,0.9501317970921511,0.927017449945648
333,"The record price for a full membership on the exchange is $ 550,000 , set March 9 .",1.1802840276575868,0.18415974517412953,0.8071288710870662,0.8247417351190394,0.8158402548258705
334,"In a surprise move , the British government cleared the way for a bidding war for Jaguar PLC by agreeing to remove an obstacle to a takeover of the auto maker .",1.4527337822817001,0.24002182474832326,0.7811986360262043,0.7398800904457138,0.7599781752516767
335,Trade and Industry Secretary Nicholas Ridley told the House of Commons yesterday that he will relinquish the government 's so-called golden share in the company as long as Jaguar shareholders agree .,1.392127543957593,0.20209410120966412,0.7607871218990252,0.838832507286861,0.7979058987903357
336,The golden share restricts any individual holding to 15 % and expires at the end of 1990 .,1.0202515542555712,0.170432069847473,0.8230391407920313,0.8362011274741439,0.8295679301525269
337,"It was in Jaguar 's best interests `` for the company 's future to be assured and the present climate of uncertainty resolved as quickly as possible , '' Mr. Ridley said .",1.163829453229293,0.14629681337692396,0.8380714585586214,0.8699291246052208,0.853703186623076
338,Mr. Ridley 's decision fires the starting pistol for perhaps a costly contest between the world 's auto giants for Britain 's leading luxury-car maker .,1.4608107125832417,0.24709130020611456,0.7344729462186259,0.7722937811788723,0.7529086997938855
339,Both General Motors Corp. and Ford Motor Co. have been trying to amass 15 % stakes in Jaguar .,1.2875996550900064,0.20743558670859766,0.7168074636514478,0.8862267082771926,0.7925644132914025
340,"Ford , which already has an unwelcome 13.2 % holding , is prepared to bid for the entire company and had lobbied the government to lift the takeover restrictions early .",1.3797064494569993,0.1885181368500026,0.7721668212170644,0.8550151455672429,0.8114818631499975
341,GM has been negotiating a friendly transaction with Jaguar that likely would involve joint ventures and an eventual stake of just under 30 % .,1.393156856932416,0.20446186718400183,0.7070486952907482,0.9093456961480512,0.7955381328159977
342,"But the government 's action , which caught Jaguar management flat-footed , may scuttle the GM minority deal by forcing it to fight for all of Jaguar .",1.2817969789975239,0.1818874499639882,0.7706899880971675,0.8717538335694078,0.8181125500360116
343,"`` I ca n't believe they -LRB- GM -RRB- will let Ford have a free run , '' said Stephen Reitman , a European auto industry analyst at UBS-Phillips & Drew .",1.2110902344426089,0.163719065441053,0.8130790288943286,0.8608459090114517,0.8362809345589471
344,`` I am sure they will be going for a full bid . '',0.4285714285714297,0.05963862700507131,0.9594344915881373,0.9220318027381574,0.940361372994929
345,Many investors certainly believe a bidding war is imminent .,0.8754887502163458,0.1517740954247139,0.8594735557078133,0.8372688393501769,0.8482259045752859
346,"Jaguar shares skyrocketed yesterday after Mr. Ridley 's announcement , following their temporary suspension on London 's Stock Exchange .",1.3825742227201614,0.24211917784798465,0.6960686536109864,0.8317409374454471,0.7578808221520151
347,"In late trading , the shares were up a whopping 122 pence -LRB- $ 1.93 -RRB- -- a 16.3 % gain -- to a record 869 pence on very heavy volume of 9.7 million shares .",1.3041762432569444,0.19544271600266866,0.7582617649499396,0.8568735241005375,0.8045572839973312
348,"In the U.S. over-the-counter market , Jaguar shares trading as American Depositary Receipts closed at $ 13.625 , up $ 1.75 .",1.3413534092875885,0.20324174614659044,0.7289342402572253,0.878498545355408,0.7967582538534096
349,"Analysts expect Ford will make the first move , perhaps today , with an initial offer of about 900 pence -LRB- $ 14.25 -RRB- a share .",0.9970253532794073,0.13831568463676214,0.8280715818798932,0.8981412889340402,0.8616843153632381
350,Such a proposal values Jaguar at more than # 1.6 billion -LRB- $ 2.53 billion -RRB- .,1.4356689386215722,0.2379545583608954,0.6569600562392368,0.907150559083725,0.7620454416391047
351,Speculation about a takeover fight has sent Jaguar shares soaring in the past six weeks .,1.5165414066556506,0.24329052386341465,0.7087098838422563,0.8116832623851937,0.7567094761365853
352,The share price was languishing at about 400 pence before Ford 's Sept. 19 announcement of its interest in a minority stake .,1.539253668648537,0.2648694163449775,0.7356802488376976,0.7345817392263192,0.7351305836550226
353,"Ford is `` in the driving seat at the moment , '' observed Bob Barber , an auto analyst at brokers James Capel & Co .",1.3507467491832195,0.20150694073174286,0.7980357811231599,0.7989508617587345,0.7984930592682566
354,An aggressive Ford bid for Jaguar would put pressure on GM to make a better offer as the British company 's `` white knight . '',1.265148191906965,0.18902423370314278,0.7876861580600291,0.8356845485264259,0.8109757662968571
355,Such a countermove could end Jaguar 's hopes for remaining independent and British-owned .,0.8831805697571644,0.13701612151654247,0.8020593153013479,0.9339249801919749,0.8629838784834576
356,But it is n't clear how long GM would be willing to fight Ford for Jaguar .,0.7502875001272633,0.11316646511794697,0.862014469076121,0.9131241472948423,0.8868335348820532
357,"Because of their longstanding rivalry , GM just `` wants to make sure Ford pays a huge packet for -LRB- Jaguar -RRB- , '' said John Lawson , an auto analyst at London 's Nomura Research Institute .",2.002551484954674,0.28584644243941176,0.6723594853101583,0.761487878099608,0.7141535575605881
358,People close to the GM-Jaguar talks agreed that Ford now may be able to shut out General Motors .,1.2631578947368398,0.17988139676036172,0.7962469347740848,0.8454658667434756,0.8201186032396379
359,"`` It 's either going to be a shootout , or there only may be one player in town , '' one person said .",0.8799999999999999,0.11417715139720878,0.8525932320961441,0.9217477456714981,0.885822848602791
360,"Another person close to the talks said , `` It is very hard to justify paying a silly price for Jaguar if an out-and-out bidding war were to start now . ''",1.303422060767085,0.17542606352636136,0.7977324646598022,0.8532845820508717,0.8245739364736389
361,"In a statement , Jaguar 's board said they `` were not consulted about the -LRB- Ridley decision -RRB- in advance and were surprised at the action taken . ''",1.127209383026126,0.1527536649764373,0.8423494271452201,0.852200511120025,0.8472463350235628
362,The statement emphasized that holders representing 75 % of the shares voting at a special shareholders ' meeting must agree to lift the takeover restrictions .,1.5863504806860194,0.23413676929956406,0.7540705382896942,0.7780306280685365,0.7658632307004357
363,"Jaguar officials in the U.S. noted that Ford , as Jaguar 's largest shareholder , now has the power to call for such a meeting .",1.4717177887111683,0.20283584096688811,0.793986974622356,0.8003668729729773,0.7971641590331114
364,U.S. auto analysts also noted that Ford is in the best position to benefit from the large number of Jaguar shares that have moved over the past month into the hands of arbitragers waiting for the highest takeover bid .,1.7258890609914337,0.24877733571381078,0.7188268496838025,0.7866762916916573,0.7512226642861891
365,"Jaguar 's own defenses against a hostile bid are weakened , analysts add , because fewer than 3 % of its shares are owned by employees and management .",1.1589531198081682,0.16070886381209423,0.8298066004902023,0.8489949916412569,0.8392911361879061
366,Ford officials in the U.S. declined to comment on the British government 's action or on any plans to call a special Jaguar shareholders meeting .,1.3712109405539703,0.21002120725017118,0.7517519667823105,0.8323015927481494,0.7899787927498289
367,"But GM officials said they , too , were surprised by the move , which left them to `` consider all our options and explore matters further . ''",1.526367672637602,0.19762028126656922,0.757581634215064,0.8528088770255088,0.8023797187334311
368,"Although GM has U.S. approval to buy up to 15 % of Jaguar 's stock , it has n't yet disclosed how many shares it now owns .",1.7906773388363435,0.25702679807989204,0.6783296323845193,0.8212354319900524,0.742973201920108
369,"In a prepared statement , GM suggested its plans for Jaguar would be more valuable in the long run than the initial windfalls investors might reap from a hostile Ford bid .",1.527211418852401,0.2235626057500961,0.7678935961305955,0.7851734528702217,0.7764373942499039
370,"`` Our intensive discussions with Jaguar , at their invitation , '' GM said , `` have as their objectives to create a cooperative business relationship with Jaguar that would provide for the continued independence of this great British car company , to ensure a secure future for its employees and to provide an attractive long-term return for its shareholders . ''",1.3311010613319034,0.1826009059875655,0.7671569137259583,0.8746833298243386,0.8173990940124348
371,"Jaguar was shocked by Mr. Ridley 's decision , because management had believed the government would n't lift the golden share without consulting the company first .",1.0483891291280312,0.1540671569375184,0.8052306773947006,0.8909688334722741,0.8459328430624818
372,"Indeed , the government is taking a calculated risk .",0.1999999999999993,0.03309145580571036,1.0,0.9359370254787319,0.9669085441942895
373,"Mr. Ridley 's announcement set off a howl of protests from members of the opposition Labor Party , who accused the Thatcher administration of backing down on promised protection for a privatized company .",1.4162827433858842,0.21520710126537734,0.7419063758978669,0.8329418009815562,0.7847928987346221
374,The British government retained the single golden share after selling its stake in Jaguar in,0.9903168648182223,0.18724695313221917,0.7614507218621638,0.8714677058662139,0.8127530468677807
375,"The Conservative government 's decision may reflect its desire to shed a politically sensitive issue well before the next election , expected in late 1991 .",1.006338347553097,0.14947999487024743,0.8104464206821338,0.894762719367382,0.8505200051297522
376,"`` It 's now a very good time politically to get this over and done with , '' observed Daniel Jones , professor of motor industry management at the University of Cardiff in Wales .",1.790782653007848,0.25235246842818954,0.7349516544464867,0.7607897472410198,0.7476475315718103
377,"The government , already buffeted by high interest rates and a slowing economy , has been badly hurt by last week 's shake-up in Mrs. Thatcher 's cabinet .",1.1434917054734548,0.1693001596671367,0.7833061240371627,0.8841979905820857,0.8306998403328635
378,"At the same time , the government did n't want to appear to favor GM by allowing a minority stake that might preclude a full bid by Ford .",1.1194618429900052,0.15930416546381992,0.8355905266443059,0.8458639109592272,0.8406958345361802
379,Mr. Ridley hinted at this motive in answering questions from members of Parliament after his announcement .,1.8305538516919864,0.34445261850813813,0.6028329498272177,0.7183644045581112,0.655547381491862
380,He said he was giving up the golden share `` to clear the way so the playing field is level between all contestants . '',1.4439946188043944,0.20386950660739458,0.7653584791456448,0.829480602679599,0.7961304933926056
381,Bradley A. Stertz in Detroit contributed to this article .,0.9509775004326935,0.1796711310137568,0.8203288689862431,0.8203288689862431,0.820328868986243
382,"Dow Chemical Co. , Midland , Mich. , and Eli Lilly & Co. , Indianapolis , said they completed the formation of Dow Elanco , a joint venture combining their plant-sciences businesses as well as Dow 's industrial pest-control business .",1.5315606712066154,0.22687601276466834,0.7731961495824368,0.7730518383567841,0.7731239872353317
383,"The companies said Dow Elanco will be the largest research-based agricultural concern in North America , with projected first-year revenue of $ 1.5 billion .",1.6603910001730764,0.24536841775052562,0.6894272144595868,0.833458039014675,0.7546315822494744
384,"Dow will own 60 % of the venture , with Eli Lilly holding the rest .",0.8749999999999991,0.1393170330806086,0.8565046501880824,0.8649022499567305,0.8606829669193912
385,The venture will be based in Indianapolis .,0.25,0.043478260869565216,0.9166666666666666,1.0,0.9565217391304348
386,"William A. Wise , 44 years old , president of the El Paso Natural Gas Co. unit of this energy and natural-resources concern , was named to the additional post of chief executive officer , succeeding Travis H. Petty , 61 , who continues as a vice chairman of the parent .",1.7322330505429102,0.26477308740482747,0.7039197675694192,0.7694484761043522,0.7352269125951726
387,"Erwin Tomash , the 67-year-old founder of this maker of data communications products and a former chairman and chief executive , resigned as a director .",1.1656348648637236,0.18778742776651156,0.7960005219368402,0.8290987298922733,0.8122125722334883
388,"Dataproducts is fighting a hostile tender offer by DPC Acquisition Partners , a group led by New York-based Crescott Investments Associates .",0.9052794073133459,0.15523247365085777,0.7594865848100594,0.9516230099063179,0.8447675263491422
389,"Under the circumstances , Dataproducts said , Mr. Tomash said he was unable to devote the time required because of other commitments .",1.207584239600756,0.17325518872072024,0.7839323557991275,0.8745035820410791,0.82674481127928
390,Mr. Tomash will remain as a director emeritus .,0.5283208335737184,0.09843720765687439,0.8876900403616653,0.915876032857139,0.9015627923431256
391,The company had no comment on whether a replacement would be named .,1.0972817312684935,0.1830051774597201,0.8700706327215104,0.7700221429036167,0.8169948225402801
392,"Robert Q. Marston , president emeritus , University of Florida , and a director of this maker of medical devices , was named chairman .",1.0309775004326918,0.1739405948576289,0.783420376305992,0.8736069992019961,0.8260594051423709
393,"Dr. Marston , 66 years old , succeeds Alexander T. Daignault , 72 , who did n't stand for re-election due to mandatory board retirement policy .",1.5364423501986693,0.23139194387970616,0.7328217304535682,0.8080689759207759,0.7686080561202941
394,SFE Technologies said William P. Kuehn was elected chairman and chief executive officer of this troubled electronics parts maker .,1.6867668746754796,0.3049867718372813,0.6035858053506539,0.8190827942142386,0.6950132281627188
395,"The 45-year-old Mr. Kuehn , who has a background in crisis management , succeeds Alan D. Rubendall , 45 .",1.3182263988300145,0.2206365048093945,0.7593755235706351,0.8004321423194529,0.7793634951906055
396,"Jerome J. Jahn , executive vice president and chief financial officer , said Mr. Rubendall was resigning by `` mutual agreement '' with the board .",1.3797808838818142,0.2200353888926831,0.7539056928037472,0.8078894914428494,0.7799646111073167
397,"`` He is going to pursue other interests , '' Mr. Jahn said .",0.14285714285714324,0.01987954233502377,0.9610159013690787,1.0,0.9801204576649762
398,Mr. Rubendall could n't be reached .,0.5714285714285712,0.1133049180745301,0.8866950819254699,0.8866950819254699,0.88669508192547
399,"Mr. Kuehn , the company said , will retain the rest of the current management team .",0.32997885143746064,0.05401451199852006,0.9315474135479669,0.9608781603639646,0.9459854880014801
400,"For the nine months ended July 29 , SFE Technologies reported a net loss of $ 889,000 on sales of $ 23.4 million .",1.3799756449484901,0.21035010365006782,0.7541575230643006,0.8286479594880202,0.7896498963499321
401,That compared with an operating loss of $ 1.9 million on sales of $ 27.4 million in the year-earlier period .,1.6130620467108185,0.26756313263974124,0.7730743370581511,0.6958583382596042,0.7324368673602585
402,"In national over-the-counter trading , SFE Technologies shares closed yesterday at 31.25 cents a share , up 6.25 cents .",1.3559707739381874,0.21826854383626507,0.7045569943354943,0.8778924126738615,0.7817314561637349
403,Sales of new cars in Europe fell 4.2 % in September from a year earlier and analysts say the market could continue to soften in the months ahead .,1.5298113095379424,0.20937666811079164,0.7919858450435805,0.7892654987523265,0.7906233318892087
404,"After a stronger-than-expected pace early this year , analysts say the market , after a series of sharp swings in recent months , now shows signs of retreating .",1.4777501024921857,0.22993359993298723,0.7653634503546534,0.7748275038072956,0.7700664000670132
405,"Statistics from 12 countries which normally account for 94 % of non-communist Europe 's passenger car sales showed new car registrations totaled 911,606 in September , down 21 % from August and down 4.2 % for the year to date .",1.8871437615608224,0.2789046151957628,0.6802814049806736,0.767119265503139,0.7210953848042371
406,Tokyo stocks rebounded Tuesday from two consecutive daily losses in relatively active dealings .,1.196777678725962,0.23654570960084553,0.6794706267413321,0.8711269890775509,0.7634542903991545
407,"London shares also rose , while trading in Frankfurt , West Germany , ended higher .",1.25,0.21166210579894215,0.7883378942010578,0.7883378942010578,0.7883378942010577
408,"In Tokyo , the Nikkei index of 225 selected issues was up 132.00 points to 35549.44 .",1.315560469211781,0.20591741952224019,0.7342224753523373,0.8645697085327715,0.7940825804777599
409,The index fell 109.85 Monday .,0.666666666666667,0.1480409554829327,0.7420981285103058,1.0000000000000002,0.8519590445170675
410,"Volume on the First Section was estimated at 900 million shares , up from 582 million shares Monday .",0.7162968670756191,0.1150416732416125,0.8184738174228996,0.9631988276592937,0.8849583267583869
411,"Advancing issues outnumbered decliners 542 to 362 , while 208 issues were unchanged .",1.1967776787259625,0.20854644685785703,0.7607265904861087,0.8247672191280733,0.7914535531421432
412,Small-lot buying targeted at incentive-backed issues pushed up the Nikkei .,0.7958988638330435,0.13819300836452358,0.8016404085435308,0.931737959110796,0.8618069916354765
413,"But other sectors failed to attract investor interest and remained sluggish , making overall trading appear mixed .",1.90914044314446,0.33121551635894747,0.6161954458140703,0.7311874868892057,0.6687844836410526
414,"Individuals and corporations , as well as dealers trading for their own account , actively bought Tuesday .",1.8399675265979862,0.29309765933999304,0.648902754650821,0.7762877243963227,0.7069023406600068
415,"An official at Wako Securities said these investors feel the need to make quick profits , despite destabilizing external factors , such as political uncertainty tied to the ruling party 's fate at next year 's Lower House elections - an event which could directly affect the stock market .",1.4939994583017118,0.21105440926405392,0.7200950016427242,0.8723541661308872,0.7889455907359457
416,"The Tokyo Stock Price Index of all issues listed in the First Section , which declined 5.16 on Monday , was up 16.05 , or 0.60 % , at 2692.65 on Tuesday .",2.080857287890862,0.3175240170247674,0.6440026418682667,0.7258382633096547,0.6824759829752327
417,"The Second Section index , which fell 21.44 points Monday , was up 6.84 points , or 0.19 % , to close at 3642.90 .",1.3745811190640094,0.2091336435982463,0.7113631481871372,0.8903764038430869,0.7908663564017536
418,"Second Section volume was estimated at 14 million shares , unchanged from Monday .",0.9649839288804971,0.15875892117450083,0.790084949543377,0.899480297821741,0.8412410788254996
419,Institutional investors mostly remained on the sidelines Tuesday .,0.6666666666666679,0.11751192005564601,0.8492234537424981,0.918464939457502,0.8824880799443541
420,A fund manager at a life-insurance company said three factors make it difficult to read market direction .,1.0691729165464743,0.17205774419060493,0.8045989171185518,0.8526805578804217,0.827942255809395
421,"First , he said , domestic interest rates are likely to stay at higher levels as increased anticipation of inflation followed rising consumer prices reported last week .",1.3432014455156,0.19279786437768165,0.7757841437684886,0.8412722905536557,0.8072021356223182
422,"Second , the dollar is showing persistent strength despite a slowdown in the U.S. economy shown by economic indicators .",0.6937151490463593,0.10590842925868045,0.8750234635222025,0.9140092379526538,0.8940915707413194
423,"Third , oil prices have n't declined although supply has been increasing .",0.8930492672643702,0.14403700163425853,0.782122562044654,0.9451995878243052,0.8559629983657415
424,"The topic that attracted participants ' attention was Mitsubishi Estate 's purchase of 51 % of Rockefeller Center Properties , announced late Monday in New York .",1.697492367473604,0.27706310990095373,0.6701895306480166,0.7846965394740457,0.7229368900990465
425,"Mitsubishi Estate ended the day at 2680 , up 150 .",0.7272727272727275,0.12479039968533,0.8238079393094809,0.9334525592955639,0.87520960031467
426,"The gains also sparked buying interest in other real-estate companies , traders said .",0.9299678577609916,0.15212173736921067,0.8681657349060281,0.828517302923668,0.8478782626307897
427,Sumitomo Realty & Development rose 40 to 2170 .,0.612197222702993,0.12651934181054578,0.8734806581894543,0.8734806581894543,0.8734806581894543
428,Heiwa Real Estate gained 40 to 2210 .,1.0943609377704333,0.22308223737786706,0.884025111448191,0.6929596589925695,0.7769177626221327
429,"Investor focus shifted quickly , traders said .",0.5,0.09090909090909091,1.0,0.8333333333333333,0.9090909090909091
430,Many of the morning-session winners turned out to be losers by afternoon .,0.7692307692307683,0.11599389651816192,0.9050010224717211,0.8639632116092572,0.884006103481838
431,"In other stock-market news , the Tokyo Stock Exchange said that for the week ended Friday , the balance of margin buying rose 189.8 billion yen -LRB- $ 1.34 billion -RRB- , to 7.160 trillion yen -LRB- $ 50.46 billion -RRB- .",2.0160423434694223,0.3007813490041747,0.6417632537948916,0.7679733063883567,0.6992186509958254
432,"The balance of short positions outstanding fell 159.7 billion yen , to 779.8 billion yen .",1.353217778400202,0.24371669749578548,0.6821718205011547,0.8484604645621732,0.7562833025042146
433,"In London , prices finished at intraday peaks , comforted by a reassuring early performance on Wall Street and news that the British government will waive its `` golden share '' in auto maker Jaguar .",1.566398875710087,0.2288698630459811,0.7336417597683829,0.8126560681016811,0.7711301369540188
434,"But trading was very sketchy , as investment decision makers remain wary from gyrations and upsets of recent weeks .",1.49371514904636,0.23805544592566924,0.7689620867077176,0.7550539468473156,0.7619445540743306
435,"`` Volume has been appalling , '' said a dealer at a British brokerage concern .",0.7971804688852169,0.11893210986580648,0.9085598557276255,0.8551908098600887,0.8810678901341934
436,`` The market was dragged up by the scruff of its neck by Wall Street and by market makers getting caught short .,1.3913043478260887,0.2090624659458701,0.7378197183070813,0.8522968994133184,0.79093753405413
437,No one wants stock on their books . '',0.44444444444444464,0.07538827312875093,0.924611726871249,0.924611726871249,0.924611726871249
438,"Meanwhile , the broad-based Financial Times 100-share index added 30.4 points to end at 2142.6 , while reaching its minimum of 2120.5 a half hour into the session .",1.6402631522516176,0.23525591021614495,0.7251561418105035,0.808904028228262,0.7647440897838554
439,"At the close , the narrower 30-share index was up 19.7 points to 1721.4 .",0.7673183336217955,0.11781100479630809,0.8192173428271854,0.9556477923086908,0.8821889952036918
440,"Volume totaled a modest 334.5 million shares , up from 257.8 million shares Monday .",0.966014999711537,0.16243423524529693,0.7686350749322273,0.9200777329013298,0.8375657647547028
441,The market also moved at early afternoon on news that Jaguar shares were being temporarily suspended at 746 pence -LRB- $ 11.80 -RRB- each .,1.475863878089588,0.22255497796724308,0.6997550063853697,0.8745405294572355,0.7774450220327569
442,"Secretary of State for Trade and Industry Nicholas Ridley said later in the day that the government would abolish its golden share in Jaguar , the luxury auto maker being stalked by General Motors and Ford Motor .",1.7824044537177484,0.2792104360006981,0.6807357874940726,0.7658514568081387,0.7207895639993015
443,The golden share dates from Jaguar 's public offering in 1984 and was designed to protect the company from takeover .,0.8104547623168497,0.1186380397164109,0.8375192290273722,0.9300484410760532,0.8813619602835889
444,The golden share was scheduled to expire at the beginning of,0.5454545454545467,0.09076126609598166,0.9376048001573349,0.8825386262063206,0.9092387339040185
445,"But although the golden share has been waived , a hostile bidder for Jaguar would still have to alter the British concern 's articles of association which ban shareholdings of more than 15 % .",1.2011171433516488,0.1615138799639144,0.7750319194654921,0.9132572448530037,0.8384861200360855
446,"Jaguar shares closed at 869 pence , up 122 pence , on hefty turnover of 9.7 million shares .",0.7162968670756191,0.11906756410300334,0.8504286119431687,0.9137059394346984,0.8809324358969961
447,"As the London trading session drew to a close , the market was still listening to the parliamentary debate on the economy , with new Chancellor of the Exchequer John Major expected to clarify his approach to the British economy and currency issues .",1.3197672780912226,0.19596902106564817,0.7652466494641612,0.8469565396041593,0.804030978934352
448,"On the Frankfurt Stock Exchange , share prices closed higher in fairly thin trading , as selective buying by foreigners helped propel prices .",1.4166666666666679,0.22507814014064492,0.7157410896924652,0.8447714549716121,0.7749218598593551
449,"The DAX index closed at 1472.76 , up from 1466.29 .",0.43226250019667933,0.07505432916145033,0.8603710954403705,1.0,0.9249456708385496
450,"Despite the modest gains , traders said the market remains dull , with investors remaining cautiously on the sidelines .",1.037744375108173,0.16590281246986752,0.8035557398738953,0.8670519929582226,0.8340971875301322
451,"Contributing to the market 's reserved stance was the release later in the day of new data on the health of the U.S. economy , in the form of the U.S. index of leading indicators .",0.8670835351039008,0.14337447779637771,0.8121878811238455,0.9062072943868205,0.8566255222036222
452,"Additionally , the end of the month position-squaring might have also played a minor role , traders said .",0.5005144739119398,0.07434653801311297,0.9256534619868865,0.9256534619868864,0.9256534619868865
453,"Elsewhere , share prices closed higher in Amsterdam , Brussels , Milan and Paris .",0.6339850002884617,0.11570875663427459,0.7925825069557938,0.9999999999999998,0.884291243365725
454,Prices were mixed in Zurich and lower in Stockholm .,-8.881784197001252e-16,-1.519849891676345e-16,1.0,1.0,1.0
455,"Stocks closed higher in Hong Kong , Manila , Singapore , Sydney and Wellington , but were lower in Seoul .",0.7453087835430088,0.12149335542637786,0.9658628397647682,0.8056414613847281,0.8785066445736217
456,Taipei was closed for a holiday .,0.0,0.0,1.0,1.0,1.0
457,"Here are price trends on the world 's major stock markets , as calculated by Morgan Stanley Capital International Perspective , Geneva .",1.2190913051003376,0.1946554805005947,0.7731403462894647,0.8403481478036369,0.8053445194994054
458,"To make them directly comparable , each index is based on the close of 1969 equaling 100 .",1.3752715278979712,0.20397491267746296,0.7203211294157792,0.8895104184103164,0.7960250873225372
459,The percentage change is since year-end .,0.39355535745192505,0.08464054970690865,1.0,0.8439288486314106,0.9153594502930916
460,"French consumer prices rose 0.2 % in September from the previous month and were up 3.4 % from a year earlier , according to definitive figures from the National Statistics Institute .",1.5910190432263525,0.22129389856780426,0.758324546419112,0.8002135097688811,0.7787061014321959
461,"The state agency 's figures confirm previous estimates and leave the index at 178.9 , up from 178.5 in August and 173.1 a year earlier .",1.535236421572832,0.22113385761255994,0.7645215333229501,0.793759336199232,0.7788661423874401
462,The index is based on 1980 equaling 100 .,0.3060986113514961,0.054765038715745326,0.8961568942739591,1.0,0.9452349612842545
463,A breakdown showed that food prices were the most active part of growth with a rise of 0.6 % .,1.4277578280971852,0.243847152169729,0.7881554483692774,0.7266477328493771,0.7561528478302708
464,An official linked the gain essentially to higher prices for beef and pork .,0.7403234269000203,0.12916682293015758,0.8068370786720076,0.9458558631732552,0.8708331770698424
465,He said summer drought problems that had hit several southern agricultural regions had stopped being a major source of price pressure in September .,1.1095496034621126,0.17526210766066944,0.786386678048823,0.8670215823180003,0.8247378923393305
466,"Japan 's index of leading indicators rose to 63.6 in August , above the so-called boom-or-bust line of 50 for the first time since May , the Economic Planning Agency said .",1.6096804688852178,0.23579542110130275,0.7677879811029911,0.7606544700512371,0.7642045788986974
467,"The leading index recovered from July 's revised level of 36.6 on strong performances in consumer durables and machinery orders , among other factors , according to an agency spokeswoman .",1.7062533222445504,0.26347262277619665,0.6864194597297335,0.794527037139426,0.7365273772238032
468,The index is intended to measure future economic performance .,0.20000000000000018,0.03543676402711161,0.9315520459418734,1.0000000000000002,0.9645632359728886
469,A figure above 50 indicates the economy is likely to expand ; one below 50 indicates a contraction may be ahead .,1.596337067216533,0.23795931114917238,0.7488977382285688,0.7756531903451124,0.7620406888508273
470,"Metromedia Co. said its Metromedia Long Distance unit has been renamed Metromedia-ITT Long Distance , reflecting acquisitions from ITT Corp. , which licenses its name to closely held Metromedia .",1.6048170306747958,0.2618964035967397,0.6842248492996641,0.8011929006256835,0.7381035964032605
471,"Metromedia said its unit is the fifth-largest provider of long-distance communications service in the U.S. , with projected 1989 revenue of more than $ 550 million .",1.751005087401615,0.26636989692199403,0.6753066575308008,0.8029801834976957,0.7336301030780061
472,"Metromedia , headed by John W. Kluge , has interests in telecommunications , robotic painting , computer software , restaurants and entertainment .",1.2004191510624702,0.21360609442928744,0.7384581738907929,0.840984987551289,0.7863939055707126
473,"South Korean consumer prices rose 5 % in the first 10 months of this year , matching the government 's target for the entire year , according to the Bank of Korea and the Economic Planning Board .",1.5402453950784407,0.23331929756179065,0.7241612800145923,0.8145046737627031,0.7666807024382093
474,"According to reports released by the two government agencies , domestic consumer and wholesale prices each rose by 0.2 % in October from the previous month .",1.2690615743144615,0.18829847918235643,0.7683594681242308,0.8602256104985753,0.811701520817644
475,"As a result , consumer prices for the first 10 months of 1989 surged by 5 % and wholesale prices by 1.3 % .",1.6079204360742896,0.2767326249923945,0.6844893447770163,0.7667030148996294,0.7232673750076056
476,The South Korean government had been projecting a 5 % consumer price increase for the entire year .,1.3263501656070682,0.23700525498058925,0.7679886234880079,0.7580653927777229,0.7629947450194108
477,Martin Marietta Corp. said it won a $ 38.2 million contract from the U.S. Postal Service to manufacture and install automated mail-sorting machines .,1.5780959575386335,0.22996754534794928,0.7328141011698004,0.8112335979674322,0.7700324546520506
478,"Under terms of the three-year contract , Martin Marietta said it will make and install 267 of the new machines at 156 postal offices .",1.340391000173077,0.19520619138463094,0.7625502232939443,0.8519922851087858,0.8047938086153692
479,"The new machines are capable of sorting by zip code up to 10,000 large flat mail pieces , including magazines and parcels , an hour .",1.464385920044112,0.23672132110890942,0.7018629781154596,0.8364732986666694,0.7632786788910901
480,"Thomas A. Donovan , 37 years old , formerly vice president , West Coast operations , at this hazardous-waste-site remediation concern , was named executive vice president and chief operating officer , both newly created posts , and a director , filling a vacancy .",2.1713223543232605,0.3666147976020591,0.5651106435259675,0.7204241607696362,0.633385202397941
481,"Canonie said it anticipates naming Mr. Donovan to succeed Richard F. Brissette , 55 , as president and chief executive officer , effective March 1 .",1.4432995167434788,0.21642754000376188,0.7628368961364886,0.8054667971659955,0.7835724599962381
482,Mr. Brissette will remain a Canonie board member and will be a consultant to the company .,0.7717303222802219,0.12880568378463148,0.9247632520774686,0.8234917536051629,0.8711943162153688
483,Yields on savings-type certificates of deposit dropped slightly in the week ended yesterday .,0.6864028910312028,0.11510409351384777,0.8838386703976462,0.88595567490736,0.8848959064861527
484,"The average yield on a six-month CD of $ 50,000 or less was 7.90 % , compared with 7.94 % a week earlier .",1.5473094962403042,0.23967189563282557,0.7168967031155618,0.8093612392477001,0.7603281043671745
485,"The average one-year savings-type CD was down to 7.99 % from 8.01 % , according to Banxquote Money Markets , a New York information service that tracks CD yields .",1.4894312762700332,0.23245640594811107,0.6872936955292552,0.8690112242922325,0.7675435940518892
486,"`` This week was uneventful for the CD market , '' said Norberto Mehl , chairman of Banxquote .",0.9923554195933315,0.15076961353242416,0.8856697704845493,0.8156709840689476,0.8492303864675754
487,`` The major banks have n't even reacted to sharp rises in the three-month Treasury bill rates '' in the past two weeks .,0.7447626242053005,0.11019650764007814,0.8461682990103931,0.9381837363128962,0.8898034923599216
488,"Banks that adjusted payouts on CDs in the most recent week made only fractional moves , he said .",1.171824342446861,0.17509642033811118,0.8200352953687697,0.8298300120194814,0.8249035796618884
489,The CD trend runs counter to the direction of short-term interest rates at the Treasury bill auction Monday .,1.4981259708794799,0.25891478974390664,0.7216894552725349,0.7615522985329081,0.7410852102560929
490,"The average six-month bill was sold with a yield of 8.04 % , up from 7.90 % .",0.5974937501201936,0.09657556132198471,0.8934351856598577,0.9136395916005674,0.9034244386780154
491,The average three-month issue rose to 8.05 % from 7.77 % .,0.3333333333333339,0.06198732125580674,0.8832616547954524,1.0,0.9380126787441935
492,"Typically , banks offer CD yields higher than those on Treasury bills , which are considered the safest short-term investments ; banks need a competitive edge to sell their products .",1.8564153232785383,0.2596838518732077,0.680415114141897,0.8117822182235253,0.7403161481267925
493,"But when market interest rates move up rapidly , increases in bank CD yields sometimes lag .",1.448775910770041,0.25043778689245466,0.7374914263057002,0.7620347086176386,0.7495622131075457
494,"Most yields on short-term jumbo CDs , those with denominations over $ 90,000 , also moved in the opposite direction of Treasury bill yields .",1.14916223812802,0.17311459603119922,0.8003144673347445,0.855281272626447,0.8268854039688003
495,"The average six-month yield on a jumbo CD was at 7.90 % , down from 7.93 % , Banxquote said .",0.8199657594701719,0.13271298475635032,0.8431804678656328,0.8928125447475838,0.8672870152436495
496,"For longer-term CDs , yields were up .",0.25,0.043478260869565216,1.0,0.9166666666666666,0.9565217391304348
497,"The average two-year and five-year jumbos were up 0.02 of a percentage point to 7.91 % and 7.96 % , respectively .",1.4322625001966776,0.2140676011771028,0.7753967900611074,0.7967582538534096,0.7859323988228971
498,"However , CDs sold through major broker-dealer networks were up slightly almost across the board .",0.8443609377704338,0.13716868861778375,0.8291566341564168,0.8993570498455008,0.8628313113822162
499,"The average six-month CD in that category added 0.05 percentage point to 8.35 % , for example .",1.1949875002403854,0.21215255472205108,0.774783824679698,0.801359152147827,0.7878474452779488
500,Mr. Mehl attributed the rise specifically to the Treasury bill increase .,0.666666666666667,0.12397464251161332,0.8970125144533428,0.855997810360308,0.8760253574883866
501,"Among the major banks surveyed by Banxquote in six regions of the country , 8.33 % is the highest yield available .",1.30704034100743,0.20474775086474845,0.7485863193957696,0.8481231816942599,0.7952522491352513
502,It is offered by the flagship banks of New York 's Manufacturers Hanover Corp. in the one-year maturity only .,1.4182263988300132,0.2140515609200369,0.7472917347258482,0.8288226622624585,0.785948439079963
503,The yield is offered across a range of maturities at San Francisco 's BankAmerica Corp. and Wells Fargo & Co .,1.066970093169842,0.17428566788765462,0.858409142749294,0.7954186818394009,0.8257143321123452
504,"Just two weeks ago , BankAmerica 's yields in many of those maturities was 8.61 % .",1.0299867649604098,0.16219634973678015,0.7699758322379666,0.9187358645267094,0.8378036502632201
505,"Still , on average , the major California banks have the highest yields on CDs , according to Banxquote .",0.7804820237218415,0.11984559046320228,0.8081224694440768,0.9662840731747286,0.8801544095367978
506,The average yield there on six-month issues is 8.32 % .,0.5008886367569945,0.08801878009318112,0.8382035646744204,1.0,0.9119812199068188
507,I had to reach back to French 101 when the monsieur avec clipboard leaned over my shoulder during the coffee phase of dinner and asked whether I wanted to ride in a montgolfiere .,1.6360486148658921,0.23392518270350343,0.7444828893449326,0.7889565977363718,0.7660748172964966
508,"I was a last-minute -LRB- read interloping -RRB- attendee at a French journalism convention and so far the festivities had been taken up entirely by eating , drinking , smoking , sleeping and drinking .",1.548023127639543,0.22402700971316347,0.7148723704516283,0.8484943720033177,0.7759729902868363
509,The man with the clipboard represented a halfhearted attempt to introduce a bit of les sportif into our itinerary .,1.1704954767108529,0.19149533983853276,0.8226351497214363,0.7948514147086435,0.8085046601614672
510,"But as the French embody a Zen-like state of blase when it comes to athletics -LRB- try finding a Nautilus machine in Paris -RRB- , my fellow conventioners were having none of it .",1.5593985296662911,0.20757941588704135,0.7153715896854459,0.8880700403959447,0.7924205841129587
511,"The diners at my table simply lit more Gauloises and scoffed at the suggestion of interrupting a perfectly good Saturday morning to go golfing or even montgolfing -LRB- ballooning to you ; the brothers Montgolfier , French of course , were the world 's first hot-air balloonists -RRB- .",2.487143455016205,0.3402929354808852,0.5869982816623915,0.7529745681616327,0.6597070645191146
512,Back in the U.S.A. this kind of chi-chi airborne activity wins heartwarmingly covetous responses .,1.3006516669551287,0.23174285939709052,0.7053385951072669,0.8435001562631441,0.7682571406029093
513,As in : `` You went ballooning ? ? ! !,1.1595352274694068,0.21490020251485772,0.8305079401435885,0.7443996387538636,0.7850997974851422
514,In France ? ? ! ! '',1.2506982145947814,0.32977477234843716,0.7635590973026304,0.5972234451105374,0.6702252276515629
515,Americans it seems have followed Malcolm Forbes 's hot-air lead and taken to ballooning in a heady way .,0.8560348687626487,0.12214689007119578,0.8354706020506049,0.9247654474368879,0.8778531099288039
516,"During the past 25 years , the number of balloonists -LRB- those who have passed a Federal Aviation Authority lighter-than-air test -RRB- have swelled from a couple hundred to several thousand , with some estimates running as high as 10,000 .",2.3011299162816607,0.3310711792222035,0.6132596464975836,0.7357138842973533,0.6689288207777967
517,"Some 30 balloon shows are held annually in the U.S. , including the world 's largest convocation of ersatz Phineas Foggs -- the nine-day Albuquerque International Balloon Fiesta that attracts some 800,000 enthusiasts and more than 500 balloons , some of which are fetchingly shaped to resemble Carmen Miranda , Garfield or a 12-story-high condom .",2.2343585548095275,0.29561950082842947,0.6557593851230425,0.7607890080984895,0.7043804991715712
518,-LRB- The condom balloon was denied official entry status this year . -RRB-,1.2664918035930888,0.24856693041953706,0.72142801073816,0.784042333428288,0.7514330695804627
519,"But in Epinal , a gray 16th-century river town adjacent to France 's Vosges mountain region , none of these Yankee-come-lately enthusiasms for things aloft was evident .",1.7453844786884591,0.2672997237723695,0.6986072514007611,0.7702915988948286,0.7327002762276305
520,Ballooning at the de rigueur hour of 6 a.m. held all the attraction for most people of sunrise root-canal work .,1.6130620467108194,0.2797373257874474,0.6737250523901982,0.7737065257816339,0.7202626742125524
521,"Feeling the naggings of a culture imperative , I promptly signed up .",0.6734528847818053,0.10490354572408672,0.8870726372581196,0.9032667515301913,0.8950964542759134
522,"The first thing anybody will tell you about ballooning is that it requires zip in the way of athletic prowess , or even a measure of derring-do .",1.4021830331728582,0.21942022842155834,0.7914089089268852,0.7700429918818342,0.7805797715784414
523,-LRB- So long as you do n't look down . -RRB-,0.7958988638330435,0.13819300836452358,0.9083346436511923,0.8198136529169125,0.8618069916354767
524,"They will also tell you that even if you hate heights , you can still balloon .",1.4850066175197973,0.26237179860162374,0.717096666639446,0.7593700864900008,0.7376282013983766
525,-LRB- I still say do n't look down .,0.8344194449252145,0.16487289753610726,0.8734806581894543,0.7999999999999999,0.8351271024638927
526,At least not when you are ascending . -RRB-,0.44444444444444464,0.07538827312875093,0.8597933880952316,1.0,0.924611726871249
527,What they wo n't tell you is not to go aloft in anything you do n't want to get wet .,1.1602156179333445,0.18655408075129148,0.7644841953182014,0.8691083423357294,0.8134459192487085
528,I 'm not referring to the traditional champagne drenching during the back-on-terra-firma toast .,0.5364125003090674,0.08622394789568585,0.8932639217666867,0.9352523683539501,0.9137760521043143
529,I 'm talking about landing in a canal .,0.2222222222222232,0.03917064001854877,0.9999999999999998,0.9246117268712489,0.9608293599814512
530,In a porous wicker basket .,8.881784197001252e-16,1.9723017283759152e-16,1.0,1.0,1.0
531,With a pilot who speaks no English .,0.5,0.09090909090909091,0.909090909090909,0.9090909090909091,0.9090909090909091
532,"To wit , my maiden voyage -LRB- and novitiates are referred to as virgins -RRB- began at dawn on a dew-sodden fairway and ended at noon in a soggy field .",1.275858676912689,0.18536659626734003,0.7780174768408634,0.8548660646392088,0.81463340373266
533,"-LRB- Balloon flights almost always occur at dawn or dusk , when the winds are lightest . -RRB-",1.306098611351497,0.19174822259237712,0.7705439476157737,0.8498400939632336,0.8082517774076228
534,In between came lots of coffee drinking while watching the balloons inflate and lots of standing around deciding who would fly in what balloon and in what order -LRB- the baskets hold no more than four passengers -RRB- .,2.30321497040154,0.32614387180754284,0.6279890374802708,0.7269512233531278,0.6738561281924573
535,"When it was n't my turn in the balloon I followed its progress from the `` chase car , '' listening to the driver holler into a walkie-talkie .",1.542381239765536,0.21146083582053232,0.7822173998738942,0.7949639441539095,0.7885391641794675
536,After long stretches of this attendant ground activity came 20 or so lovely minutes of drifting above the Vosges watching the silver mists rise off the river and the French cows amble about the fields .,1.9295460372007591,0.3062466242069473,0.6376577836597425,0.7606705636306071,0.6937533757930526
537,"It 's hard not to feel that God 's in his heaven with this kind of bird's-eye view of the world , even if your pilote in silly plaid beret kept pointing out how `` belle '' it all was .",2.0731860618492233,0.2767854350106332,0.6813320976328525,0.7705834412475846,0.7232145649893668
538,Eventually little French farmers and their little French farmwives came out of their stone houses and put their hands above their tiny eyes and squinted at us .,1.3375626255065525,0.2403653450318351,0.6677065828126172,0.880916967665242,0.7596346549681648
539,No wonder .,4.440892098500626e-16,1.4009454786722165e-16,1.0,1.0,1.0
540,We were coming down straight into their canal .,0.6666666666666679,0.11751192005564601,0.8492234537424981,0.918464939457502,0.8824880799443541
541,"See , the other rule of thumb about ballooning is that you ca n't steer .",0.6721804688852169,0.09982692543021353,0.9237953352204201,0.8777287764156876,0.9001730745697867
542,And neither can your pilot .,0.0,0.0,1.0,1.0,1.0
543,"You can go only up or down -LRB- by heating the balloon 's air with a propane burner , which does make the top of your head feel hot -RRB- and ride the air currents .",1.4541208462895332,0.20123327684058506,0.7476799580720219,0.8573466925829348,0.7987667231594149
544,Which makes the chase car necessary .,0.5714285714285712,0.1133049180745301,0.8866950819254699,0.8866950819254699,0.88669508192547
545,"Most balloonists seldom go higher than 2,000 feet and most average a leisurely 5-10 miles an hour .",2.151614219622253,0.34769428557357673,0.564968403821096,0.771583181073164,0.652305714426423
546,When the balloon is cruising along at a steady altitude there is little sense of motion .,0.23529411764705976,0.03604456443894751,1.0000000000000002,0.930418891858254,0.9639554355610528
547,"Only when one is ascending -- or in our case descending a tad trop rapidement -- does one feel , well , airborne in a picnic basket .",1.424082249318829,0.1941890247629382,0.7732196056405128,0.841270713390155,0.8058109752370616
548,"`` What 's he doing ? '' hissed my companion , who was the only other English-speaking member of the convention and whose knuckles were white .",1.180529740034343,0.15672301572882347,0.7931457041023062,0.9001729924733618,0.8432769842711768
549,"`` Attention , '' yelled our pilot as our basket plunged into the canal .",0.4830074998557672,0.07511638162113664,0.932179390464944,0.9177011612423492,0.924883618378863
550,"`` You bet attention , '' I yelled back , leaping atop the propane tanks , `` I 'm wearing alligator loafers ! ''",1.3799756449484892,0.21035010365006768,0.724747358775051,0.8673201006498388,0.7896498963499322
551,"Our pilot simply laughed , fired up the burner and with another blast of flame lifted us , oh , a good 12-inches above the water level .",1.7682062501545337,0.2702900299310847,0.6901834640075837,0.7740388367669422,0.7297099700689152
552,We scuttled along for a few feet before he plunged us into the drink again .,1.3915414066556497,0.21884885876464324,0.8194504665023787,0.7462720168940226,0.7811511412353568
553,Eventually we came to rest in a soggy patch of field where we had the exquisite pleasure of scrambling out of the basket into the mud while the French half of our ballooning tag team scrambled in .,1.467676146004174,0.22647662783737063,0.7821402704262579,0.7650942709588959,0.773523372162629
554,I looked at my watch .,0.0,0.0,1.0,1.0,1.0
555,Barely half-an-hour aloft .,0.5,0.14285714285714285,1.0,0.75,0.8571428571428571
556,"Back in the chase car , we drove around some more , got stuck in a ditch , enlisted the aid of a local farmer to get out the trailer hitch and pull us out of the ditch .",1.5414327666952143,0.22132657958592605,0.7812523112096975,0.7761114992867121,0.7786734204140737
557,"We finally rendezvoused with our balloon , which had come to rest on a dirt road amid a clutch of Epinalers who watched us disassemble our craft -- another half-an-hour of non-flight activity -- that included the precision routine of yanking the balloon to the ground , punching all the air out of it , rolling it up and cramming it and the basket into the trailer .",1.9653790285647563,0.26751987512052616,0.7058205494064849,0.761232673864423,0.7324801248794737
558,It was the most exercise we 'd had all morning and it was followed by our driving immediately to the nearest watering hole .,1.0629072918469555,0.15988689986606192,0.7999999999999997,0.8844612010361189,0.8401131001339377
559,"This meant returning to the golf course , where we watched a few French duffers maul the first tee while we sat under Cinzano umbrellas , me nursing an espresso and my ego .",1.7129067928684556,0.24605625213501178,0.6998609726950791,0.8170851954437466,0.7539437478649881
560,A whole morning of ballooning and I had been off the ground barely 30 minutes .,0.7028195311147831,0.10485431210735481,0.8688551408394677,0.923076923076923,0.895145687892645
561,"Still , I figured the event 's envy-quotient back in the U.S.A. was near peerless .",0.6249999999999991,0.09570273200592769,0.9357279057854342,0.8749094907006764,0.9042972679940722
562,"As for the ride back to camp , our pilot and all the other French-speaking passengers clambered into the chase car .",1.038852407830606,0.15780300256218957,0.8041376836227137,0.8840379383687849,0.8421969974378103
563,My American companion and I were left to ride alfresco in the wicker basket .,0.6339850002884608,0.09170738058117744,0.8745574884015411,0.9447347647174402,0.9082926194188224
564,"As we streaked by a blase gendarme , I could n't resist rearing up on my soggy loafers and saluting .",1.3099892859203282,0.1846695723824926,0.7640413190550901,0.8740009868956198,0.8153304276175071
565,Ms. de Vries is a free-lance writer .,1.0943609377704333,0.22308223737786706,0.7921550211540895,0.7622556248918265,0.7769177626221329
566,"Treasury Undersecretary David Mulford defended the Treasury 's efforts this fall to drive down the value of the dollar , saying it helped minimize damage from the 190-point drop in the stock market Oct. 13 .",1.7766108594683319,0.2583664839807902,0.7245542871247491,0.7595373677925569,0.7416335160192093
567,"Testifying before a House subcommittee , Mr. Mulford said that if the Treasury had n't intervened in foreign-exchange markets in September and early October to reduce the dollar 's value , the plunge in the stock market might have provoked a steep fall in the currency that might have `` unhinged financial markets . ''",1.4231002431311754,0.18922053743320486,0.7848653426841097,0.83846323928412,0.8107794625667952
568,"Mr. Mulford , responding to critics of intervention , also said intervention is `` highly visible , '' is taken seriously by financial markets and works better than `` was recognized some time ago . ''",1.939785942271869,0.25970336035711467,0.6859521846361629,0.8039928478072539,0.7402966396428856
569,Differences between the Treasury and the Federal Reserve on the usefulness of intervention to help restrain the dollar resurfaced at the hearing .,1.1694172587930352,0.19710502944586913,0.7862061788915246,0.8203076334944508,0.8028949705541312
570,"Fed Vice Chairman Manuel Johnson , who had dissented from the Treasury 's policy , told lawmakers , `` I became convinced about what looked to me like an attempt to push the dollar down against the fundamentals in the market . ''",1.6139555910757606,0.21536829106921898,0.7622731036304156,0.8083415709833955,0.7846317089307813
571,"Intervention , he added , is useful only to smooth disorderly markets , not to fundamentally influence the dollar 's value .",0.8302119321131993,0.12430794056549621,0.8264480560932427,0.9311763078091958,0.8756920594345036
572,"Rep. John LaFalce -LRB- D. , N.Y . -RRB- said Mr. Johnson refused to testify jointly with Mr. Mulford and instead asked to appear after the Treasury official had completed his testimony .",2.0572822852100217,0.3071408280840509,0.6761817325439018,0.7103800841414346,0.6928591719159489
573,A Fed spokesman denied Mr. LaFalce 's statement .,0.612197222702993,0.12651934181054578,0.8734806581894543,0.8734806581894543,0.8734806581894543
574,"Mr. Mulford said reports of tension between the Treasury and Fed have been exaggerated , insisting that they involved `` nuances . ''",1.1694172587930343,0.16040673601198766,0.8064249006649168,0.875607100378338,0.8395932639880124
575,"Mr. Johnson also said that `` in the scheme of things , these things are minor . ''",0.8616541669070514,0.11875100610531299,0.8949534640424259,0.8679579081349855,0.881248993894687
576,"On other matters , Mr. Mulford said West Germany is contributing to imbalances in the world economy because of its success as an exporter .",2.050444997153601,0.3136735157987457,0.6637772531350634,0.7104616341735966,0.6863264842012545
577,"`` The solution is stronger domestic growth -LCB- in Germany -RCB- , '' he said .",0.46936093777043286,0.06446699716311709,0.8788745967044042,1.0,0.9355330028368827
578,"But because the growth of the German economy has been stronger than expected , Mr. Mulford said , it 's difficult for the U.S. to argue that Germany ought to adopt more stimulative monetary and fiscal policies .",1.6974603543162603,0.22767054652276483,0.7320850912240907,0.8172558433281807,0.7723294534772351
579,"Germany 's trade surplus is largely with other European countries rather than with the U.S. , Mr. Mulford acknowledged .",1.49371514904636,0.22804320391859254,0.7470672856986506,0.7985619165210434,0.7719567960814073
580,"But nonetheless U.S. companies might be more successful in European markets if not for the German export push , he said .",1.3013268401404847,0.17939685329699817,0.792737434480926,0.8504992593047656,0.8206031467030018
581,"Five officials of this investment banking firm were elected directors : E. Garrett Bewkes III , a 38-year-old managing director in the mergers and acquisitions department ; Michael R. Dabney , 44 , a managing director who directs the principal activities group which provides funding for leveraged acquisitions ; Richard Harriton , 53 , a general partner who heads the correspondent clearing services ; Michael Minikes , 46 , a general partner who is treasurer ; and William J. Montgoris , 42 , a general partner who is also senior vice president of finance and chief financial officer .",2.0403811343846483,0.2951488093834686,0.6555380250910678,0.762187083206947,0.7048511906165315
582,The board increased by one to 26 members .,0.7505430557959407,0.13428195354110548,0.8207686211452081,0.915876032857139,0.8657180464588945
583,"In the past year , one inside director resigned , while three others retired .",1.2503258334775635,0.21694031720026424,0.7382682644544192,0.8336372241241875,0.7830596827997357
584,"Some U.S. allies are complaining that President Bush is pushing conventional-arms talks too quickly , creating a risk that negotiators will make errors that could affect the security of Western Europe for years .",2.028547966864317,0.2967148527503391,0.657882838890678,0.7554186723627007,0.7032851472496611
585,"Concerns about the pace of the Vienna talks -- which are aimed at the destruction of some 100,000 weapons , as well as major reductions and realignments of troops in central Europe -- also are being registered at the Pentagon .",1.5803411590114926,0.2175782732310802,0.7817269771158678,0.7831177124198307,0.7824217267689197
586,Mr. Bush has called for an agreement by next September at the latest .,0.9649839288804971,0.16162649635254292,0.8383735036474576,0.8383735036474576,0.8383735036474576
587,But some American defense officials believe the North Atlantic Treaty Organization should take more time to examine the long-term implications of the options being considered .,1.6096621305624206,0.24612234283694068,0.6714631737063046,0.8593535519967443,0.753877657163059
588,"For one thing , Pentagon officials , who asked not to be identified , worry that the U.S. will have a much tougher time persuading Europeans to keep some short-range nuclear weapons on their soil once Soviet armored forces are thinned out .",1.947641999112891,0.2597815878255059,0.650029421554924,0.8594658758142664,0.7402184121744938
589,"At the same time , they contend that a reduction of NATO forces under a treaty will increase the possibility of a conventional Soviet attack unless the West retains a residual force of nuclear weapons in Europe .",1.1712167743862256,0.17868402743664968,0.8391273901092626,0.8042449733347343,0.8213159725633504
590,"Allies concerned about the deadline include the British , French and smaller NATO allies , some of whom do n't have adequate staffs to provide quick answers to the questions being raised by what generally are considered the most complex arms-control talks ever attempted .",1.7319829899377304,0.23223952817059815,0.7117878223676294,0.8332874518928548,0.7677604718294018
591,"So far , no ally has complained openly , preserving the impression that NATO is in line with the Bush position that a quick agreement bringing Soviet conventional forces down to parity with NATO is the West 's top bargaining priority .",1.8345652369008194,0.2683886298153778,0.716839264632054,0.7470051117149856,0.7316113701846221
592,"But even though NATO negotiators have only 10 months left under the Bush timetable , they are still wrestling over such seemingly fundamental questions as `` What is a tank ? ''",2.022782998537517,0.2722440178683579,0.6693951892848885,0.7972650250983758,0.7277559821316422
593,Five of the six categories of weapons under negotiation have n't even been defined .,0.8176441670993597,0.13196031074148032,0.8798264188043208,0.8565645903647402,0.8680396892585196
594,Tanks currently are defined as armored vehicles weighing 25 tons or more that carry large guns .,1.0588235294117663,0.1674980126575205,0.7781251983440394,0.8950496687217535,0.83250198734248
595,"The Soviets complicated the issue by offering to include light tanks , which are as light as 10 tons .",1.31323312532452,0.1841680752796565,0.7416492345575193,0.9065040451505203,0.8158319247203435
596,"Oleg A. Grinevsky , the chief Soviet negotiator in the conventional-arms talks , argued that this would mean the Soviets would have to destroy some 1,800 tanks , while the U.S. would lose none because it has no light tanks in Europe .",1.6523622062944394,0.23877417068357534,0.7120979473424162,0.8176347301880541,0.7612258293164248
597,But the issue is stickier than it seems .,0.44444444444444464,0.07538827312875093,0.9246117268712492,0.9246117268712492,0.9246117268712492
598,"France , Britain and Italy all have light tanks they would like to keep out of the talks .",1.0268302633856257,0.14569158960416037,0.841736867946745,0.8672611643468848,0.8543084103958394
599,"And some U.S. Army analysts worry that the proposed Soviet redefinition is aimed at blocking the U.S. from developing lighter , more transportable , high-technology tanks .",1.8637969969429777,0.2844178769933315,0.6245367937322235,0.8377029334647433,0.7155821230066688
600,Defining combat aircraft is even tougher .,0.5714285714285721,0.11330491807453026,0.8866950819254699,0.8866950819254699,0.88669508192547
601,"The Soviets insisted that aircraft be brought into the talks , then argued for exempting some 4,000 Russian planes because they are `` solely defensive . ''",1.5509001104047142,0.20638957547507733,0.7480242265750502,0.8451134474724179,0.7936104245249229
602,NATO has n't budged from its insistence that any gun-carrying plane has offensive capability .,0.9006516669551301,0.1497970867136909,0.8012522716039346,0.9055237799577378,0.8502029132863093
603,"The dispute over that issue , according to one U.S. official , is a `` potential treaty stopper , '' and only President Bush and Soviet leader Mikhail Gorbachev may be able to resolve it .",1.7664088611555844,0.25395142376261876,0.6732862120557612,0.8364434179968377,0.7460485762373809
604,Accounting problems raise more knotty issues .,0.28571428571428736,0.06005470579745045,0.8866950819254699,1.0,0.9399452942025498
605,"Greece and Turkey , for example , are suspected of overstating their arsenals in hopes that they can emerge from the arms-reduction treaty with large remaining forces to deter each other .",1.5917405302983605,0.22533456887909076,0.7119385888756025,0.8495136089966644,0.7746654311209094
606,Other nations are n't sure how many weapons they have in their own arsenals .,1.033985000288463,0.1758733768275592,0.828733482397917,0.8195706990832186,0.8241266231724408
607,"`` It 's just going to be sloppy , both on our side and theirs -LCB- the Warsaw Pact 's -RCB- , '' says one NATO analyst .",1.1698174107915529,0.14592946191876083,0.7997514420037899,0.9163060177575373,0.8540705380812393
608,"So far , neither the Bush administration nor arms-control experts in Congress seem moved by arguments that these problems may take more time to thrash out than President Bush has allowed .",1.8832707033278258,0.26176355855063665,0.6826274913897844,0.8037090721591779,0.7382364414493635
609,They argue that the bigger danger would be that the West would delay action so long that the Soviets might back away from the current conciliatory attitude .,1.424082249318828,0.21870741247796063,0.7298339597504822,0.8405580745566152,0.7812925875220392
610,"`` So what if you miss 50 tanks somewhere ? '' asks Rep. Norman Dicks -LRB- D. , Wash. -RRB- , a member of the House group that visited the talks in Vienna .",1.5435413493445198,0.20829087895753132,0.7453598151050259,0.8442049959733904,0.7917091210424687
611,"`` The bottom line is that if we can get that -LCB- Warsaw Pact -RCB- superiority brought down to parity , we ought to keep pressing ahead as quickly as possible .",2.0724503222343946,0.28874064482679496,0.6357027524175476,0.8071992104904377,0.7112593551732048
612,I worry more about things becoming so unraveled on the other side that they might become unable to negotiate .,1.558062972936507,0.23304085579741157,0.7031147044027323,0.8435559759688983,0.7669591442025882
613,"International Lease Finance Corp. announced a leasing contract with charter carrier American Trans Air Inc. , in a transaction involving six Boeing Co. 757-200s .",1.763237759890965,0.3197212866626543,0.6517192072507003,0.7114559926413198,0.6802787133373454
614,"The value of the jets , including spares , is in excess of $ 250 million .",0.8449722339176651,0.13225884028008017,0.8609653741133555,0.8746244420021733,0.86774115971992
615,"Two of the 757-200s are new aircraft to be delivered to American Trans Air , the main subsidiary of Amtran Inc. , in December 1991 and January 1992 .",1.0774119799538981,0.1599854598225148,0.806397053028142,0.8765568858301749,0.8400145401774856
616,Four of the planes were purchased by International Lease from Singapore Airlines in a previously announced transaction .,1.3752715278979712,0.21092687994691495,0.7678420149244405,0.8115117077380903,0.7890731200530849
617,"Delivery of the first aircraft is set for early November , a second for December and two for April 1990 .",1.6723531180363667,0.255678132214087,0.7437811049982829,0.74486341746407,0.7443218677859127
618,"Norway 's unemployment rate for October was 3.6 % , unchanged from September but up from 2.6 % in the same month last year .",1.3901955000865378,0.2193867230690122,0.762631239697572,0.7994637866263196,0.7806132769309877
619,"The figure excludes a record number employed by extraordinary government work programs , the Labor Directorate announced Tuesday .",1.7431271304612483,0.2885166179031545,0.6852742483452288,0.7397770403568896,0.7114833820968453
620,"Including those in the state programs , there were 143,800 Norwegians , or about 6.5 % of the work force , without permanent employment in October , up from September 's 136,800 .",1.7579778323740882,0.25288363676002434,0.7151188452501755,0.7821114194902603,0.7471163632399762
621,"The number of people registered as jobless at the end of October declined by 900 from September to 78,600 .",1.6937151490463602,0.2667208709512522,0.7399516376453251,0.7267258835946643,0.7332791290487476
622,"Those employed in state-funded special programs increased by 7,400 to 65,200 in the same period , the Directorate said .",1.1559707739381855,0.1748187279732355,0.8003687540838801,0.8515814531666572,0.8251812720267641
623,"In October 1988 , there were 40,800 fewer employed by government programs .",0.9811451924741146,0.15283268048368878,0.8015022035805714,0.8983502986199521,0.8471673195163113
624,"Coca-Cola Co. , aiming to boost soft-drink volume in Singapore , said it is discussing a joint venture with Fraser & Neave Ltd. , its bottling franchisee in that country .",1.581792336763141,0.23505309544127403,0.7240701128048007,0.8107151730077792,0.7649469045587259
625,The venture would be the latest in Coke 's rapid expansion of overseas investment .,0.7236501981515557,0.11691616693811925,0.856740398028804,0.9110987013979845,0.8830838330618805
626,"So far this year , it has put nearly $ 700 million into bottling operations in Australia , New Zealand and France .",1.5810664337652298,0.22985040199331333,0.7143231996975877,0.8354417575513591,0.7701495980066866
627,The move also reflects Coke 's eagerness to have a hand in developing the soft-drink markets in Pacific Basin countries .,1.30998928592033,0.20308744650413652,0.7631111234021037,0.8338471838935998,0.7969125534958637
628,"Aside from Europe , the Pacific division is where Coke will be focusing much of its attention for years to come .",1.2670137718603272,0.17384422685874118,0.8018767605619346,0.8519509178167891,0.8261557731412589
629,"That 's because when Coke looks to the Pacific area , it sees an economic and demographic gold mine .",1.2937151490463599,0.19165749889379546,0.8003687540838802,0.8164767252668484,0.8083425011062045
630,"In countries such as Taiwan , South Korea and Singapore , economies are growing , resulting in a rise in disposable income that consumers can use for soft drinks .",1.4679700005769245,0.22090816561208476,0.7599568955009844,0.7992152587886395,0.7790918343879153
631,"And unlike Europe and the U.S. , where populations are aging , the Pacific Basin countries have growing proportions of youths -- the heaviest consumers of Coca-Cola and other sodas .",1.3191565480510015,0.20423723282794118,0.750185288474038,0.8472365942660158,0.7957627671720588
632,"A Coca-Cola spokesman said it is too early to say how the joint venture would be structured , or how much the company would invest in the transaction .",1.0605133621435678,0.14680260896327604,0.8024632364889588,0.9107796362051942,0.8531973910367238
633,"In the past , however , Coke has typically taken a minority stake in such ventures .",0.79469264731335,0.11501208388101683,0.9161868238127948,0.8558438669878802,0.8849879161189834
634,"By acquiring stakes in bottling companies in the U.S. and overseas , Coke has been able to improve bottlers ' efficiency and production , and in some cases , marketing .",1.2691928376756891,0.181928366310203,0.7540412657944859,0.8939855472661727,0.8180716336897969
635,Coke has tended to increase its control when results were sluggish in a given country .,0.547180468885216,0.07596753833988239,0.887418541630609,0.9637977024650223,0.9240324616601175
636,"That does n't appear to be the case in Singapore , a country of about three million people with a relatively high soft-drink consumption rate -- a key indicator of Coke 's success in a market .",1.7521330114408222,0.2558689682404233,0.7394334236557648,0.7488887091329952,0.7441310317595766
637,"In Singapore , per-capita consumption is about one-third that of the U.S. .",1.384615384615386,0.24255022914915172,0.7784284370488957,0.7375721817727354,0.7574497708508483
638,"And combining Fraser & Neave 's own soft drinks with Coca-Cola 's gives the Singapore company more than half the share of the soda market there , Coke said .",1.4876396827696885,0.2078050604743341,0.7589419190876435,0.8284954459327007,0.7921949395256658
639,"Fraser & Neave , which also has interests in packaging , beer and dairy products , holds the Coke licenses for Malaysia and Brunei , where per-capita consumption is n't as high as in Singapore .",1.675511397541685,0.24630150240026844,0.7348563005930984,0.7735323744804298,0.7536984975997314
640,Coke could be interested in more quickly developing some of the untapped potential in those markets .,1.4273330886170834,0.2191750107623968,0.745504876786483,0.819658301087551,0.7808249892376032
641,A Coke spokesman said he could n't say whether that is the direction of the talks .,0.8679345589507941,0.1269577836674628,0.8824968605566587,0.8637880096813689,0.8730422163325376
642,"Coke said the joint-venture arrangement , which needs approval from both companies ' boards , should be completed early next year .",1.1983876353000102,0.1713646317390874,0.8120345138516408,0.8459291487586043,0.8286353682609122
643,"AMERICAN BRANDS Inc. , Old Greenwich , Conn. , said it increased its quarterly 11 % to 68 cents a share from 61 cents , payable Dec. 1 to stock of record Nov. 10 .",2.065162141071254,0.31527905576105475,0.641967250865302,0.7335755619799842,0.6847209442389451
644,"The increase follows the company 's report of strong earnings for the third quarter , and reflects what American Brands called its `` tradition of sharing earnings growth '' with shareholders .",1.0554511722130426,0.14703957662483103,0.7965566883971036,0.9179607093898277,0.8529604233751692
645,"American Brands is a consumer products company with core businesses in tobacco , distilled spirits and life insurance .",0.9076374998861292,0.14911879364479008,0.8418177670713425,0.8601419329515795,0.8508812063552094
646,"As of Sept. 30 , American Brands had 95.2 million shares outstanding .",1.2888375001664212,0.23447659640440963,0.6950508958598568,0.8518990371550628,0.7655234035955902
647,Giovanni Agnelli & Co. announced a transaction that will strengthen its indirect control of Fiat S.p . A. and will admit Prince Karim Aga Khan as its first non-family shareholder .,1.2437147278046359,0.20170432270722072,0.7718267919159126,0.8266444699918798,0.7982956772927795
648,"Giovanni Agnelli , a limited partnership that is the master holding company for Fiat 's Agnelli family , owns approximately 75 % of the shares in Istituto Finanziario Industriale , which in turn owns approximately 40 % of Fiat , Italy 's biggest private-sector industrial group .",1.9885591068057362,0.2870026550737304,0.7040772962603369,0.7221463123540449,0.7129973449262696
649,"The company said Maria Sole Agnelli Teodorani , sister of Fiat Chairman Giovanni Agnelli , agreed to trade her shares in IFI for new ordinary shares in the limited partnership , which will give her control of 4.67 % of Giovanni Agnelli & Co .",1.4560336388932722,0.2206136391572912,0.7349133611049643,0.8295885960549172,0.7793863608427086
650,"The Aga Khan , meanwhile , agreed to trade some of his stake in Luxembourg-based Ifint S.A. , another Agnelli family company , for 7.45 % of Giovanni Agnelli & Co. 's capital .",1.5342587363641327,0.23947003586310323,0.7103621754336091,0.8183221951982673,0.7605299641368967
651,"His new stake would be in the form of preferred shares , which receive higher dividends but have voting rights only in extraordinary shareholders assemblies .",0.7079373829448716,0.10153142554795859,0.8387974119097095,0.967279841417872,0.8984685744520413
652,"The Aga Khan owns 10 % of Ifint 's capital , while IFI owns 23 % .",0.8738089983690198,0.1506426547709865,0.8254601371206115,0.8746794609390681,0.8493573452290135
653,"As a result of the transaction , which is expected to be approved at a shareholders meeting Nov. 24 , Giovanni Agnelli & Co. will control 79.18 % of IFI 's ordinary shares .",1.6109088215637355,0.21256483296035572,0.7767289170072734,0.7984406870406399,0.7874351670396443
654,Its capital will also be raised to 232.4 billion lire -LRB- $ 172.5 million -RRB- from the current 204.3 billion lire .,1.0973504295489214,0.16196648795573873,0.7749103905949082,0.9123524742573661,0.8380335120442611
655,"IFI also has nonvoting preferred shares , which are quoted on the Milan stock exchange .",0.875,0.12727272727272726,0.8275862068965516,0.923076923076923,0.8727272727272727
656,"The value of the two transactions was n't disclosed , but an IFI spokesman said no cash would change hands .",0.993083474870156,0.14273049611489644,0.8297017816436167,0.8867321196314241,0.8572695038851033
657,"The move strengthens the existing links between the Agnellis and the Aga Khan , the head of the world 's Ismaili Moslems who is a longtime family friend and frequently goes sailing with Mr. Agnelli .",1.5396089434783473,0.22635728466814195,0.75269985625834,0.795784342159864,0.7736427153318578
658,"Mr. Agnelli and the Aga Khan also have some business ties , and a spokesman for the Agnelli company did n't rule out that the current agreement could lead to further collaboration .",1.831471572659006,0.26165955331363816,0.7172837982893029,0.7606707668779946,0.7383404466863617
659,"For instance , Ifint earlier this year bought an 18 % stake in Alisarda , the Aga Khan 's airline , which flies between Italy and Sardinia .",1.4139542500571824,0.22899090731034072,0.7149684736956518,0.8365820177011548,0.7710090926896592
660,"Giovanni Agnelli & Co. , which was formed in January 1987 as a way of keeping the Agnellis ' controlling stake in Fiat together despite an ever-growing family tree , has been playing a more active role in the Agnelli group of late .",1.6207925621329622,0.2275765657200683,0.7326930259952338,0.8167096592916099,0.7724234342799318
661,"It raised financing of 300 billion lire for the purchase this summer by another Agnelli-related group of the food concern Galbani S.p . A. , by selling a chunk of its IFI shares to Mediobanca S.p . A.",2.0857066116764953,0.3418644982602659,0.6007147671360805,0.7276938287518834,0.6581355017397342
662,Mediobanca said during the weekend that it agreed to sell the shares back to Giovanni Agnelli for 333 billion lire .,1.4818769275601769,0.22014625213897002,0.7578728306892746,0.8031477946129212,0.7798537478610296
663,Your Oct. 2 page-one article on people riding so-called `` railbikes '' on railroad tracks was a disservice to your readers .,1.4507339527678909,0.22748688436763576,0.682918305287072,0.8891664534394639,0.7725131156323642
664,It unfortunately encourages others to engage in a highly dangerous and illegal activity that only a very few are doing now .,1.3236097944892595,0.2000154914240415,0.7490477197073186,0.8583543753284562,0.7999845085759583
665,"And it treats such activities in a frivolous , cavalier fashion , with total indifference to common sense and public safety .",0.7004504333735015,0.11200217937953616,0.8905244235811587,0.8854855140937488,0.8879978206204635
666,Saul Resnick,1.0,1.0,1.0,0.0,0.0
667,Vice President,1.0,1.0,1.0,0.0,0.0
668,Public Affairs,0.0,0.0,1.0,1.0,1.0
669,Conrail,-0.0,0.0,1.0,1.0,1.0
670,"MCI Communications Corp. said it received a three-year contract valued at more than $ 15 million to provide network , credit-card and other telecommunications services to Drexel Burnham Lambert Inc .",1.8366353861144358,0.2627218973207868,0.6653559963267709,0.8266336231644269,0.7372781026792132
671,"Congressional Democrats and the Bush administration agreed on a compromise minimum-wage bill , opening the way for the first wage-floor boost in more than nine years .",1.8244861084755586,0.28153481480304177,0.6823492990746952,0.7586178704207633,0.7184651851969583
672,The agreement ended a long impasse between the congressional leaders and the White House over the wage issue .,1.5239272864412206,0.26455360179749543,0.7304085633805855,0.7405542104268564,0.7354463982025043
673,President Bush in June vetoed a measure passed by Congress and said he would n't accept any minimum-wage rise that went beyond limits he set early in this year 's debate on the issue .,1.9300462566940944,0.27653479638418466,0.7102873518938003,0.7371412719765782,0.7234652036158153
674,The compromise was a somewhat softened version of what the White House had said it would accept .,0.7924812503605789,0.11157112422824621,0.8832140654048407,0.8937056320845362,0.888428875771754
675,"Under the agreement with the House and Senate leaders , the minimum wage would rise from the current $ 3.35 an hour to $ 4.25 an hour by April 1991 .",1.5330899172687227,0.23513112884408244,0.7227560889893128,0.8121928598503311,0.7648688711559177
676,"Employers could also pay a subminimum `` training wage '' for 90 days to new workers who are up to 19 years old , and then for another 90 days if the company institutes a specific training program for the newcomers .",1.7849496883506681,0.24868480283168354,0.7067264220189751,0.8019092459302306,0.7513151971683166
677,"White House officials were delighted that the compromise includes the concept of a training wage , which Mr. Bush has fought for throughout the year .",1.542302518081148,0.22616517332707692,0.810878710906037,0.7400276750541841,0.7738348266729229
678,"`` For the first time in history , we have a training wage that will be part '' of the nation 's labor laws , said Roger Porter , assistant to the president for economic and domestic policy .",1.1396317193089232,0.1501625791572804,0.8649758741899984,0.8352197470409556,0.8498374208427198
679,"White House aides said that although they made a small compromise on the length of a training wage , the final minimum-wage increase will meet the standards set by Mr. Bush .",1.6840723566228348,0.2488011907091564,0.7584047834091296,0.7441284812890279,0.7511988092908434
680,"The bill vetoed by the president in June , which the House failed to override , would have lifted the minimum wage to $ 4.55 an hour by late 1991 , with a training wage for up to two months , generally for a worker 's first job .",1.4692445378001668,0.20411567319729376,0.7631392853178008,0.8315654202921325,0.7958843268027062
681,"Mr. Bush had been holding out for a bill boosting the wage floor to $ 4.25 an hour by the end of 1991 , coupled with a six-month training wage for workers newly hired by any employer .",1.4758186599065182,0.21675587845410632,0.769666394063843,0.7973095026371704,0.7832441215458936
682,"Under the compromise , the $ 4.25 level would be reached nine months earlier , while the training subminimum would be shorter , unless it is tied to a training plan .",1.0349817337113691,0.13895213118274585,0.8350865388096502,0.8886751725170182,0.8610478688172544
683,"Democrats argued that the training wage was a way of allowing employers to pay less than the minimum wage , while new workers need far less than six months to be trained for their jobs .",1.5457983469929033,0.21275194261872535,0.7447667276988813,0.8348687887276672,0.7872480573812747
684,Democrats had been negotiating with some Republican congressional leaders on a compromise lately .,0.8571428571428585,0.13855862891608334,0.7885967787924982,0.9491132589845686,0.861441371083917
685,"With congressional elections next year , GOP leaders have worried about opposing a minimum-wage rise for low-paid workers at a time when Congress is moving toward a capital-gains tax cut that would directly benefit wealthier taxpayers .",2.027988174044797,0.2892163093593849,0.6616006619378304,0.7678664602427636,0.7107836906406155
686,Republicans have been imploring the White House to compromise on the wage issue .,0.9110633930116787,0.14195590877773367,0.8149188580733342,0.9059887104715493,0.8580440912222665
687,"In the Senate , Edward Kennedy -LRB- D. , Mass. -RRB- , chairman of the Labor Committee , and Pete Domenici , -LRB- R. , N.M . -RRB- ranking minority member of the Budget Committee , have been working on a compromise , and their soundings showed that the Senate appeared to be heading toward enough strength to override another Bush veto , a Democratic staff official said .",2.0545175268264613,0.2941619719143607,0.6757577782928692,0.7387209816667772,0.7058380280856396
688,"The House is scheduled to vote this week on the compromise , as a substitute to a new Democratic bill , itself watered down from last spring 's version .",0.9250449974837691,0.13206579411506436,0.8556278952475063,0.880599680296348,0.8679342058849357
689,The Senate will probably vote not long afterward .,1.3333333333333335,0.26631956334878903,0.8051567697685734,0.6738597578300081,0.733680436651211
690,Some Democrats thought they might have compromised too much .,0.5999999999999988,0.09927436741713122,0.8718740509574638,0.9315520459418732,0.9007256325828685
691,"Rep. Austin Murphy -LRB- D. , Pa. -RRB- , chairman of the House labor standards subcommittee , said they might have done better `` if we 'd held their feet to the fire . ''",1.5496808845007832,0.21163758643547873,0.7254145899073797,0.8632728856292167,0.788362413564521
692,"Mr. Kennedy suggested Democrats `` yielded a great deal '' on the size of the increase , but he cited concessions from the White House on the training wage , which he said make it `` less harsh . ''",1.5333789712496726,0.20350117026706666,0.7850220400957844,0.8083161726868975,0.7964988297329331
693,"With only 16-year-olds to 19-year-olds eligible , 68 % of workers getting less than $ 4.25 an hour , who are adults , wo n't be subject to the training wage , he said .",1.5504189287568666,0.20302903990102633,0.7565911905732511,0.8419039264574572,0.7969709600989735
694,"The AFL-CIO , which previously opposed the administration 's subminimum idea , said the compromise has `` adequate safeguards , so the youth are not exploited and older workers are not displaced . ''",1.150571043493053,0.15292460687800452,0.7881669119657592,0.9155009645319098,0.8470753931219958
695,Gerald F. Seib contributed to this article .,1.0943609377704333,0.22308223737786706,0.7921550211540895,0.7622556248918264,0.7769177626221327
696,Moody 's Investors Service Inc. said it lowered the ratings on about $ 3.2 billion of Houston Lighting & Power Co. 's securities because of the company 's low levels of interest coverage and internal cash generation .,2.3656885862540795,0.3677983379902568,0.5802920657016354,0.6943107117250148,0.6322016620097431
697,"Houston Lighting is a unit of Houston Industries Inc. , a utility holding company in Houston .",1.4390819674535384,0.2522113645754234,0.738311471169437,0.7575122662399945,0.7477886354245766
698,"Downgraded by Moody 's were Houston Lighting 's first-mortgage bonds and secured pollution-control bonds to single-A-3 from single-A-2 ; unsecured pollution-control bonds to Baa-1 from single-A-3 ; preferred stock to single-A-3 from single-A-2 ; a shelf registration for preferred stock to a preliminary rating of single-A-3 from a preliminary rating of single-A-2 ; two shelf registrations for collateralized debt securities to a preliminary rating of single-A-3 from a preliminary rating of single-A-2 , and the unit 's rating for commercial paper to Prime-2 from Prime-1 .",1.873988534970553,0.30392609135413584,0.6738616430868752,0.7198004386491303,0.696073908645864
699,"Moody 's said Houston Lighting 's current situation has some positive aspects , including managing `` very well '' the construction and commercial operation risks of Units 1 and 2 of the South Texas Project nuclear power plant .",2.2059940287633752,0.3299880442004339,0.5842217918742385,0.7853345643517381,0.6700119557995662
700,"Capital requirements will be declining and no new generating facilities will be required for several years , Moody 's said .",0.4761904761904736,0.0653733393688678,0.8993505321030838,0.9727831088140126,0.934626660631132
701,"Scott C. Smith , formerly vice president , finance , and chief financial officer of this media concern , was named senior vice president .",1.5704449971535999,0.2663181140930813,0.6851243779645566,0.7896473558046057,0.7336818859069184
702,"Mr. Smith , 39 , retains the title of chief financial officer .",0.36576057708949783,0.059842615759593536,0.9313093555269081,0.9491751493099763,0.9401573842404066
703,Armstrong World Industries Inc. agreed in principle to sell its carpet operations to Shaw Industries Inc .,1.6685016456823698,0.28764583320210335,0.6770280871966388,0.7515696900512654,0.7123541667978965
704,The price was n't disclosed but one analyst estimated that it was $ 150 million .,0.7665414066556506,0.11823032346386084,0.9058255830198626,0.8589584160493214,0.8817696765361391
705,"Armstrong , which has faced a takeover threat from the Belzberg family of Canada since July , said that disposing of the carpet business would improve `` total financial performance . ''",1.6184515606819012,0.22694251808751,0.759604052526732,0.7869960539936343,0.7730574819124897
706,"The move also would allow the company to concentrate on core businesses , which include ceramic tile , floor coverings and furniture .",0.7230082818735077,0.10428789309575894,0.8663199731330332,0.9271686899313927,0.895712106904241
707,"Moreover , such a sale could help Armstrong reassure its investors and deter the Belzbergs , who own a 9.85 % stake in the Lancaster , Pa. , company .",1.2624767660309075,0.18161724603179108,0.7505251481515499,0.8997305417010024,0.8183827539682089
708,"Analysts expect Armstrong to use proceeds of the sale to reduce debt , buy back stock or perhaps finance an acquisition .",1.5008886367569936,0.24699394441817893,0.661341668067924,0.8741691091830377,0.7530060555818209
709,"The carpet division had 1988 sales of $ 368.3 million , or almost 14 % of Armstrong 's $ 2.68 billion total revenue .",1.1987874972152914,0.19206525551415693,0.7667708371594271,0.8537691344019653,0.8079347444858429
710,The company has been manufacturing carpet since 1967 .,0.6666666666666679,0.11751192005564601,0.8492234537424982,0.918464939457502,0.8824880799443541
711,Recently it upgraded its plants so that it could make stain-resistant products with higher quality dyes .,1.1476338237839379,0.1841340642735674,0.7721409463955989,0.8648403287075807,0.8158659357264326
712,"For the past year or two , the carpet division 's operating profit margins have hovered around 5 % , high by industry standards , but disappointing compared with the 13 % to 19 % margins for two of Armstrong 's chief businesses , flooring and building products .",1.3788829605939155,0.20890551551447414,0.7577517361428545,0.8275066007840494,0.7910944844855258
713,"Analysts hailed the planned transaction as being beneficial to Armstrong and Shaw , the market leader in the U.S. carpet industry , with an estimated 17 % to 20 % share .",1.5324470750723762,0.22868891821686602,0.7484556312056752,0.7956063655774102,0.7713110817831339
714,"Shaw , based in Dalton , Ga. , has annual sales of about $ 1.18 billion , and has economies of scale and lower raw-material costs that are expected to boost the profitability of Armstrong 's brands , sold under the Armstrong and Evans-Black names .",1.653933565158134,0.22467368113501474,0.7279433964441339,0.8293071599803145,0.7753263188649853
715,"Yesterday , in composite trading on the New York Stock Exchange , Shaw 's shares closed ex-dividend at $ 26.125 , up $ 2.25 .",1.5753631194101647,0.23755517477165852,0.7330203098990752,0.7943304186625205,0.7624448252283416
716,"Armstrong 's shares , also listed on the Big Board , closed at $ 39.125 , up 12.5 cents .",0.850977500432692,0.12668276043886367,0.8510830819877632,0.8967442749882064,0.8733172395611358
717,"Yesterday , Armstrong reported flat earnings for the third quarter and nine months , worsened by the stock dilution of an employee stock ownership plan adopted earlier this year .",1.6911988676442586,0.2773238914088329,0.6750871377723298,0.7774833001566607,0.7226761085911672
718,"For the quarter , earnings were $ 47 million , or 92 cents a share , including a one-time gain of $ 5.9 million .",1.0691622381280208,0.1568199762744347,0.8531914103577088,0.8334008603036512,0.8431800237255651
719,"In the year-ago quarter , earnings were $ 42.9 million , or 93 cents a share .",1.0299867649604098,0.15432014498431823,0.8456798550156823,0.8456798550156822,0.8456798550156822
720,"Yesterday , Armstrong announced an agreement to sell its small Applied Color Systems unit to a subsidiary of the Swiss company , Brauerei Eichof Ltd .",1.462048787244032,0.23405801873644186,0.7374944396542805,0.7966722001565043,0.7659419812635581
721,The price was n't disclosed .,0.0,0.0,1.0,1.0,1.0
722,"Armstrong expects to close the sale of the color unit in late November and the carpet sale in December , with the gains to be applied to fourth quarter or first-quarter results .",1.3455644846638792,0.2004616616882641,0.7720914121737537,0.8290086024816277,0.799538338311736
723,"The government 's primary economic-forecasting gauge rose a slight 0.2 % in September , but economists said the report offered little new information on the degree to which the U.S. economy is slowing .",1.4517938352632322,0.2056218229555756,0.7857403330331493,0.8032080481054572,0.7943781770444244
724,"The small increase in the index of leading indicators , which had climbed 0.5 % in August but was unchanged in July , does lend support to the view that the economy has slowed noticeably .",1.6020714455752056,0.22155157813487242,0.7289557883819591,0.8351512204659735,0.7784484218651274
725,"However , it does n't give much of a clue as to whether a recession is on the horizon .",1.4132331253245205,0.20689666403635337,0.8713286430748625,0.7277666038964183,0.7931033359636466
726,"`` I do n't think it provides much new information on the economy , '' said Richard Rippe , economist at Dean Witter Reynolds Inc .",1.222093750416053,0.17589102707428877,0.7923316046946081,0.8585417760575269,0.8241089729257111
727,"So far this year , the index of leading indicators has risen in four months , fallen in four months and remained unchanged in the other month .",1.3497569251599826,0.2022222911364269,0.7284263478250897,0.8817241049870316,0.797777708863573
728,"In another report yesterday , the Commerce Department said sales of new single-family houses plunged 14 % in September to an annual rate of 618,000 from 719,000 in August .",1.948670658719232,0.3231023211691281,0.628506516297262,0.7333620791995494,0.6768976788308718
729,"The declines were particularly pronounced in the Northeast and in the South , where Hurricane Hugo was a factor .",0.9049932735054931,0.13581606719851588,0.8667226875575466,0.8616600073600503,0.864183932801484
730,"Although September 's weakness followed two strong months for home sales , the decline supports other indications that the drop in mortgage rates earlier this year has had only a limited beneficial effect on the housing market .",1.9358821791930838,0.2901566587778031,0.693927570484814,0.7265063312801263,0.7098433412221968
731,"The September drop was the largest since a 19 % drop in January 1982 , but monthly changes in this measure are even less reliable than those in other economic indicators .",1.9536919141162619,0.30060833226391265,0.6336166199980121,0.7804046167349938,0.6993916677360873
732,"Because the figures are based on a small sample , the department said it is 90 % confident only that new-home sales fell somewhere between 5 % and 23 % during the month .",1.5586387782262054,0.22041736157463454,0.7659953680718576,0.7936606369255244,0.7795826384253655
733,The department also said it takes four months to establish a trend .,0.519606730935652,0.07904470615755656,0.8921933958410667,0.9516333757650957,0.9209552938424435
734,"So far this year , 534,000 newly built homes have been sold , down 4.5 % from the like months of 1988 .",1.8054690189274094,0.2912903465050939,0.6600642679435,0.7650956358894668,0.7087096534949057
735,The index of leading indicators got a major boost in September from a surge in consumer expectations as measured by the University of Michigan .,1.6856683780030508,0.2790258687122248,0.7388369665507551,0.7039546446892656,0.7209741312877751
736,This measure had dropped sharply in August .,0.5,0.09090909090909091,0.8333333333333333,0.9999999999999999,0.9090909090909091
737,"The Commerce Department said that as a result of a new adjustment to the formula used to calculate the index , the influence of this component has been reduced .",1.16794354674387,0.17755655935516304,0.8515938217662234,0.7952226656831877,0.8224434406448373
738,"Of the 11 components to the index , only three others rose in September : the money supply , the length of the average work week and stock prices .",1.1217161484801075,0.17299478025158402,0.7852313727417013,0.873473495779883,0.827005219748416
739,Several components that track the health of the manufacturing sector of the economy turned down in September .,0.7560911374687107,0.11992128978218908,0.8214502220503834,0.9477192636479866,0.8800787102178106
740,"These include new orders for manufactured consumer goods , lead times on vendor deliveries , orders for new plant and equipment , and backlogs of orders for durable goods .",0.8406426982957873,0.1571636519844986,0.7933930101253154,0.8988517532187313,0.8428363480155014
741,"Meanwhile , the National Association of Manufacturers said yesterday a recent poll of 53 executives on its board found that 61 % do n't expect a recession to occur until 1991 or later .",1.7914666300171938,0.2501145956305615,0.6904548691973359,0.8205104001047727,0.7498854043694384
742,The remainder expect a downturn to begin sometime in,0.7505430557959407,0.14588204357457438,0.8061549798191672,0.9081491772631821,0.8541179564254255
743,"Although manufacturers often are quick to call for lower interest rates , 60 % of the executives said they would prefer that the Fed keep inflation-fighting as its top priority even if that means higher rates .",2.027555405639294,0.27234236446760696,0.687712173954685,0.7725296852479848,0.727657635532393
744,The other 40 % said the Fed ought to worry less about inflation and bring interest rates down .,1.70339620929475,0.2587987963760112,0.6440917407862232,0.8727916657658226,0.7412012036239886
745,All the figures are adjusted to remove usual seasonal patterns .,0.18181818181818254,0.03025375536532727,0.9412693131031602,1.0,0.9697462446346727
746,Here are the net contributions of the components of the Commerce Department 's index of leading indicators .,0.7560911374687116,0.12604047403885907,0.8025369435847165,0.9593366564738827,0.8739595259611407
747,"After various adjustments , they produced a 0.5 % rise in the index for August and a 0.2 % rise for September .",0.9521797621691377,0.14901656039721092,0.8262989010375352,0.8771882264886955,0.8509834396027893
748,"September , and the change from August , are : from 1.11 in the previous month .",0.5593985296662929,0.08381317618720562,0.916186823812795,0.9161868238127948,0.9161868238127949
749,Boston Edison Co. said it will take a previously reported $ 60 million charge against earnings in the fourth quarter .,1.286645238507326,0.1807838286680957,0.770208929675623,0.8748837128034924,0.8192161713319043
750,The charge resulted from a settlement approved yesterday by the Massachusetts Department of Public Utilities .,1.3137218755408666,0.23493228380923112,0.7608986236413239,0.7692827467721572,0.7650677161907691
751,"As expected , the settlement limits rate increases for three years and ties future charges to customers for operation of the troubled Pilgrim Nuclear Power Station to that plant 's performance .",1.8801499073868913,0.29050222750440047,0.646547012819115,0.7860291476147198,0.7094977724955995
752,"In its order , the state regulatory agency said the company `` must be held accountable for the mistakes made in the management of the plant 's operation . ''",0.8597731301493177,0.12260205783991812,0.8879078552065764,0.867133924233092,0.8773979421600818
753,Pilgrim had been closed for 32 months .,0.25,0.043478260869565216,0.9166666666666666,1.0,0.9565217391304348
754,"The average interest rate rose to 8.3875 % at Citicorp 's $ 50 million weekly auction of 91-day commercial paper , or corporate IOUs , from 8.337 % at last week 's sale .",0.5730571604518833,0.09107446599923523,0.8568811565470025,0.967700759981607,0.9089255340007648
755,Bids totaling $ 515 million were submitted .,0.25,0.043478260869565216,0.9999999999999999,0.9166666666666666,0.9565217391304347
756,Accepted bids ranged from 8.38 % to 8.395 % .,0.5509775004326931,0.10409788940414698,0.8114335868166074,1.0,0.8959021105958529
757,Citicorp also said that the average rate rose to 8.0087 % at its $ 50 million auction of 182-day commercial paper from 7.962 % at last week 's sale .,0.7128025995084712,0.11124989436793883,0.8720787261890297,0.9060713155765275,0.888750105632061
758,Bids totaling $ 475 million were submitted .,0.25,0.043478260869565216,0.9999999999999999,0.9166666666666666,0.9565217391304347
759,Accepted bids ranged from 8 % to 8.019 % .,0.5509775004326931,0.10409788940414698,0.8114335868166074,1.0,0.8959021105958529
760,The bank holding company will auction another $ 50 million in each maturity next Tuesday .,1.728217778400202,0.31842337051470654,0.6263849629903722,0.7474341076036217,0.6815766294852935
761,"An imaginative novelist writing a thriller about amateur spy-chasing might invent a Clifford Stoll , but it 's unlikely .",1.5509775004326931,0.23173548669013272,0.732736991034302,0.8074127690826062,0.7682645133098672
762,It 's also unnecessary .,0.40000000000000036,0.09425390072448082,0.8277293767706427,1.0,0.9057460992755192
763,"Amateur spy-chaser Clifford Stoll is a real person , or as he might waggishly put it , a surreal person .",1.0961690480311352,0.16273088496222307,0.7924527606000166,0.8874584170969642,0.8372691150377767
764,"He is 37 , an astronomer with impressive credentials , and something of a genius at making computers do his bidding .",0.9211210230222893,0.1369693645339927,0.8045461217450364,0.9306844679359679,0.8630306354660071
765,"He once described himself as a `` Berkeley Hippie , '' and played the role well ; obligatory ragged jeans , a thicket of long hair and rejection of all things conventional , including , for a time at least , formal marriage to his `` sweetheart , '' Martha Matthews .",1.6485676610682711,0.2245427609225369,0.7240833964236,0.8346777718644859,0.7754572390774628
766,"He also is an entertaining writer , combining wisecracks and wordplay with programmatic detail and lucid explanations of how computers work .",1.2048289739398426,0.1857620389182992,0.7275729194590491,0.9243410963811259,0.8142379610817007
767,"In `` The Cuckoo 's Egg '' -LRB- Doubleday , 326 pages , $ 19.95 -RRB- , he spins a remarkable tale of his efforts over 18 months to catch a computer spy .",1.5701199407427682,0.2165469246810412,0.7018703991209048,0.8864958991538994,0.7834530753189585
768,"The result last spring was the arrest by West German authorities of five young West Germans , accused of stealing information from computers in the U.S. and Europe and selling it to the Soviet KGB .",1.7292632984786112,0.2536281244304568,0.6828464320688166,0.8229292751849637,0.7463718755695433
769,"One of them , 25-year-old Markus Hess of Hannover , allegedly used the international telecommunications network to break into more than 30 high-security computers in the U.S. , searching for secrets .",1.7383016532950109,0.2468358944417576,0.7132648439000294,0.79779170832225,0.7531641055582425
770,"He probably did n't penetrate any top-secret files , but the KGB in East Berlin was willing to pay two of his associates , Peter Carl and Dirk Brezinski , $ 15,000 for some of the material Hess collected .",2.0213688243068333,0.28205737034027706,0.6798226709144943,0.7605915742645426,0.7179426296597229
771,They promised yet more for really good stuff .,0.666666666666667,0.12750047008764348,0.7738351806137475,1.0,0.8724995299123566
772,"Mr. Stoll draws his title from the cuckoo 's habit of laying eggs in the nests of other birds , making them surrogate parents .",1.296254878262669,0.1996982896478205,0.7434625288860952,0.8665512696094472,0.8003017103521796
773,The computer spy had discovered that a popular editing/electronic mail program called Gnu-Emacs could do tricks with the widely used Unix operating system created by AT&T .,1.7193475699100098,0.2774434142675666,0.6500126690404652,0.8133270119198815,0.7225565857324336
774,"Using Gnu-Emacs , the spy could substitute a bogus `` atrun '' program for the one that routinely cleans up the Unix system every five minutes .",1.5598473296708697,0.2226724258855628,0.7016280224868577,0.8713372758099636,0.7773275741144376
775,"Once his cuckoo 's egg was laid , he could enter Unix and become a `` super-user , '' with access to everything .",1.0822570187932143,0.1458370606217766,0.8055211999994261,0.9090567147360521,0.8541629393782235
776,Mr. Stoll was scanning the heavens at the Keck observatory of the Lawrence Berkeley Laboratory in 1986 when his grant ran low and he was asked to switch to helping run the lab 's computers .,1.4328835812631606,0.19716226814064486,0.748336710684958,0.86590089924202,0.8028377318593548
777,"He discovered a 75-cent discrepancy in the charges made to various departments for computer time and traced it to a user named `` Hunter , '' who had no valid billing address .",1.4600245293146674,0.20481604635195602,0.7576569608377063,0.836622115974753,0.7951839536480438
778,Mr. Stoll suspected the intruder was one of those precocious students who has fun breaking into computers .,1.617745304375764,0.24888839302521923,0.6967994799937489,0.8146061937299126,0.7511116069747805
779,"But after much tracking , it became evident to Mr. Stoll , through various clues , that the hacker was not on the Berkeley campus or even in California .",1.1454842658866768,0.16559655489722055,0.8219457180182842,0.8472446120056543,0.8344034451027798
780,Finding him became an obsession for Mr. Stoll .,1.1949875002403858,0.23226811204890577,0.6699920748877063,0.8988593228552808,0.7677318879510944
781,He made a midnight requisition of all the printers he could lay hands on so that he could monitor all the telephone lines coming into the lab 's computers .,1.2624767660309075,0.18294170156501524,0.8097275757517127,0.8245229685405421,0.8170582984349849
782,"After discovering that the hacker had taken over the dormant account of a legitimate user named Joe Sventek , he rigged up an alarm system , including a portable beeper , to alert him when Sventek came on the line .",1.8062891807553623,0.25214401192939867,0.7347351033921499,0.7614540185986788,0.7478559880706012
783,Some nights he slept under his desk .,0.25,0.043478260869565216,0.9166666666666666,0.9999999999999999,0.9565217391304347
784,His boss complained about neglect of other chores .,0.7505430557959416,0.14588204357457457,0.8061549798191672,0.9081491772631821,0.8541179564254255
785,The hacker was pawing over the Berkeley files but also using Berkeley and other easily accessible computers as stepping stones to the network of computers used by the military and national security agencies .,2.1102531165251293,0.31582367107736786,0.6552219388078148,0.7158080307029527,0.684176328922632
786,The White Sands missile range and CIA contractor Mitre Inc. were among the targets .,1.3903168648182227,0.25174072534234215,0.7068369192249062,0.7948387505472235,0.7482592746576578
787,"When the hacker moved , Mr. Stoll moved too , calling up other systems managers to alert them but keeping his own system open to avoid arousing suspicion .",2.106117462745649,0.31053335971362844,0.5915716588905121,0.826186333560987,0.6894666402863716
788,"Sometimes , if the hacker seemed to be into a sensitive file , he would drag his keychain across the terminal to create static or slow the system down to frustrate his quarry .",1.1325363949022522,0.1649780851452874,0.7965042354406373,0.8774542062514142,0.8350219148547127
789,"The FBI initially showed little interest , and he had the impression other federal security agencies were tangled up in legal red tape .",1.2627711036023683,0.19609209572828779,0.7606155931303978,0.8524258208018811,0.8039079042717123
790,The CIA told him it does not do domestic counterespionage .,0.7958988638330426,0.12998587208595652,0.812643957607515,0.936099909688466,0.8700141279140435
791,"One learns a lot from this book , or seems to , about crippling federal bureaucracy .",0.7058823529411766,0.10962512067715091,0.8903748793228492,0.8903748793228493,0.8903748793228493
792,`` Seems to '' because it 's possible that the CIA and the National Security Agency were more interested than they let on to Mr. Stoll .,0.9303487214356965,0.13040581826514558,0.8535984177204364,0.8862008904860713,0.8695941817348548
793,"Finally , he got help .",0.0,0.0,1.0,1.0,1.0
794,Tymnet is a major network linking computers .,0.5,0.09090909090909091,0.8333333333333333,1.0,0.9090909090909091
795,"One of its international specialists , Steve White , took a quick interest in Mr. Stoll 's hunt , ultimately tracing the hacker to West Germany .",1.1443184056385114,0.16807319128097134,0.7853730571686484,0.8843473581912663,0.8319268087190288
796,The West Germans then took over and finally found Markus Hess .,1.292481250360579,0.23312689556523788,0.7906413091782798,0.744492230136365,0.7668731044347621
797,"Eventually , Mr. Stoll was invited to both the CIA and NSA to brief high-ranking officers on computer theft .",1.4377443751081733,0.21124313179956364,0.7410924925782283,0.8429738846743826,0.7887568682004364
798,He savored the humor of his uncombed appearance among these buttoned-up chaps .,0.9811451924741128,0.16903619790053992,0.781704746803362,0.8868484804466563,0.8309638020994601
799,"Back in Berkeley , he was violently scolded by a left-wing lady friend for consorting with such people .",1.1320934212803637,0.17573102166660662,0.7561908158747184,0.9058177147765514,0.8242689783333935
800,He became angry in return .,0.0,0.0,1.0,1.0,1.0
801,He had developed a hatred for the hacker and a grudging appreciation of the federal `` spooks '' who make national security their business .,1.0389667380414833,0.15039279133485914,0.8176286001578597,0.8841890919459982,0.849607208665141
802,"At several different levels , it 's a fascinating tale .",0.18181818181818166,0.030960844767388262,0.9399378843056375,1.0,0.9690391552326116
803,Mr. Melloan is deputy editor of the Journal .,0.6121972227029921,0.11587603285713886,0.8841239671428609,0.8841239671428609,0.8841239671428609
804,Mips Computer Systems Inc. today will unveil a new general-purpose computer that will compete with more expensive machines from companies such as Sun Microsystems Inc. and Digital Equipment Corp .,2.027815561871222,0.343989238384234,0.5774680543312366,0.7592824465082652,0.656010761615766
805,"The closely held Sunnyvale , Calif. , company also will announce an agreement to supply computers to Control Data Corp. , which will sell Mips machines under its own label .",1.5259022228647234,0.228155371673897,0.7156387495480959,0.8376317729136797,0.7718446283261029
806,"The new Mips machine , called the RC6280 , will cost $ 150,000 for a basic system .",0.7086048612313052,0.10642141686142256,0.8700219947612694,0.9184463009531734,0.8935785831385775
807,"The computer processes 55 million instructions per second and uses only one central processing chip , unlike many rival machines using several processors .",1.8474456844848905,0.3117400058570518,0.5985429869943435,0.8096150924681984,0.6882599941429481
808,"The machine employs reduced instruction-set computing , or RISC , technology .",0.9045627476894449,0.17600045874836076,0.7415776977054399,0.9270336884000543,0.8239995412516391
809,"At that price , an analyst familiar with the machine said , the computer offers up to 10 times the performance of similar machines .",1.260391000173076,0.19699275562676308,0.8142044064632755,0.79211387729316,0.8030072443732367
810,"`` In the price range it 's a tremendously high-performing product , '' said Sandy Gant , an analyst at the market-research firm InfoCorp .",1.056254878262667,0.15853288546329683,0.8174368152840017,0.8669530491301954,0.8414671145367033
811,"The machine is part of an effort by Mips to establish itself as a supplier of computers , not just of integrated-circuit technology .",1.4795739585136234,0.23386408426327718,0.726470327252286,0.8103831817228012,0.7661359157367229
812,Mips also wants to wedge into markets other than traditional RISC applications such as engineering ; Mips said the new machine will also be used by businesses and for communications .,1.502906144057512,0.21717185229162603,0.728811688834577,0.8454924976748036,0.7828281477083737
813,"`` This clearly demonstrates that Mips is a systems company rather than just a chip company , '' said Mips Vice President John Hime .",1.5859496196697815,0.2409612253630937,0.758578376479476,0.7594997319855691,0.7590387746369063
814,"The Control Data deal is a boon for Mips because it gives the the five-year-old company one more ally as it battles more established electronic concerns such as Sun , Hewlett-Packard Co. , Motorola Inc. and Intel Corp. for the emerging market for RISC machines .",1.9933711020463987,0.3056553631706401,0.6569061601299674,0.7363084167045661,0.6943446368293603
815,RISC technology speeds up a computer by simplifying the internal software .,1.1887218755408666,0.21047260634532966,0.737767447784053,0.8490980179480644,0.7895273936546703
816,"For Mips , which expects revenue of $ 100 million this year , big-name allies such as Control Data are essential to attract software developers to the company 's RISC architecture .",1.551523140367018,0.22081663711341087,0.7246521213727511,0.8425895891693445,0.7791833628865893
817,"`` The thing it says about Mips is that they 're on a roll right now , '' said Ms. Gant at InfoCorp .",1.620691539676658,0.23198051454495974,0.7661626022844601,0.7698853912327346,0.7680194854550405
818,"`` They 're getting some major wins , '' she added .",0.5000000000000009,0.07496336164078012,0.9024855221679389,0.9487436426212903,0.92503663835922
819,"Last month , for example , Mips agreed to supply its computers to Nixdorf Computer AG of West Germany and France 's Groupe Bull .",1.4170368786088217,0.22244483404753504,0.7781559344141655,0.7769553244111832,0.777555165952465
820,"Sony Corp. , Tandem Computers Inc. and Digital Equipment have agreed to sell MIPS computers and companies such as Japan 's NEC Corp. and West Germany 's Siemens A.G. have agreed to make Mips chips under license .",1.3760467708518451,0.2165261393613218,0.792922978653437,0.7742472973005521,0.783473860638678
821,"Today 's agreement gives Control Data a machine to compete against Digital and other general-purpose computer makers , said John Logan , a computer-market analyst at Aberdeen Group Inc. of Boston .",1.435601079599933,0.2210509427638997,0.7610756125342866,0.7976821873353354,0.7789490572361001
822,"The machine is essentially a mainframe computer , he said .",0.4322625001966802,0.07059693211210326,1.0,0.8681166926700835,0.9294030678878968
823,"`` Suddenly CDC -LRB- Control Data -RRB- has a competitive product to fight back against the VAX9000 , '' a machine Digital announced last month , he added .",1.4102274811117175,0.19867496961667397,0.7355534309117135,0.8800139802338022,0.8013250303833261
824,"Control Data , based in Minneapolis , Minn. , expects its sales of Mips systems , including the new RC6280 , to amount to more than $ 100 million by the end of 1991 , Mips said .",1.4445750786731857,0.1993101078781798,0.7655158172642206,0.8392520125209797,0.8006898921218201
825,"Nixdorf , Bull and others will also sell versions of the machine , said Mips President Robert Miller .",0.7110407897014142,0.10902763843493407,0.9019621423480684,0.880247162691796,0.8909723615650654
826,"Mips will start shipping its new machine in the first quarter of 1990 , he said .",0.7502875001272633,0.10789216439873055,0.830596660538842,0.9634582931076162,0.8921078356012694
827,"The machine uses a single processor , which makes it easier to program than competing machines using several processors .",1.218226398830013,0.1784782410036632,0.7532928161370612,0.9033412262586021,0.8215217589963367
828,The computer can process 13.3 million calculations called floating-point operations every second .,1.4126559982000213,0.262925437523318,0.6418334020937142,0.8655063828759854,0.7370745624766818
829,"The machine can run software written for other Mips computers , the company said .",1.033985000288462,0.15875394408122678,0.7925707893572898,0.8962912534778971,0.8412460559187732
830,Another fight is brewing between Congress and the Bush administration over how to pay for the savings-and-loan bailout without adding to the federal budget deficit .,1.5993772663643808,0.2515211375138133,0.7304784575413024,0.7673888100534689,0.7484788624861866
831,"In a hearing before the House Ways and Means Committee , the General Accounting Office and the Congressional Budget Office , which both are arms of Congress , advised the new S&L bailout agency to abandon plans to raise temporary working capital through debt issued from an agency that would n't be counted on the federal budget .",2.090311980173185,0.2947538407331063,0.6646724973042062,0.7510953383491148,0.7052461592668939
832,Officials of the Resolution Trust Corp. have said privately that such a plan was the most likely alternative to raise short-term cash for the bailout .,1.087102404095785,0.15143263104178106,0.8362248836360588,0.8612796569226964,0.8485673689582188
833,"Instead , the GAO and the Congressional Budget Office said , the RTC should consider using Treasury debt , which is less expensive and subject to oversight by Congress .",0.9468790652188899,0.1306173777492017,0.8437261513953664,0.8966483802181084,0.8693826222507983
834,The spending could be exempted from meeting deficit-reduction targets in the Gramm-Rudman budget law .,1.1673183336217958,0.18297110106457704,0.7842483993347263,0.8526692975536335,0.817028898935423
835,The RTC has projected that it will require between $ 50 billion to $ 100 billion in temporary working capital .,1.0835660715315925,0.15615224970022978,0.814529687024571,0.8753551566977937,0.8438477502997704
836,The borrowing to raise these funds would be paid off as assets of sick thrifts are sold .,0.9580618054353627,0.14447690968584764,0.8195115023183193,0.8948450410714238,0.8555230903141524
837,The new S&L law allows the RTC to issue notes for as much as 85 % of the value of the assets it holds .,1.1843856189774726,0.17512891752022408,0.8099278590646294,0.8403760775720639,0.8248710824797763
838,"But higher interest rates paid on off-budget debt could add billions to the bailout costs , and would n't be subject to congressional scrutiny , Ways and Means members argued .",1.6806408216164455,0.2367737071658623,0.7111901773466858,0.8234782639817535,0.7632262928341372
839,"`` To allow this massive level of unfettered federal borrowing without prior congressional approval would be irresponsible , '' said Rep. Fortney Stark -LRB- D. , Calif. -RRB- , who has introduced a bill to limit the RTC 's authority to issue debt .",1.6440612824463043,0.21917351102986848,0.7605712513159688,0.8021901037088238,0.7808264889701313
840,The RTC will have to sell or merge hundreds of insolvent thrifts over the next three years .,1.2222222222222232,0.1989014761023994,0.7439899159757791,0.8677033666434808,0.8010985238976008
841,"The new S&L bailout law allows $ 50 billion to be spent to sell or merge sick S&Ls and their assets , but that is a net cost .",1.6768686373479555,0.24060259385391602,0.724930160944764,0.7973057948604886,0.7593974061460842
842,"In the meantime , the agency must raise cash to maintain assets , such as real estate , until they can be sold .",1.1504016864348676,0.1710115196812371,0.8183447856757398,0.8399126951614284,0.8289884803187629
843,Then the short-term debt is paid off through the proceeds of selling the assets .,0.7673183336217946,0.12485224648462967,0.8430508900372067,0.9097853495416094,0.8751477535153701
844,"David Mullins , assistant secretary of the Treasury , said that the working capital is necessary to reduce the final costs of the bailout , by allowing the agency to sell savings and loans without their bad assets , then hold the assets until they can be sold under favorable conditions .",1.320100056040272,0.17846069924088104,0.7908953533500619,0.8546536191677444,0.8215393007591187
845,"He said it has n't yet been determined how the RTC will raise the cash , but the administration does n't want it to be included on the federal budget , because it would `` distort '' the budget process by requiring either exemptions from Gramm-Rudman or big increases in the budget deficit .",1.7003015090885887,0.2191615351657842,0.7376754316223099,0.8293665496717408,0.780838464834216
846,"But the worst possibility would be raising no working capital , he said .",0.4824919644402481,0.07047275413188359,0.9035577855167635,0.9570336748677559,0.9295272458681169
847,"`` If working capital financing is not provided , '' he said , `` the RTC may have to slow -LCB- S&L sales -RCB- or dump acquired assets through fire sales .",1.5661211844097922,0.20635318469790453,0.7165899759455404,0.8892726893244425,0.7936468153020954
848,"Panhandle Eastern Corp. said it applied , on behalf of two of its subsidiaries , to the Federal Energy Regulatory Commission for permission to build a 352-mile , $ 273 million pipeline system from Pittsburg County , Okla. , to Independence , Miss .",1.6621378015105988,0.252440655312059,0.7288798088614538,0.7672214908341966,0.7475593446879413
849,The natural gas pipeline concern said the 500 million cubic feet a day capacity pipeline would be built by a proposed joint venture between two Panhandle Eastern units - Texas Eastern Transmission Corp. and Trunkline Gas Co .,2.1932123401608985,0.35469072562916326,0.6010488139579829,0.6966064780757676,0.6453092743708365
850,"Texas Eastern Transmission will build and operate the system , which will connect the Arkoma Basin with several interstate pipelines .",0.838554308306513,0.12820258891233915,0.8568855330414169,0.8872374864368644,0.8717974110876605
851,Now was that a quarter cup or a half cup ?,0.18181818181818166,0.03300454175519076,0.936099909688466,1.0000000000000002,0.9669954582448094
852,"Not a gripping question , unless you 're the pastry chef of this city 's Chez Panisse restaurant and you 've just lost your priceless personal dessert notebook .",1.399005827343009,0.20650828180570333,0.7662761183295193,0.8227117246198209,0.7934917181942969
853,Chez Panisse was listed among the top 30 restaurants in the world this year by Connoisseur magazine .,1.6960736118322668,0.2947188126952355,0.6518542410870032,0.7682479342857218,0.7052811873047643
854,"The tattered black binder , bulging with 18 years ' worth of recipes held together by rubber bands , was in chef Lindsey Shere 's purse when it was stolen from her house recently .",1.919233236679255,0.2771548870543492,0.6554168338570233,0.8057382264565893,0.7228451129456505
855,The Berkeley police do n't have any leads but doubt the crime was driven by a passion for sweets .,1.1182263988300134,0.17336464300069646,0.7877696785099844,0.8695350397519016,0.8266353569993034
856,"Instead , they figure the culprit probably took money from Ms. Shere 's wallet and discarded all the tips in the five-by-eight-inch looseleaf .",1.1666666666666687,0.16179485969525123,0.8123421036017816,0.8657691673980562,0.8382051403047491
857,"Chez Panisse , whose founder , Alice Waters , is considered the inventor of the cooking style known as California cuisine and whose patrons make reservations a month in advance , has n't exactly subjected diners to vanilla ice cream because of the theft .",1.9239147275969763,0.2812207972086949,0.6950469151543737,0.7441894561790058,0.7187792027913056
858,"For one thing , Ms. Shere can draw on her cookbook , published by Random House four years ago , which is teeming with recipes for such specialties as kiwi sherbet , gooseberry fool -LRB- a creamy dish made with crushed stewed berries -RRB- and hazelnut `` oeufs a la neige . ''",2.368271128919054,0.3372489895544932,0.5711727388814709,0.7893029124167739,0.662751010445507
859,"For another , sympathetic fans have sent Ms. Shere copies of her recipes clipped from magazines over the years .",1.7364527976600286,0.2939451874875983,0.6856854431839894,0.7276714422727854,0.7060548125124017
860,"Still , the restaurant 's ever-changing menu of five-course dinners -- it supposedly has n't repeated a meal since opening in 1971 -- requires constant improvisation .",1.4246071646929703,0.1969704888307084,0.7831592948143068,0.8239342647897411,0.8030295111692919
861,And that puts added pressure on Chez Panisse dessert-menu planners .,0.614080682014861,0.10336064156789723,0.8603710954403706,0.936099909688466,0.8966393584321029
862,"`` We make what we know how to make , '' says business manager Richard Mazzera .",0.9411764705882364,0.13448346212286866,0.8373636472912419,0.8956283377873805,0.8655165378771315
863,"Many in the Bay Area 's pastry community express disbelief that Ms. Shere kept only one copy of such valuable notes , but she has received moral support from Baker 's Dozen , a group of California pastry chefs that meets regularly to discuss issues like how to keep meringues from weeping and how bovine eating habits affect butter texture .",2.329440937997945,0.31583520840618073,0.620057962900071,0.7630559609690072,0.6841647915938192
864,Ms. Shere has offered a $ 500 reward for the book 's return but figures she 'll have to reinvent many recipes from scratch .,0.8105865002596158,0.10783197105862417,0.8545852669762665,0.933208464507882,0.8921680289413757
865,"`` It 's an overwhelming job , '' she says .",0.7272727272727266,0.11746137379367926,0.8825386262063205,0.8825386262063205,0.8825386262063205
866,`` There are so many possible proportions when you consider how many things are made out of eggs and butter and milk .,1.0221641306229108,0.1531037591343356,0.7951155737735388,0.9058909845749525,0.8468962408656643
867,"Newport Electronics Inc. named a new slate of officers , a move that follows replacement of the company 's five incumbent directors last week .",1.2815640006923097,0.19908170247621995,0.7243183297677276,0.8956358775148944,0.8009182975237802
868,"Milton B. Hollander , 60 years old , was named chief executive officer , succeeding Barrett B. Weekes .",1.7711307607580635,0.3212545742657026,0.6297946414573924,0.735946893053476,0.6787454257342972
869,"Mr. Hollander 's Stamford , Conn.-based High Technology Holding Co. acquired most of its 49.4 % stake in Newport in August .",1.629914794125007,0.2997474043190421,0.666708903121399,0.7373504295349559,0.7002525956809577
870,"Mr. Hollander was named chairman last week , succeeding Mr. Weekes , who was among the ousted directors .",1.1770804198210643,0.18174162633888308,0.7780190119496984,0.8628871387138155,0.8182583736611166
871,"The company has declined requests to discuss the changes , but Mr. Weekes has said that Mr. Hollander wanted to have his own team .",1.438966738041481,0.2088866120082912,0.7239621585797973,0.8719954717828058,0.7911133879917085
872,"Scott Wakeman was named president and chief operating officer of U.S. operations , titles that had been held by Mr. Weekes .",1.2938360657595513,0.20011409448141124,0.7714391824308032,0.8305108904292425,0.7998859055185885
873,"Mr. Wakeman was vice president of the instrument and controls division of closely held Omega Engineering Inc. , another company controlled by Mr. Hollander .",1.8659178750701129,0.3183610124964364,0.6395803271949054,0.7296185407437771,0.6816389875035633
874,A company spokesman did n't know Mr. Wakeman 's age .,0.4768284088942316,0.08549127183991442,0.8963185091585789,0.9334525592955639,0.9145087281600859
875,"James R. Lees , 51 , vice president of Newport 's European operations , was named executive vice president and chief operating officer of European operations , assuming some former duties of Mr. Weekes .",1.7430961784969563,0.28443114029995203,0.6342554121971716,0.8207975719756333,0.715568859700048
876,"Arthur B. Crozier , 34 , an attorney , was named secretary , succeeding John Virtue , who was another of the ousted directors .",1.2789667380414818,0.20563543489849273,0.7520217556684579,0.841760119920887,0.794364565101507
877,UNIFIRST Corp. declared a 2-for-1 stock split .,1.0,0.2,0.7999999999999998,0.7999999999999998,0.7999999999999998
878,"The Wilmington , Mass. , garment service company also boosted its quarterly dividend 20 % to three cents a share adjusted for the split .",1.3135430184838501,0.1953108194398321,0.7894522455762814,0.8205258561705356,0.8046891805601677
879,The dividend had been five cents a share .,0.7505430557959407,0.14588204357457438,0.8061549798191672,0.9081491772631821,0.8541179564254255
880,"The split and quarterly dividend will be payable Jan. 3 to stock of record Nov. 16 , the company said .",0.9104483561316057,0.13525535733824967,0.8415265117449016,0.8892803247998795,0.8647446426617503
881,The split will raise the number of shares outstanding to about 10.2 million .,1.257831462459773,0.20718126583017094,0.7437333412340663,0.8488410965605816,0.7928187341698291
882,"Separately , UniFirst reported that net income rose 21 % to $ 3 million , or 29 cents a share adjusted for the split , for the fourth quarter ended Aug. 26 .",1.3566939373686973,0.19345326492446557,0.774578216692351,0.8412676715053524,0.8065467350755345
883,"A year earlier UniFirst earned $ 2.4 million , or 24 cents a share adjusted for the split .",1.5723317358382722,0.23422202358098193,0.7349780120798489,0.7992722531024515,0.7657779764190177
884,Sales rose to $ 52.4 million from $ 50.1 million .,0.3636363636363633,0.0665474407044361,1.0,0.8752096003146701,0.9334525592955638
885,"Fibreboard Corp. said it completed the previously reported sale of approximately 27,500 acres of timberland near Truckee , Calif. , to closely held Sierra Pacific Industries Corp. , Arcata , Calif. , for $ 32.5 million .",1.9110847156855373,0.2827722669428646,0.6946118808462385,0.7413658465595573,0.7172277330571352
886,"The lumber , insulation and fireproofing concern said the transaction , which includes a swap of other timber interests , would result in a $ 13.5 million after-tax gain , to be recorded in the fourth quarter .",1.1056845376579858,0.1529037201385876,0.8447671257414818,0.8494383131703088,0.8470962798614123
887,Healthcare International Inc. said it reached a 120-day standstill agreement with its HealthVest affiliate calling for Healthcare to pay HealthVest $ 5 million right away and additional amounts in the future .,2.0,0.2844691616647658,0.6611903055673086,0.7796032475373562,0.7155308383352339
888,"Under the agreement , Healthcare , a manager of health-care facilities , said it would pay HealthVest $ 3.9 million in overdue rent and mortgage payments and repay $ 1.1 million in funds that HealthVest advanced for construction work on facilities .",1.6956932349928575,0.23841748159972218,0.75,0.7735283942124143,0.7615825184002776
889,"In return , HealthVest agreed that it wo n't exercise its rights and remedies against Healthcare during the 120-day period .",1.1554601193566851,0.16371517110676945,0.792114776959786,0.8856718264712465,0.8362848288932306
890,"After the payment , Healthcare still will be $ 6.5 million in arrears on rent and mortgage payments to HealthVest , a real estate investment trust whose portfolio consists largely of properties operated by Healthcare .",1.81430202038473,0.2513075342886059,0.7083742437342524,0.7938772227408584,0.7486924657113941
891,"Healthcare has given HealthVest a 12 % note for that overdue amount , to be repaid over three years .",1.0804820237218404,0.16155809445588282,0.7822427406790622,0.9033412262586021,0.8384419055441171
892,"In addition , Healthcare agreed to make monthly rent and mortgage payments of $ 2.7 million to $ 3 million to HealthVest during the standstill period , to be paid when Healthcare successfully completes asset sales .",1.7505648630585666,0.2423889410757376,0.6950747615648558,0.8325127339127957,0.7576110589242624
893,"Because Healthcare actually owes HealthVest $ 4.2 million in rent and mortgage payments each month , the amount due above the amount paid will be added to the three-year note .",1.566295372965925,0.21883919663997345,0.7386957211766416,0.8288060172522057,0.7811608033600262
894,"The funds should help ease a cash bind at HealthVest , which has been unable to pay its debts because Healthcare has n't made complete rent and mortgage payments since July .",1.5362893580853179,0.21206725528537895,0.7192364300423182,0.8711375686642402,0.7879327447146212
895,A spokesman said HealthVest has paid two of the three banks it owed interest to in October and is in negotiations with the third bank .,1.9999999999999991,0.29729049952302355,0.6489489907915166,0.7661818661320593,0.7027095004769763
896,"Healthcare , which has been in a severe liquidity bind , said it is able to make the payments because it completed a transaction with Greenery Rehabilitation Group Inc. in which Greenery purchased stock and warrants for $ 500,000 and loaned Healthcare $ 9 million .",1.8551121489127622,0.2453478191842314,0.7238253863908051,0.7882215241161153,0.7546521808157687
897,The loan is backed by Healthcare 's 5.4 % stake in HealthVest and interest in certain facilities .,0.8003539975870382,0.12896116970999827,0.8067867747090387,0.9464104376980543,0.8710388302900017
898,I was pleased to note that your Oct. 23 Centennial Journal item recognized the money-fund concept as one of the significant events of the past century .,1.9083624976048315,0.28668701293341015,0.6810786920742088,0.7487500523327962,0.71331298706659
899,"Actually , about two years ago , the Journal listed the creation of the money fund as one of the 10 most significant events in the world of finance in the 20th century .",1.6506702346247222,0.26715458596405284,0.7026762322846033,0.7657214210222795,0.732845414035947
900,"But the Reserve Fund , America 's first money fund , was not named , nor were the creators of the money-fund concept , Harry Brown and myself .",1.275740083529298,0.19245223967456065,0.7627630988863846,0.8579194026419191,0.8075477603254394
901,"We innovated telephone redemptions , daily dividends , total elimination of share certificates and the constant $ 1 pershare pricing , all of which were painfully thought out and not the result of some inadvertence on the part of the SEC .",1.544989983439236,0.2270245597326735,0.7199365431275756,0.8344507882679412,0.7729754402673263
902,President,-0.0,0.0,1.0,1.0,1.0
903,The Reserve Fund,0.666666666666667,0.26631956334878915,1.0,0.5793801642856952,0.7336804366512111
904,"The crowning moment in the career of Joseph F. O'Kicki came as 300 local and state dignitaries packed into his elegant , marble-columned courtroom here last year for his swearing in as President Judge of Cambria County .",2.6946461273317697,0.4312770523357766,0.5401242624229371,0.6005194585236789,0.5687229476642234
905,Baskets of roses and potted palms adorned his bench .,0.7509775004326924,0.1367183844583775,0.8329531415779026,0.8959021105958529,0.8632816155416223
906,The local American Legion color guard led the way .,1.0754887502163455,0.22554653429056049,0.7547456055646928,0.7952181416542046,0.7744534657094395
907,"As the judge marched down the center aisle in his flowing black robe , he was heralded by a trumpet fanfare .",1.5785934524182048,0.2454594224344773,0.7653594544095865,0.7440233017619767,0.7545405775655224
908,"To many , it was a ceremony more befitting a king than a rural judge seated in the isolated foothills of the southern Allegheny Mountains .",1.432126668456812,0.21439293929228487,0.7623987458923619,0.8102727154829037,0.7856070607077146
909,"But then Judge O'Kicki often behaved like a man who would be king -- and , some say , an arrogant and abusive one .",1.2145811190640075,0.16473944234847487,0.8203725885261305,0.8506988827224953,0.8352605576515247
910,"While his case may be extreme , it reflects the vulnerability of many small communities to domineering judges .",0.7626434208248956,0.11196171801991765,0.8614146875568739,0.9163600636164545,0.8880382819800821
911,"Last March , nine months after the judge 's swearing-in , the state attorney general 's office indicted him on a sweeping array of charges alleging more than 10 years of `` official oppression '' in Cambria County , a depressed steel and mining community in western Pennsylvania .",1.9447024592703102,0.2906494860112871,0.659580467173138,0.7672445858367636,0.7093505139887132
912,"The allegations , ranging from theft and bribery to coercion and lewdness , paint a disquieting picture .",0.7344044971596464,0.11709045963691805,0.8675409631281478,0.898832449491741,0.8829095403630819
913,"According to testimony in a public , 80-page grand-jury report handed up to the state attorney general , Judge O'Kicki extorted cash from lawyers , muscled favorable loans from banks and bullied local businesses for more than a decade .",1.3391263132952922,0.20894718376668334,0.7322406624880445,0.8601373875648736,0.7910528162333165
914,"Prosecutors , in an indictment based on the grand jury 's report , maintain that at various times since 1975 , he owned a secret and illegal interest in a beer distributorship ; plotted hidden ownership interests in real estate that presented an alleged conflict of interest ; set up a dummy corporation to buy a car and obtain insurance for his former girlfriend -LRB- now his second wife -RRB- ; and maintained 54 accounts in six banks in Cambria County .",2.3231564172157446,0.3240968877605848,0.6109024099087961,0.7563831261194252,0.6759031122394149
915,"In testimony recorded in the grand jury report , court employees said the judge , now 59 years old , harassed his secretaries , made imperial demands on his staff and hounded anyone who crossed him .",1.827022198823716,0.28006673810837873,0.6583272582968847,0.7942597766094589,0.7199332618916214
916,"Bailiffs claimed they were required to chauffeur him to and from work , mow his lawn , chop his wood , fix his car and even drop by his house to feed his two grown mutts , Dixie and Husky .",1.6028394151383871,0.23127796362283104,0.702699763158288,0.8484370838180613,0.7687220363771691
917,One former bailiff charged that the judge double-crossed him by reneging on a promise of a better paying job after pocketing a $ 500 bribe .,1.37505192017358,0.2200994833218543,0.7632127370303411,0.7973343718236804,0.7799005166781455
918,Some of the allegations are simply bizarre .,0.5,0.09090909090909091,0.909090909090909,0.909090909090909,0.9090909090909088
919,"Two former secretaries told the grand jury they were summoned to the judge 's chambers on separate occasions to take dictation , only to find the judge in his bikini underwear .",0.8871987351738504,0.12542611685590274,0.8284915942937513,0.9260844748812127,0.8745738831440975
920,One secretary testified that the judge once called her to his office while wearing nothing at all .,1.311646693024267,0.21660640999495723,0.7322704436430606,0.8421907772224493,0.7833935900050425
921,"The judge , suspended from his bench pending his trial , which began this week , vehemently denies all the allegations against him , calling them `` ludicrous '' and `` imaginative , political demagoguery . ''",1.5995769471630927,0.22774015786538782,0.6779196013933096,0.8971017819530833,0.7722598421346123
922,"He blames the indictment on local political feuding , unhappiness with his aggressive efforts to clear the courthouse 's docket and a vendetta by state investigators and prosecutors angered by some of his rulings against them .",1.6424567549504587,0.24096377001615554,0.7315719503330461,0.7886430417732468,0.7590362299838443
923,"`` I do n't know whose toes I 've stepped on , '' says the judge .",0.6326404413037334,0.08387914552053385,0.8968512668663691,0.9362366698923384,0.9161208544794661
924,"`` I 'll find out , eventually , who pushed the state police buttons into action . ''",0.792481250360578,0.11157112422824608,0.8565726190740134,0.9227461509167778,0.8884288757717539
925,"Even if only some of the allegations stand up , however , they provide ample testimony to the awesome power of judges in rural communities .",1.087102404095785,0.1595623657243483,0.8345714087243734,0.8463869113220026,0.8404376342756517
926,"That power can sometimes be abused , particularly since jurists in smaller jurisdictions operate without many of the restraints that serve as corrective measures in urban areas .",1.4883775728824098,0.22129890413689135,0.7843026295994663,0.7731790076637062,0.7787010958631086
927,Lawyers and their clients who frequently bring business to a country courthouse can expect to appear before the same judge year after year .,0.6725712270865127,0.10031081496024458,0.8563609794800592,0.9476354907726366,0.8996891850397555
928,"Fear of alienating that judge is pervasive , says Maurice Geiger , founder and director of the Rural Justice Center in Montpelier , Vt. , a public interest group that researches rural justice issues .",1.8866292817716257,0.2954347115885831,0.6955506464234764,0.7138166660392807,0.7045652884114163
929,"As a result , says Mr. Geiger , lawyers think twice before appealing a judge 's ruling , are reluctant to mount , or even support , challenges against him for re-election and are usually loath to file complaints that might impugn a judge 's integrity .",1.6263523808031328,0.2193771908882819,0.7198448713697734,0.8526104056233129,0.7806228091117182
930,"Judge O'Kicki , a stern and forbidding-looking man , has been a fixture in the local legal community for more than two decades .",1.2040248730099927,0.18042099484663107,0.7834457623456587,0.8592063985384264,0.8195790051533691
931,"The son of an immigrant stonemason of Slovenian descent , he was raised in a small borough outside Ebensburg , the Cambria County seat , and put himself through the University of Pittsburgh Law School .",1.4693499153399925,0.22597694091601825,0.7930832885251125,0.7558574802515468,0.7740230590839815
932,"He graduated near the top of his class , serving on the school law review with Richard Thornburgh , who went on to become governor of Pennsylvania and , now , U.S. Attorney General .",1.5899640140498432,0.2363996915034747,0.7196096761380832,0.8133195411752588,0.7636003084965252
933,It was also in law school that Mr. O'Kicki and his first wife had the first of seven daughters .,1.6364527976600263,0.24766957616254764,0.700836826932366,0.8119910128650618,0.7523304238374522
934,He divorced his first wife three years ago and married the daughter of his court clerk .,0.7776047616984494,0.1299135341441043,0.7700469456850747,0.9999999999999999,0.8700864658558958
935,"Last year , Pennsylvania Supreme Court Justice John P. Flaherty called Mr. O'Kicki one of the finest judges `` not only in Pennsylvania but in the United States . ''",1.0826347078137548,0.16839360139673268,0.7988036183068508,0.8672186337769652,0.8316063986032673
936,"Clearly , the judge has had his share of accomplishments .",0.2504443183784968,0.0397229113269838,0.9235894277326522,1.0,0.9602770886730161
937,"After practicing law locally , he was elected to his first 10-year term as judge in 1971 ; in 1981 , he was effectively re-elected .",1.7660056523420629,0.26311965170455687,0.673555549246034,0.8133478156661582,0.7368803482954429
938,"Six years ago , Judge O'Kicki was voted president of the Pennsylvania Conference of State Trial Judges by the state 's 400 judges .",1.3094134152175245,0.21357474088451323,0.7452822024321298,0.8323763175225651,0.7864252591154869
939,He has been considered several times for appointments to federal district and appellate court vacancies in Pennsylvania .,0.5974937501201918,0.09573271731640516,0.8529798002232162,0.962116898268721,0.9042672826835948
940,"And when he ran unsuccessfully for a state appellate court seat in 1983 , the Pennsylvania Bar Association rated him `` one of the best available , '' after interviewing local lawyers .",1.8385161958502145,0.25252348576494865,0.6831272396625956,0.8252096821314976,0.7474765142350512
941,"`` He probably was the smartest guy who ever sat on our bench , '' says a former president of Cambria County 's 150-member bar association , who , like most lawyers in Cambria County , refuses to talk about the judge publicly .",1.7624744323098804,0.2283120120611534,0.7379896094175763,0.8086111140223368,0.7716879879388466
942,`` He 's sharp as a tack .,0.25,0.043478260869565216,0.9166666666666666,0.9999999999999999,0.9565217391304347
943,He could grasp an issue with the blink of an eye . '',0.36576057708949783,0.06100172581990669,1.0000000000000002,0.8850110714518085,0.9389982741800935
944,"For more than a decade , virtually no one complained about Judge O'Kicki .",1.6253491072973905,0.2713727188456089,0.7179661314146483,0.7396098201582222,0.7286272811543911
945,"`` What about those institutions that are supposed to be the bedrock of society , the banks and the bar association ... ? '' wrote a columnist for the Tribune-Democrat , a newspaper in nearby Johnstown , shortly after the scandal became public .",1.554690271740152,0.20838129925927068,0.7634259453671651,0.8219735768301993,0.7916187007407289
946,"`` If only a banker or a lawyer had spoken out years ago , the judicial process would n't be under the taint it is today . ''",1.2708503187669233,0.16974735055274204,0.803963372427974,0.8583193447713994,0.8302526494472576
947,"Officials with the Pennsylvania Judicial Inquiry and Review Board , the arm of the state that investigates judicial misconduct , counter that they had no inkling of anything amiss in Ebensburg .",1.5412233255932346,0.2260774735007285,0.7725401460645537,0.7753098630551657,0.7739225264992715
948,"`` Nobody told us ; nobody called us , '' says an official close to the case who asked not to be named .",1.2669321648569447,0.17113783476809596,0.8066315744195655,0.8523528237346033,0.8288621652319036
949,`` Nobody had the guts to complain . '',0.0,0.0,1.0,1.0,1.0
950,Certainly not the lawyers .,0.40000000000000036,0.09425390072448082,1.0,0.8277293767706427,0.9057460992755192
951,"Johnstown attorney Richard J. Green Jr. shelled out $ 500 in loans to the judge over five years , he said in testimony to the grand jury .",1.1434290153929823,0.16702314044625058,0.7964277239423098,0.8730419234580962,0.8329768595537493
952,"`` The judge never made a pretense of repaying the money , '' said Mr. Green .",0.9182141455551083,0.1371018712365847,0.8775436063478235,0.8487334685697118,0.8628981287634155
953,"Eventually , Mr. Green testified , he began ducking out of his office rather than face the judge when he visited .",1.250444318378495,0.1849953599772908,0.7709857250148284,0.8643543757827843,0.8150046400227089
954,"When Mr. Green won a $ 240,000 verdict in a land condemnation case against the state in June 1983 , he says Judge O'Kicki unexpectedly awarded him an additional $ 100,000 .",1.6898135600358426,0.24701895399816168,0.7276022263968662,0.7801942803480802,0.7529810460018387
955,"Mr. Green thought little of it , he told the grand jury , until the judge walked up to him after the courtroom had cleared and suggested a kickback .",1.290968531773352,0.18560413844070037,0.8163136613223058,0.8124870518097695,0.8143958615592995
956,`` Do n't you think I ought to get a commission ... or part of your fee in this case ? '' Mr. Green said the judge asked him .,1.502046466287343,0.20285793876838926,0.7626646634284499,0.8348842537253425,0.7971420612316107
957,"Appalled , Mr. Green never paid the money , he testified .",0.2295739585136225,0.038646530626654484,0.9255829014258825,1.0,0.9613534693733455
958,"But he did n't complain to the state 's Judicial Inquiry and Review Board , either , saying later that he feared retribution .",1.114786979256813,0.15436404434720277,0.8139154267541239,0.879929224303086,0.8456359556527974
959,Mr. O'Kicki said he will respond to Mr. Green 's allegation at his trial .,0.8000000000000007,0.12344825813647603,0.8765517418635239,0.8765517418635239,0.8765517418635239
960,"Like most of Cambria County 's lawyers and residents who had dealings with the judge , Mr. Green declined to be interviewed for this article .",1.4238288464866864,0.1934112266755799,0.8086599250574455,0.8045282038168056,0.80658877332442
961,And no one with a complaint about the judge would allow his name to be printed .,0.7502875001272651,0.11572328695385754,0.9241447042310074,0.8477063064857854,0.8842767130461429
962,"`` I do n't have anything much to say , and I think that 's what you 're going to find from everyone else you talk to up here , '' says local attorney Edward F. Peduzzi .",1.8431342109817814,0.24169429108483204,0.7305261428227228,0.7882815270217458,0.7583057089151677
963,Says another lawyer : `` The practice of law is a matter of biting one 's lip when you live in a small community .,0.8660593781761285,0.1262316953702333,0.8938755569818039,0.8545457551255724,0.8737683046297666
964,One had best not dance on top of a coffin until the lid is sealed tightly shut . '',0.9268231828650926,0.14398509384377914,0.8028437755695248,0.91672844647812,0.8560149061562202
965,"The judge was considered imperious , abrasive and ambitious , those who practiced before him say .",0.8738089983690207,0.13429942368101783,0.8151815616536964,0.9228948776262074,0.8657005763189823
966,"He sipped tea sweetened with honey from his high-backed leather chair at his bench , while scribbling notes ordering spectators to stop whispering or to take off their hats in his courtroom .",1.9521934662900078,0.29964199010702636,0.6578278387738508,0.7487676619544394,0.7003580098929738
967,"Four years ago , he jailed all nine members of the Cambria County School Board for several hours after they defied his order to extend the school year by several weeks to make up for time lost during a teachers ' strike .",1.9021034870190903,0.2689243379251038,0.6673120487541134,0.8083122566678557,0.7310756620748963
968,"Visitors in his chambers say he could cite precisely the years , months , weeks and days remaining until mandatory retirement would force aside the presiding president judge , giving Judge O'Kicki the seniority required to take over as the county 's top court administrator .",1.3291848492406073,0.1803649987959825,0.7554270668736509,0.8957715950198464,0.8196350012040177
969,"The judge , they say , was fiercely proud of his abilities and accomplishments .",0.4503258334775637,0.0659323262261509,0.8762917220841228,0.9999999999999998,0.9340676737738488
970,"`` My name is judge , '' Judge O'Kicki told a car salesman in Ebensburg when he bought a new red Pontiac Sunbird in October 1984 , according to the grand-jury report .",1.133633622249003,0.15408273941901385,0.8292477265166923,0.8632707248036372,0.8459172605809863
971,The dealership dutifully recorded the sale under the name `` Judge O'Kicki . '',0.8292600338883434,0.14247313716690352,0.8359839884948678,0.8802094031991959,0.8575268628330965
972,"Yet , despite the judge 's imperial bearing , no one ever had reason to suspect possible wrongdoing , says John Bognato , president of Cambria County 's 150-member bar association .",1.4510063595478,0.22233520172160712,0.7571745380891669,0.7992948975417444,0.777664798278393
973,"`` The arrogance of a judge , his demeanor , the way he handles people are not a basis for filing a complaint , '' says Mr. Bognato .",0.8879775836039023,0.12502327472736108,0.8747990069781881,0.8751545157898744,0.8749767252726394
974,"`` Until this came up and hit the press , there was never any indication that he was doing anything wrong . ''",1.2288983698474114,0.16842330684734155,0.8134703820467061,0.8505073776841745,0.8315766931526589
975,"State investigators dispute that view now , particularly in light of the judge 's various business dealings in Cambria County .",1.3700428539603307,0.21844718997257423,0.7582824259172977,0.8062966687089399,0.7815528100274255
976,"The judge came under scrutiny in late 1987 , after the state attorney general 's office launched an unrelated investigation into corruption in Cambria County .",1.6136696945144182,0.2775480777131229,0.7199309764771571,0.7249905850715592,0.722451922286877
977,The inquiry soon focused on the judge .,0.5,0.1,0.9,0.8999999999999999,0.9
978,"Even his routine business transactions caused trouble , according to the grand jury report .",0.5576351984400185,0.09415040294257693,0.8279022651924789,0.9999999999999999,0.905849597057423
979,"When the judge bought his new Sunbird from James E. Black Pontiac-Cadillac in Ebensburg five years ago , the dealership had `` certain apprehensions '' about the judge 's reputation , according to the grand-jury report .",1.4384715422254644,0.20387686806735897,0.7311867432127697,0.8737176289793379,0.7961231319326414
980,"The dealership took the extra step of having all the paper work for the transaction pre-approved by Ebensburg 's local lender , Laurel Bank .",1.1411730005192302,0.18876821172918046,0.7561025575637342,0.8750324818193898,0.8112317882708192
981,"Then , as an additional precaution , the car dealership took the judge 's photograph as he stood next to his new car with sales papers in hand -- proof that he had received the loan documents .",1.451046292168665,0.20355037669813555,0.8109836611540234,0.7824273570484057,0.7964496233018643
982,"But when the judge received his payment book , he disavowed the deal .",1.7763568394002505e-15,3.0105578858643534e-16,1.0,1.0,1.0
983,"`` There was no loan , there is no loan , there never shall be a loan , '' the judge wrote the bank on his judicial stationery , according to the report .",0.9933658091416859,0.1411029258842509,0.8353237491039162,0.8838395432280858,0.8588970741157491
984,"Later , the judge went a step farther .",0.6666666666666679,0.11751192005564601,0.9184649394575018,0.8492234537424981,0.8824880799443541
985,"After Laurel Bank tried to repossess the car , a vice president asked him to intervene in an unrelated legal dispute involving a trust account .",1.4707242675972116,0.23009930586203636,0.7378475041341442,0.8048652337201282,0.7699006941379635
986,The judge wrote again .,0.40000000000000036,0.09425390072448082,0.8277293767706427,1.0,0.9057460992755192
987,"`` I find myself in an adversary relationship with Laurel Bank , and I am not inclined to extend myself as far as any favors are concerned , '' the judge wrote back in a letter attached to the grand jury 's report .",1.6835007709351588,0.22089470230555927,0.7492868338078505,0.8113954221174163,0.7791052976944408
988,"`` Perhaps if my personal matters can be resolved with Laurel bank in the near future , I may be inclined to reconsider your request ... . ''",0.9546091411857329,0.12550440828627304,0.8289205735323285,0.9253737159587173,0.8744955917137268
989,The judge now says it was `` unfortunate '' that he chose to write the letter but says `` there was certainly no intent to extort there . '',1.6642987071203592,0.24133723744177302,0.6936155969511367,0.8371726906666699,0.7586627625582271
990,The bank acquiesced .,0.0,0.0,1.0,1.0,1.0
991,"It refinanced the judge 's loan , lowered its interest rate and accepted a trade-in that had n't originally been part of the deal -- a beat up 1981 Chevy Citation the dealer had to repair before it could be resold .",1.351692024103345,0.17775906660483323,0.7945143619083294,0.8519726561794502,0.8222409333951667
992,The incident was n't the only time the judge got special treatment from his local bank .,0.47058823529411775,0.08488542743084236,0.9300131385206827,0.900685822509131,0.9151145725691576
993,"Two years later , he wrote to complain that the interest he was paying on an unsecured $ 10,000 loan was `` absolutely onerous . ''",1.1490116531125842,0.1504634565240407,0.8151937564951721,0.8869002065615458,0.8495365434759591
994,"Paul L. Kane , Laurel 's president at the time , quickly responded .",0.7682062501545346,0.12826181021827832,0.8848778277256083,0.8589830657073243,0.871738189781722
995,"The bank , he wrote back , was `` immediately '' lowering the rate by 3.5 % , `` as a concession to you . ''",0.8601741529461631,0.11861415274868731,0.8963379866526134,0.866924367117097,0.8813858472513123
996,"The judge says he ca n't discuss in detail how he will defend himself at his trial , although he contends that if he were as corrupt as state prosecutors believe , he would be far wealthier than he is .",2.0738655435208937,0.29344306039882206,0.6764136052640988,0.7395121643990501,0.7065569396011778
997,His seven-bedroom cedar and brick house outside of Johnstown is up for sale to pay for his lawyers .,1.5134151316928124,0.24132017532854125,0.7207845459832989,0.8007809159726685,0.7586798246714584
998,The judge says he is confident he will return to his old bench .,0.7682062501545337,0.12242184314866547,0.8508952577531762,0.9059887104715497,0.8775781568513349
999,"Already , he notes , the 76 charges originally filed against him have been trimmed to 27 .",1.1609220529022073,0.18059311506877723,0.7609037344004753,0.8876555245763641,0.8194068849312226
1000,Most of the allegations no longer pending were ethics charges withdrawn by state prosecutors as part of a pre-trial agreement .,1.409982879735085,0.2220313671722679,0.7686904786596217,0.7874734995260212,0.777968632827732
1001,The heart of the case -- `` official oppression '' -- remains intact .,0.7142857142857162,0.11481562076893917,0.9059887104715495,0.8653140649261434,0.8851843792310612
1002,"`` If I lose , I lose my position , my career , my pension , my home and my investments , '' says the judge .",0.2464822974834684,0.03859078641130498,0.9256862531110074,1.0,0.9614092135886952
1003,`` My God and I know I am correct and innocent .,0.39624062518028946,0.06862872982967282,0.9213328697403966,0.9416308273977262,0.9313712701703273
1004,"Many thanks for Alexander Cockburn 's comic masterpiece -LRB- `` U.S. . Economy : A House Built on Junk-Bond Sand , '' Viewpoint , Oct. 19 -RRB- .",1.7018387305144005,0.25339711947383214,0.68091346899285,0.826320023047159,0.7466028805261679
1005,The use of the abominable construction practices in the Soviet Union -- as evidenced by the collapse of sand apartment blocks during the Armenian earthquake -- as a metaphor for the U.S. economic system was a sublime example of Mr. Cockburn 's satirical muse .,1.7148678817292087,0.2767633377071897,0.7515263232759039,0.6969995494356668,0.7232366622928103
1006,I await his sequel : the economic and social resiliency of the San Francisco Bay area and the outstanding work of the local governments and the private charitable organizations there as metaphors for the supremacy of whatever failed system Mr. Cockburn now believes in .,1.704995161512608,0.25827665377831344,0.6980141121540913,0.7912723568422644,0.7417233462216866
1007,It should be a scream .,0.0,0.0,1.0,1.0,1.0
1008,William S. Smith,0.9182958340544896,1.0,1.0,0.0,0.0
1009,"As a money manager and a grass-roots environmentalist , I was very disappointed to read in the premiere issue of Garbage that The Wall Street Journal uses 220,000 metric tons of newsprint each year , but that only 1.4 % of it comes from recycled paper .",2.070960826595467,0.28733024579142435,0.7107066777211791,0.7146437053459548,0.7126697542085757
1010,"By contrast , the Los Angeles Times , for example , uses 83 % recycled paper .",0.7717303222802201,0.13617185411307023,0.8326327638363415,0.8974520442094038,0.8638281458869298
1011,"With newspapers being the largest single component of solid waste in our landfills , and with our country overflowing with trash , all sectors of our society and all types of businesses must become more responsible in our use and disposal of precious natural resources .",1.4239499596985254,0.2221648895407852,0.7290849995156513,0.8335717021990164,0.7778351104592149
1012,The Wall Street Journal is an excellent publication that I enjoy reading -LRB- and must read -RRB- daily .,1.361805420048798,0.19669254551500012,0.7144316744815071,0.9174372664333758,0.8033074544849995
1013,"Please make me and thousands of other readers more comfortable with our daily purchase of your newspaper by raising your environmental standards to your overall impeccable quality levels , and increase your use of recycled paper .",1.4582954521745197,0.24110087397576016,0.6875188967912439,0.8468182851885355,0.7588991260242399
1014,Virginia M.W. Gardiner,1.584962500721156,1.0,1.0,0.0,0.0
1015,"FIRST AMERICAN FINANCIAL Corp. declared a special dividend of one share of Class B common stock for each share of Class A common stock , payable to holders of record on Nov. 10 if the Securities and Exchange Commission approves this as the effective date of the registration statement .",2.2528185845792192,0.37238356235824766,0.6009248616609042,0.6567893752785957,0.6276164376417521
1016,"Shareholders of the Santa Ana , Calif. , title-insurance company approved the creation of this second class of stock , which will be traded on the national over-the-counter market and which the company said would be used for acquisitions and other general corporate purposes .",1.0973629782798993,0.15453718579263356,0.8313282573011725,0.8600863266667859,0.8454628142073666
1017,"The following were among yesterday 's offerings and pricings in the U.S. and non-U.S. capital markets , with terms and syndicate manager , as compiled by Dow Jones Capital Markets Report :",1.8051016796736548,0.2734779874808722,0.69735415916372,0.7582363522720187,0.7265220125191281
1018,Continental Cablevision Inc. --,1.1887218755408673,0.42284036758887655,1.0,0.4056390622295664,0.5771596324111234
1019,"$ 350 million of senior subordinated debentures , due Nov. 1 , 2004 , was priced at par to yield 12 7/8 % .",1.6614292908719683,0.2603027251159327,0.7101901787069476,0.7717625916109615,0.7396972748840672
1020,"Rated single-B-1 by Moody 's Investors Service Inc. and single-B by Standard & Poor 's Corp. , the issue , which is non-callable for five years , will be sold through underwriters led by Morgan Stanley & Co .",1.3311832554075291,0.18566932996655247,0.7824662610824659,0.8489004828011455,0.8143306700334475
1021,Beatrice Co. --,0.666666666666667,0.26631956334878915,1.0,0.5793801642856952,0.7336804366512111
1022,"$ 251 million of notes , due Nov. 1 , 1997 , was priced in a two-part offering through underwriters at Salomon Brothers Inc .",1.6447766191505497,0.250645851848697,0.7098926756454237,0.7934610124737927,0.7493541481513031
1023,The size of the issue was scaled back from an originally planned $ 350 million .,1.2193609377704329,0.19414599783378914,0.7901285219616306,0.8222181439315813,0.8058540021662108
1024,"The first part , consisting of $ 151 million of 13 3/4 % senior subordinated reset notes , was priced at 99.75 .",1.243743604208106,0.19802339691595788,0.765433925779298,0.8421833860215353,0.801976603084042
1025,The rate on the notes will be reset annually to give the issue a market value of 101 .,1.242612656549304,0.19625337759316316,0.8341899997913409,0.7754470420374387,0.8037466224068367
1026,"However , the maximum coupon at which the notes can be reset is 16 1/4 % .",0.9855816177743222,0.14669109025466812,0.8297350121017111,0.8782615110752143,0.8533089097453321
1027,The minimum coupon is 13 3/4 % .,0.34436093777043375,0.07396641646131406,0.8622556248918266,1.0,0.926033583538686
1028,"The second part , consisting of $ 100 million of senior subordinated floating-rate notes , was priced at 99 3/4 to float 4.25 % above the three-month London interbank offered rate .",1.5093623878228009,0.23036962752480206,0.7147451789270104,0.8336459407621805,0.7696303724751982
1029,The initial coupon on the floating-rate notes will be 12.9375 % .,0.3962406251802877,0.06488283545628397,0.9255829014258825,0.9448498934839928,0.9351171645437159
1030,The issue is rated single-B-3 by Moody 's and single-B-plus by S&P .,1.0769230769230775,0.17900196329061005,0.7625025561793026,0.8892142185244478,0.82099803670939
1031,New Jersey Wastewater Treatment Trust --,1.1424588287122237,0.46774088481617887,1.0000000000000002,0.3626383380677455,0.5322591151838213
1032,"$ 75.1 million , two-part offering of bonds apparently was won by a Merrill Lynch Capital Markets group .",1.2823435777158023,0.1972086680388548,0.7088940899145233,0.9253608902790709,0.8027913319611449
1033,"The group 's bid for $ 40.9 million of wastewater treatment insured bonds , Series 1989 A , produced a 7.0826 % true interest cost .",1.5292757324027875,0.25748239390629946,0.6973585824662247,0.7939303518752298,0.7425176060937005
1034,The Series 1989 A bonds are insured and rated triple-A by Moody 's and S&P .,1.0165414066556497,0.16307823200125873,0.7554575528313748,0.9380788138870639,0.8369217679987412
1035,"The group 's bid for $ 34.2 million of wastewater treatment bonds , Series 1989 B , produced a 7.0808 % true interest cost .",1.496506139875029,0.2518669702739516,0.7114839146642744,0.7887628453551385,0.7481330297260483
1036,The Series 1989 B bonds are uninsured and rated double-A by Moody 's and S&P .,1.0165414066556506,0.16307823200125887,0.7554575528313751,0.9380788138870642,0.8369217679987413
1037,"Both the Series 1989 A and Series 1989 B bonds were priced to yield from 6 % in 1991 to 7.15 % in 2008-2009 , according to a Merrill Lynch official .",1.6726808573540755,0.2537665131122979,0.7114687797237816,0.7845701686065301,0.746233486887702
1038,"Matagorda County Navigation District No. 1 , Texas --",1.4172097224626081,0.3665830912603982,0.8463848597938769,0.5060773672421832,0.6334169087396021
1039,"$ 70.3 million of pollution control revenue bonds -LRB- Houston Lighting & Power Co . Project -RRB- , due Oct. 1 , 2019 , were tentatively priced by a Goldman , Sachs & Co. group at 98 1/4 to yield 7.649 % with a coupon of 7 1/2 % .",1.8225053268897602,0.27715956136713593,0.6599620954821184,0.7989621032504736,0.722840438632864
1040,Interest on the bonds will be treated as a preference item in calculating the federal alternative minimum tax that may be imposed on certain investors .,1.1857277470503993,0.1750805970414625,0.8535186512448845,0.7981745938644539,0.8249194029585372
1041,The bonds are insured and rated triple-A by Moody 's and S&P .,0.7315211541789965,0.12083322367265957,0.8216447632803787,0.945349130880858,0.8791667763273406
1042,Federal Home Loan Mortgage Corp. --,1.1424588287122237,0.46774088481617887,1.0000000000000002,0.3626383380677455,0.5322591151838213
1043,$ 500 million of Remic mortgage securities is being offered in 11 classes by a Morgan Stanley group .,1.3823506582363354,0.2232501072743231,0.7316898093107874,0.8277241130932227,0.7767498927256766
1044,"The offering , Series 109 , is backed by Freddie Mac 10 % securities .",0.7496741665224347,0.12713261502101514,0.8067835351651276,0.9507429914051035,0.8728673849789848
1045,Complete details were n't immediately available .,0.8571428571428577,0.18016411739235047,0.8722165935233486,0.7733901638509398,0.8198358826076496
1046,Lomas Mortgage Funding Corp. II --,1.2682734124061352,0.4938147402838364,0.9999999999999998,0.33885410691555,0.5061852597161637
1047,$ 100 million issue of collateralized mortgage obligations is being offered in four classes by a Morgan Stanley group .,1.3203185978283347,0.21131694570152357,0.7228177187901442,0.8677555644271466,0.7886830542984762
1048,The securities yield from 9.35 % to 10.48 % for a 30-year issue with an average life of 21.18 years .,1.250698214594781,0.22035384822223608,0.740714967539386,0.8228967208245889,0.7796461517777638
1049,The 10.48 % yield represents a spread to the 20-year Treasury of 2.45 percentage points .,1.422180468885216,0.23399517896253857,0.7563209952961893,0.7759398437049279,0.7660048210374615
1050,The collateral consists of collateralized whole loans with a weighted average coupon rate of 11.08 % and weighted average remaining term to maturity of 28 years .,1.4550724621408504,0.2627386877111022,0.6631410269855382,0.83003566630217,0.7372613122888979
1051,"The issue is rated triple-A by S&P , Moody 's and Fitch Investors Service Inc .",0.9449634674227338,0.14415838305804216,0.8566573111478145,0.8550274746381047,0.8558416169419579
1052,"The issue is 6 % to 7 % overcollateralized , and 75 % of the loans are covered by a General Electric pool policy covering losses of as much as 10 % of the original principal balance of the loans .",1.2532701947622966,0.18291640382336183,0.7805579434294883,0.8571954462577289,0.8170835961766383
1053,J.C. Penney Co. --,0.6887218755408673,0.29798312381900666,1.0,0.5408520829727552,0.7020168761809934
1054,"$ 350 million of JCP Master Credit Card Trust asset-backed certificates , Series B , with a final stated maturity of Oct. 15 , 2001 , was priced at 99.1875 to yield 9.192 % with a coupon of 8.95 % .",1.6348761978347124,0.2572723389679229,0.6986031907059792,0.7928018095400068,0.7427276610320771
1055,"The certificates , which have an average life of 10.05 years , were priced at 1.31 percentage points over the benchmark Treasury 10-year note .",1.360640497240139,0.20349708452075713,0.7537266140483969,0.8444267270289483,0.7965029154792429
1056,"Rated triple-A by Moody 's and S&P , the issue will be sold through First Boston Corp .",0.6722147483394378,0.10040743893403446,0.9117712382863071,0.887734940596316,0.8995925610659656
1057,The issue is backed by a 12 % letter of credit from Credit Suisse .,1.200000000000001,0.2100424985822515,0.8088341168444799,0.7719418790797281,0.7899575014177486
1058,Keio Teito Electric Railway Co . -LRB- Japan -RRB- --,1.1509775004326932,0.29566230861081105,0.7741326035562429,0.6460872061394911,0.704337691389189
1059,"$ 300 million of bonds due Nov. 16 , 1993 , with equity-purchase warrants , indicating a 3 3/4 % coupon at par via Nomura International Ltd .",2.001396429189562,0.33229336696024125,0.6284679700880215,0.7121713519652662,0.6677066330397587
1060,"Each $ 5,000 bond carries one warrant , exercisable from Nov. 30 through Nov. 2 , 1993 , to buy company shares at an expected premium of 2 1/2 % to the closing share price when terms are fixed Tuesday .",1.7737068487292635,0.25201843142980157,0.7095580361462679,0.7908047193589853,0.7479815685701983
1061,Diesel Kiki Co . -LRB- Japan -RRB- --,1.25,0.29411764705882354,0.7500000000000001,0.6666666666666666,0.7058823529411764
1062,"$ 200 million of bonds due Nov. 16 , 1994 , with equity-purchase warrants , indicating a 4 1/2 % coupon at par via Yamaichi International Europe Ltd .",2.061739653166236,0.3447265535207169,0.6159885666865471,0.6999104744042501,0.6552734464792831
1063,"Each $ 5,000 bond carries one warrant , exercisable from Nov. 30 through Nov. 2 , 1994 , to buy company shares at an expected premium of 2 1/2 % to the closing share price when terms are fixed Monday .",1.7737068487292635,0.25201843142980157,0.7095580361462679,0.7908047193589853,0.7479815685701983
1064,Chugoku Electric Power Co . -LRB- Japan -RRB- --,1.5960586640666978,0.3712328182114,0.7189730404646985,0.5586733081089773,0.6287671817886
1065,"$ 150 million of 8 7/8 % bonds due Nov. 29 , 1996 , priced at 101 7/8 to yield 8 7/8 % less full fees via Nikko Securities Ltd .",2.039193782701303,0.33495674386767643,0.610158576787271,0.7307778170968248,0.6650432561323233
1066,Fees 1 7/8 .,0.5,0.14285714285714285,1.0,0.75,0.8571428571428571
1067,"Monte dei Paschi di Siena , Singapore branch -LRB- Italian parent -RRB- , via the Law Debenture Trust Corp. --",1.6655022032053601,0.31922133914423506,0.6293370377430008,0.7413784829141599,0.680778660855765
1068,"10 billion yen -LRB- $ 70 million -RRB- of 6 % bonds due Feb. 24 , 1993 , priced at 101 1/4 , via Daiwa Europe Ltd .",1.7405702153331344,0.2931714538392212,0.6786727781953739,0.7374215978781996,0.706828546160779
1069,Okobank -LRB- Finland -RRB- --,0.8000000000000003,0.20812433153147844,0.7918756684685216,0.7918756684685216,0.7918756684685216
1070,"10 billion yen of 6 % bonds due Nov. 30 , 1992 , priced at 101.225 to yield 6.056 % via IBJ International .",1.8518946655781021,0.3313785669122571,0.5988252359680711,0.7568344231417776,0.6686214330877429
1071,"EG&G Inc. said it acquired Laboratorium Prof. Dr. Berthold , a German maker of scientific instruments .",1.1187970593325822,0.19821490529806018,0.7696989911769393,0.8366626842669812,0.8017850947019401
1072,Terms were n't disclosed .,0.0,0.0,1.0,1.0,1.0
1073,"The Wellesley , Mass. , maker of scientific instruments and electronic parts said Berthold expects 1989 sales of more than 100 million Deutsche marks -LRB- $ 54.5 million -RRB- and employs about 400 people .",1.433279915325155,0.21038181345369752,0.7150808711842073,0.881502679413782,0.7896181865463021
1074,"Berthold is based in Wildbad , West Germany , and also has operations in Belgium .",1.0062415918818672,0.1705668412646489,0.8438228853595294,0.8155259797443053,0.8294331587353511
1075,"John M. Kucharski , EG&G 's chairman and chief executive , said the acquisition `` will extend EG&G 's core technologies , strengthen its position in the European Economic Community and assure a strength and presence in the Eastern European market . ''",1.214452415888906,0.17374376208460818,0.8046942312342101,0.8490055795511133,0.8262562379153916
1076,"He said it especially will strengthen the company 's efforts in the rapidly growing field of bio-analytical instrumentation , and in applied nuclear physics .",0.8185757378684047,0.11324509912496979,0.8538926634252301,0.9222478000300263,0.8867549008750303
1077,"Separately , EG&G said it sold most of its Mason Research Institute subsidiary to Transgenic Sciences Inc. , a closely held biotechnology company based in Worcester , Mass .",1.7650721037135533,0.2696232134799336,0.6839171855246593,0.7836085856257093,0.7303767865200661
1078,"The sale , for $ 7 million in cash and securities , will leave EG&G with a 12 % stake in Transgenic , executives said .",1.0156296906371782,0.14629024444740577,0.849490243006676,0.8579713949236429,0.853709755552594
1079,"Mason is the largest toxicology lab in New England , with annual revenue of $ 8 million and 140 employees .",1.5537709753852686,0.23586508474138304,0.7218686987037544,0.8116584200335392,0.7641349152586167
1080,"Mason serves commercial and government customers , including the National Institutes of Health .",1.3935553574519268,0.22400269281841284,0.6960768155063588,0.8766504757524958,0.7759973071815874
1081,"The combined companies will become profitable by January 1990 , said James P. Sherblom , Transgenic 's chairman and chief executive officer .",1.4230024327478503,0.21274043294643663,0.7483453232015013,0.8304429172886341,0.7872595670535634
1082,The Internal Revenue Service said it is willing to let the U.S. Tax Court decide how much oil man William Herbert Hunt will owe the government after his assets are liquidated .,1.5966744978062763,0.24230205461042217,0.693426187934828,0.8351011650297572,0.757697945389578
1083,The surprise announcement came after the IRS broke off negotiations with Mr. Hunt on a settlement of the one-time tycoon 's personal bankruptcy case .,1.5010314974132175,0.2515854118907338,0.7360470452041707,0.7612048488529168,0.7484145881092661
1084,"Although the action removes one obstacle in the way of an overall settlement to the case , it also means that Mr. Hunt could be stripped of virtually all of his assets if the Tax Court rules against him in a 1982 case heard earlier this year in Washington , D.C .",2.4087652314096903,0.34033102392790593,0.6413137472042656,0.679105864205743,0.6596689760720938
1085,The IRS has been seeking more than $ 300 million in back taxes from Mr. Hunt .,1.354091176979641,0.21323443522628194,0.7324844326897548,0.8497356587004947,0.7867655647737183
1086,"Separately , a federal judge hearing Mr. Hunt 's bankruptcy case yesterday turned down a proposed $ 65.7 million settlement between Mr. Hunt and Minpeco S.A. , another major creditor in the case .",1.4170826313936464,0.20792006222243256,0.753398824803053,0.8349479583274351,0.7920799377775672
1087,The Peruvian minerals concern had been seeking a claim of $ 251 million against Mr. Hunt .,1.4332075280353118,0.22027576437150886,0.7249052027125317,0.8435126414558582,0.7797242356284912
1088,"In addition to turning down the compromise , Judge Harold C. Abramson said he would allow a claim of only $ 19.7 million .",1.0397757684326354,0.1417038452668238,0.8279055544030635,0.8910029212585634,0.8582961547331764
1089,Minpeco attorneys said they would appeal the decision to a federal district court .,0.6792696431662097,0.10215002119260033,0.8978499788073997,0.8978499788073997,0.8978499788073997
1090,"Regarding Mr. Hunt 's taxes , he and the IRS have apparently agreed on a basic formula for liquidating his estate in which the IRS would get 70 % of the proceeds from a liquidating trust and 30 % would go to other creditors .",1.3258530728766011,0.17556563368517422,0.7580624793185152,0.903543819593949,0.8244343663148258
1091,But they have been at odds over how much Mr. Hunt would owe the government after his assets are sold .,1.1961626418458922,0.17522168381731978,0.7437901368979144,0.9255584864491311,0.8247783161826802
1092,The IRS had demanded $ 90 million but Mr. Hunt would agree to no more than $ 60 million .,1.1754887502163465,0.17627834111885637,0.788259048763672,0.8625254025422474,0.8237216588811436
1093,"Grover Hartt III , a government lawyer , warned that Mr. Hunt stood to lose certain oil and gas properties , $ 200,000 in English pottery , a Colorado condominium and other assets he might have kept if he had settled with the IRS .",1.740500420388008,0.23702888933405133,0.7341322124556497,0.7941684093691659,0.7629711106659488
1094,"`` But they wanted to roll the dice and we 're going to let them , '' Mr. Hartt said .",1.1009245466077946,0.1547920328222854,0.8146124482100082,0.8781914085128825,0.8452079671777143
1095,"Stephen McCartin , Mr. Hunt 's attorney , said his client welcomed the gamble .",0.9903168648182223,0.1750868641090367,0.836200636780305,0.8139263062928493,0.8249131358909629
1096,The Tax Court is n't expected to rule before early next year .,0.9811451924741137,0.15283268048368864,0.8015022035805716,0.8983502986199522,0.8471673195163113
1097,Japan has found another safe outlet for its money : U.S. home mortgages .,1.3656725341974107,0.22901200029824242,0.6914045102930862,0.8712753602435414,0.7709879997017576
1098,An increasing number of big Japanese investors are buying up U.S. home mortgages that have been pooled and packaged for sale as interest-bearing instruments known as mortgage-backed securities .,1.2215835160420907,0.19011751061333,0.7536015006526876,0.8752483957123042,0.8098824893866704
1099,"As much as 10 % of new U.S. mortgage securities issued by the Federal National Mortgage Association , or Fannie Mae , and Federal Home Loan Mortgage Corp. , or Freddie Mac , now flow into Japanese hands .",2.009977826563764,0.3367034371730648,0.6364452332242545,0.6925133816418554,0.6632965628269354
1100,That may not come as a surprise to Americans who have watched the Japanese snap up properties in the U.S. from golf courses to a stake in Rockefeller Center .,1.717526247844349,0.23978012623188716,0.7419650464677189,0.7793956186151755,0.760219873768113
1101,"But it marks a big change for the Japanese , who shunned mortgage securities after getting burned by a big downturn in interest rates a few years back .",1.197648272960664,0.17410974989074535,0.7671968637067897,0.8943081155516704,0.8258902501092548
1102,"`` You ca n't say it 's a `` tsunami '' -LRB- tidal wave -RRB- , but we 're making some headway , '' says Fannie Mae 's chairman , David O. Maxwell , who visits Tokyo at least once a year to explain and drum up investor interest in mortgage securities .",1.8097386219036506,0.22151300267309174,0.7423205499604224,0.8183580522579696,0.7784869973269082
1103,`` Interest is a great deal higher than it was a year ago . '',0.5836591668108975,0.08381746371967397,0.9228521132923115,0.9096086714135926,0.916182536280326
1104,The steady growth of the mortgage securities market in the U.S. has even triggered talk of building up a similar market here .,1.4915872385416016,0.24759660936899897,0.7262157433336692,0.7805503674891106,0.7524033906310011
1105,Evidence of the growing Japanese demand for mortgage securities abounds .,1.523171591105771,0.2822940395764255,0.6804995484423295,0.7592162177719057,0.7177059604235746
1106,"Earlier this year , Blackstone Group , a New York investment bank , had no trouble selling out a special $ 570 million mortgage-securities trust it created for Japanese investors .",1.980131547911423,0.2990745165436962,0.6396133425013131,0.7752383880909578,0.7009254834563037
1107,"Industrial Bank of Japan , which claims to be the biggest Japanese buyer of U.S. mortgage securities , says it will more than double its purchases this year , to an amount one official puts at several billion dollars .",1.8889494344127744,0.263106206249439,0.6686303523836478,0.820680733637279,0.7368937937505611
1108,"And a Fannie Mae seminar this week promises to draw hundreds of prospective investors , who can be expected to channel tens of billions of dollars into the market in the next few years .",1.3958500849220945,0.2000965011590708,0.7741395427953661,0.827441380821197,0.7999034988409292
1109,"`` Last year , there were only several big investors who were interested , '' says Kinji Kato , a vice president at the international arm of Nomura Securities Co .",1.3987416257725762,0.18953169143786486,0.8046597361795043,0.8163613510304419,0.8104683085621349
1110,"`` This year , some investors are changing their policies and investing a lot . ''",0.7971804688852169,0.11465571130067871,0.9248757338964676,0.8490536637558024,0.8853442886993214
1111,"Ultimately , he says , strong demand could help to drive down interest rates on mortgage securities .",0.7233083338141046,0.10751273251568981,0.8403722876605927,0.9514933248661402,0.8924872674843102
1112,"At the moment , Nomura is the only Japanese institution authorized to act as a primary seller of Fannie Mae instruments .",0.9256603625727386,0.13682996048323895,0.8641268672596408,0.8622153283767828,0.8631700395167609
1113,But other Japanese institutions say privately that they are considering asking to join the 59-dealer selling group .,1.0,0.151761028592214,0.7915759721422709,0.9136395916005676,0.8482389714077861
1114,These securities are attractive to Japanese investors for three reasons .,0.3636363636363633,0.06390009031153403,0.936099909688466,0.936099909688466,0.936099909688466
1115,"First , they are safe .",0.0,0.0,1.0,1.0,1.0
1116,"While they are n't backed by the full faith and credit of the U.S. government , as Treasury bonds are , it is widely assumed that the government would support them if necessary .",1.298204867276989,0.17494723422800051,0.8134152260550318,0.8370281356206152,0.8250527657719996
1117,-LRB- U.S. Treasury bonds are still the dollar-denominated investment of choice for long-term Japanese investors -RRB- .,0.8508466733358926,0.14043159312511266,0.7802933500444678,0.9567731944878031,0.8595684068748876
1118,"Second , they are liquid .",0.0,0.0,1.0,1.0,1.0
1119,"The secondary market in federally backed mortgage securities now exceeds $ 900 billion , or nearly half of the $ 2.2 trillion in U.S. residential mortgages issued .",1.8410312507726676,0.2861390621638908,0.6329802317091924,0.8184391416802703,0.7138609378361094
1120,"Third , they offer high yields .",0.0,0.0,1.0,1.0,1.0
1121,"At the moment , some offer as much as 1.6 to 1.8 percentage points over Treasury securities of similar maturities .",1.8316377831766735,0.2817838980081145,0.685741381373421,0.7539195423433563,0.7182161019918856
1122,"But there is a risk , which the Japanese discovered when they first dipped their toes into the market nearly five years ago .",1.6451643106401699,0.22876742388721327,0.7040688860605353,0.8525615180414766,0.7712325761127866
1123,"Since most mortgages can be prepaid or refinanced at any time , issuers of mortgage securities retain the right to buy back their bonds before maturity .",1.542647572385306,0.22935502793125512,0.7112644308177875,0.8408435400747424,0.770644972068745
1124,"That 's a headache for long-term investors , since it forces them to reinvest their money -- usually at lower rates than the original mortgage securities carried .",1.2578314624597704,0.1735170352536141,0.7887518897908069,0.8680052369342697,0.8264829647463857
1125,"`` Two or three years ago , the problem was that people did n't understand the prepayment risk , '' says Nomura 's Mr. Kato .",1.3657605770894978,0.184071360538183,0.785356077336991,0.8489778893680758,0.815928639461817
1126,`` So they were surprised and very disappointed by prepayment . '',0.5000000000000009,0.07496336164078012,0.9487436426212901,0.9024855221679389,0.9250366383592199
1127,"Compounding the trouble to Japanese investors , mortgage securities pay interest monthly , since most mortgages require homeowners to make monthly payments .",1.1949540632766968,0.19006888812160674,0.7349384358603663,0.9019673141937576,0.8099311118783932
1128,"But Japanese institutional investors are used to quarterly or semiannual payments on their investments , so the monthly cash flow posed administrative problems .",0.9481203125901461,0.15553179979538892,0.767104871434843,0.9391861009933811,0.8444682002046111
1129,"As a result , Japanese investors steered clear of the mortgage securities .",1.0769230769230766,0.1790019632906099,0.8005271883686053,0.8425433090636412,0.8209980367093899
1130,But they did n't lose touch with the U.S. issuers .,0.18181818181818166,0.026987823344141793,0.9474427588512931,1.0,0.9730121766558583
1131,"Since 1985 , Japanese investors have bought nearly 80 % of $ 10 billion in Fannie Mae corporate debt issued to foreigners , money that Fannie Mae uses to buy mortgages from U.S. banks .",1.8901422262406005,0.27635383092970467,0.679063423020733,0.7744942635140994,0.7236461690702948
1132,"And Japanese investors took up nearly all of two $ 200 million Real Estate Mortgage Investment Conduits , a kind of collateralized mortgage obligation , that were offered to foreigners this year .",1.7691072850789045,0.2521511692273295,0.6727353184031305,0.8418439826122809,0.7478488307726708
1133,"In addition , further packaging of mortgage-backed securities , such as Blackstone 's fund , have reduced the effects of prepayment risk and automatically reinvest monthly payments so institutions do n't have to .",1.7080598212102052,0.24676221073580898,0.7371223383542005,0.7700736431621559,0.7532377892641912
1134,Freddie Mac for years has offered a so-called participation certificate that guarantees it wo n't be prepaid for a set number of years and offers semiannual payments .,1.228798998448811,0.17221617097965325,0.792493580418264,0.8663635550826243,0.8277838290203468
1135,"As Georgia-Pacific 's bid for Great Northern Nekoosa has shown , uninvited takeovers are still alive despite premature reports of their demise .",1.4771377587407448,0.2204544718688279,0.7575987001407513,0.8028018430598465,0.7795455281311723
1136,"Therefore , the debate about poison pills will continue to rage in the boardrooms of corporations and the halls of academia .",0.9211210230222902,0.1422675072427646,0.8652962882832794,0.8502997858302026,0.8577324927572352
1137,"Although poison pills come in different colors and shapes , they usually give current shareholders the right to buy more stock of their corporation at a large discount if certain events occur -- typically , if a hostile bidder acquires more than a specified percentage of the corporation 's stock .",1.5639583221607722,0.21968313997401986,0.7563925370568705,0.8058040446142614,0.7803168600259804
1138,"However , these discount purchase rights may generally be redeemed at a nominal cost by the corporation 's directors if they approve of a bidder .",1.1199775184139904,0.1601783752990818,0.8425565084249372,0.8371044380433862,0.8398216247009181
1139,"Supporters of poison pills argue that their adoption forces bidders to negotiate with a corporation 's directors , who are thereby put in a better position to pursue the long-term interests of the corporation .",1.7379691835231537,0.24070536621010227,0.7340783825689724,0.7863049132076109,0.7592946337898976
1140,Recent studies by Georgeson & Co. conclude that corporations with poison pills have experienced greater stock-price appreciation than corporations without poison pills during the past few years .,1.8811083736806111,0.30354219997950255,0.6958894886847867,0.6970270403593359,0.6964578000204974
1141,Critics of poison pills argue that they harm shareholders by letting corporate management defeat takeover bids at premium prices and by deterring premium bids from ever being made to shareholders .,1.484387497774307,0.2340414074647661,0.7371154340560946,0.7971509260978541,0.765958592535234
1142,"These critics are backed by several academic studies showing that the adoption of poison pills reduces shareholder values not merely in the short run , but also over longer periods .",1.6219572560481899,0.2415593013022359,0.730228490358348,0.7889204575763145,0.758440698697764
1143,Institutional investors that must evaluate poison pills on a regular basis are interested less in this general debate than in the answers to specific questions about the corporation issuing the pill .,1.6736867930159685,0.26010041147543983,0.7216400371810862,0.7591071650748125,0.7398995885245601
1144,Does this corporation have a high-quality management team with a good track record ?,1.3188852461935836,0.27711095806458313,0.6893177633960349,0.7598977182155291,0.7228890419354173
1145,"Does this team have a viable strategy for improving shareholder values , and does this strategy require implementation over an extended period ?",1.7152936310514582,0.2871038874079006,0.6752940731914188,0.754932622841304,0.7128961125920996
1146,Will the adoption of this particular form of a poison pill significantly improve the chances for management to carry out this strategy ?,1.25737758863235,0.20665052991173494,0.7911426721814441,0.7955686136296571,0.7933494700882655
1147,"If the answers to these questions are affirmative , then institutional investors are likely to be favorably disposed toward a specific poison pill .",1.4947626242053005,0.22050153090375912,0.8034739356218277,0.7569123878155469,0.7794984690962409
1148,"However , the problem is that once most poison pills are adopted , they survive forever .",1.3155604692117828,0.2059174195222404,0.7342224753523372,0.8645697085327712,0.7940825804777597
1149,"Although the current management team may be outstanding , who will be the CEO in 10 years ?",0.7777777777777768,0.11279652388622072,0.873133979292193,0.9017338248151762,0.8872034761137793
1150,"Although the five-year strategy may be excellent , what will be the strategy in 25 years ?",0.6326404413037361,0.09253995875382748,0.9172874146275316,0.8978410072610266,0.9074600412461729
1151,The solution to this problem is a time-limited poison pill .,1.1595352274694064,0.2368910914780079,0.8120513159389864,0.7197306746379578,0.7631089085219921
1152,"The limit could range from three years to seven years , depending on the composition of the management team and the nature of its strategic plan .",1.066545610449257,0.16066185385892168,0.8099378843195291,0.8709532285433694,0.8393381461410786
1153,"At the end of this period , the poison pill would be eliminated automatically , unless a new poison pill were approved by the then-current shareholders , who would have an opportunity to evaluate the corporation 's strategy and management team at that time .",1.3363288749766467,0.19240426485527354,0.824896746349917,0.7910055427134803,0.8075957351447263
1154,One rare example of a time-limited poison pill is the shareholder rights plan adopted by Pennzoil last year after it received a huge litigation settlement from Texaco .,1.4605927482942773,0.23264997059442552,0.7677162437638148,0.7669841642623298,0.7673500294055745
1155,Pennzoil 's poison pill covers five years in order to give current management enough time to put these proceeds to work in a prudent manner .,1.1985099791819298,0.19595469562783924,0.7396226305091401,0.8807614651254251,0.8040453043721607
1156,"Another interesting example is the poison pill adopted recently by Pittsburgh-based National Intergroup Inc. , a diversified holding company .",1.4448298476119872,0.23889189479473416,0.7173039253938812,0.8106103010338306,0.7611081052052656
1157,"The State of Wisconsin Investment Board , which owned about 7 % of the company 's voting stock , worked with management to devise a time-limited poison pill .",1.5292534643594227,0.23317273520352091,0.7558787228728019,0.7780976370696849,0.7668272647964792
1158,This pill automatically expires after three years unless continued by a vote of the shareholders .,1.2193609377704329,0.20219431559209036,0.814692207525924,0.7816049764809461,0.7978056844079094
1159,"The attitude of the Wisconsin Investment Board reflects a growing receptivity to time-limited poison pills on the part of institutional investors , as shown by the discussions at recent meetings of the Council of Institutional Investors and my informal survey of several retirement plans with large stock positions .",1.8767914815547266,0.29684457736380854,0.6636918588460566,0.747608740589516,0.7031554226361915
1160,More widespread time limits on poison pills would allow shareholders to evaluate a specific poison pill within the context of a specific management team 's strategy .,1.1759759231301166,0.18845404448642247,0.8201052253208471,0.803163502982937,0.8115459555135778
1161,Such concrete analysis is likely to lead to more fruitful dialogue between management and shareholders than the abstract debate about poison pills .,1.3360459110087213,0.2136261384809864,0.7847889854030643,0.78796515188196,0.7863738615190137
1162,Mr. Pozen is the general counsel and a managing director of Fidelity Investments in Boston .,1.397782998537517,0.22906150309019138,0.7527094404679946,0.7900724066492351,0.7709384969098086
1163,"Michael Blair , former president and chief executive officer of Enfield Corp. , failed to win election to the company 's board at a special shareholder meeting .",1.4264992324948764,0.22123514131501562,0.7823996612654893,0.7751636724162491,0.7787648586849844
1164,"Mr. Blair said after the meeting that he had filed separate lawsuits in the Ontario Supreme Court for unjust dismissal against Enfield and for libel against its largest shareholder , Canadian Express Ltd. , and two executives of Hees International Bancorp Inc. , which controls Canadian Express .",1.7559472206836544,0.2698671589506655,0.7007026084363204,0.7621436612832648,0.7301328410493348
1165,Holders at the meeting elected a full slate of Canadian Express nominees to Enfield 's 11-member board .,1.0894244708020455,0.17353989013609125,0.811382012798814,0.8421092175861469,0.8264601098639088
1166,Mr. Blair and Hees have been feuding for months .,0.7509775004326924,0.1367183844583775,0.8329531415779026,0.8959021105958529,0.8632816155416223
1167,Yesterday 's election was a sequel to Enfield 's annual meeting in June when Mr. Blair disallowed proxies in favor of two Hees nominees .,1.4389667380414837,0.2325281632099683,0.7229144196599118,0.8178827010398935,0.7674718367900315
1168,The Ontario Supreme Court overturned Mr. Blair 's decision .,0.9219280948873623,0.22366428371976615,0.7404102821112295,0.8159252088715065,0.776335716280234
1169,"He later resigned from his executive positions with Enfield , saying that actions by its board `` amounted to -LCB- my -RCB- dismissal . ''",1.2185757378684041,0.1743723380408807,0.7624992717422054,0.9001525622586013,0.8256276619591191
1170,Mr. Blair said his libel suit seeks 10 million Canadian dollars -LRB- US$ 8.5 million -RRB- from Canadian Express and Hees executives Manfred Walt and Willard L'Heureux .,2.4569281256954008,0.4440954456012688,0.46762214078548453,0.6852782853463292,0.5559045543987312
1171,"He said his suit against Enfield seeks two years severance pay , equivalent to C$ 720,000 .",1.4043707635839544,0.21489131134768394,0.695220599840514,0.9016924145330982,0.7851086886523161
1172,Hees and Canadian Express executives could n't be reached for comment .,0.7924812503605789,0.13111627610797358,0.8234693040604314,0.9195997479431867,0.8688837238920265
1173,Enfield is a holding company with interests in manufacturing concerns .,0.43226250019667845,0.07505432916145019,0.9140541218792252,0.936099909688466,0.9249456708385498
1174,"It is 38.5 % owned by Canadian Express , another holding company .",0.9811451924741128,0.16052658059765146,0.7561566074503242,0.9434242402233283,0.8394734194023485
1175,Hees is a merchant bank controlled by Toronto financiers Peter and Edward Bronfman .,1.4078218531819062,0.2685707018893021,0.6761482727877595,0.7965545913451222,0.7314292981106977
1176,All the concerns are based in Toronto .,0.25,0.043478260869565216,0.9166666666666666,0.9999999999999999,0.9565217391304347
1177,Buying 51 % of Rockefeller Group Inc. is right up Mitsubishi Estate Co. 's alley in one sense : The huge Japanese real estate company is entering a long-term relationship with a similarly conservative U.S. owner of tony urban property .,1.6698632547978098,0.27036512353754383,0.6954057865278802,0.7674080435061807,0.7296348764624563
1178,"But in another sense , the $ 846 million purchase is uncharacteristically nervy , industry analysts say .",0.825264054015185,0.12200751341483512,0.8311956789735886,0.9303730380867143,0.8779924865851647
1179,The usually cautious giant will become the majority owner of the company that owns New York 's beloved Rockefeller Center at a time when tensions over Japanese purchases of U.S. property are at an all-time high .,1.5263864127501083,0.22753386935961978,0.7473889230804579,0.7992845984498335,0.7724661306403798
1180,"Officials of Rockefeller Group and Mitsubishi Estate prefer to focus on the affinities , nearly dismissing the threat of a backlash from the U.S. public .",1.1867212681643577,0.17831119509883736,0.8092717374582222,0.8344928527300729,0.8216888049011623
1181,"`` We think there will be positive as well as negative reactions , '' says Raymond Pettit , senior vice president and chief financial officer of Rockefeller Group .",1.2284707898427696,0.16636831643521147,0.8076210886157272,0.8613734503829227,0.8336316835647883
1182,"`` On balance , we think it will be positive . ''",-8.881784197001252e-16,-1.299153822281444e-16,1.0,1.0,1.0
1183,But some Japanese government officials and businessmen worry that the prominent purchase is just the sort of deal that should be avoided for the time being .,1.1209134261663145,0.16291451170288002,0.7932545103537079,0.886043485994762,0.8370854882971204
1184,"In particular , they criticize the timing , coming as it does on the heels of Sony Corp. 's controversial purchase of Columbia Pictures Entertainment Inc .",1.3520828676546888,0.19548404531885197,0.7605454245138166,0.8538827317403256,0.8045159546811478
1185,"`` Officially , yes , we encourage the free flow of direct investment , '' says a Foreign Ministry official .",0.5714285714285712,0.08029023219566307,0.8957367960246638,0.9450012236962562,0.9197097678043369
1186,`` But they did n't have to choose this particular moment . '',0.1538461538461542,0.0221701389809334,0.9566214309429225,0.9999999999999998,0.9778298610190663
1187,"During the past year , government officials and leading business organizations have repeatedly urged Japanese companies to refrain from flashy real estate purchases in the",1.2105865002596143,0.19163564624039248,0.7479564964461456,0.879387050569535,0.8083643537596074
1188,"Since the mid-1980s , Japan 's other major real estate purchases in the U.S. include Dai-Ichi Seimei America Corp. 's $ 670 million purchase of an office building at 153 East 53rd St. in Manhattan in 1987 and Mitsui Fudosan Inc. 's $ 610 million purchase of the Exxon Building , part of Rockefeller Center , in 1986 .",2.0411886220536815,0.3376882630991499,0.62562436584132,0.7035699303308048,0.6623117369008501
1189,"In Los Angeles , Arco Plaza was sold to Shuwa Corp. for $ 620 million in 1986 , and Sumitomo Life Insurance Co. paid $ 300 million for Atlanta 's IBM Tower last year .",1.2269060832698644,0.19494520989800138,0.8379871829880239,0.7746129658775188,0.8050547901019982
1190,"Altogether , annual Japanese investment in U.S. commercial real estate grew from about $ 1.3 billion in 1985 to about $ 7.1 billion in 1988 .",1.9402104605336326,0.3432649174771949,0.6056088011648589,0.7172896021105233,0.6567350825228051
1191,Many Japanese companies have taken the warnings by the country 's leaders to heart and sought development partnerships rather than landmark properties .,0.8500703906214513,0.1309438932011004,0.8272188669740542,0.9153506819513237,0.8690561067988997
1192,Critics say Mitsubishi Estate 's decision to buy into Rockefeller reflects the degree to which companies are irritated by the pressure to act for the good of Japan .,1.4053409483504646,0.2100892365389305,0.7558007423481481,0.8272451395673118,0.7899107634610696
1193,"`` Those who have no money and are n't buying think it 's right to refrain , but those with money who want to buy for themselves pay no attention , '' says an official of the Japan-U.S . Business Council .",1.5047704637151886,0.19254048090981057,0.7949597118753885,0.8203586954726024,0.8074595190901892
1194,"But to Mitsubishi Estate , the acquisition has just the elements that should win support from both sides .",1.1320934212803628,0.16306220317104428,0.7890825184133152,0.8909723615650658,0.8369377968289557
1195,"First of all , it is a friendly acquisition in which Rockefeller sought out Mitsubishi Estate and asked it to buy a majority share .",1.3247766191505495,0.1809078575172952,0.7762667510751929,0.8669186539525965,0.8190921424827048
1196,"Secondly , the two companies found a similarity in their business and development philosophies and intend to cooperate in a range of activities from real estate to telecommunications .",1.5003370691147229,0.22114991694020533,0.7376794300942581,0.8248879328827675,0.7788500830597949
1197,"Finally , Mitsubishi Estate has no plans to interfere with Rockefeller 's management beyond taking a place on the board .",1.272812188247646,0.19059713132184863,0.7751353147174026,0.8468403952484617,0.8094028686781514
1198,"`` We 'll continue to work with them , in keeping with the reputation of the company , and we 'll rely very much on their leadership , '' says Mitsubishi Estate President Jotaro Takagi .",1.172659538089536,0.1538082347222788,0.8422425918464362,0.8501781475679756,0.8461917652777213
1199,"Rockefeller may well have found its match in Mitsubishi Estate , a company of long history , strong government ties and sound resources .",1.5006671846251463,0.22715524690266312,0.7080628454567226,0.850674445339822,0.7728447530973369
1200,"In asset terms , Mitsubishi Estate is the largest real estate firm in Japan .",1.6746276985842492,0.2987301859490126,0.6260713455003489,0.7969986441749638,0.7012698140509872
1201,"The core of its holdings is 190,000 square meters of incredibly expensive property in the Marunouchi district , the business and financial center of Tokyo , often jokingly called `` Mitsubishi Village . ''",1.6919349245685442,0.24828492594215343,0.6851597895381346,0.8325916441859399,0.751715074057847
1202,The Mitsubishi family company acquired that property from the government some 100 years ago when it was a portion of samurai residential land running from the moat of the Imperial Palace east toward the hodgepodge of tiny shops and twisted alleys that made up the merchants ' district .,2.176053092861496,0.32328013899568175,0.6414351838603632,0.7161124566515421,0.6767198610043181
1203,"At the time , Japan had just opened its doors to the world after about 250 years of isolation and needed a Western-style business center .",1.3647670559755385,0.19186844550147483,0.7962701535986989,0.8203516786553833,0.808131554498525
1204,"Mitsubishi built the government 's dream development , the story goes , in exchange for the official decision to locate Tokyo 's central railway station there .",1.1209134261663127,0.17396489832936737,0.8016845077264647,0.8519112984861553,0.8260351016706329
1205,"That was just an early step in a relationship with government that has earned the Mitsubishi group the dubious moniker of `` seisho , '' literally government-business , a title that has the pejorative connotation of doing the government 's bidding , but also suggests the clout inherent in maintaining such close ties .",1.8331914655617316,0.2593466308166006,0.7110442847121491,0.7728355461010517,0.7406533691834001
1206,Mitsubishi Estate is one of the dozens of companies in today 's Mitsubishi group .,1.401303333910258,0.24967641201219667,0.7004058265726185,0.8079026211101029,0.7503235879878031
1207,"It 's known for its cautiousness in part because it has had little need for bold overseas ventures : In the year ended March 31 , 57.4 % of its total revenue came from office building management .",2.099748682679495,0.31045304416166136,0.6835663174896682,0.6956331691309863,0.6895469558383386
1208,"Its earnings can rise 10 % to 12 % annually simply from the natural turnover of tenants and automatic rent increases , says Graeme McDonald , an industry analyst at James Capel Pacific Ltd .",1.7222265992810053,0.25244987358431575,0.6918607150484924,0.812989460548892,0.7475501264156841
1209,"For the latest fiscal year , the company 's net income jumped a robust 19 % to 35.5 billion yen -LRB- $ 250.2 million -RRB- .",1.125427881878461,0.17247737070475422,0.7540433901567134,0.916868700609113,0.8275226292952454
1210,"For Mitsubishi Estate , the Rockefeller purchase will catapult it firmly into the overseas real estate business , the one area where it has lagged notably behind Japanese competitors such as Mitsui , which had purchased the Exxon Building .",1.8406413226360057,0.263325626678716,0.6660964292590824,0.8239814242437038,0.7366743733212836
1211,"`` Japanese companies need to invest in overseas real estate for diversification , '' says Yoshio Shima , an industry analyst at Goldman Sachs -LRB- Japan -RRB- Corp .",1.5361407381601024,0.22649398851285188,0.7185654685196811,0.837543449840358,0.7735060114871479
1212,Rockefeller is n't the first overseas purchase for Mitsubishi Estate -- it has already played a leading role in designing Los Angeles 's Citicorp Plaza .,1.3578064964925547,0.20571612335327616,0.7695756110143209,0.820631356011199,0.7942838766467234
1213,But the Rockefeller investment is its largest .,0.5,0.09090909090909091,0.8333333333333333,1.0,0.9090909090909091
1214,"Nonetheless , it will barely make a dent in Mitsubishi Estate 's finances , analysts say .",1.0299867649604098,0.1490650814606748,0.8128092172797834,0.8928132983223479,0.8509349185393253
1215,"Mitsubishi Estate has n't decided how it will raise the funds for the purchase , which are due in cash next April , but the Marunouchi holdings alone are estimated to have a market value of as much as 10 trillion yen to 11 trillion yen .",1.9369268604182395,0.2456659496608271,0.7252964110250417,0.7857937330980579,0.7543340503391727
1216,"Moreover , as a member of the Mitsubishi group , which is headed by one of Japan 's largest banks , it is sure to win a favorable loan .",1.1673183336217967,0.1533427558677698,0.8128108477798548,0.8834449263005192,0.8466572441322304
1217,Analysts say the company also could easily issue new convertible bonds or warrants .,1.0189044647493164,0.1691302681145168,0.7865278435333729,0.8805100310978504,0.8308697318854835
1218,"Meanwhile , at home , Mitsubishi has control of some major projects .",0.885367308025149,0.1426212959809466,0.7843867916821335,0.945349130880858,0.8573787040190533
1219,"It is the largest private-sector landowner of the Minato-Mirai 21 project , a multibillion-yen development in the port city of Yokohama , about an hour outside Tokyo .",1.4342043528957085,0.22971511443421713,0.7627835581753646,0.7779352166274774,0.7702848855657831
1220,The project is one of a select group of public projects opened to U.S. firms under a U.S.-Japan construction trade agreement reached last year .,1.480782000346153,0.23115012528172593,0.7593668986306531,0.7785726928208385,0.7688498747182739
1221,"The centerpiece of that complex , the Landmark Tower , will be Japan 's tallest building when it is completed in 1993 .",1.0008500003762562,0.13738542730119765,0.8425016768629962,0.8837112576821134,0.8626145726988026
1222,"Mitsubishi is also pushing ahead with a controversial plan to redevelop Marunouchi into a business center of high-tech buildings , a project budgeted for 30 years and six trillion yen .",1.3752236917983645,0.19512152903279004,0.7369424578285328,0.886611965184916,0.8048784709672098
1223,"Time Warner Inc. and Sony Corp. may be today 's public enemies , but the two entertainment giants could end up becoming partners in a number of ventures as part of a settlement of their acrimonious legal dispute over Hollywood producers Peter Guber and Jon Peters .",1.8993198937227067,0.2823276691761267,0.6795880025283683,0.7602785850879372,0.7176723308238733
1224,"The Warner Bros. studio and Sony signaled they are close to a settlement yesterday , asking a Los Angeles Superior Court to postpone a hearing scheduled for tomorrow on Warner 's request for a preliminary injunction blocking Mr. Guber and Mr. Peters from taking the top posts at Columbia Pictures Entertainment Inc .",1.668924671544426,0.24697526295216596,0.717281223893072,0.792517415399224,0.7530247370478343
1225,"In separate statements , the two sides said they want to have `` further discussions . ''",0.441751470842763,0.063666879669009,0.8802879343412092,0.9999999999999996,0.9363331203309909
1226,Sony is acquiring Columbia and Guber-Peters Entertainment Co. in two separate transactions valued at more than $ 5 billion .,1.616934821381867,0.2596684181029239,0.7057634399323995,0.7784604056558833,0.7403315818970758
1227,"Warner Communications Inc. , which is being acquired by Time Warner , has filed a $ 1 billion breach-of-contract suit against Sony and the two producers .",1.4344094797481706,0.19706926547409512,0.7733777998482895,0.8348320068000568,0.8029307345259049
1228,Warner has a five-year exclusive contract with Mr. Guber and Mr. Peters that requires them to make movies exclusively at the Warner Bros. studio .,1.5647766191505497,0.23346007749716688,0.7089578445267336,0.8343025932314199,0.7665399225028332
1229,"The two sides in the legal battle have hurled accusations of duplicity at each other for weeks , and both Warner and Sony have accused each other of trying to sabotage each other 's prospects for success in the entertainment business .",1.9223998737874028,0.27774220046531894,0.6926522736391943,0.7545071425261146,0.722257799534681
1230,"But it may amount to little more than posturing ; the two have continued on-again , off-again settlement talks over the last few weeks , and people familiar with the talks say the matter could be resolved within a week .",1.6742732418071773,0.22606350416122764,0.7323884132789295,0.8204820954445673,0.7739364958387729
1231,Both Warner and Sony declined to comment on the terms of the settlement discussions .,0.7673183336217946,0.11781100479630796,0.900626135801967,0.8644915820260831,0.8821889952036918
1232,But the people familiar with the talks said that Warner is n't expected to get any cash in the settlement .,0.7978517858173069,0.1115411075896262,0.8840163053506478,0.8929463570724491,0.8884588924103737
1233,"Instead , Sony is likely to agree to let Warner participate in certain of its businesses , such as the record club of Sony 's CBS Records unit .",1.6522809296859888,0.23277582368824123,0.7406460520854907,0.7957808145135945,0.767224176311759
1234,"Warner has surpassed Sony as the largest record company , but it does n't have a powerful world-wide record club like CBS .",1.4417938895100066,0.20353997166943674,0.7790007603595335,0.8147198463468126,0.7964600283305631
1235,The two sides are also discussing certain business ventures involving cable rights to Columbia 's movies .,0.8005670867315775,0.12916772386955888,0.7980470876653546,0.9582264869796895,0.8708322761304411
1236,"In addition , Sony is expected to agree to swap Columbia 's 35 % stake in the sprawling Burbank , Calif. , studio that Warner and Columbia share , in exchange for the old MGM studio lot that Warner acquired with the purchase of Lorimar Telepictures Corp .",1.8719905539013562,0.2720678998461041,0.7348730346917461,0.721121054171013,0.7279321001538962
1237,"Still , it may be tough for the two to have a smooth partnership in anything , in the wake of sworn affidavits filed over the last week .",1.2834234809956433,0.17977389895157617,0.8282269861119904,0.8123783181810574,0.8202261010484238
1238,"One , for example , came from CBS Records Chairman Walter Yetnikoff , who will head a committee that will oversee Sony 's entertainment division , including both records and movies .",1.3519101540262506,0.18709204384887582,0.7679035173466129,0.8635159420405027,0.8129079561511241
1239,"In his affidavit , Mr. Yetnikoff accused Warner Chairman Steven J. Ross of having an `` antiSony , anti-Japanese bias '' and said that Mr. Ross had tried to talk him out of letting Sony buy CBS Records two years ago for that reason .",2.397253059733594,0.34100188862566705,0.5923921216600477,0.7424792432663021,0.6589981113743333
1240,"Mr. Ross , who will be chairman and co-chief executive officer of Time Warner after the merger is complete , denied that in his own affidavit , and called Mr. Yetnikoff 's remarks `` vicious '' and his claims `` reckless , irresponsible and baseless , '' saying Warner under his leadership has started a number of businesses in Japan .",1.9067655704836213,0.2562072958766471,0.7043483786521842,0.7879169674124128,0.7437927041233529
1241,"Mr. Ross also said he enjoys `` warm professional and personal relationships '' with Japanese executives including Sony Chairman Akio Morita , `` who has visited my home here . ''",1.7635817568728092,0.24086346016280305,0.7101666172712962,0.8153601384583867,0.759136539837197
1242,"But despite the acrimony between Mr. Ross and Mr. Yetnikoff , officials of the Time side of Time Warner have reportedly been increasingly interested in a settlement that might yield attractive business opportunities .",1.7092905265033345,0.24540929845293494,0.7386719972540408,0.7712106275400432,0.754590701547065
1243,"Time executives such as the company 's president , N.J . Nicholas , who will eventually be co-chief executive of Time Warner alongside Mr. Ross , have no personal relationships or ego at stake in the fight over the Guber-Peters duo , and were never directly drawn into the fray .",1.9465567332781388,0.26402060433736646,0.7355435223773211,0.7364157858396458,0.7359793956626339
1244,"Talks between the two sides could unravel , of course , as they have more than once since Sony announced its plans to hire Mr. Guber and Mr. Peters .",1.5405247790407763,0.21280108057711988,0.7418147036147451,0.8384982325180584,0.7871989194228803
1245,But both sides appear to be more willing now to meet each other 's terms to resolve the issue .,1.350977500432692,0.21729013519500634,0.713823396071884,0.8663120223856884,0.7827098648049935
1246,"And although Warner has said it wanted the producers to fulfill the terms of their contract , the producers said in sworn court declarations that they did n't believe the relationship could be repaired after the acrimony of the legal battle .",1.4998504395164511,0.20470975459371243,0.7667723423726958,0.8260113747263648,0.7952902454062875
1247,Any settlement is also expected to exclude Mr. Guber and Mr. Peters from any of the projects they were working on at Warner .,1.6095496034621126,0.235631150711329,0.7313140940147754,0.8005531490902128,0.7643688492886711
1248,"The Guber-Peters duo have 50 projects in various stages of development and production at Warner , including `` Bonfire of the Vanities '' and `` A Bright Shining Lie . ''",1.677935884871081,0.24348146353441064,0.7185550787302616,0.7987172039177668,0.7565185364655895
1249,But that does n't mean Mr. Guber and Mr. Peters might not eventually get their hands on some of their projects ; studios develop hundreds of movies but produce only 10 to 20 each year .,2.076969442587971,0.29676417973563807,0.6525945014768276,0.7623978786784673,0.7032358202643618
1250,"Once a studio chooses not to actually make a movie that is in development , producers are typically free to take it elsewhere .",1.1714949125463923,0.1774403656521376,0.7606496660767299,0.8954403380255268,0.8225596343478624
1251,"Mr. Guber and Mr. Peters also almost certainly would n't be able to participate in future sequels to `` Batman , '' the blockbuster hit they produced for Warner .",1.5794692661751393,0.2124566849091737,0.7724274520565313,0.8032626003322649,0.7875433150908263
1252,"But in acquiring Guber-Peters Entertainment , Sony will actually get a piece of the profits from `` Batman , '' since the publicly held concern gets certain revenue from the movies Mr. Guber and Mr. Peters produce .",1.8854931708353817,0.2647142872761747,0.7054456126022894,0.7677617640293404,0.7352857127238253
1253,The two producers own a combined 28 % stake in Guber-Peters .,0.8962406251802886,0.15984265996637415,0.7635063770327601,0.9339163290001633,0.8401573400336256
1254,"Southern Co. 's Gulf Power Co. subsidiary pleaded guilty to two felony charges of conspiracy to make illegal political contributions and tax evasion , and paid $ 500,000 in fines .",1.7140460616053952,0.25857232411237485,0.6872285754435541,0.8049076790541133,0.7414276758876251
1255,Gulf Power 's guilty plea before U.S. District Judge Robert L. Vining yesterday marks the end of only one part of a wide-ranging inquiry of Southern Co .,1.2621739057852417,0.24745140780156324,0.7163123976068163,0.7926463005223716,0.7525485921984366
1256,The company is the subject of a federal grand jury investigation into whether its officials and its utility subsidiaries conspired to cover up their accounting for spare parts to evade federal income taxes .,1.2064573531957032,0.18980411345791953,0.7559445821075067,0.8728360529666502,0.8101958865420807
1257,"`` The terms announced today are strictly between the United States and Gulf Power , '' said U.S. Attorney Robert L. Barr .",1.223552584785927,0.19418442182906961,0.7678716779344502,0.8477043606523272,0.8058155781709305
1258,`` This is only a further step in a lengthy investigation . '',0.21191442324334364,0.03382033323940702,1.0,0.934572126022259,0.966179666760593
1259,"The plea settlement does not allow Southern Co. to charge any of the $ 500,000 to its customers , or take action against employees who provided information during the federal inquiry .",1.5852829985375196,0.22272916918397428,0.7088055912293044,0.8603766877545763,0.7772708308160261
1260,"Gulf Power had been under investigation for violating the Utility Holding Company Act , which prohibits public utilities from making political contributions .",1.3530180642940763,0.2231507759678751,0.6964454684985651,0.8782410515349851,0.7768492240321248
1261,"In a statement , Southern Co. President Edward L. Addison said , `` We believe our decision to plead -LRB- guilty -RRB- to these charges is responsible and proper .",1.8019285470323307,0.25161234394016113,0.6759087331272522,0.83827769849868,0.7483876560598389
1262,"And our action today will allow Gulf Power to avoid prolonged , distracting legal proceedings . ''",1.1920389709700254,0.18304427773385867,0.7699758322379665,0.8700410685996827,0.8169557222661415
1263,"He did not say what effect , if any , the $ 500,000 fine would have on the company 's earnings .",0.8988380686735153,0.12325086802340367,0.8515133054937476,0.9035264428988725,0.8767491319765961
1264,"Mr. Barr said yesterday 's plea by Gulf Power , which came after months of negotiations , was based on evidence that Gulf Power had set up an elaborate payment system through which it reimbursed outside vendors -- primarily three Florida advertising agencies -- for making illegal political contributions on its behalf .",1.912553047966031,0.2744672538131727,0.6663547431954598,0.7962462241269522,0.7255327461868272
1265,"The Appleyard Agency , for example , allegedly made contributions from 1982 to 1984 to various funds for political candidates , then submitted bills to Gulf Power .",1.1558759991642953,0.18355768452352086,0.7471018740626176,0.8999709257174705,0.8164423154764789
1266,"The contributions were funded by monthly payments of $ 1,000 to $ 2,000 to Appleyard in the guise of a `` special production fee '' -- in effect , hiding the nature of the payments from the Internal Revenue Service , federal prosecutors said .",1.6551201306158596,0.22654477494769962,0.7496315438038507,0.7988428678324688,0.7734552250523006
1267,"The government also indicated that former Gulf Power senior vice president Jacob F. `` Jake '' Horton was the mastermind behind the use of the ad agencies -- Appleyard , Dick Leonard Group II Inc. and Hemmer & Yates Corp. -- to make payments to various political candidates from 1981 to 1988 .",2.224820522741876,0.32261818798521974,0.6598882911347848,0.6958280905663788,0.6773818120147803
1268,"Mr. Horton , who oversaw Gulf Power 's governmental-affairs efforts , died mysteriously in a plane crash in April after learning he might be fired following the uncovering of irregularities in a company audit .",1.5693939112405806,0.2149083364139321,0.7555315656720464,0.8170590169570707,0.785091663586068
1269,Government officials declined to say whether the investigation includes the ad agencies or the politicians involved .,1.4273330886170834,0.2306542221858414,0.7328087987466427,0.8097173249387171,0.7693457778141588
1270,"In New York Stock Exchange trading , Southern Co. rose 50 cents a share to $ 27.125 .",1.4172097224626068,0.2381915119040365,0.7343800842696298,0.7913652335254703,0.7618084880959631
1271,` Frequent Drinker ' Offer Stirs Up Spirited Debate,1.373836441844476,0.3369620878234226,0.5586733081089773,0.8153521614316708,0.6630379121765774
1272,"TO GRAB a bigger piece of the declining scotch market , Seagram Co. has launched a controversial `` frequent drinker '' promotion for its Chivas Regal brand .",1.9310628655719215,0.3114037403000218,0.6054927600289542,0.7981405466599291,0.6885962596999783
1273,"Under the program , dubbed Chivas Class , customers who send in two labels from Chivas bottles will receive an upgrade in seating class on some Trans World Airlines flights .",1.4883537254005672,0.22234421169070545,0.7049253908040729,0.8671206135696786,0.7776557883092945
1274,Repeat customers also can purchase luxury items at reduced prices .,0.5454545454545459,0.09901362526557242,0.8721998193769318,0.931737959110796,0.9009863747344274
1275,"But at a time of mounting concern over alcohol abuse , some liquor marketers consider Seagram 's frequent buyer promotion risky .",1.763487794642268,0.29798030555210847,0.6556726959047989,0.7554172548932774,0.7020196944478915
1276,"`` I 'm surprised they 're doing this , '' says Penn Kavanagh , president of Schieffelin & Somerset Co. , which markets Johnnie Walker scotches .",1.4261569417287632,0.20732556337454783,0.7513204275990248,0.8388460088994372,0.7926744366254521
1277,"`` I would be very leery of anything that says if you drink more , you get more . ''",1.113233125324519,0.15612003541100838,0.7950710621783456,0.8990735105819239,0.8438799645889915
1278,Others question the impact on Chivas 's upscale image of a promotion that has customers soaking off labels .,1.1770804198210651,0.17263647863733567,0.7974781430608695,0.8595760081971237,0.8273635213626641
1279,"`` It 's really bizarre , '' says Albert Lerman , creative director at the Wells Rich Greene ad agency .",1.332103259573195,0.19909991912550792,0.8052263558003021,0.7966200454494223,0.8009000808744923
1280,"`` Chivas has an image of something you would savor , rather than guzzle . ''",0.922180468885216,0.13029160532155715,0.8490536637558023,0.8913931073950664,0.8697083946784427
1281,Chivas Class is n't the first such promotion .,0.7505430557959407,0.14588204357457438,0.8061549798191673,0.9081491772631822,0.8541179564254255
1282,"Last year , J&B Scotch offered 500 TWA frequent flier miles in exchange for a label .",1.3443972336631393,0.22273588577801384,0.7562247278127164,0.7995077024985942,0.7772641142219866
1283,And Dewar 's gave discounts on Scottish merchandise to people who sent in bottle labels .,0.7971804688852169,0.11893210986580648,0.8551908098600887,0.9085598557276255,0.8810678901341934
1284,But the scope of Seagram 's Chivas promotion sets it apart .,0.8333333333333339,0.13881350541022108,0.7949745704851608,0.9394298226512525,0.8611864945897789
1285,The current campaign is just the first leg of an aggressive three-to-five-year direct marketing plan .,1.002615248747901,0.20247414102185257,0.7971048767826271,0.7979472860828973,0.7975258589781473
1286,Seagram says the promotion is designed to build brand loyalty rather than promote heavy drinking .,0.8278195311147831,0.13082224090688388,0.8461538461538461,0.8934896839139728,0.869177759093116
1287,"Seagram asks customers to buy only two or three bottles over a 12-month period , says Richard Shaw , vice president of U.S. direct marketing .",2.0241996339650266,0.31650202171522657,0.6031895819317432,0.7884752237097292,0.6834979782847734
1288,`` We 're not asking them to save up 50 proof-of-purchases .,1.1341367062030674,0.18790200231138374,0.716972992829333,0.9363258274328599,0.8120979976886163
1289,"We 're not saying drink more , we 're saying trade up . ''",0.8292600338883442,0.13344982291188814,0.7968491049058068,0.9496136988535271,0.8665501770881118
1290,Goya Concocts a Milk For Hispanic Tastes,0.9649839288804958,0.20753565833176307,0.6562657890890311,1.0000000000000002,0.7924643416682371
1291,MOST FOOD companies these days are trimming the fat and cholesterol content of their products to appeal to health-conscious consumers .,1.3380888319099915,0.20835134940731104,0.7389936159116819,0.8523829416438867,0.7916486505926885
1292,But Goya Foods Inc. believes it can milk some sales by bucking the trend .,1.2176441670993592,0.184599586492404,0.7387585162352563,0.9097853495416093,0.8154004135075957
1293,"The Secaucus , N.J. , company has formed a joint venture with a distributor called La Lecheria to market a higher-fat milk targeted at Hispanic consumers .",1.0422855351880127,0.15845319295067303,0.7981716619803951,0.8899071452599798,0.841546807049327
1294,"To give Leche Fresca the creamier taste Goya says Hispanics prefer , the new brand has a butterfat content of 3.8 % .",1.1664748444917583,0.17680249283411958,0.7718262377379254,0.8818947232212289,0.8231975071658805
1295,That compares with 3.5 % butterfat for whole milk .,0.20000000000000018,0.039270521094198485,0.9244267583903902,1.0,0.9607294789058015
1296,"A spokesman for Borden Inc. , the nation 's largest milk producer , concedes Goya may be on to something .",1.3321032595731923,0.20126258373087352,0.7944228235517201,0.8030991309113286,0.7987374162691263
1297,"Borden sells considerably more whole milk than reduced-fat milks in southern and Hispanic markets , he says .",1.2277703038949923,0.19299901466552163,0.7567133736832171,0.8644481430314951,0.8070009853344781
1298,"Borden even tested a milk with 4 % butterfat in the South , but decided the market was too small .",0.9463953800441516,0.14135046132342347,0.8782967705396031,0.8398620791798587,0.8586495386765762
1299,Goya is selling Leche Fresca in nearly 500 grocery stores and bodegas in New York and parts of New Jersey .,1.4119754502096775,0.25065389819223144,0.7256778163261983,0.774610342082041,0.7493461018077686
1300,"And it 's adding 15 to 20 new outlets a day , says Greg Ricca , sales director at La Lecheria .",1.328149134039709,0.1935106692527874,0.7600813656385296,0.8589328275821156,0.8064893307472124
1301,"Because of Leche Fresca 's success , he says , the joint venture is developing other dairy products tailored to Hispanic tastes .",0.9565217391304355,0.13830884745447977,0.8107229024360304,0.9194978274313999,0.8616911525455203
1302,Jewelry Makers Copy Cosmetics Sales Ploys,1.3333333333333333,0.42061983571430495,0.7336804366512112,0.4787039713856801,0.5793801642856952
1303,"FOR YEARS , costume jewelry makers fought a losing battle .",0.6827068185751761,0.12392834135119825,0.82810824375845,0.9299326686594895,0.8760716586488017
1304,Jewelry displays in department stores were often cluttered and uninspired .,0.7958988638330435,0.13819300836452358,0.8516589220365601,0.8721998193769318,0.8618069916354766
1305,"And the merchandise was , well , fake .",0.2222222222222232,0.03917064001854877,0.9246117268712489,0.9999999999999999,0.9608293599814512
1306,"As a result , marketers of faux gems steadily lost space in department stores to more fashionable rivals -- cosmetics makers .",1.320972454028193,0.21378997433006178,0.7516951108225037,0.8240470605469301,0.7862100256699378
1307,"But lately , retailers say , fake has become more fashionable .",0.8962406251802904,0.1508733437979499,0.7756281786893547,0.9380126787441933,0.8491266562020502
1308,And jewelry makers are beginning to use many of the same marketing tricks honed in the aggressive world of cosmetics .,1.168063095856227,0.1824579563091047,0.7716250432503595,0.8692695651814466,0.8175420436908952
1309,"Last year , the total women 's fashion jewelry business topped $ 4.9 billion , says Karen Alberg , editor of Accessories magazine .",1.5739348962840563,0.24325999983503377,0.72519395005141,0.7911553829121428,0.7567400001649662
1310,"And it 's growing fast , with annual sales gains of more than 10 % .",1.069963467422733,0.16640083800486183,0.7490697921653459,0.9396327597805738,0.833599161995138
1311,"To increase their share of that business , jewelry makers such as Crystal Brands Inc. 's Trifari and Monet units and Swank Inc. , maker of Anne Klein jewelry , are launching new lines with as much fanfare as the fragrance companies .",1.956961385813651,0.28791585627521665,0.6646757580921474,0.7667748032263177,0.7120841437247833
1312,"They 're hiring models to stroll the aisles sporting their jewels , and they 're even beginning to borrow a perennial favorite of the beauty business -- offering a gift when consumers make a purchase .",1.5960586640666978,0.22119952716966715,0.7429637613869667,0.8182695439385644,0.778800472830333
1313,"`` We 've started trying just about anything to keep sales moving in the stores , '' says Kim Renk , a Swank vice president .",1.4873474793483492,0.19959054986660812,0.7550062965854998,0.8516227424111348,0.8004094501333917
1314,But there are limits .,0.0,0.0,1.0,1.0,1.0
1315,Ms. Renk says retailers nixed a promotion for pins with animal motifs .,0.8349809978671807,0.151081706558452,0.8164765498833063,0.8840447819029709,0.8489182934415482
1316,Her idea : bring in live zoo animals .,0.666666666666667,0.11751192005564585,0.8492234537424982,0.918464939457502,0.8824880799443541
1317,"Trifari , whose national ads earlier this year included paper cutouts of its costume finery , takes a tamer approach .",1.493380495188089,0.23829350820330303,0.6716259217638093,0.8796937730544193,0.7617064917966969
1318,"The company focuses on the how-to aspects , says Andrew E. Philip , president .",1.033985000288462,0.17291308387015433,0.80904734162937,0.8459493049228769,0.8270869161298454
1319,Trifari now trains sales help to advise customers on the best earring styles .,1.2506982145947836,0.20576456593872625,0.7259846782784223,0.876650475752496,0.7942354340612742
1320,But cosmetics firms still have one big marketing edge : They motivate sales people with commissions .,1.1593827026203947,0.19369673610790972,0.7614065628322004,0.8568264437308634,0.8063032638920903
1321,Jewelry makers rarely pay commissions and are n't expected to anytime soon .,1.3469057695636106,0.23439607032953394,0.792005926860018,0.7409053995053972,0.765603929670466
1322,Odds and Ends,0.666666666666667,0.26631956334878915,1.0,0.5793801642856952,0.7336804366512111
1323,"DESPITE GROWING interest in the environment , U.S. consumers have n't shown much interest in refillable packages for household products .",1.1835596653463485,0.1874372946209274,0.7753484217578812,0.8535294313651014,0.8125627053790725
1324,"Procter & Gamble Co. recently introduced refillable versions of four products , including Tide and Mr. Clean , in Canada , but does n't plan to bring them to the U.S. .",1.1792292966721742,0.16716628381054674,0.8069346591397825,0.8604503931639189,0.8328337161894533
1325,Marketers believe most Americans wo n't make the convenience trade-off ... .,0.5629072918469564,0.08972515320930871,0.8353251681030535,1.0,0.9102748467906915
1326,"Braumeisters Ltd. tests a beer brewed with oat bran , rather than rice or corn .",1.0062415918818672,0.1705668412646489,0.776840002657019,0.8896647051756058,0.8294331587353511
1327,"Called Otto 's Original Oat Bran Beer , the brew costs about $ 12.75 a case .",1.2770297614439237,0.20923926406610666,0.7614065628322008,0.8224690232781514,0.7907607359338936
1328,"No cholesterol , of course .",0.0,0.0,1.0,1.0,1.0
1329,"Northwest Airlines settled the remaining lawsuits filed on behalf of 156 people killed in a 1987 crash , but claims against the jetliner 's maker are being pursued , a federal judge said .",1.5642455013245415,0.21659816803515183,0.7522604495310701,0.8172328831208538,0.7834018319648481
1330,"Northwest , a unit of NWA Inc. , and McDonnell Douglas Corp. , which made the MD-80 aircraft , also are pursuing counterclaims against each other in the crash near Detroit Metropolitan Airport .",1.5865287797016627,0.23892800476753254,0.7640427958972947,0.7581242076058174,0.7610719952324675
1331,Terms of the settlements for the remaining 145 lawsuits against Northwest were n't disclosed .,0.8176441670993597,0.1265153958281732,0.8990332205497196,0.8493479380892018,0.8734846041718267
1332,A total of 157 lawsuits were filed on behalf of crash victims .,0.5853569595720627,0.10703931010690601,0.8673417653532622,0.9201391047134638,0.8929606898930941
1333,U.S. District Judge Julian A. Cook Jr. announced the settlements as the jury trial was to begin yesterday .,1.4736842105263133,0.2631537013375919,0.7368462986624076,0.7368462986624076,0.7368462986624077
1334,He reset opening arguments for today .,0.5714285714285721,0.11330491807453026,0.7964530359382731,1.0,0.8866950819254699
1335,"The jury will resolve the claims against McDonnell Douglas , Northwest 's claim that a defect in the aircraft caused the crash , and McDonnell Douglas ' claim that the plane was improperly flown .",1.2710708866575509,0.18402298727762373,0.8305492690996616,0.801907289175041,0.8159770127223757
1336,The National Transportation Safety Board ruled that pilots failed to set the plane 's wing flaps and slats properly for takeoff and failed to make mandatory preflight checks that would have detected the error .,1.6495810712431282,0.23732503878736927,0.6961567526980625,0.8432478114096744,0.7626749612126302
1337,"Also , a cockpit warning system failed to alert the pilots the flaps and slats were not set for takeoff , the NTSB said .",1.346059378176128,0.19619365791524213,0.7673807004999991,0.8438623774910748,0.8038063420847578
1338,"The only passenger who survived the crash was Cecelia Cichan , then 4 , of Tempe , Ariz. , whose parents and brother died in the crash .",1.5983888393629808,0.23438355956517679,0.7376285896257312,0.7958119429472774,0.765616440434823
1339,She now lives with relatives in Alabama .,0.5,0.09090909090909091,0.909090909090909,0.909090909090909,0.9090909090909088
1340,"Sun Myung Moon , the Korean evangelist-industrialist who in 1954 founded the Unification Church , remains the mystery man behind a multimillion-dollar political and publishing operation based in this country and catering to the American right .",1.8449908785537952,0.27034885628237715,0.7012529638208453,0.7604464429950385,0.7296511437176227
1341,But there may be less there than meets the eye .,0.614080682014861,0.09739918492550818,0.8224908743082042,1.0000000000000002,0.902600815074492
1342,"Mr. Moon planned to convert millions of Americans to his unique brand of Christianity -- in which he plays the role of Old Testament-style temporal , political messiah -- and then to make the U.S. part of a unified international theocracy .",1.4162843679848578,0.1972786989567967,0.74414356473169,0.871309312222962,0.8027213010432034
1343,His original strategy -LRB- in itself a brilliant innovation for spreading a religion -RRB- was to create new economic enterprises each time he wanted to extend and fund his various religious missions .,1.7634987046995931,0.2667005614815419,0.6587721670150484,0.8268403607714528,0.7332994385184581
1344,Tax-exempt airport and street-corner solicitations were intended only to provide start-up funds .,0.7895894235761869,0.13168810567440384,0.818388767138521,0.9247215018406523,0.8683118943255965
1345,"More stable industries were to build an economically viable infrastructure for the Moon movement in North America , as they had in Japan and South Korea .",1.4685734983112324,0.21307361240454745,0.7558485562102344,0.8206694248741382,0.7869263875954526
1346,Then he would move his movement to Europe .,0.22222222222222232,0.036324900793189584,0.9298966940476159,1.0,0.9636750992068105
1347,But that was not to be .,0.2857142857142856,0.05361503543831442,0.8982265179691366,1.0,0.9463849645616855
1348,Throughout the 1970s and early 1980s spokesmen for both the Unification Church and its opponents in the anticult movement gave wildly exaggerated membership figures .,1.550195500086537,0.25378282550859976,0.7036195070024147,0.7943050124014953,0.7462171744914001
1349,Their legacy lives on .,0.0,0.0,1.0,1.0,1.0
1350,"It is still common to read in the press that the church has 10,000 or more full-time American members and 25,000 `` associates . ''",1.3101955000865386,0.17856115653425825,0.7739916058092693,0.8750831984901555,0.8214388434657418
1351,"Some estimates have gone as high as 80,000 members .",0.4754887502163463,0.08243038523439648,0.847693881548703,1.0,0.9175696147656035
1352,"But internal church documents clearly show that at its publicity-seeking heights , as when it organized a spectacular Yankee Stadium bicentennial rally in 1976 , there actually were only about 2,000 full-time Unification Church members in the U.S.",2.1668078007272973,0.32166761225205664,0.6199631719975779,0.7488348015479435,0.6783323877479432
1353,"Mr. Moon 's support for a Watergate-beleaguered Richard Nixon , the Koreagate scandal , and his prison sentence for income-tax evasion did not help the church 's recruitment efforts .",1.3762318825934319,0.21022147736418462,0.7690752600392511,0.8116272719251125,0.7897785226358153
1354,"Defections , burnouts , and abduction `` deprogrammings '' kept member turnover high .",1.0728250006181357,0.17968894699675078,0.8203110530032495,0.8203110530032497,0.8203110530032495
1355,That the membership number has even kept close to its 1976 size is the result of the `` graying '' of the church .,0.8045851693378001,0.12256542016853841,0.8887163660830101,0.8664356357184118,0.8774345798314614
1356,"Many of the enthusiastic young `` Moonies '' of the Nixon era who remained faithful to Father Moon are now parents , producing new members by procreation rather than conversion .",1.770857966201281,0.25095151321285786,0.689488445750107,0.8198713902758203,0.7490484867871419
1357,The reputed wealth of the Unification Church is another matter of contention .,1.134991346320267,0.2171536257911078,0.768759002007145,0.7974596812615407,0.7828463742088921
1358,"For a while in the 1970s it seemed Mr. Moon was on a spending spree , with such purchases as the former New Yorker Hotel and its adjacent Manhattan Center ; a fishing/processing conglomerate with branches in Alaska , Massachusetts , Virginia and Louisiana ; a former Christian Brothers monastery and the Seagram family mansion -LRB- both picturesquely situated on the Hudson River -RRB- ; shares in banks from Washington to Uruguay ; a motion picture production company , and newspapers , such as the Washington Times , the New York City Tribune -LRB- originally the News World -RRB- , and the successful Spanish-language Noticias del Mundo .",2.144835769930612,0.3218716526431063,0.6333622251583174,0.7297039121821572,0.678128347356894
1359,Yet these purchases can be misleading .,0.0,0.0,1.0,1.0,1.0
1360,"Most were obtained with huge inputs of church money from South Korea and Japan , minimum cash downpayments and sizable mortgages .",1.1938482957495644,0.19465286392464318,0.7562766632672432,0.8612272531826775,0.8053471360753571
1361,"Those teams of young fund-raisers selling flowers , peanuts or begging outright at traffic intersections brought in somewhere near $ 20 million a year during the mid-to-late 1970s , but those revenues were a pittance compared to the costs of Mr. Moon 's lavish international conferences , speaking tours , and assorted land buys .",2.222293044978045,0.3106557610864412,0.6556658685176981,0.7266697328800559,0.6893442389135586
1362,"Only his factories in Japan and Korea , employing his followers at subsistence wages and producing everything from rifles to ginseng to expensive marble vases , kept the money flowing westward .",1.4042405302983587,0.20965145762214044,0.7347885952895858,0.8549979403561279,0.7903485423778593
1363,"Virginia Commonwealth University sociologist David Bromley , who more than any other researcher has delved into the complex world of Unificationist finances , has concluded that profitable operations in the U.S. have been the exceptions rather than the rule .",1.5447612485455187,0.22232802794542758,0.7678594429838993,0.7877385374520091,0.777671972054572
1364,"Likewise , journalists John Burgess and Michael Isikoff of the Washington Post have estimated that at least $ 800 million was transferred from Japan to the U.S. to deal with the church 's annual operating losses in this country .",1.8771120393731113,0.2616902899763065,0.6940346702033975,0.7886186093188626,0.7383097100236933
1365,Mr. Moon 's two English-language U.S. newspapers illustrate the scope of this financial drain .,1.490968531773352,0.25753067724918466,0.6737692969642269,0.8267698550178996,0.7424693227508152
1366,"Start-up costs for the Washington Times alone were close to $ 50 million , and the total amount lost in this journalistic black hole was estimated at $ 150 million by 1984 .",1.5335182695995888,0.2202232185936012,0.7314362639122421,0.8349591088338074,0.7797767814063986
1367,"Since then , Moon 's organization has inaugurated a pair of high-quality glossy opinion magazines , The World and I and Insight , which are a further drain .",0.9183425670948058,0.12736954002535206,0.8556810566669836,0.8902649030595412,0.8726304599746482
1368,"Insiders say that not even their editors know for sure how much these show-piece publications , along with the newspapers , have cost Mr. Moon .",2.043054441490913,0.3128468449869249,0.6576780099141256,0.7193942352175885,0.687153155013075
1369,"Many American church-owned businesses , such as a $ 30 million factory to build fishing vessels , are defunct .",1.698708422551853,0.26771770884940954,0.6952737296535662,0.7734521957972592,0.7322822911505902
1370,Some components of the American church had their budgets cut in half last year and again this year .,1.4928698935052758,0.24548055842544908,0.7035863120415058,0.8134022256976776,0.7545194415745509
1371,The relatively small academic conferences that have attracted conservative guests -- and press scrutiny -- in recent years are much more narrowly targeted and austere than the thousand-person get-togethers in fancy digs and exotic locales of years past .,1.6893899181018215,0.26297378244965725,0.72272584859697,0.7519039247222827,0.7370262175503426
1372,I attended several of these in the dual role as a presenter of research findings as well as an investigator of my hosts .,1.6299756449484892,0.2680527659346618,0.7363905499555952,0.727557217725792,0.731947234065338
1373,-LRB- Mr. Moon 's Paragon House eventually even published three of my co-edited books on religion and politics . -RRB-,1.8000000000000016,0.28828338534570647,0.6134655456091989,0.8474405149477663,0.7117166146542937
1374,"According to veteran watchers of Unificationist affairs , such as Dr. J. Gordon Melton , director of the Institute for the Study of American Religion , almost all operations are being drastically reduced as Mr. Moon now concentrates more on developing his empire in the Far East .",2.032878554104995,0.30782703642262155,0.6558063087284631,0.732809715042218,0.6921729635773785
1375,"`` Everything , '' one non-`` Moonie '' senior consultant to the Unification Church recently told me in an interview , `` is going back to Korea and Japan . ''",1.3824113862023655,0.18814420933804665,0.7700543928602567,0.8584559517232094,0.8118557906619532
1376,-LRB- Europe had proved even less hospitable than North America .,0.9777170456512261,0.17529633757796464,0.75975153722255,0.9017996625152714,0.8247036624220356
1377,European politicians were less reluctant to have their governments investigate and harass new religions . -RRB-,1.3443609377704329,0.23133653371573148,0.7185100030370362,0.8263439595699368,0.7686634662842684
1378,"So Mr. Moon is in retreat , refocusing on the Far East .",0.885367308025149,0.15005901246939599,0.8554081766691366,0.8445432397032384,0.849940987530604
1379,South Korea and Japan continue to be profitable .,0.5283208335737193,0.09843720765687455,0.915876032857139,0.8876900403616653,0.9015627923431256
1380,"Moon 's Tong'Il industry conglomerate is now investing heavily in China , where church accountants have high hopes of expanding and attracting converts even in the wake of the bloody massacre in Tiananmen Square .",1.5511364940677197,0.23530494775752556,0.6977351587527971,0.8458711890855705,0.7646950522424745
1381,Panda Motors is one such investment .,0.2857142857142865,0.053615035438314584,0.8982265179691366,1.0,0.9463849645616855
1382,"According to senior consultants to the church , Mr. Moon has successfully negotiated a joint venture with the Chinese government to build an automobile-parts plant in Guangdong Province , an area of China with a substantial Korean minority .",1.327783073479325,0.2027394310053903,0.7641867413620655,0.833326760880953,0.7972605689946102
1383,Mr. Moon has agreed to put up $ 10 million a year for 25 years and keep the profits in China .,1.050882521761988,0.1471678331466151,0.8311411244367698,0.8756857301754153,0.8528321668533847
1384,"In return , he has the government 's blessing to build churches and spread Unificationism in that country .",0.7110407897014142,0.1024154681351852,0.8615967280899711,0.936709709721729,0.8975845318648144
1385,"Whatever respectability and ties to intellectuals and opinion-makers the publications and conferences bring really are salvage -- not the Rev. Moon 's original final goals , but the ones for which he will have to settle .",1.3358357287897462,0.1820178939013832,0.7694095336389903,0.8731006658546928,0.817982106098617
1386,"Mr. Shupe is co-author -LRB- with David G. Bromley -RRB- of `` ` Moonies ' in America : Cult , Church , and Crusade '' and `` Strange Gods : The Great American Cult Scare .",1.9918120072059278,0.2873844118895872,0.6846398692292843,0.7429749938320691,0.7126155881104124
1387,The Manville Personal Injury Settlement Trust said it is considering several ways to ease a liquidity crunch that could include the sale of Manville Corp. to a third party .,1.434610213410533,0.208069516051102,0.7759326213445769,0.8086019086056532,0.7919304839488978
1388,"In a filing with the Securities and Exchange Commission , the majority holder of Manville acknowledged that the cash portion of its initial funding of $ 765 million will be depleted next year , and that alternative sources of funds will be necessary to meet its obligations .",1.9000425880894518,0.264043419380498,0.6901623661016877,0.7882598383858036,0.7359565806195021
1389,"The trust , which was created as part of Manville 's bankruptcy-law reorganization to compensate victims of asbestos-related diseases , ultimately expects to receive $ 2.5 billion from Manville , but its cash flow from investments has so far lagged behind its payments to victims .",1.6323763096666877,0.21793502852818955,0.7275224332739587,0.8454484527493296,0.7820649714718105
1390,Spokespersons for both the trust and the company refused to comment on whether any talks with a possible acquirer of Manville had actually taken place .,1.7053344779860522,0.2518039906748493,0.7572261973003964,0.7393786594976454,0.7481960093251505
1391,"The trust is considering a sale of its Manville holdings , but Manville has the right of first refusal on any sales of its stock held by the trust .",1.5421554168830127,0.2319964301336818,0.7621348459511768,0.7739633779101505,0.768003569866318
1392,"Manville , a forest and building products concern , has offered to pay the trust $ 500 million for a majority of Manville 's convertible preferred stock .",1.3037941938098765,0.18100523319434125,0.7915364762443682,0.848426566713703,0.8189947668056585
1393,"Manville and the trust are discussing the offer , but no decision has been made .",0.46936093777043375,0.07292427839418082,0.9454372108185386,0.9094138479582545,0.9270757216058192
1394,The filing also said the trust is considering a sale of Manville securities in the open market ; an extraordinary dividend on the common stock ; or a recapitalization of Manville .,1.7753982472854188,0.2769351916274115,0.713547975029835,0.7328389318024165,0.7230648083725888
1395,"The Soviet Union 's jobless rate is soaring to 27 % in some areas , Pravda said .",1.1313626653666828,0.16726130854746923,0.7645738359292338,0.9142475665368721,0.8327386914525307
1396,It said the situation is caused by efforts to streamline bloated factory payrolls .,0.6253491072973913,0.09328491767259718,0.8629922771049006,0.9551046883087146,0.906715082327403
1397,"Unemployment has reached 27.6 % in Azerbaijan , 25.7 % in Tadzhikistan , 22.8 % in Uzbekistan , 18.8 % in Turkmenia , 18 % in Armenia and 16.3 % in Kirgizia , the Communist Party newspaper said .",0.7762416003601773,0.13611718832092412,0.8317365355688812,0.8986138693208829,0.8638828116790761
1398,"All are non-Russian republics along the southern border of the Soviet Union , and all but Kirgizia have reported rioting in the past six months .",1.5916953071251596,0.24630559356240794,0.716771983691969,0.7946273202674743,0.753694406437592
1399,The newspaper said it is past time for the Soviet Union to create unemployment insurance and retraining programs like those of the West .,1.6521451856001352,0.24338466162107872,0.7291283593152597,0.7862559361980082,0.7566153383789214
1400,"Pravda gave no estimate for overall unemployment but said an `` Association of the Unemployed '' has cropped up that says the number of jobless is 23 million Soviets , or 17 % of the work force .",2.116986104575645,0.29809226429112273,0.6758464126565992,0.7300595732100141,0.7019077357088775
1401,"An 11-week dispute involving Australia 's 1,640 domestic pilots has slashed airline earnings and crippled much of the continent 's tourist industry .",1.652870105695805,0.2629809210373064,0.6685839027553314,0.8210616309266328,0.7370190789626935
1402,"`` The only people who are flying are those who have to , '' said Frank Moore , chairman of the Australian Tourist Industry Association .",1.313037134131446,0.18728459021560168,0.7948381883441468,0.831415311024633,0.812715409784398
1403,He added : `` How is a travel agent going to sell a holiday when he can not guarantee a return flight ? '',1.050803372869737,0.15025843511894138,0.8133492117988077,0.8895431249173519,0.8497415648810591
1404,"Transport giant TNT , which owns half of one of the country 's two major domestic carriers , said the cost of the dispute had been heavy , cutting TNT 's profits 70 % to $ 12 million in the three months to Sept. 30 .",1.440161430128489,0.2024973157754207,0.7332777777860238,0.8740579722628248,0.7975026842245795
1405,"Brazilian financier Naji Nahas , who was arrested on Monday after 102 days in hiding , is likely to be interrogated next week by the Brazilian judiciary .",1.3126745536486935,0.19150385569571252,0.7617632569194056,0.861337758972318,0.808496144304287
1406,"Mr. Nahas , who single-handedly provoked a one-day closure of Brazil 's stock markets in June when he failed to honor a debt of $ 31.1 million owed to his brokers , yesterday blamed his predicament on the president of the Sao Paulo stock exchange ; a few days before Mr. Nahas 's failure , the exchange raised the required margin on stock-margin transactions .",1.7229098374558367,0.23696307568158723,0.7117100078905995,0.8223423985986152,0.7630369243184127
1407,China 's parliament ousted two Hong Kong residents from a panel drafting a new constitution for the colony .,1.0857468675310864,0.176631796385348,0.7856334354694019,0.8649107408847493,0.8233682036146518
1408,"The two , Szeto Wah and Martin Lee , were deemed unfit because they had condemned China 's crackdown on its pro-democracy movement .",1.098521999025012,0.16055969711839488,0.7974096436916662,0.886148286562127,0.8394403028816052
1409,"The committee is formulating Hong Kong 's constitution for when it reverts to Chinese control in 1997 , and Chinese lawmakers said the two can only return if they `` abandon their antagonistic stand against the Chinese government and their attempt to nullify the Sino-British joint declaration on Hong Kong . ''",1.6330504870796352,0.21235226305535632,0.718456443215762,0.8715862726336387,0.7876477369446434
1410,NUCLEAR REACTOR FOR ISRAEL ?,1.3509775004326938,0.41027247824384333,0.5051961085524235,0.7082316448032829,0.5897275217561565
1411,"Israeli officials confirmed that Energy Minister Moshe Shahal and his Canadian counterpart , Jake Epp , discussed a possible Israeli purchase of a $ 1.1 billion Canadian nuclear reactor for producing electricity .",1.514368740940518,0.23143014849433827,0.7235212417274752,0.819600654661691,0.7685698515056616
1412,"However , a Canadian Embassy official in Tel Aviv said that Canada was unlikely to sell the Candu heavy-water reactor to Israel since Israel has n't signed the Nuclear Non-Proliferation Treaty .",1.4033906492901114,0.20547242879359667,0.8539091194602608,0.7428679200389373,0.7945275712064032
1413,Israel has been accused in the past of using subterfuge to seek elements needed to develop nuclear weapons .,0.6765659459091218,0.10446201743269211,0.8354236681527093,0.9649743328379519,0.8955379825673077
1414,The South Korean government is signing a protocol today establishing formal diplomatic relations with Poland .,0.897782998537517,0.1602549487645957,0.796600326120996,0.8878309229886087,0.8397450512354044
1415,The two are also signing a trade agreement .,0.8888888888888893,0.163070121084996,0.8369298789150039,0.8369298789150039,0.8369298789150039
1416,"South Korean government officials said they do n't expect that Seoul can loan money to Warsaw , but it can `` offer experience . ''",0.9549721192370857,0.1278007874084951,0.8263515496583544,0.9234331605443264,0.8721992125915047
1417,Poland is the second Communist nation to recognize the Seoul government ; South Korea established diplomatic relations with Hungary in February 1989 .,1.3158548915865396,0.20616306027335954,0.7491583737774756,0.8441825928885036,0.7938369397266406
1418,"Venezuela will hold a debt-equity auction Friday , with 32 potential bidders participating .",0.8571428571428585,0.13855862891608337,0.756606949528823,0.9999999999999999,0.8614413710839168
1419,"Earlier this year , Venezuela announced it was opening up debt-equity swaps to foreign investors but said the program would be limited to a net disbursement of $ 600 million a year .",1.6825996192524393,0.22043275490672215,0.747526663494557,0.8144774810295486,0.7795672450932781
1420,Friday 's auction will be limited to $ 150 million disbursed by the Central Bank to potential investors .,1.0923625001138637,0.1564442396225536,0.799873449270242,0.8922847963333488,0.843555760377446
1421,"The office of foreign investment has authorized some $ 1.78 billion worth of investment proposals , said Edwin Perozo , superintendent of foreign investment .",1.2760053811956045,0.19992110186947723,0.7436845690603803,0.8657278918713487,0.8000788981305228
1422,"Most of the proposals are in tourism , basic industry and fishery and agro-industry projects , he said .",0.36077647222491116,0.053114267147340334,0.9263937707064975,0.9683047723236078,0.9468857328526594
1423,"Under the debt-equity program , potential investors will submit sealed bids on the percentage of discount they are willing to purchase the debt at , and the bids will be allocated based on these discount offers .",1.3968560647455082,0.1997079149598485,0.7895060631959544,0.8113769004456947,0.8002920850401516
1424,The Venezuelan central bank set a 30 % floor on the bidding .,0.5776750003328406,0.10930995349034833,0.9173967305009776,0.86549431345625,0.8906900465096514
1425,A song by American singer Tracy Chapman praising jailed black leader Nelson Mandela was banned from South African state radio and television .,1.5182471538497397,0.268726888905792,0.7099644099395598,0.7539004994799521,0.7312731110942078
1426,The South African Broadcasting Corp. said the song `` Freedom Now '' was `` undesirable for broadcasting . '' ...,1.162255624891828,0.17593641426284182,0.8287989732408668,0.8193820026016112,0.8240635857371584
1427,Britain 's House of Commons passed a law that will force English soccer fans to carry identity cards to enter stadiums .,1.6370914741365228,0.2524088121295037,0.6680198285009925,0.8486821927622518,0.7475911878704962
1428,"The `` anti-hooligan '' law , which would deprive troublemakers of cards , must be ratified by the House of Lords and is expected to become effective early next year .",1.2145640146581673,0.15954092402198716,0.7993347737400218,0.886044430385888,0.8404590759780128
1429,"A federal judge ruled that Imelda Marcos was n't brought to the U.S. against her will and that marital privileges , which protect spouses from incriminating each other , do n't apply in her case .",1.8644282077434369,0.2546207817788231,0.6846769210787319,0.8178921523255052,0.7453792182211767
1430,"As a result , Judge John F. Keenan of New York ordered Mrs. Marcos to turn over to the court all pleadings and documents she may have filed in foreign countries in opposition to U.S. requests for evidence .",1.4376861598977877,0.2075485423072903,0.7729626810489798,0.8129483977588186,0.7924514576927097
1431,Mrs. Marcos had claimed that she did n't have to turn over the documents because she was brought here involuntarily and because providing the materials would violate her marital privilege .,1.7094747890222886,0.23431290453245665,0.697881441025209,0.8480865713905845,0.7656870954675433
1432,"In 1988 , a year and a half after Mrs. Marcos and her late husband , Ferdinand Marcos , the ousted president of the Philippines , fled the Philippines for Hawaii , they were charged with racketeering , conspiracy , obstruction of justice and mail fraud in a scheme in which they allegedly embezzled more than $ 100 million from their homeland .",1.6135184974227972,0.22665531335206346,0.7497679692301126,0.7984522999635357,0.7733446866479363
1433,"Much of the money was fraudulently concealed through purchases of prime Manhattan real estate , federal prosecutors have charged .",1.1427376486136662,0.1778405675073382,0.7805267946085003,0.8684836125183324,0.8221594324926614
1434,Mrs. Marcos 's trial is expected to begin in March .,0.6827068185751761,0.11625448907348952,0.8572056983656897,0.9119812199068189,0.8837455109265104
1435,U.S. law requires criminal defendants to turn over foreign documents such as those sought in the Marcos case .,1.1320934212803646,0.1735898615067562,0.7762910617930967,0.8834474712011706,0.826410138493244
1436,"The law is meant to overcome delays caused by defendants ' use of foreign procedures to block U.S. requests for records , Judge Keenan said in his opinion .",1.4078938421831193,0.20892459149812304,0.7308637841288881,0.8620987171642402,0.791075408501877
1437,"For instance , the documents could involve foreign business dealings or bank accounts .",1.1617616076064587,0.19752745442714098,0.7544164619364889,0.8570674647538377,0.8024725455728593
1438,"The U.S. has charged that the Marcoses ' alleged crimes involved bank accounts in the Philippines , Hong Kong , the U.S. and other countries .",1.345401922744081,0.20230076232380184,0.7379506705361895,0.8679753194240418,0.7976992376761979
1439,"On the allegation of kidnapping , Judge Keenan wrote , `` The suggestion that Mrs. Marcos was brought to this country against her will is unsupported by affidavit or affirmation . ''",1.7684351683315418,0.24964562856249295,0.7594438140934333,0.7414799304541033,0.7503543714375067
1440,The judge also said the two marital testimonial privileges cited by Mrs. Marcos do n't apply .,1.220875735421381,0.1817115797054571,0.7600318912020095,0.8862170563465107,0.8182884202945432
1441,The first one permits a witness to refuse to testify against her spouse .,0.2857142857142856,0.04700564476422528,0.9529943552357747,0.9529943552357749,0.9529943552357748
1442,But Judge Keenan said that privilege 's purpose is `` fostering harmony in marriage . '',0.647782998537517,0.1019774668258935,0.8451013337666614,0.958014481329847,0.8980225331741064
1443,"Because Mr. Marcos died Sept. 28 , the privilege can no longer apply , the judge said .",0.9510786377090987,0.15150208823316474,0.7949625784672925,0.9097643661714427,0.8484979117668353
1444,The second marital privilege cited by Mrs. Marcos protects confidential communications between spouses .,1.203910926590953,0.2210708459801676,0.697877024126725,0.8812821354888848,0.7789291540198324
1445,"But Judge Keenan said that privilege is meant to protect private utterances -- not litigation papers filed with foreign governments , as Mrs. Marcos 's attorneys maintained .",1.4824919644402481,0.21210694658109905,0.7098706052587771,0.8851843792310612,0.787893053418901
1446,"Though Judge Keenan threw out most of Mrs. Marcos 's objections , he agreed with one of her concerns : that turning over the foreign documents could violate the defendant 's constitutional right against self-incrimination .",1.5785811506475111,0.2117431392767214,0.739205218756416,0.8442810481077503,0.7882568607232786
1447,"As a result , he said he will examine the Marcos documents sought by the prosecutors to determine whether turning over the filings is self-incrimination .",1.0178612864119279,0.1386013557897706,0.833190304643101,0.8915839483695005,0.8613986442102293
1448,Judge Keenan also directed the prosecutors to show that Mrs. Marcos 's Fifth Amendment right against self-incrimination wo n't be violated .,1.4322625001966784,0.208404266371186,0.8022072607264449,0.7812612781467276,0.7915957336288137
1449,"Mrs. Marcos 's attorney in New York , Sandor Frankel , declined to comment on the ruling .",0.9783133596909339,0.15864843318550068,0.8719907193287645,0.8127924643762983,0.8413515668144994
1450,Mrs. Marcos has n't admitted that she filed any documents such as those sought by the government .,1.459147917027245,0.2191412975499534,0.7602736443683646,0.8025894984113773,0.7808587024500466
1451,"Charles LaBella , the assistant U.S. attorney prosecuting the Marcos case , did n't return phone calls seeking comment .",1.4804820237218408,0.2482624739781776,0.736967225036665,0.7671119885145316,0.7517375260218222
1452,U.S. . AND BRITISH LAW FIRMS announce rare joint venture in Tokyo .,1.1630319599049042,0.2322775684452416,0.6689624203076853,0.900693241165839,0.7677224315547583
1453,"Sidley & Austin , a leading Chicago-based law firm , and Ashurst Morris Crisp , a midsized London firm of solicitors , are scheduled today to announce plans to open a joint office in Tokyo .",1.7157600654310174,0.2585291546894363,0.695547735177348,0.7938867266935277,0.7414708453105638
1454,The firms will be registered under Japanese law as foreign legal consultants and their practice with Japanese clients will be limited to advising them on matters of foreign law .,0.7883828151467753,0.1179489148987875,0.8403846378791471,0.9280647297313679,0.8820510851012129
1455,The office may also be able to advise foreign and multinational clients on international law and general matters .,0.7162968670756218,0.11359200530115475,0.8690692080331933,0.904452717222827,0.8864079946988451
1456,"The office will provide `` one-stop shopping '' for Japanese financial institutions and other clients seeking advice on access to the world capital markets , according to A. Bruce Schimberg , Sidley 's senior banking specialist , who will move to Tokyo from Chicago to open the office next year .",1.529054874332311,0.2188485721714269,0.7389212441094468,0.8285012076451497,0.7811514278285734
1457,"The Sidley-Ashurst venture will also be staffed by another Sidley partner specializing in corporate law , a partner from Ashurst concentrating on acquisitions and a Japanese attorney .",1.0139414116272576,0.15215966852666085,0.8051203961882261,0.895347758278598,0.8478403314733394
1458,"The office will tap the resources of Sidley 's 700 lawyers in the U.S. , London and Singapore as well as the 400 Ashurst staff members in London and Brussels .",1.3192450629754742,0.1965948679794017,0.7945338267394421,0.8124767779193651,0.803405132020598
1459,Ashurst is new to the Far East .,0.5943609377704346,0.10995202064513891,1.0,0.8018796874098555,0.8900479793548612
1460,Sidley will maintain its association with the Hashidate Law Office in Tokyo .,1.163031959904905,0.20685453842189855,0.8402782094269273,0.7510194040379029,0.7931454615781015
1461,THE UNITED AUTO WORKERS said it will seek a rehearing of a U.S. appellate court ruling against the union 's claim that the state of Michigan engages in wage-discrimination against female employees .,1.0740030144059878,0.16357250220472835,0.8260838964509849,0.8470334132348927,0.8364274977952714
1462,A three-judge panel of the court in Cincinnati made the ruling Saturday .,1.0392134618713031,0.19108144632042173,0.8265692515053586,0.792005926860018,0.8089185536795782
1463,The UAW is seeking a hearing by the full 14-judge panel .,0.6258145836939111,0.1064773412044532,0.9195997479431867,0.8688837238920266,0.8935226587955467
1464,"The union sued the state in November 1985 , alleging that it intentionally segregated job classifications by sex and paid employees in predominantly female jobs less than males in comparable jobs .",1.4807524370391922,0.2236291416547302,0.7207087990393578,0.8413503525352821,0.7763708583452696
1465,The UAW also charged that the state applied its own standards for determining pay in a discriminatory manner .,1.3565493426745938,0.21817407173035086,0.7395401969694737,0.829240584975484,0.7818259282696488
1466,"In November 1987 , a district court judge in Detroit ruled against the UAW .",1.2679700005769243,0.2206772827207478,0.7932178304750886,0.7659060356889029,0.779322717279252
1467,"The union is the bargaining representative for more than 20,000 Michigan state employees .",1.2857142857142856,0.2349687310513091,0.7094639848652282,0.8300426228882047,0.7650312689486908
1468,NEW JERSEY MERGER :,0.5,0.14285714285714285,1.0,0.75,0.8571428571428571
1469,"One of the largest law firms in central New Jersey has been created through the merger of Norris , McLaughlin & Marcus , a 41-lawyer firm , and Manger , Kalison , McBride & Webb , a health-care specialty law firm with 14 lawyers .",1.7239896720075727,0.2660217036161335,0.7084044859864315,0.7614677201291644,0.7339782963838669
1470,"Norris McLaughlin is a general-practice firm that has expanded recently into such specialties as banking , labor and environmental work .",1.2933933075585768,0.19780102215412784,0.749517888664656,0.862845482055044,0.8021989778458717
1471,The merged firm will carry Norris McLaughlin 's name .,0.6754887502163465,0.12130822140392354,0.8372688393501769,0.9244267583903902,0.8786917785960764
1472,DRUG WARS :,4.440892098500626e-16,1.4009454786722165e-16,1.0,1.0,1.0
1473,A Texas legislator proposes color-coding drivers ' licenses of some drug offenders .,0.6734528847818062,0.11231879760522323,0.8791667763273406,0.8963621598021589,0.8876812023947769
1474,The bill would authorize courts to order the licenses as a condition of probation .,0.9073093649624528,0.1510716839493718,0.8873439493874143,0.8137008989898721,0.8489283160506277
1475,"State Senator J.E. `` Buster '' Brown , a Republican who is running for Texas attorney general , introduced the bill .",1.1825460195910678,0.19032968011123577,0.7939125336340473,0.8260663026679784,0.8096703198887641
1476,He said an altered license would be an `` embarrassment '' to teenagers and young adults and would act as a deterrant to drug use .,1.3947947117880926,0.19273495367053337,0.8019581920303467,0.8126426033343203,0.8072650463294665
1477,"Richard Avena , executive director of the Texas Civil Liberties Union , called the proposal `` political gimmickry , '' and said it fails to recognize the drug problem as a health issue .",1.4171633361777287,0.2024388794910623,0.786970425168267,0.8084407539130067,0.7975611205089379
1478,"The amendment , offered by Rep. Douglas Bosco -LRB- D. , Calif. -RRB- , was approved 283-132 during debate on a bill designed to strengthen the Transportation Department 's authority in dealing with leveraged buy-outs of airlines .",1.7542065974157008,0.2518947294071156,0.7173211001277646,0.7816501524204392,0.7481052705928843
1479,"The bill would require the agency to block the acquisition of 15 % or more of an airline 's stock if the purchase threatened safety , reduced the carrier 's ability to compete , or put the airline under foreign control .",0.9136457810710299,0.14409539113409184,0.8240644202598639,0.8903041678369615,0.8559046088659082
1480,"Debate on the legislation , which faces a veto threat from President Bush , is to continue today .",0.9923554195933324,0.155751397826708,0.864638459611981,0.8247982543036423,0.8442486021732919
1481,The amendment would require the department to block the purchase of a major airline by anyone who has run two or more carriers that have filed for protection from creditors under Chapter 11 of the Bankruptcy Code .,1.5915896283608841,0.22751298917373955,0.7197751727193213,0.8335295058062131,0.7724870108262603
1482,"In 1983 , Texas Air 's Continental Airlines filed for bankruptcy .",1.0629072918469564,0.18409515009462638,0.779399573935971,0.855997810360308,0.8159048499053737
1483,"Earlier this year , Texas Air 's Eastern Airlines filed for bankruptcy .",0.8853673080251498,0.15005901246939615,0.7882778229819998,0.9220700732329221,0.8499409875306041
1484,"`` This ought to be subtitled the ` Do n't let Frank Lorenzo take over another airline ' amendment , '' said Rep. James Oberstar -LRB- D. , Minn. -RRB- , chairman of the House aviation subcommittee , who argued that the provision was unnecessary because the bill already would give the department ample power to block undesirable deals .",2.1966050134590844,0.2912284912088131,0.6728454108880624,0.7487505047121025,0.7087715087911866
1485,"For years , a strict regimen governed the staff meetings at Nissan Motor Co. 's technical center in Tokyo 's western suburbs .",1.4417938895100084,0.2370302985378385,0.7308840686213148,0.798001785760496,0.7629697014621616
1486,Employees wore identification badges listing not only their names but also their dates of hire .,1.5165414066556506,0.2645072571756459,0.7140492573714248,0.7582640343309245,0.7354927428243542
1487,"No one could voice an opinion until everybody with more seniority had spoken first , so younger employees -- often the most enthusiastic and innovative -- seldom spoke up at all .",1.7894101540262515,0.2514548333266076,0.6915414196918287,0.815790786784597,0.7485451666733923
1488,"But in 1986 , the badges and the `` do n't speak out of turn '' rule were abolished -- early steps in a cultural revolution still rolling on with all the subtlety of a freight train .",1.7623128134402117,0.24057596329839798,0.7237778771588026,0.7987632354042669,0.759424036701602
1489,"In recent years , Nissan has instituted flex-time work schedules and allowed employees to dress casually , even in blue jeans .",0.9841583842910548,0.1534981328323985,0.7718049218225354,0.9372067591497953,0.8465018671676013
1490,"A rule forbidding staffers to own competitors ' cars has been lifted , and now many designers drive foreign cars to get useful ideas .",1.2236036186313157,0.19475029911075045,0.7138961258338689,0.9234142165460814,0.8052497008892494
1491,Nissan 's decades-old corporate song filled with references to Mount Fuji has been scrapped in favor of a snappy tune sung by a popular Japanese vocalist .,0.662011221515824,0.1041199246027831,0.8939817779604896,0.8977864517486132,0.895880075397217
1492,"And in a Japanese corporate first , Nissan recently opened the first coed company dormitory for single employees at the suburban Tokyo technical center .",1.2096629968074462,0.19711379559666276,0.8005465784073724,0.8052395457641819,0.8028862044033372
1493,"`` We had lots of internal debate about this one , '' concedes Tadahiko Fukuyama , a senior public-relations official .",1.1649711165100065,0.17167614303574263,0.7818816996062902,0.880631551476967,0.8283238569642574
1494,"`` But in the end , top management decided to follow the voice of the younger generation . ''",0.31578947368420707,0.046185298161938504,0.939353264964141,0.9687283713949967,0.9538147018380608
1495,"This corporate glasnost is a big reason Nissan , after years of making lackluster cars and lousy profits , has loosened up its rigid ways and now is riding a string of hits , ranging from the sleek Maxima sedan and Porsche-like 300ZX to the whimsically nostalgic Pao , a minicar sold only in Japan .",1.5044744589892494,0.2085749072250628,0.7474359497746631,0.8409158449466907,0.7914250927749377
1496,The company 's turnaround is far from complete ; many crucial tests are just beginning .,0.9693609377704329,0.1543411312393295,0.7691218838107539,0.9391119316523923,0.8456588687606703
1497,But its surprising progress so far holds important lessons for companies in trouble .,0.911063393011676,0.14856996455252616,0.8440086748696408,0.8589830657073242,0.851430035447474
1498,The big one : A company 's culture ca n't be radically changed unless top management first admits that things have gone badly awry and then publicly leads the charge .,2.1222725787684134,0.30834014095491596,0.6734838668469714,0.7108441305731613,0.691659859045084
1499,"Atsushi Muramatsu , Nissan 's executive vice president for finance , helped set the tone in December 1986 , when the company was heading toward the first operating loss by a Japanese auto maker since the nation 's postwar recovery .",1.4162686895940277,0.22271542365604746,0.7681537799179193,0.7866350537155883,0.7772845763439526
1500,"`` This is a time of self-criticism to discover what is wrong with us , '' he said .",0.5660467106401796,0.07538488857694196,0.9327556834195969,0.9166154028044932,0.9246151114230576
1501,"Yutaka Kume , who took the helm as Nissan 's president in June 1985 , added simply , `` I am deeply disappointed . ''",0.974581119064009,0.13076815842541686,0.8493360668877465,0.8900820956955902,0.8692318415745827
1502,No wonder .,4.440892098500626e-16,1.4009454786722165e-16,1.0,1.0,1.0
1503,"Nissan , Japan 's second-largest auto maker and the world 's fourth-largest , was getting beat up not only by its bigger rival , Toyota Motor Corp. , but also by Honda Motor Co. , the most successful Japanese car company in the U.S. but a relative pipsqueak in Japan .",1.9499298160519132,0.2903853983944214,0.6700396325754459,0.7541579003908762,0.7096146016055788
1504,Nissan 's market share in Japan had been dropping year by year since the beginning of the decade .,1.042119424198959,0.17307670985871923,0.8890969828621196,0.7728767649359883,0.8269232901412802
1505,"Its U.S. sales sagged , partly because of price increases due to the rising yen .",1.0943609377704338,0.17339767257748903,0.7290637693320439,0.9542703883262178,0.826602327422511
1506,"Worst of all , Nissan was preoccupied with management infighting , cronyism and corporate rigidity .",0.6556390622295662,0.10086754803531789,0.8991324519646822,0.8991324519646822,0.8991324519646822
1507,"Consider the experience of Satoko Kitada , a 30-year-old designer of vehicle interiors who joined Nissan in 1982 .",1.396280263841092,0.21587525775089014,0.747623242113791,0.8243734474928578,0.7841247422491094
1508,"At that time , tasks were assigned strictly on the basis of seniority .",0.6253491072973922,0.0991030237149091,0.9521453180972221,0.8548836536751555,0.9008969762850915
1509,"`` The oldest designer got to work on the dashboard , '' she recalls .",0.45032583347756283,0.06345487418049194,0.9129195054117519,0.9614260566461555,0.9365451258195077
1510,`` The next level down did doors .,0.5,0.09090909090909091,0.8333333333333333,1.0,0.9090909090909091
1511,"If a new person got to work on part of the speedometer , that was a big deal . ''",0.5754887502163468,0.08378828816027198,0.96919702191136,0.8687194395472575,0.916211711839728
1512,"This system produced boring , boxy cars that consumers just were n't buying .",1.2506982145947818,0.19652670161588476,0.7900849495433772,0.8173232119710343,0.8034732983841153
1513,"Desperately hoping to spark sales , Nissan transferred 5,000 middle managers and plant workers to dealerships .",0.8390977944994367,0.13623138805916027,0.7602048500141121,1.0000000000000002,0.8637686119408402
1514,"Meanwhile , President Kume ordered everyone from top executives to rookie designers to go `` town watching , '' to visit chic parts of Tokyo to try to gain insights into developing cars for trend-setters .",1.3501695249107337,0.20606293584500018,0.7417195119468721,0.85406372443772,0.7939370641549998
1515,Some town-watching excursions were downright comic .,0.5714285714285712,0.1133049180745301,0.8866950819254699,0.8866950819254699,0.88669508192547
1516,One group of middle-aged manufacturing men from the company 's Zama plant outside Tokyo was supposed to check out a trendy restaurant in the city .,1.136600730165128,0.16449371381394565,0.7997085621182162,0.8746590537605596,0.835506286186054
1517,"But when they arrived at the door , all were afraid to go in , fearing that they would be out of place .",1.2295739585136225,0.16525751962768068,0.8277440023129333,0.8418603101520634,0.8347424803723196
1518,Other trips were more productive .,0.6666666666666665,0.1480409554829326,0.8519590445170674,0.8519590445170674,0.8519590445170674
1519,Mr. Kume himself visited Honda 's headquarters in Tokyo 's upscale Aoyama district .,1.1760281033364413,0.22668308359133638,0.7450572588417392,0.8038048410467381,0.773316916408664
1520,He liked the well-lighted lobby display of Honda 's cars and trucks so much that he had Nissan 's gloomy lobby exhibit refurbished .,1.6037593748197114,0.2404463879988025,0.7065855815233053,0.8211065167628959,0.7595536120011976
1521,"Later , Nissan borrowed other Honda practices , including an engineering `` idea contest '' to promote inventiveness .",1.5134151316928106,0.23065474889511395,0.697937718072511,0.8570298475430496,0.7693452511048855
1522,One engineer developed a `` crab car '' that moves sideways .,0.959147917027245,0.1544328356968519,0.8234693040604314,0.8688837238920266,0.8455671643031483
1523,"Such sudden cultural shifts may come across as a bit forced , but they seem to be genuine -- so much so , in fact , that some older employees have resisted .",1.8186670433637415,0.24258281185895364,0.7243703142287604,0.793623497454147,0.7574171881410463
1524,"Nissan handled the die-hards in a typically Japanese fashion : They were n't fired but instead `` were neglected , '' says Kouji Hori , the personnel manager at the Nissan Technical Center .",1.4639540444358037,0.19355925655886957,0.7978929098407994,0.8151737063631191,0.8064407434411307
1525,"Despite the pain of adjusting , the cultural revolution has begun to yield exciting cars .",0.4528195311147831,0.07017390288560486,0.901491193242391,0.9600000000000001,0.9298260971143952
1526,"A year ago , the company completely revamped its near-luxury sedan , the $ 17,699 Maxima , which competes against a broad range of upscale sedans ; it replaced its boxy , pug-nosed body with sleek , aerodynamic lines .",1.838076086816792,0.2616367399768267,0.6939750226246268,0.7888178634998533,0.7383632600231732
1527,"Since then , Nissan also has launched new versions of the $ 13,249 240SX sporty coupe and 300ZX sports car .",1.286645238507326,0.18575527334422118,0.7642775960432147,0.871202414630953,0.8142447266557785
1528,"The restyled 300ZX costs as much as $ 33,000 and is squared off against the Porche 944 , which begins at $ 41,900 .",1.3595496034621126,0.18597534729033824,0.8135615739538803,0.8144882589339738,0.814024652709662
1529,"Besides new styling , the new Nissans have more powerful engines and more sophisticated suspension systems .",0.7776047616984494,0.1299135341441043,0.7978029524398351,0.9567731944878032,0.870086465855896
1530,All three new models are outselling their predecessors by wide margins .,0.5,0.09018579399128603,0.8345496804519782,0.9999999999999998,0.9098142060087139
1531,"In its home market , Nissan has grabbed attention with limited-production minicars featuring styling odd enough to be cute .",1.6937151490463602,0.2509155199612841,0.6933374469907982,0.8145798770070609,0.7490844800387159
1532,"One is the Pao , a tiny coupe with a peelback canvas top and tilted headlights that give it a droopy-eyed look .",0.8241138453210093,0.12299433919075584,0.8442766906421276,0.9123744892648497,0.8770056608092442
1533,"Nissan initially planned to sell just 10,000 Paos , but sales have passed 50,000 , and there 's a one-year waiting list for the car .",1.2409485579419366,0.16119580436476058,0.7812159792850031,0.9055584579341583,0.8388041956352389
1534,"Then , there 's the S-Cargo , an offbeat delivery van with a snail-like body that inspired its name .",0.8622556248918274,0.12485399136756661,0.8673274252825217,0.8831068365820919,0.8751460086324337
1535,Nissan helped develop a Tokyo restaurant with both vehicles as its design theme .,1.393555357451925,0.23478551047134022,0.747229789297049,0.784086269967655,0.7652144895286601
1536,"The chairs are S-Cargo seats , and a gift shop sells such items as alarm clocks styled like the Pao 's oversized speedometer .",1.7669321648569465,0.2715536272857995,0.68293664358338,0.7804545266796213,0.7284463727142005
1537,All these vehicles have sharply improved Nissan 's morale and image -- but have n't done much for its market share .,0.9897471595826062,0.14473781818766543,0.8107239274575685,0.904978439804095,0.8552621818123343
1538,Nissan had 29 % of the Japanese car market in 1980 before beginning a depressing eight-year slide that continued through last year .,1.1992960402379973,0.19089135701579704,0.8299903441509372,0.7892518795763634,0.8091086429842033
1539,"Strong sales so far this year are certain to turn the tide , but even the 25 % market share that Nissan expects in 1989 will leave it far below its position at the beginning of the decade .",1.2544746976483871,0.17768966070375117,0.7812095457149335,0.8679760707414773,0.8223103392962491
1540,"Nissan concedes that it wo n't recoup all its market-share losses in Japan until at least 1995 , and even that timetable might prove optimistic .",1.7682372481168098,0.2413992282500932,0.7067434858552224,0.8186707153568011,0.7586007717499067
1541,"`` Everyone else is going to catch up '' with Nissan 's innovative designs , says A. Rama Krishna , auto analyst at First Boston -LRB- Japan -RRB- Ltd .",1.4060269822461358,0.19507143854824696,0.7705359011053808,0.8425348764789222,0.8049285614517533
1542,"Nissan 's pace of new-model hits will slow , he adds , just as arch-rival Toyota unleashes its own batch of new cars .",0.9470439980500229,0.13746098342068933,0.8169867380281914,0.9134709098357549,0.8625390165793104
1543,"Likewise , in the U.S. , Nissan has grabbed 5.2 % of the car market so far this year , up from 4.5 % a year ago .",1.572000443964412,0.24703627346184354,0.7802127024099199,0.7275538637934459,0.7529637265381566
1544,"But even that brings Nissan only to the share it had in 1987 , and leaves the company behind its high of 5.5 % in 1980 and 1982 .",1.3363754311090865,0.188589879919836,0.7855872534518711,0.8389883215266387,0.8114101200801644
1545,Why ?,0.0,0.0,1.0,1.0,1.0
1546,"So far , Nissan 's new-model successes are mostly specialized vehicles with limited sales potential .",1.022782998537517,0.16677107499597665,0.8096732491237593,0.8581962723315663,0.8332289250040232
1547,"In compact and subcompact cars , the bread-and-butter sales generators for Japanese auto makers , Nissan still trails Toyota and Honda .",1.1259499969621345,0.18288653050727444,0.762235993295273,0.880505828372747,0.8171134694927256
1548,"Nissan hopes that that will start to change this fall , with its new version of the Stanza compact sedan .",1.155460119356686,0.17493984273662197,0.7949969876494112,0.8574863918796461,0.8250601572633781
1549,The Stanza has been a nonentity compared with Honda 's hugely successful Accord and Toyota 's Camry .,0.7763426917242837,0.1246101143382613,0.8544008322876601,0.8974361363845618,0.8753898856617386
1550,"But this year , Honda has revamped the Accord and made it a midsized car .",1.1415414066556488,0.17273943545705836,0.8213962829975552,0.8332091831786743,0.8272605645429414
1551,"Nissan instead has kept its new Stanza a bit smaller than that and cut the base price 6 % ; at $ 11,450 , Stanza prices start $ 749 below the predecessor model yet have a more-powerful engine .",2.1703194602932188,0.318074227862953,0.5895915657211729,0.8085504943790125,0.6819257721370472
1552,"Accord prices start at $ 12,345 .",0.2857142857142865,0.053615035438314584,0.8982265179691366,1.0,0.9463849645616855
1553,Nissan 's risk is that its low-base-price strategy might get lost amid the highly publicized rebates being offered by Detroit 's Big Three .,1.296642311615157,0.18418347149317232,0.7448415356847718,0.901742403397285,0.8158165285068278
1554,"But `` on a new car , a rebate does n't work well '' because it cheapens the vehicle 's image , contends Thomas D. Mignanelli , executive vice president of Nissan 's U.S. sales arm .",1.6379286198412935,0.22923961710950921,0.7596280154382017,0.7822238934975237,0.7707603828904912
1555,"Even if the new Stanza succeeds , Nissan will remain behind in the subcompact segment , where its Sentra does n't measure up to the Honda Civic and Toyota Corolla .",1.5055172407437771,0.21073337943708853,0.7638539835210337,0.8164283528430268,0.7892666205629115
1556,Nissan will introduce a completely revamped Sentra next fall .,0.9999999999999982,0.17718382013555764,0.7437481019149278,0.9206955977827224,0.8228161798644421
1557,"At the opposite end of the market , Nissan launches its luxury Infiniti division on Nov. 8 -- three years after Honda pioneered Japanese luxury cars and two months after Toyota 's Lexus went on sale .",1.8652777384735328,0.301988726948276,0.611335021119066,0.8133262253752799,0.6980112730517237
1558,Nissan started advertising Infiniti fully eight months before the cars hit American showrooms .,0.7682062501545346,0.12456252775291163,0.8483686100754009,0.9042906361944435,0.8754374722470886
1559,"The ads featured fences , rocks and pussy-willow buds -- almost anything but the cars themselves .",1.2423185575743396,0.2073492341390677,0.7781343474491378,0.80771910008165,0.7926507658609325
1560,The ads have generated some laughs but also plenty of attention because they are so unlike any other U.S. auto advertising .,1.5785934524182066,0.24810693398125164,0.7054311006741412,0.8049068229661711,0.7518930660187482
1561,"On the other hand , Nissan 's sales goals for Infiniti are modest compared with Toyota 's targets for Lexus .",1.0777111640833033,0.17501254131504645,0.790442832479787,0.8626894708707962,0.8249874586849537
1562,"Nissan will build only about 3,500 of the $ 38,000 Infiniti Q45 sedans each month , sending about 2,000 of them to the U.S. and keeping the rest for sale in Japan .",1.868712026830508,0.26553009642191816,0.7117048749135985,0.7587394076562499,0.7344699035780817
1563,"Toyota wants to sell about 49,000 Lexus LS400 sedans next year in the U.S. alone .",1.1415414066556497,0.17953115364320316,0.755457552831375,0.8977228545870446,0.8204688463567967
1564,"`` When I saw the Lexus sales projections , I got worried , '' confesses Takashi Oka , who led the Infiniti development team .",0.799999999999998,0.11288385199149273,0.8675301196828197,0.9076069824634775,0.887116148008507
1565,"But on reflection , Mr. Oka says , he concluded that Nissan is being prudent in following its slow-startup strategy instead of simply copying Lexus .",1.874194459738483,0.2773521510083229,0.6941261185933717,0.7536139415947438,0.7226478489916772
1566,"`` Infiniti is Nissan 's big business move for the 21st century , and we 're in no hurry to generate large profits right away , '' Mr. Oka says .",1.419354838709677,0.18632965294078138,0.7821710209979787,0.8478131923819536,0.8136703470592185
1567,"Despite plans to add two new Infiniti models next year , bringing the total to four , Infiniti wo n't show profits for at least five years , he adds .",1.5633675305390362,0.22061737828702946,0.7129649014030339,0.8594461012193535,0.7793826217129703
1568,"These days Nissan can afford that strategy , even though profits are n't exactly robust .",1.5637218755408657,0.24295436668568013,0.705590924317018,0.8165952528699763,0.7570456333143196
1569,"Nissan had record net income of 114.63 billion yen -LRB- $ 868 million -RRB- in the fiscal year ended last March 31 , a remarkable recovery from the 20.39 billion yen of two years earlier , when the company lost money on operations .",1.9799511077697183,0.300050198017639,0.6386928017913821,0.774203641170844,0.699949801982361
1570,Nissan has increased earnings more than market share by cutting costs and by taking advantage of a general surge in Japanese car sales .,1.2174700395364013,0.1943681224518653,0.7757024229315747,0.8379635974430101,0.8056318775481347
1571,"But Nissan expects to earn only 120 billion yen in the current fiscal year , a modest increase of 4.7 % .",1.2327007035801687,0.18565274720988717,0.7449423174877309,0.8980135603610273,0.8143472527901126
1572,"The big reason : For all its cost-cutting , Nissan remains less efficient than Toyota .",1.7256025296523,0.2864357038435425,0.6368585097326517,0.8112778450209732,0.7135642961564573
1573,"In its last fiscal year , Nissan 's profit represented just 2.3 % of sales , compared with 4.3 % at Toyota .",1.3814972830790158,0.2201827099663793,0.7029751906392537,0.875520262050433,0.7798172900336208
1574,"To help close the gap , Nissan recently established a top-level cost-cutting committee .",0.571428571428573,0.08829443403702508,0.9117055659629754,0.9117055659629751,0.9117055659629751
1575,"Nissan is the world 's only auto maker currently building vehicles in all three of the world 's key economic arenas -- the U.S. , Japan and Europe .",1.362406034631964,0.2013606084901893,0.7382894804486497,0.8697339527715222,0.7986393915098109
1576,"That gives it an enviable strategic advantage , at least until its rivals catch up , but also plenty of managerial headaches .",1.5500645414957939,0.23622364505931398,0.6818181371582589,0.8681302996090201,0.7637763549406859
1577,"For example , Nissan 's U.S. operations include 10 separate subsidiaries -- for manufacturing , sales , design , research , etc. -- that report separately back to Japan .",1.2843108337660265,0.19346395730409008,0.7295379497494219,0.9017053055888384,0.80653604269591
1578,"And in July , Nissan 's Tennessee manufacturing plant beat back a United Auto Workers organizing effort with aggressive tactics that have left some workers bitter .",1.898560182549633,0.27860363118477804,0.6380271768307357,0.8298275714875117,0.7213963688152221
1579,"`` We are in a transitional phase from being a Japanese company to becoming an international company based in Japan , '' says Mr. Muramatsu , the executive vice president .",1.2316390150769045,0.1739685668019277,0.8107317491001159,0.8419196787679544,0.8260314331980723
1580,"He promises that Nissan will soon establish a holding company overseeing all U.S. operations , just as it 's doing in Europe .",1.6795300210039432,0.23925720449188842,0.7509756702741387,0.77076732936473,0.7607427955081114
1581,"Perhaps the biggest challenge , however , will be to prevent a return to its former corporate rigidity as its recovery continues .",0.6245446946347952,0.09107652628899902,0.8736679084754457,0.9471440594167351,0.908923473711001
1582,"Already , personnel officials are talking about the need for a `` Phase Two '' cultural-reform effort of some sort .",1.1242685940208004,0.16469017608111805,0.8662440283366941,0.8065088076860417,0.8353098239188819
1583,"`` We are still only half way through the turnaround of this company , and there are many more things to do , '' President Kume says .",1.1828362670987058,0.15151893415396744,0.8056883267873926,0.8960745103893972,0.8484810658460326
1584,"He adds , however , that `` the momentum we have generated is unstoppable .",1.1739760316291203,0.18420689161754056,0.7412781094173206,0.9069631531464245,0.8157931083824592
1585,"As expected , Warner Bros . Records said it agreed to form a recorded-music and music-publishing joint venture with former MCA Records Chairman Irving Azoff .",1.4998639393211386,0.22554726137765338,0.7289337399567626,0.8260353443901204,0.7744527386223463
1586,"Warner said it will provide financing for the venture , but did n't disclose terms .",0.547180468885216,0.07596753833988239,0.9180191809971816,0.9301250390563705,0.9240324616601175
1587,"Mr. Azoff has n't named the company yet , but any records it produces will be distributed by Warner .",1.218226398830014,0.16859795396059693,0.7937515507922056,0.8728021982457155,0.8314020460394032
1588,"Warner is part of Warner Communications Inc. , which is in the process of being acquired by Time Warner Inc .",1.409982879735085,0.2220313671722679,0.8014062530858008,0.7558629544343326,0.777968632827732
1589,"Mr. Azoff resigned as head of MCA Records , a unit of MCA Inc. , in September , and had been discussing a joint venture with both Warner and MCA .",1.7293432411108638,0.26469846871342295,0.7468039282263373,0.7241480833954238,0.7353015312865768
1590,"In a statement yesterday , Mr. Azoff said he chose Warner , the largest record company , because `` their standing in the entertainment industry is second to none .",1.592481250360577,0.23462610241382287,0.7625468734016738,0.7682219612781984,0.7653738975861769
1591,"President Bush and Soviet leader Mikhail Gorbachev will hold an informal meeting in early December , a move that should give both leaders a political boost at home .",1.3103448275862082,0.20317178774474526,0.7789591487445823,0.8155363444568575,0.7968282122552549
1592,The White House is purposely not calling the meeting a summit so that there wo n't be any expectation of detailed negotiations or agreements .,2.055363119410165,0.3043922996613136,0.653581076092698,0.7434105466044151,0.6956077003386865
1593,"Rather , senior administration officials said that the unexpected meeting was scheduled at Mr. Bush 's request because of his preference for conducting diplomacy through highly personal and informal meetings with other leaders .",1.7338336693308838,0.2652218291886683,0.6842075828877772,0.7934208390687637,0.7347781708113317
1594,"The two leaders will meet on Dec. 2 and 3 , alternating the two days of meetings between a U.S. and a Soviet naval vessel in the Mediterranean Sea .",1.6215982292250937,0.2399453579806579,0.7491963761987879,0.7712322789653262,0.7600546420193419
1595,"The unusual seaborne meeting wo n't disrupt plans for a formal summit meeting next spring or summer , at which an arms-control treaty is likely to be completed .",1.5818725165836982,0.2380986472578596,0.698976291468485,0.8372768681563543,0.7619013527421404
1596,"In announcing the meeting yesterday , Mr. Bush told reporters at the White House that neither he nor Mr. Gorbachev expects any `` substantial decisions or agreements . ''",2.2468453619335005,0.3383023519225841,0.6106529605170317,0.722054421445149,0.661697648077416
1597,"Instead , he said that the purpose is simply for the two to get `` better acquainted '' and discuss a wide range of issues without a formal agenda .",1.2406426982957859,0.15792001567135325,0.8238359609448744,0.8611503426686384,0.8420799843286468
1598,"Despite the informal nature of the session and the calculated effort to hold down expectations , the meeting could pay significant political dividends for both leaders .",1.041328811152348,0.16193124028242842,0.815082159688454,0.8623895012513481,0.8380687597175717
1599,Mr. Gorbachev badly needs a diversion from the serious economic problems and ethnic unrest he faces at home .,0.776573026429654,0.12332036055787324,0.8298300120194816,0.929135761312958,0.8766796394421265
1600,"American officials have said that a meeting with the leader of the U.S. could help bolster his stature among Soviet politicians and academics , whose support he needs .",1.526367672637603,0.20493994199576038,0.7709491639886548,0.8207277421137547,0.79506005800424
1601,"For his part , Mr. Bush has been criticized regularly at home for moving too slowly and cautiously in reacting to Mr. Gorbachev 's reforms and the historic moves away from communism in Eastern Europe .",1.8439039002112168,0.26463878710421435,0.7054594324383758,0.7679100404909235,0.7353612128957858
1602,"A face-to-face meeting with Mr. Gorbachev should damp such criticism , though it will hardly eliminate it .",1.0147034725827995,0.15239266219374406,0.8318884793206867,0.8639316648262617,0.8476073378062559
1603,"Senate Majority Leader George Mitchell -LRB- D. , Maine -RRB- , who has been the most prominent Democratic critic of Mr. Bush 's handling of the Soviet relationship , praised the president for arranging the meeting .",1.3887588644663298,0.2085673248406595,0.7479422764246288,0.8402929645622605,0.7914326751593408
1604,But he added : `` The mere fact of a meeting does n't deal with the substance of policy . '',0.4528464287774723,0.06136623176890092,0.9732365892681126,0.906407030549185,0.9386337682310991
1605,"Mr. Bush said that the December meeting , which was announced simultaneously in Moscow , will be held in the unusual setting of ships at sea to hold down the `` fanfare '' and force the two sides to limit participation to just small groups of advisers .",1.3587350197682007,0.17499216664064657,0.7916396423521633,0.861312798971779,0.8250078333593537
1606,"`` By doing it in this manner we can have , I would say , more time without the press of social activities or mandatory joint appearances , things of that nature for public consumption , '' Mr. Bush said .",1.4708904021087017,0.19950300363405424,0.7742004073668484,0.8286427819488944,0.8004969963659458
1607,"Soviet Foreign Minister Eduard Shevardnadze , at a news conference in Moscow , said , `` As the two sides plan to hold a full-scale summit in late spring-early summer next year , they found it useful , I would say even necessary , to hold an interim informal meeting . ''",1.8528001250723953,0.2504099449671575,0.7315392872583566,0.7685541667739112,0.7495900550328424
1608,"Although no specific agreements are expected , Mr. Shevardnadze said `` that does n't mean they will be without an agenda . ''",1.3158548915865413,0.17411577482688828,0.7473534343549353,0.9228566317652894,0.8258842251731118
1609,"If the two leaders cover the subjects that have been featured in lower level U.S.-Soviet meetings , their talks would include human rights , Soviet reforms , regional disputes , relations with allies , economic cooperation , arms control , and joint efforts to fight narcotics , terrorism and pollution .",1.60452802506836,0.24141142618424632,0.7126886063966008,0.8108078060991379,0.758588573815754
1610,The president specifically mentioned U.S. economic advice to Moscow as a possible topic .,0.8221267860233521,0.14107469779490633,0.8234990919436749,0.8975365386301009,0.8589253022050937
1611,Mr. Gorbachev has for months been publicly urging the U.S. to drop its restrictions on Soviet trade .,1.3318982472798373,0.21003601456165893,0.6799686753635213,0.9424137994436282,0.7899639854383408
1612,"He recently told a small group of American businessmen in Moscow that he hoped to sign a general trade agreement with the U.S. , possibly at the 1990 summit .",1.4154797815570044,0.19942936505310946,0.7977424414798092,0.8034189530457977,0.8005706349468904
1613,"The Soviets hope a trade agreement would give them Most-Favored Nation status , which would lower the tariffs on Soviet exports to the U.S. .",1.340391000173076,0.19183188054428782,0.750152250044027,0.8759099365210049,0.8081681194557122
1614,In an unusually candid article about the latest economic woe -- unemployment -- Pravda yesterday reported that three million Soviets have lost their jobs as a result of perestroika and the number could grow to 16 million by the year 2005 .,1.9791486702025463,0.2736228419133836,0.6723686471408238,0.7898200393413706,0.7263771580866164
1615,Economists in Moscow are now proposing that the state start a system of unemployment benefits .,1.3915414066556497,0.21884885876464324,0.7869906996238352,0.7753976048971918,0.7811511412353567
1616,But one Bush administration official knowledgeable about the summit plan cautioned against assuming that there will be bold new initiatives on the Soviet economy or other issues .,1.614974319602628,0.2424849700684368,0.7252715273076421,0.7927588252548543,0.757515029931563
1617,"`` Do n't take this as some big opening for major movement on economic cooperation , or arms control , or the environment , '' he said .",0.7273045705928665,0.10253602571962449,0.873944273491045,0.9222846166063837,0.8974639742803754
1618,"`` Those things will all come up , but in a fairly informal way . ''",0.6721804688852169,0.09172994313397861,0.8987258231601956,0.9180191809971816,0.9082700568660215
1619,"Instead , this official said , `` This is vintage George Bush .",0.6153846153846159,0.09499897752827899,0.9050010224717211,0.9050010224717211,0.9050010224717211
1620,This was George Bush 's own idea .,0.75,0.14285714285714285,0.8181818181818181,0.9,0.8571428571428571
1621,It 's George Bush wanting to meet a foreign leader and talk to him directly . '',1.0358612043786364,0.1553370165324837,0.7786577711560101,0.9228948776262071,0.8446629834675161
1622,"Aside from the Soviet economic plight and talks on cutting strategic and chemical arms , one other issue the Soviets are likely to want to raise is naval force reductions .",1.1798036437292216,0.17554290650072196,0.7506348392796184,0.9143834372065442,0.8244570934992778
1623,"Western analysts say that , given the meeting 's setting at sea , Gorbachev is unlikely to pass up the opportunity to press once again for negotiated cuts in the navies of both the North Atlantic Treaty Organization and the Warsaw Pact .",1.7108751491929501,0.23143801472714132,0.7549406491236931,0.7826838905971188,0.7685619852728588
1624,That theme has been a recurring one for Soviet military officials for much of this year .,1.589385294626699,0.27031934258483853,0.7225927496517625,0.736908993121242,0.7296806574151615
1625,They argue that as the Kremlin follows through on announced plans to cut land forces -- the Soviets ' area of greatest strength -- the U.S. should show more willingness to cut sea forces -- Washington 's area of greatest superiority .,1.5986672080511974,0.22453004556188105,0.7008461739253999,0.867878817939209,0.775469954438119
1626,"One of the reasons Bush administration aides are anxious to insist that the coming meeting will be informal is to avoid comparisons with the last such loosely structured superpower gathering , former President Reagan 's 1986 meeting with Mr. Gorbachev in Reykjavik , Iceland .",1.8506030524409685,0.26400245706910325,0.6889611487318177,0.7899270265882931,0.7359975429308969
1627,That meeting sent shivers through the Western alliance because Mr. Reagan was pulled into discussing the possible elimination of nuclear weapons without consulting American allies .,1.9462830359279915,0.3127148268896709,0.6753705642448905,0.6996277166510546,0.6872851731103289
1628,"Mr. Bush said that he initiated talks with the Soviets on the informal meeting by sending a proposal to Mr. Gorbachev last July , which the Soviet leader readily accepted .",1.4876089645520443,0.21448727441333845,0.7559560097579214,0.8174747285842684,0.7855127255866615
1629,"But word of the possible session was closely held by the president and a handful of top aides , and word of it did n't reach many second-level officials until the past few days .",0.7784317856524714,0.1130331201677338,0.8961290363236499,0.8779901777277992,0.8869668798322659
1630,"Indeed , many senior officials had been insisting for weeks that Mr. Bush was n't interested in such an informal get-together .",1.107478544390922,0.16206210216258285,0.8541571101989479,0.8223231661879872,0.8379378978374172
1631,"Though President Bush 's political critics at home have been urging him to open a more direct dialogue with Mr. Gorbachev , it actually was the arguments of leaders within the Soviet bloc itself that led the president to seek the December meeting .",1.8558600646959302,0.2534046971782106,0.6932814302711229,0.8087920287985675,0.7465953028217893
1632,"Mr. Bush decided he wanted the meeting after talking in Europe in July with the leaders of Poland and Hungary , who urged him to support Mr. Gorbachev 's efforts to transform the Soviet system and to urge him to loosen his grip on Eastern Europe , a senior aide said .",1.6344945857632869,0.22438016855898812,0.7535684533799012,0.7990006747758677,0.7756198314410119
1633,"While flying home from those discussions , Mr. Bush drafted a letter to Mr. Gorbachev suggesting an informal get-together to precede their formal summit next year .",2.385421183576545,0.3683568223505104,0.5700367101636068,0.708179350402708,0.6316431776494896
1634,Peter Gumbel in Moscow contributed to this article .,0.6121972227029921,0.11587603285713886,0.8841239671428609,0.8841239671428609,0.8841239671428609
1635,"Banca Nazionale del Lavoro said its potential losses from lending to Iraq could reach 1.175 trillion lire -LRB- $ 872 million -RRB- , marking the bank 's first quantification of potential costs of unauthorized lending by its Atlanta branch .",1.7998666776115986,0.25599901043092643,0.6517731125760374,0.8666320609911715,0.7440009895690736
1636,BNL previously reported that its Georgia branch had taken on loan commitments topping $ 3 billion without the Rome-based management 's approval .,1.5854084107265285,0.22493655593608186,0.713553730771614,0.8481780328795883,0.775063444063918
1637,"State-owned BNL , Italy 's largest bank , has filed charges against the branch 's former manager , Christopher Drogoul , and a former branch vice president , alleging fraud and breach of their fiduciary duties .",1.4924129986182058,0.22398454003126575,0.7294196493592303,0.8289706547799738,0.7760154599687341
1638,"BNL also said that its board had approved `` after an in-depth discussion , '' a letter to the Bank of Italy outlining measures the state-owned bank has taken or plans to take to improve controls on its foreign branches .",1.7793099853792924,0.23735865605438256,0.7048429238167748,0.8307656608260733,0.7626413439456173
1639,The central bank had ordered BNL to come up with a suitable program by yesterday .,0.4528195311147831,0.07017390288560486,0.901491193242391,0.9600000000000001,0.9298260971143952
1640,"Bank of Italy has also ordered BNL to shore up its capital base to account for potential foreign loan losses , and the Rome bank has outlined a 3 trillion lire capital-raising operation .",1.6204802321311629,0.22736841372495417,0.7059294537202306,0.853254195442934,0.7726315862750459
1641,BNL was unable to elaborate on what measures were planned by the bank to improve controls on its branches abroad .,0.874501332219058,0.1306126058343031,0.796561108904016,0.9568700636492216,0.8693873941656963
1642,Hardly a day passes without news photos of the police dragging limp protesters from some building or thoroughfare in one of our cities .,1.9588531188897154,0.32190144519560504,0.6404969853408337,0.7203904171077707,0.678098554804395
1643,"Of recent note are the activities of the pro- and anti-abortionists , anti-nuclear activists , animal rights protesters , college students concerned about racism , anti-apartheid groups , various self-styled `` environmentalists '' and those dissatisfied with the pace of the war against AIDS .",1.6429368753754918,0.26604249117069684,0.7136867222388202,0.7554134564980722,0.7339575088293031
1644,"Maybe he did n't start it , but Mohandas Gandhi certainly provided a recognizable beginning to non-violent civil disobedience as we know it today .",1.4887712379549445,0.21152849886978872,0.7721919564632325,0.8054522476042475,0.7884715011302115
1645,"The Mahatma , or `` great souled one , '' instigated several campaigns of passive resistance against the British government in India .",1.000850000376257,0.15600707612331124,0.7732003614718352,0.9290552221771352,0.8439929238766889
1646,"Unfortunately , according to Webster 's Biographical Dictionary , `` His policies went beyond his control and resulted ... in riots and disturbances '' and later a renewed campaign of civil disobedience `` resulted in rioting and a second imprisonment . ''",1.4648997008411992,0.19550626819842032,0.7333997395214866,0.8908506317625255,0.8044937318015795
1647,"I am not a proponent of everything Gandhi did , but some of his law breaking was justified because India was then under occupation by a foreign power , and Indians were not able to participate fully in decisions that vitally affected them .",2.1643761231186005,0.2955899657861311,0.6735626613261202,0.7382184706742229,0.7044100342138687
1648,"It is difficult , however , to justify civil disobedience , non-violent or not , where citizens have full recourse to the ballot box to effect change .",1.411063393011676,0.21627558225868054,0.7430500331013831,0.8291096877015581,0.7837244177413194
1649,"Where truly representative governments are safeguarded by constitutional protections of human rights and an independent judiciary to construe those rights , there is no excuse for breaking the law because some individual or group disagrees with it .",1.8916685614685118,0.26980246183551637,0.6727409513776587,0.798384966023102,0.7301975381644834
1650,There may be a few cases where the law breaking is well pinpointed and so completely non-invasive of the rights of others that it is difficult to criticize it .,1.804632182913922,0.2457795741203943,0.7404389821551991,0.7685246143113453,0.7542204258796059
1651,"The case of Rosa Parks , the black woman who refused to sit at the back of the bus , comes to mind as an illustration .",1.0929546297898867,0.1652976302479642,0.8356372669876546,0.8337695620739676,0.8347023697520357
1652,But most cases of non-violent civil disobedience are not nearly so benign .,0.7895894235761851,0.14170469776799902,0.8054257845449557,0.9185933299815063,0.8582953022320009
1653,The public has a tendency to equate lawful demonstrations with non-violent civil disobedience .,0.3746508927026104,0.06369967526028887,0.9223530868386515,0.9506758413562734,0.9363003247397114
1654,"It is true that both are non-violent , but there is a fundamental difference between them .",1.1476338237839396,0.16896852259600378,0.845679855015682,0.8168819209596674,0.8310314774039963
1655,"Lawful demonstrations , such as peaceful picketing and other assemblages that do not disturb the peace or cause a public nuisance or interfere with the rights of others , are rights guaranteed by any truly free system of government .",1.6921960127263072,0.25131249054535815,0.7252084631174207,0.7737377187037293,0.7486875094546418
1656,"Civil disobedience , violent or non-violent , is intentional law breaking .",1.4591479170272459,0.3097467553399264,0.6902532446600738,0.6902532446600738,0.6902532446600738
1657,"The subject of this discussion is non-violent civil disobedience ; but , before we get on with that , let me make just a few tangential remarks about lawful demonstrations .",1.947759367987218,0.2831180251519083,0.6752133655664302,0.7640317217518198,0.7168819748480916
1658,"They are useful to call public attention to grievances , but they have little value in educating anyone about the issues in dispute .",1.2693497269462561,0.18736451143870037,0.7815622750580975,0.8462818097801955,0.8126354885612993
1659,"The delight of television in dramatic confrontation encourages overuse of slogans chanted through bullhorns , militant gestures , accusatory signs and other emotionally inspired tactics .",0.7238391949397727,0.1212894764158086,0.8417152922136026,0.9191073034205396,0.8787105235841912
1660,Civilized discourse and an environment where compromise can begin are lost in a hostile posture abetted by superficial media interviews .,1.6004590702112758,0.24468659240889748,0.7256770568108596,0.7874734995260211,0.7553134075911024
1661,"At best , demonstrations are overused and boringly uninformative ; at worst , they can become the stimuli that lead to law breaking .",1.1776942711037686,0.1607649951413378,0.7681708543449702,0.9247879372488663,0.8392350048586624
1662,Demonstrations are particularly apt to degenerate into criminal conduct when they leave the site of the grievance and become mobile .,1.0649775226952514,0.15466154592984618,0.8262260742107852,0.8653559928097279,0.8453384540701538
1663,"Petty criminals and street people looking for excitement attach themselves like remora to the fringes of the crowd and use the protest as an excuse for rock throwing , auto trashing , arson , window breaking , looting , pocket picking and general hooliganism .",1.4802609161160145,0.24734343352030716,0.7498451394076474,0.7554891549051044,0.7526565664796929
1664,Soon the whole purpose of the demonstration is lost in mob mania .,0.5573163459874255,0.09601701855765028,0.9446071092622239,0.8667089702225401,0.9039829814423498
1665,There are better ways to promote a cause .,0.5283208335737175,0.09090909090909072,0.8333333333333333,1.0,0.9090909090909091
1666,"Where non-violent civil disobedience is the centerpiece , rather than a lawful demonstration that may only attract crime , it is difficult to justify .",0.8196089998269196,0.11498906748517373,0.8751879996794273,0.8950568695208014,0.8850109325148262
1667,"Some find no harm in the misdemeanors of trespass , minor property destruction , blocking traffic and the like .",1.66096404744368,0.2719591192532264,0.7309745497093563,0.7251306654351053,0.7280408807467735
1668,They say these are small prices to pay for galvanizing action for the all-important cause .,0.7193609377704329,0.11015169126876266,0.8609300925124642,0.9207767444026483,0.8898483087312373
1669,"The crimes may appear small , but the prices can be huge .",0.6153846153846141,0.0997364058156971,0.9475144363545469,0.8575015337075814,0.9002635941843025
1670,Here are two cases to illustrate .,0.0,0.0,1.0,1.0,1.0
1671,Assume a neighborhood demonstration to protest speeding on a certain road or a careless accident involving a police car .,1.020318597828335,0.1814371436388296,0.8402015966042904,0.7980107096767182,0.8185628563611703
1672,"The protesters lie down in the street , blocking traffic , and will not move until the authorities carry them away .",1.1417916126710788,0.17254028450309103,0.766347829999666,0.8991628437637276,0.8274597154969088
1673,Assume that someone caught in the jam has a heart attack .,0.7704260414863757,0.13740388944517448,0.9355245321275762,0.8002156370119301,0.8625961105548253
1674,There is no way to get an ambulance in quickly to move him to a hospital .,0.8235294117647056,0.13731657784461634,0.8262921959024513,0.9024277810137357,0.8626834221553837
1675,He dies .,4.440892098500626e-16,1.4009454786722165e-16,1.0,1.0,1.0
1676,"The demonstration was non-violent and involved only a simple misdemeanor , but its impact on that individual was violent and terminal .",1.4831450219586673,0.2337572325467433,0.7575075323694925,0.7751818143827449,0.7662427674532564
1677,Assume that a TV network is airing a celebrity interview program with a live audience .,0.6415414066556497,0.11634567371275131,0.9339914885654899,0.8384655052750145,0.8836543262872485
1678,The politician appearing is highly controversial and has recently generated a good deal of rancor amid certain groups .,1.8431342109817814,0.2957689909770123,0.659660024038963,0.7552614578449578,0.7042310090229874
1679,"In a planned protest against his appearance , several members of the studio audience chain themselves in front of the TV cameras in such a way that the program can not continue .",1.536544495966555,0.24534136702331483,0.7466285451115676,0.7628633280603497,0.7546586329766851
1680,The network must refund money to the advertisers and loses considerable revenue and prestige .,0.6909685317733505,0.11934899372679446,0.8205166286742711,0.9502967667696154,0.8806510062732051
1681,"The demonstrators have been non-violent , but the result of their trespasses has been to seriously impair the rights of others unconnected with their dispute .",0.9042221155510353,0.12995065730330715,0.813860481462263,0.934572126022259,0.8700493426966928
1682,"It might be alleged that TV has done more than its share to popularize and promote non-violent civil disobedience , so the second situation hypothesized above would be simply a case of `` chickens coming home to roost . ''",1.6329786604745857,0.22016218288842615,0.7167816765973907,0.855058319080464,0.7798378171115736
1683,Or maybe the TV network would lose nothing .,1.0566416671474368,0.1999999999999999,0.7999999999999999,0.7999999999999999,0.7999999999999999
1684,Geraldo or Phil would probably pull up another camera and interview the chained protesters .,1.21764416709936,0.19237694440988376,0.7576314544167758,0.864678024312414,0.8076230555901162
1685,"Let us look for a moment at another type of non-violent civil disobedience that only harms other people indirectly , yet does irreparable damage to the nation as a whole .",1.7518227898857024,0.2609326537522229,0.7302733909599114,0.7480756767368785,0.7390673462477769
1686,I am referring to those young men who chose to disobey their country 's call to arms during the Vietnam war and fled to Canada or some other sanctuary to avoid combat .,1.7213057537681085,0.2525618498688487,0.6644929961678595,0.8540439492441648,0.7474381501311516
1687,"Their cowardly acts of civil disobedience , which they tried to hide under the cloak of outrage at a war they characterized as `` immoral , '' weakened the national fabric and threw additional burdens on those who served honorably in that conflict .",1.2632646328704666,0.1731050648994017,0.8083860417897796,0.8462712522437212,0.8268949351005986
1688,"Even more at fault are those leaders in and out of government who urged and supported their defections , thereby giving great help and comfort to the enemy propagandists .",1.8956921801092275,0.27014023597785647,0.6854137428848874,0.7804697423382327,0.7298597640221434
1689,It is amazing that the ensuing mass executions in Vietnam and Cambodia do not weight more heavily on minds so morally fine-tuned .,1.4399745860332072,0.21582541440996839,0.7054720597775592,0.8826422315418887,0.7841745855900318
1690,"Worse , it remained to a well-meaning but naive president of the United States to administer the final infamy upon those who fought and died in Vietnam .",1.7331901790350317,0.24365440940621738,0.7218785190987554,0.7942690462429723,0.7563455905937831
1691,"Under the guise of `` healing the wounds of the nation , '' President Carter pardoned thousands of draft evaders , thus giving dignity to their allegations of the war 's `` immorality . ''",1.0721653552951533,0.1579873346819777,0.7910979030049479,0.8999319455102083,0.842012665318022
1692,"The precedent having been set , who can complain if future generations called upon to defend the U.S. yield to the temptation to avoid the danger of combat by simply declaring the war immoral and hiding until it is over ?",1.63435039627789,0.22465538703658097,0.699015571634504,0.870386513063607,0.775344612963419
1693,"Finally , I think it important to point out the extraordinarily high visibility of non-violent civil disobedience in these days of intensive media coverage .",1.3148306161310748,0.19357120413703421,0.7872283510508342,0.8265892502736792,0.8064287958629661
1694,"Give television a chance to cover live any breaking of the law , and no second invitation will be required .",1.1961626418458904,0.18025108404078002,0.841546606194381,0.7990519205489456,0.8197489159592196
1695,This brings into question the motives of those who lead civil disobedience demonstrations .,1.304618750463601,0.21655663184027948,0.7764934471794497,0.7905188217446794,0.7834433681597209
1696,Do they want the spotlight for themselves or for their cause ?,0.5629072918469555,0.09475993721230204,0.8715573932948418,0.9416308273977262,0.905240062787698
1697,"Here is a good rule of thumb : If the movement produced the leader , the chance that he is sincere is much greater than if the leader produced the movement .",1.1052520485703319,0.17286452191600088,0.8257289311820406,0.8285468249870857,0.8271354780839989
1698,"In either case , ask yourself whether you have become better informed on the issues under protest by watching the act of civil disobedience .",1.5451676193236263,0.23546653672302967,0.7480737616207942,0.7817337788536158,0.7645334632769705
1699,"If you have not , it is probable that a thorough airing of the dispute by calm and rational debate would have been the better course .",1.1344144623366939,0.15777285059717494,0.8373985600635802,0.8471117467073511,0.8422271494028253
1700,Mr. Agnew was vice president of the U.S. from 1969 until he resigned in 1973 .,1.272782998537517,0.2129390648233279,0.8318129836719784,0.7468784183670514,0.7870609351766721
1701,Gov. George Deukmejian and key legislators agreed to back a temporary one-quarter-cent increase in the state sales tax to raise $ 800 million for repairs and relief associated with last month 's earthquake .,1.7166037640176546,0.25096179870201263,0.6956862718360263,0.8112528933106589,0.7490382012979873
1702,"The tax increase , which will be considered at a special session of the state legislature that begins tomorrow , would cover only part of the estimated $ 4 billion to $ 6 billion in total damage caused by the Oct. 17 quake .",1.6620130759352039,0.23478596190549905,0.7573725066650953,0.7732196444379262,0.765214038094501
1703,"Aside from as much as $ 3.45 billion in recently approved federal aid , the state is expected to draw from a gubernatorial emergency fund that currently stands at an estimated $ 700 million .",2.1182561567833575,0.2902844740855749,0.7212942136318209,0.6985027024799351,0.7097155259144245
1704,"`` I am not aware that there is anything but bipartisan agreement for the general outline '' of the revenue-raising plan , said a spokesman for the governor , after a Monday meeting with legislative leaders over the quake-relief question .",1.0801890266535272,0.15140631589692555,0.8679766019195848,0.8300575425812349,0.8485936841030743
1705,"The tax increase -- on top of the current six-cent per dollar sales tax -- would become effective this Dec. 1 and expire Dec. 31 , 1990 .",1.813246426184536,0.2745393948755651,0.6846537796692777,0.7714400791192139,0.725460605124435
1706,The sales-tax plan was preferred over an alternative that would have boosted the state gasoline tax .,1.294117647058826,0.23415667569025927,0.7618681230879083,0.7698602259467597,0.7658433243097412
1707,Some legislators expressed concern that a gas-tax increase would take too long and possibly damage chances of a major gas-tax-increasing ballot initiative that voters will consider next June .,2.2136835137375037,0.3386514260055664,0.6348293542973933,0.6901799991713383,0.6613485739944337
1708,"Despite continuing problems in its newsprint business , Kimberly-Clark Corp. posted a 20 % gain in third-quarter net income .",1.6762893717665222,0.2906406504962555,0.6191959539089482,0.8302559685171125,0.7093593495037445
1709,"The consumer-products and newsprint company said net rose to $ 108.8 million , or $ 1.35 a share , from $ 90.5 million , or $ 1.12 a share , a year ago .",1.3180218797980414,0.20175453140007735,0.797228205655775,0.7992653309152723,0.7982454685999227
1710,Sales rose 6.2 % to $ 1.45 billion from $ 1.37 billion .,0.5853569595720645,0.10703931010690632,0.9201391047134638,0.8673417653532622,0.8929606898930941
1711,"After a flat second quarter tied largely to lower newsprint earnings , Kimberly-Clark attributed the gain to improved results in its consumer businesses in North America , Brazil and Korea .",1.8741892087132221,0.28198239350428805,0.6462520711698965,0.8077132123776063,0.718017606495712
1712,"Those gains came from higher prices , particularly for disposable diapers and tissue products , and from increased sales , primarily for feminine-care products , the company said .",0.7760771526440191,0.12215908831949923,0.8304821435917493,0.9309276480180443,0.8778409116805006
1713,"Newsprint results continued to be depressed , the company added , because of industrywide price discounting .",1.2941176470588251,0.2126344251676715,0.7615323553750855,0.8150130011981979,0.7873655748323287
1714,"The quarter-to-quarter comparison was also enhanced by charges taken in the year-earlier period , including $ 11 million related to the modernization of a pulp and newsprint mill in Alabama .",1.4774280341864579,0.20617691984961226,0.7780951053582879,0.8102000052477741,0.7938230801503874
1715,"In the 1989 period also , interest expense and tax rates were lower than a year ago .",1.2207871361687275,0.189199035260639,0.8195873513310169,0.8022009688691962,0.8108009647393608
1716,"In the first nine months , profit rose 10 % to $ 313.2 million , or $ 3.89 a share , from $ 283.9 million , or $ 3.53 a share .",0.7824470750723771,0.12277161533013749,0.8664034202609975,0.8883272686793248,0.8772283846698626
1717,Sales rose 6.7 % to $ 4.27 billion from $ 4 billion .,0.5853569595720645,0.10703931010690632,0.9201391047134638,0.8673417653532622,0.8929606898930941
1718,"In New York Stock Exchange composite trading , Kimberly-Clark closed at $ 66.50 a share , up $ 1.50 .",1.2804820237218406,0.21033280626322193,0.7415522712037758,0.8444591312150944,0.7896671937367781
1719,"INTENSIVE AUDITS are coming to 55,500 taxpayers as research guinea pigs .",0.7924812503605789,0.13111627610797358,0.8688837238920266,0.8688837238920266,0.8688837238920266
1720,"This is the year : Unsuspecting filers of 1988 personal returns are being picked randomly for thorough audits to help the IRS update its criteria for enforcement , audit selection , and use of resources .",1.5294069451655998,0.21535367363367736,0.7108813747422534,0.8754922003796491,0.7846463263663228
1721,The last Taxpayer Compliance Measurement Program survey covered 1985 returns .,1.7049897729239518,0.35152709806142535,0.5755974401290113,0.7424766738797571,0.6484729019385748
1722,"The 1988-return project starts Jan. 1 and is to be done by May 31 , 1991 .",0.7058823529411775,0.10576045319566925,0.8353421069357012,0.9620723521155038,0.8942395468043312
1723,Specially trained IRS agents will look for under-reported income and unsupported deductions and credits .,0.7169925001442312,0.1209201592926852,0.8301254792600822,0.9341699372068518,0.8790798407073145
1724,The agents will make more than routine inquiries about such items as marital status and dependents ; they want to look at living standards and business assets .,1.216604698795381,0.18273424246238826,0.7806055740465528,0.8575390262649264,0.8172657575376119
1725,But they also are to see that taxpayers get all allowable tax benefits and to ask if filers who sought IRS aid were satisfied with it .,1.5653578706107574,0.22186260422929885,0.7204794786049912,0.8458264754854061,0.7781373957707014
1726,"Courts have ruled that taxpayers must submit to TCMP audits , but the IRS will excuse from the fullscale rigors anyone who was audited without change for either 1986 or 1987 .",1.8417405302983614,0.24860637479433959,0.7083474288606412,0.8000101554963052,0.7513936252056607
1727,Rewards have been suggested -- but never adopted -- for filers who come through TCMP audits without change .,1.5606044449685896,0.25073133732092245,0.7010072234053141,0.8046666214904551,0.7492686626790774
1728,"PENALTY OVERHAUL is still likely , congressional sources say .",0.8000000000000007,0.13689590811625363,0.8631040918837465,0.8631040918837465,0.8631040918837465
1729,Long-debated proposals to simplify the more than 150 civil penalties and make them fairer and easier to administer are in the House tax bill .,1.4047766191505495,0.20958854724652673,0.7152447599548128,0.8832323411767112,0.7904114527534732
1730,But they were stripped from the Senate bill after staffers estimated penalty revenue would fall by $ 216 million over five years .,1.4230024327478512,0.21274043294643677,0.7337501997096283,0.8491872834801035,0.7872595670535633
1731,"Still , congressional aides say penalty reform is a strong candidate for enactment , even if not this time around , although some provisions may be modified .",1.4830638369760871,0.21835415114303566,0.76836562315528,0.7953932121705861,0.7816458488569642
1732,"Sen. Pryor -LRB- D. , Ark. -RRB- , a leader on the issue who generally backs the House plan , wants some changes -- for one , separate sanctions for negligence and large misstatements of tax owed , not a single penalty .",1.8309082779814077,0.2687348622080534,0.6633377471070467,0.8146915212487744,0.7312651377919465
1733,He would ease the proposed penalties for delayed payroll-tax deposits and for faulty Form 1099 and other reports that taxpayers correct voluntarily .,1.217391304347827,0.18783840266006713,0.7334372119955361,0.9098180353204559,0.812161597339933
1734,The General Accounting Office urges Congress to ensure that all penalties retain their force as deterrents .,1.8091110295390287,0.29509908972944865,0.66199412444153,0.7537551356783037,0.7049009102705516
1735,TAXPAYERS ' RIGHTS are defined by a growing number of states .,0.792481250360578,0.13111627610797347,0.8688837238920266,0.8688837238920266,0.8688837238920266
1736,The 1988 tax act created a federal bill of rights spelling out IRS duties to protect taxpayers ' rights in the assessment and collection of taxes .,1.3347814821225112,0.2030308415985138,0.739478020867733,0.8641532415789064,0.7969691584014863
1737,States are following suit .,0.0,0.0,1.0,1.0,1.0
1738,California enacted a rights law in 1988 .,0.5943609377704338,0.10995202064513875,0.8018796874098555,1.0,0.8900479793548612
1739,"In 1989 , Illinois , Kansas , Ohio , Oregon and South Carolina have adopted rights laws , the Federation of Tax Administrators , a state officials ' group , reports ; the features vary .",1.6444165231315795,0.2524333623915511,0.7085645677379449,0.7911124549529484,0.7475666376084488
1740,And taxpayer groups are urging legislation in many other states .,0.682706818575177,0.12392834135119839,0.8281082437584503,0.9299326686594895,0.8760716586488019
1741,"One group is the Committee on State Taxation , which comprises 330 multistate corporations and advises the Council of State Chambers of Commerce .",1.3969078098054375,0.21348207053042292,0.7703933317736276,0.8033319436536018,0.7865179294695772
1742,"The group 's Mark Cahoon says its efforts begun in 1989 have led to the introduction of bills in Massachusetts , Minnesota and Colorado to establish evenhanded procedures affecting all kinds of taxpayers .",1.5286520132657966,0.21063149305352993,0.7434370132001192,0.8413492778925861,0.7893685069464701
1743,The group also seeks uniformity among states in provisions for taxpayers ' rights .,1.2317937498454663,0.2159660070808107,0.8120499845009673,0.7578866540543571,0.7840339929191894
1744,"This week , New York City announced a 10-point policy patterned on the federal bill of rights for taxpayers .",1.2958073480446792,0.2133873240473238,0.7532051669020889,0.8231212277721325,0.7866126759526757
1745,"THE MILEAGE RATE allowed for business use of a car in 1989 has risen to 25.5 cents a mile for the first 15,000 from 24 cents in 1988 , the IRS says ; the rate stays 11 cents for each added mile .",2.2340397041091666,0.35340028995454786,0.6265979305463752,0.6679205588542791,0.6465997100454519
1746,Also unaltered : 12 cents for charitable activities and nine cents for medical and moving costs .,1.0070244399272799,0.18240412666979547,0.7562774450781645,0.889734938633541,0.8175958733302047
1747,"IRA BALANCES could be used to qualify for bank services under a bill entered by Reps. Chandler -LRB- R. , Wash . -RRB- and Andrews -LRB- D. , Texas -RRB- .",1.5904183518969806,0.22948942317556217,0.731330085655256,0.8141268457517443,0.7705105768244376
1748,The bill would thwart a recent Labor Department opinion that investing individual-retirement-account funds to earn free checking violates the law .,1.7256586170251191,0.2825893217067234,0.658324185487689,0.7881493541130483,0.7174106782932763
1749,HUGO FELLED vast timberlands .,0.40000000000000036,0.09425390072448082,0.8277293767706427,1.0,0.9057460992755192
1750,South Carolina 's congressional delegation has entered Senate and House bills to provide special casualty-loss treatment and other tax relief for timber growers in the hurricane disaster areas .,1.4453843779618518,0.2318022221631481,0.7199323299211953,0.8233998591489429,0.7681977778368524
1751,"HE RODE HIS HOBBY , but he could n't milk it , the Tax Court says .",0.79469264731335,0.11501208388101683,0.8558438669878802,0.9161868238127946,0.8849879161189832
1752,The court often weighs deductions of sideline-business costs : Do they stem from a profit-seeking activity or a nondeductible hobby ?,0.7792632369809649,0.11598377342057699,0.843057831869992,0.9291576191054647,0.8840162265794231
1753,But it 's rare to see both functions in one case .,0.5000000000000009,0.07496336164078012,0.860528527174435,1.0,0.9250366383592199
1754,"Charles O. Givens of Mount Vernon , Ind. - investment broker , ex-accountant , and son of a former stable owner - bred Tennessee Walking Horses for six years , raised cattle for four , and never made a profit on either .",1.7512318350885208,0.26620285830420737,0.6894239422690849,0.7842752277510654,0.7337971416957924
1755,"He claimed losses totaling $ 42,455 -- and the IRS denied them all .",1.1078410717376386,0.17025717138181043,0.79896029311267,0.8629924089782758,0.8297428286181897
1756,"Special Judge Galloway noted that Givens managed horse-breeding in a businesslike way : He kept detailed accounts , practiced soil conservation , enhanced his experience by consulting experts , spent several hours a day doing chores , and dropped the sideline when his best brood mare died .",2.0493828925484303,0.30938583320309726,0.6335930586971503,0.7589136826150847,0.6906141667969029
1757,Yet he took little businesslike care with his cattle : He had no prior experience and did n't seek business counsel about them .,1.9795739585136243,0.28869313779713746,0.6924144372854357,0.731259159589805,0.7113068622028629
1758,"The judge said Givens may deduct his $ 30,180 of losses from horse breeding , but rejected the $ 12,275 in deductions from the cattle operation .",1.3892509260861852,0.19360445939854581,0.8063955406014544,0.8063955406014544,0.8063955406014544
1759,BRIEFS :,0.0,0.0,1.0,1.0,1.0
1760,"The IRS already is doing intensive TCMP audits of 19,000 returns for 1987 and fiscal 1988 filed by corporations with under $ 10 million in assets ... .",1.8621059102649138,0.2887888010448056,0.6502709079000203,0.7847546671328185,0.7112111989551941
1761,"President Bush says he will name Donald E. Kirkendall to the new Treasury post of inspector general , which has responsibilities for the IRS ... .",1.612159498495907,0.2348155147364818,0.7439163503493045,0.7877044977941644,0.765184485263518
1762,"The U.S. and Finland signed an income-tax treaty , subject to ratification .",1.5965298078587287,0.2750574844838161,0.6950508958598568,0.7575207365855687,0.7249425155161837
1763,"An arbitrator awarded Eastern Airlines pilots between $ 60 million and $ 100 million in back pay , a decision that could complicate the carrier 's bankruptcy-law reorganization .",1.6396163800563697,0.23058022146139595,0.7303896248579386,0.8128567653063826,0.7694197785386042
1764,"Eastern , a unit of Texas Air Corp. , said it is examining the ruling to determine if it can appeal .",0.7958988638330409,0.1103289193754501,0.90385333768961,0.875927012267223,0.8896710806245497
1765,"It 's unclear whether Eastern will succeed in overturning the arbitrator 's decision , made in a long-simmering `` pay parity '' dispute that predates both the carrier 's Chapter 11 petition and its 1986 acquisition by Texas Air .",2.1887218755408657,0.30066324744702927,0.6543901835352538,0.7509129556117743,0.6993367525529705
1766,All Eastern 's previous court efforts to head off the pilots ' demands have failed .,0.8915414066556506,0.1299915126003427,0.8640644454363083,0.876034875930502,0.8700084873996572
1767,An Eastern spokesman said he does n't expect that the arbitrator 's ruling `` will have any overall material effect on the company 's strategic plan . '',1.2906773388363426,0.18337865645924,0.8019329242198278,0.8318578763405536,0.8166213435407598
1768,Bankruptcy experts said the law is n't clear on how such an arbitration ruling can affect a company 's case .,1.4039973073982859,0.21841027791337012,0.7539188824546023,0.8113691398374101,0.7815897220866297
1769,"Like any other creditor , the pilots will have to apply to the court for payment of their claim .",0.7937151490463599,0.12305392146227115,0.8711738140074827,0.8827953455596554,0.8769460785377285
1770,"That may leave a lot of leeway for U.S. Bankruptcy Judge Burton R. Lifland to decide what , if anything , the pilots actually collect .",1.2840029994328503,0.18646282449671095,0.8234942238138497,0.8038180362688183,0.8135371755032886
1771,"In August , he issued the ruling that let the pilots pursue their back-pay grievance before the arbitrator .",0.645508552973177,0.10250722699168355,0.8395036431706657,0.9640876014528587,0.8974927730083162
1772,The pilots ' contract with Eastern calls for a mutually acceptable private arbitrator to resolve such grievances .,0.9146885248172314,0.14681588797882353,0.7678407713950629,0.9598710810944143,0.8531841120211764
1773,"In a statement to employees , Eastern said the company was disappointed by the ruling .",0.625,0.09570273200592783,0.9357279057854341,0.8749094907006764,0.9042972679940722
1774,"`` The obligation is totally unwarranted , '' the statement said .",0.33333333333333304,0.051256357378709705,0.9487436426212901,0.9487436426212901,0.9487436426212901
1775,"James Linsey , a lawyer for the Air Line Pilots Association , said the pilots were extremely pleased .",1.077073339300533,0.16577462937250131,0.8532671748730956,0.8160149009608344,0.8342253706274984
1776,"`` This is a blow not only to Eastern but to the creditors committee , '' he said .",0.7110407897014124,0.09655945259825123,0.9034405474017482,0.9034405474017481,0.9034405474017481
1777,"Eastern 's creditors committee , along with the company , has consistently opposed the pilots ' claim , which if paid would have to come out of money both hope to use to pay off other bankruptcy claims .",1.7988455876518232,0.24566040223069963,0.7091298325428187,0.8057064983873828,0.7543395977693006
1778,"Eastern and its creditors are in the final , delicate stages of negotiating a second reorganization plan to pay off the airline 's debts .",1.0807820003461543,0.14711443641493469,0.8237753284041932,0.884128535687471,0.8528855635850653
1779,"An earlier plan , which had received the creditors ' approval in July , fell apart when Eastern changed its business plan .",1.6680229555043615,0.245596563807757,0.6908729772613661,0.8308012493802779,0.7544034361922433
1780,It is n't known whether the pilot claim was figured into either plan .,1.1078410717376395,0.17807644451083707,0.8034732983841156,0.8412410788254996,0.8219235554891634
1781,The dispute between Eastern and its pilots is over a `` pay parity '' clause in the pilots ' contract .,1.2087656183454332,0.1824968307015311,0.8225579352266366,0.8125101488185104,0.8175031692984684
1782,The clause was part of an agreement in which pilots accepted a substantial pay cut as long as no other labor group got a raise .,1.775296995426146,0.3134743851986581,0.6915110257918584,0.6816115733726256,0.6865256148013418
1783,"Shortly after Texas Air took control of Eastern , some Machinists union supervisors received a 20 % pay raise .",1.9182263988300137,0.3278940431479217,0.6334234129029033,0.7158204038854056,0.6721059568520782
1784,The pilots argued that this triggered a pay raise for them .,1.7295739585136225,0.3179158743371357,0.6900633937209669,0.6742872783140657,0.6820841256628644
1785,"Eastern has disputed the claim , but a federal district court , an appeals court and now the arbitrator have all sided with the pilots .",1.2588098443538671,0.18368119268382171,0.8350649297192927,0.7983958579190326,0.8163188073161782
1786,The two sides do n't even agree about how much money is at issue .,1.3006516669551287,0.20822210851276118,0.7051561854871482,0.9026612035875697,0.7917778914872386
1787,"The pilots put the amount as high as $ 100 million , the company at $ 65 million .",1.171824342446861,0.18685213980728702,0.781944723130131,0.8469447945901305,0.8131478601927128
1788,"Another arbitrator is hearing another pay parity case between Eastern and its pilots , resulting from a similar set of circumstances involving a separate pay raise granted another union .",2.242037497628001,0.34293671620604177,0.656923132407316,0.6572034949946081,0.6570632837939582
1789,A decision on that case is n't expected before mid-November .,0.4322625001966802,0.07505432916145048,0.9140541218792251,0.936099909688466,0.9249456708385498
1790,"Ironically , many of the pilots involved have left Eastern or are still striking the carrier , which filed for bankruptcy protection March 9 .",1.5411730005192323,0.21686687687496448,0.7146701808467898,0.8661027876609187,0.7831331231250355
1791,About 800 have crossed the picket lines and returned to work .,0.2295739585136216,0.03474698700749839,0.9328396459351146,1.0,0.9652530129925014
1792,Few people in the advertising business have raised as many hackles as Alvin A. Achenbaum .,1.1415414066556497,0.18687879916210773,0.8194504665023788,0.806888957665703,0.8131212008378924
1793,"The general public may not know his name , but he 's famous -- make that infamous -- in advertising circles : A marketing consultant , he pioneered slashing ad agency commissions , to the delight of advertising clients and the dismay of agencies .",1.6111887436448429,0.22123327096640646,0.7420290128068678,0.8193316860049584,0.7787667290335937
1794,"Now , after beating them , Mr. Achenbaum is joining them .",0.833333333333333,0.13881350541022094,0.8857780868397355,0.8379234756068777,0.861186494589779
1795,"Backer Spielvogel Bates Worldwide named Mr. Achenbaum , 62 , vice chairman of professional services , reporting directly to Carl Spielvogel , chairman and chief executive officer .",1.4395180888020302,0.24778609623492362,0.687444508129117,0.830457660353895,0.7522139037650765
1796,"He joins Nov. 13 , dissolving his consulting firm , Canter , Achenbaum Associates .",1.2243018651066846,0.2257959265323804,0.6685399756853283,0.9195390898252092,0.7742040734676194
1797,"In years past , the ad industry 's most distinguished executives did n't hesitate to excorciate Mr. Achenbaum .",1.7483832078354515,0.2591167854749437,0.671629522636453,0.8260607652253488,0.740883214525056
1798,"They have since mellowed , although one senior Young & Rubicam executive , echoing others , said : `` I think ad agencies owe Carl -LCB- Spielvogel -RCB- a vote of thanks for getting him out of the consulting business . ''",2.0410184384021797,0.26770603111673746,0.680711814115183,0.7923345348897489,0.7322939688832627
1799,"But industry executives also believe hiring Mr. Achenbaum is a shrewd move for Backer Spielvogel , a unit of Saatchi & Saatchi .",1.4897679350648003,0.23341108396820784,0.7234439176992387,0.8152064818729021,0.7665889160317922
1800,"Mr. Achenbaum has counted among his clients some of the most visible blue-chip advertisers in the country , including Nissan , Toyota , Seagram and Backer Spielvogel clients Hyundai and J.P. Morgan .",1.9405787884032657,0.30400411779862774,0.665055196328758,0.7299559786898366,0.6959958822013725
1801,"At Backer Spielvogel , he will work with clients and potential clients on marketing strategies ; aside from agency compensation issues , he helped Nissan , for example , come up with its positioning and pricing for its new Infiniti line .",1.3389833627393566,0.20194483563353013,0.725451785643994,0.8868070104698359,0.7980551643664697
1802,"His client contacts , meanwhile , could prove a gold mine for an agency that has had few new business wins of late .",1.2174700395364013,0.17671262292405082,0.7875200415028503,0.8624582316092262,0.8232873770759491
1803,"`` I 've done over 40 ad agency searches -LCB- for clients -RCB- , so I have a pretty good notion of what clients are interested in when they look for an agency , '' Mr. Achenbaum said .",2.0473967033837006,0.2636105883720099,0.7013800145124097,0.775077415976238,0.7363894116279903
1804,"As a consultant , he has given seminars at agencies including Ogilvy & Mather on how to win new business .",1.0835660715315925,0.1480257981357901,0.8036418988067545,0.9064920784453807,0.8519742018642098
1805,"Mr. Spielvogel said he hopes Mr. Achenbaum will do some strategic consulting at the agency for `` non-clients , in hopes that they become clients . ''",1.5653578706107583,0.21729985985172706,0.7489864291557404,0.8195919796504653,0.7827001401482732
1806,"At Backer Spielvogel , Mr. Spielvogel 's hallmark has been personal involvement with all major clients .",1.2481929969925663,0.20853416995420773,0.7257138235619405,0.8703195834634097,0.7914658300457924
1807,He pampers them ; he invites them to fabulous parties ; he strokes them .,1.4843108337660262,0.2820380392233121,0.779849009830864,0.6651751677949602,0.7179619607766875
1808,"Mr. Achenbaum , too , delves into his clients ' business .",0.7295739585136216,0.11946485063688515,0.8268845360680643,0.941630827397726,0.8805351493631146
1809,`` Carl has a much higher degree of intimacy with his clients than is ordinary for an agency his size .,1.6004590702112758,0.2520258370293345,0.7100667029771107,0.7901573226236774,0.7479741629706654
1810,"And with Al 's record of being a delver and a detail guy , you can see how the two fit , '' said Alan Gottesman , an analyst with PaineWebber .",1.3003012648261514,0.1767833511718774,0.8014569494757556,0.8461908824521713,0.8232166488281225
1811,"Mr. Achenbaum 's move follows the announcement last month that his consulting partner , Stanley Canter , 66 , would retire .",1.1659765661092365,0.18185612060097975,0.7459492971846268,0.905810138724693,0.8181438793990201
1812,"When the announcement came out , `` I picked up the phone and said , ` Why do n't you come to us ? ' '' Mr. Spielvogel said .",1.6624767660309097,0.22211853394488984,0.7499445445621559,0.8079803358643058,0.7778814660551108
1813,"Mr. Achenbaum , who had been considering paring down his firm or merging it with another small consulting outfit , soon agreed .",1.9786858697533463,0.3022417704514929,0.5933680588791096,0.8467201814585007,0.6977582295485072
1814,"The two men are longtime friends and tennis partners , having met about 25 years ago .",1.2267501748396086,0.19935867258924764,0.7039743227823431,0.9280819107677499,0.8006413274107523
1815,"Before becoming a consultant in 1974 , Mr. Achenbaum was a senior executive at J. Walter Thompson Co .",1.3876067356105404,0.24403201768828806,0.7234586779001501,0.7915364251026532,0.7559679823117118
1816,"He spent most of his career formulating marketing strategies , but became best-known for chipping away at ad agency compensation .",1.6585200677766867,0.2635786372136692,0.6963213917757534,0.7814221420429236,0.7364213627863304
1817,"Ad agencies typically earned a straight 15 % commission ; if a client spent $ 100 million on TV time , the agency made $ 15 million .",1.5064574809780007,0.23656945547953423,0.7350756584956887,0.7940607267946143,0.7634305445204655
1818,"But Mr. Achenbaum pioneered negotiated fees , which often worked out to less than 15 % .",1.080266351564723,0.15748780214703886,0.7501097792412456,0.9608781603639643,0.842512197852961
1819,"More recently , he negotiated `` indemnification '' clauses in which an ad agency in some cases must pay a client if it drops the account .",1.3474274225038458,0.19311968761872758,0.7598817393045748,0.8600758781094694,0.8068803123812727
1820,"He ultimately became so well-known for cutting compensation , however , that clients did n't seek him out for anything else .",1.8645250003933587,0.2786740517985592,0.7045269823358794,0.7389456026165271,0.7213259482014409
1821,"`` I was very frustrated , '' he said .",0.40000000000000124,0.06406297452126825,1.0,0.8795880017344075,0.9359370254787319
1822,"`` The fact of the matter is , I am a marketer .",0.6153846153846159,0.10164970138004775,0.9159208873813002,0.8814411526190593,0.8983502986199523
1823,That 's another reason -LCB- for the Backer Spielvogel job -RCB- .,1.292481250360578,0.21990533726889333,0.8028614027386389,0.7585835108600121,0.7800946627311067
1824,It struck me as a way to get back to what I really want to do . '',1.0202515542555712,0.15531175994781124,0.8113752611992341,0.8808538300269956,0.8446882400521887
1825,Mr. Spielvogel added pointedly : `` The pressure on commissions did n't begin with Al Achenbaum . '',1.311646693024267,0.19922459492164388,0.7771054474894203,0.8259325952167859,0.800775405078356
1826,"Mr. Spielvogel said Mr. Achenbaum will work with clients to determine the mix of promotion , merchandising , publicity and other marketing outlets , and to integrate those services .",1.0591479170272455,0.15416276691693623,0.8001282659987393,0.8970850554827878,0.845837233083064
1827,"He will concentrate on , among others , J.P. Morgan and Hyundai .",0.8853673080251498,0.15005901246939615,0.8283419256373167,0.872696600031615,0.8499409875306039
1828,"Mr. Achenbaum helped Morgan in its recent agency search , and he has a long relationship with Hyundai , which is having severe troubles , including declining sales .",1.3532797413047097,0.19575703251567,0.7474074461111252,0.8704338546754838,0.8042429674843302
1829,"`` The trail of revenue is increasingly going away from pure advertising , and going towards other services , '' Mr. Spielvogel said .",0.5833333333333348,0.07928937462968519,0.8978771520000741,0.9447357364127826,0.9207106253703151
1830,"Instead of being just an ad agency , he said : `` We have redefined our mission here .",1.2512861847798584,0.1778900511474273,0.8174924436680275,0.8267799131624265,0.8221099488525725
1831,"Our mission is to help our clients grow , and to use every tool of marketing communications to accomplish that . ''",1.0331389069636616,0.16237805002347624,0.7858625126701543,0.8966801970554702,0.8376219499765238
1832,Industry executives are wishing Mr. Achenbaum well .,0.5,0.09090909090909091,0.909090909090909,0.9090909090909091,0.9090909090909091
1833,"Leonard Matthews , then-president of the American Association of Advertising Agencies , called Mr. Achenbaum a `` quisling '' in an incendiary 1987 speech .",2.032509756525333,0.32599377166040405,0.6490230312639292,0.7009898109737689,0.6740062283395957
1834,"Yesterday , Mr. Matthews , now a consultant with the Stamford , Conn. , firm Matthews & Johnston , quipped , `` I think he 'll be very good at that -LCB- new job -RCB- .",1.5741954017515845,0.2154511683642212,0.7680467806825573,0.8017755704881768,0.7845488316357784
1835,And much better at that than at -LCB- the price-cutting -RCB- he 's been doing recently . '',1.153049305675748,0.16555909446880884,0.788850595092925,0.8856240787895749,0.8344409055311912
1836,Cotton Inc . Campaign,1.0,0.3333333333333333,0.6666666666666666,0.6666666666666666,0.6666666666666666
1837,"Cotton Inc. , the fiber company that represents cotton growers , will begin a new ad campaign , developed by Ogilvy & Mather , Thanksgiving Day .",1.4027519622565672,0.21535388325493113,0.7560372439851061,0.8155052938180672,0.7846461167450695
1838,"J. Nicholas Hahn , Cotton Inc. 's president and chief executive , was an outspoken critic of WPP Group 's acquisition of Ogilvy Group earlier this year .",1.2535890716402873,0.2154830950015878,0.7564590226753819,0.8147363565910132,0.7845169049984121
1839,"During the takeover , Mr. Hahn said he would put his account up for review if WPP 's bid were successful , but he did n't .",1.0882991846390446,0.14447880849396383,0.8519407047476185,0.8591319010051142,0.8555211915060364
1840,Cotton Inc. 's new $ 9 million campaign calls cotton the `` Fabric of Our Lives . '',1.331898247279839,0.20292477544972476,0.7101328760645321,0.9082765167320479,0.7970752245502754
1841,The campaign replaces its `` Take Comfort in Cotton '' ads and marks the end of its national cooperative advertising efforts .,2.010855952614886,0.3390822154686128,0.5787250796934204,0.7703217693208286,0.6609177845313872
1842,"For years , the company 's ads were tied in with pitches for Cannon sheets or Martex towels , for example , and an announcer at the end of the ads would tell customers where to `` find the true performance label . ''",1.108429543935614,0.15235659092629722,0.8115212186439517,0.8871311251076015,0.8476434090737027
1843,"With the new TV spots , Ogilvy & Mather has opted for a family style with lots of laughter , hugs and tears .",1.3188118522668013,0.20234065732955334,0.7994404798244469,0.7958861245478207,0.7976593426704466
1844,"`` We 're making a fairly obvious plea for some emotional reaction , '' says Tom Rost , creative director at Ogilvy & Mather .",0.9500539969805217,0.13695703146955862,0.808273073829837,0.925774983228951,0.8630429685304412
1845,"Cotton Inc. will spend nearly $ 2 million on broadcasting on Thanksgiving Day alone , advertising on such programs as `` Good Morning America , '' `` Macy 's Thanksgiving Day Parade '' and the NFL holiday game .",1.8139411215616175,0.25680292996045123,0.7064139111174825,0.7840212643407405,0.7431970700395488
1846,Frank Mingo Dies at 49,0.40000000000000036,0.09425390072448082,1.0,0.8277293767706427,0.9057460992755192
1847,"Frank L. Mingo , one of the pioneers of advertising targeted at black audiences , died at the age of 49 after a stroke .",1.6268413785222835,0.25987511972198896,0.7210430380593632,0.7602441493647387,0.7401248802780108
1848,"Mr. Mingo was chief executive officer of the Mingo Group , which he founded in 1977 and which created ads for the black market .",1.4153631194101637,0.20475862346423807,0.7823177021015707,0.8085992143631552,0.7952413765357615
1849,Clients include Miller Brewing Co. and General Motors .,1.3444294966788748,0.34133155264952697,0.5686778319952346,0.7824945635108437,0.6586684473504731
1850,"Mr. Mingo was hospitalized Sept. 23 and died Monday , according to Samuel J. Chisholm , the agency 's president and chief operating officer .",1.8072006340956914,0.300232419319566,0.6545065393277968,0.7517535362790803,0.6997675806804339
1851,Ad Notes ... .,0.0,0.0,1.0,1.0,1.0
1852,EARNINGS :,0.0,0.0,1.0,1.0,1.0
1853,"Omnicom Group Inc. , New York , reported third-quarter net income rose 54 % to $ 5.6 million , or 22 cents a share , from $ 3.6 million , or 15 cents a share , a year earlier .",1.337498897159188,0.20096507470996078,0.7611015253990207,0.8409478778646913,0.799034925290039
1854,Revenue increased 20 % to $ 246.6 million from $ 204.8 million .,0.7392031134182169,0.13908467091946006,0.9152239946166532,0.8126908962341203,0.8609153290805401
1855,"Prime Minister Lee Kuan Yew , Singapore 's leader and one of Asia 's leading statesmen for 30 years , recently announced his intention to retire next year -- though not necessarily to end his influence .",1.7781202686978625,0.2509176946395215,0.6935904161156988,0.8142258381752735,0.7490823053604787
1856,"The prime minister , whose hair is thinning and gray and whose face has a perpetual pallor , nonetheless continues to display an energy , a precision of thought and a willingness to say publicly what most other Asian leaders dare say only privately .",1.7475798735141002,0.25344907173966374,0.6857607591175365,0.8191670768130137,0.7465509282603363
1857,"The 66-year-old Mr. Lee recently spent an hour discussing the state of Asia and the world with two Journal reporters in his plainly furnished , wood-paneled office .",2.054492408404659,0.32598644658142856,0.6023450336482044,0.7650399177204115,0.6740135534185716
1858,The interview did not touch on Singapore 's domestic affairs .,0.4322625001966802,0.06663929502024596,0.875048115456911,1.0,0.9333607049797542
1859,"Skipping personal pleasantries , Mr. Lee picked up exactly where he left off several months earlier -- before the government crackdown in China -- when he had warned that the orthodox leadership in Beijing feared a plurality of views .",2.1242657718346676,0.2947766375685307,0.6643134412456538,0.7515025880808494,0.7052233624314692
1860,Excerpts follow :,4.440892098500626e-16,1.4009454786722165e-16,1.0,1.0,1.0
1861,"On China 's turmoil : `` It is a very unhappy scene , '' he said .",0.3973463236566763,0.05268248428027077,0.9273917408862826,0.9681183349461693,0.9473175157197294
1862,"`` It took Zhao Ziyang -LRB- former premier and party chief -RRB- 10 years to build a team of economists who understood how the Western economies work and now that team is part in exile , part being rusticated and part missing . ''",1.8680509776114205,0.24763774967797905,0.6661979515694422,0.8641260512533737,0.7523622503220211
1863,"Rebuilding that team , Mr. Lee predicted , will take another 10 years .",0.9110633930116778,0.1485699645525264,0.7726382138318338,0.9481167433755773,0.851430035447474
1864,"`` That 's very sad for China and for Asia because China could have been a good engine for growth , not just for Hong Kong and Taiwan but for Japan , Korea and the rest of Asia . ''",1.6472578852982664,0.23716496073889148,0.7654843164875105,0.7602040366418311,0.7628350392611084
1865,"On similarities between China and the Soviet Union : `` In important particulars , the Soviets are different from the Chinese .",1.0120301139313819,0.14999043017654098,0.8457087574409284,0.8543543489578095,0.8500095698234591
1866,They are already industrialized ... .,0.0,0.0,1.0,1.0,1.0
1867,Their problem is one of inefficiency of an industrial economy .,0.47682840889422984,0.09145377465611663,0.8324184188470447,0.9999999999999999,0.9085462253438832
1868,The Chinese problem is much greater -- it 's how to industrialize to begin with . '',0.5882352941176485,0.08266257024743677,0.8472976299004322,1.0,0.9173374297525633
1869,"Asked if the Soviets , like Chinese officials , wo n't one day face a similar conflict between the desire to liberalize economically and yet retain political control , Mr. Lee said , `` I would think that the Soviets face a deeper dilemma because they have been more in blinkers than the Chinese -- I mean keeping their people cut off from the outside world . ''",2.116884879748537,0.2621153973282886,0.6793312444764275,0.8074837659180866,0.7378846026717111
1870,"Mikhail Gorbachev , he said , is ahead of China 's leaders in his awareness of the world .",1.0010289478238859,0.15046910512622394,0.7989642176187347,0.9069308090402398,0.849530894873776
1871,`` But I think the Soviet peoples are more introverted than the Chinese . '',0.5836591668108975,0.08381746371967397,0.9096086714135926,0.9228521132923115,0.916182536280326
1872,"Regardless , he said , he still believes the Soviet Union , while falling far short of the efficiency of a Western economy , may well manage to improve considerably .",1.464002515653359,0.2010136561856682,0.801311109131308,0.7966750287027303,0.7989863438143316
1873,"On Asia-Pacific prosperity : `` If America can keep up the present situation -- her markets open for another 15 years , with adjustments , and Japan can grow and not cut back , and so too , Korea , Taiwan , Hong Kong , Singapore , ASEAN , Australia and New Zealand -- then in 15 years , the economies of these countries would be totally restructured to be able to almost sustain growth by themselves . ''",1.8237746839824736,0.24158389480897835,0.7238892141204337,0.7964015728827576,0.7584161051910218
1874,"In such an arrangement , `` all benefit , '' he said .",0.3657605770894996,0.056974410964485175,0.8921933958410667,1.0,0.943025589035515
1875,"`` And if the Europeans come in , they benefit too .",0.3333333333333339,0.048757238916030635,0.9512427610839693,0.9512427610839693,0.9512427610839693
1876,It 's not a zero-sum game . '',0.0,0.0,1.0,1.0,1.0
1877,"Asked about the possibility of greater economic cooperation among Asia-Pacific nations , which will be discussed Nov. 6 and 7 at a ministerial meeting in Canberra , Mr. Lee said the goal `` is to have a free and open world trading system . ''",2.0179696734927512,0.2661298232715484,0.6864164695415295,0.788372352021666,0.733870176728452
1878,"An Asian bloc is n't intended , he said .",0.20000000000000018,0.03103731587265484,1.0,0.9397940008672038,0.9689626841273452
1879,`` That 's not possible . '',0.2857142857142856,0.05361503543831442,0.8982265179691366,1.0,0.9463849645616855
1880,On U.S.-Japan relations : `` I 'm encouraged .,0.22222222222222232,0.036324900793189584,1.0,0.9298966940476159,0.9636750992068105
1881,I think the earlier strident notes struck by -LCB- U.S. Commerce Secretary Robert -RCB- Mosbacher and -LCB- U.S. Trade Representative -RCB- Carla Hills have been more rounded .,1.6698174107915538,0.27304084054262917,0.6810776537149332,0.7794688935853644,0.7269591594573712
1882,"I believe the U.S. is becoming more patient and circumspect , '' he said .",0.7169925001442294,0.10103055499540925,0.8762917220841228,0.9228521132923116,0.8989694450045904
1883,`` It 's the total relationship that is important . '',0.18181818181818077,0.028527620086804616,1.0,0.9445272649374314,0.9714723799131952
1884,"The total relationship , as Mr. Lee sees it , is `` the flow of dollars to the U.S. to fund the deficits , the investments the Japanese are making in the U.S. in order to satisfy American demand that American products consumed in America should be made as much as possible in America by Americans with Japanese technology and capital . ''",1.7426396767049486,0.22988849381038196,0.7347546705339808,0.8090431479577075,0.7701115061896177
1885,"Japan 's recent political turbulence , Mr. Lee said , may mean Japan will slow market adjustments .",1.222222222222224,0.19622306271923687,0.7896900821428474,0.8183754960340521,0.8037769372807634
1886,"`` They 'll be more timorous in tackling their own voters , like opening up more to agricultural imports from America , hurting their farmers . ''",1.3618851827098908,0.19304006991978828,0.743560190084416,0.8821790195574747,0.8069599300802119
1887,"On U.S. military presence in Asia : Asked if his offer to allow the American military to use facilities in Singapore would help preserve America 's presence in the region at bases in the Philippines , he said , `` What we have done is make it easier for the Philippines to continue to host American bases without it being said they are lackeys of the imperialists and the only ones in Asia or in Southeast Asia .",1.6009606604710935,0.20510046288387124,0.7446991031927701,0.8523572450346828,0.7948995371161286
1888,"We are willing to share the political burden of being host to America , an imperial power .",0.7086048612313034,0.10642141686142231,0.8700219947612692,0.9184463009531734,0.8935785831385773
1889,"We think it is n't such a great burden , that it carries no stigma , and we are prepared to do it . ''",1.2985757378684042,0.18216048140465183,0.8121653800254889,0.8235934989461343,0.8178395185953481
1890,On U.S.-Philippine relations : `` It 's such a mixed-up relationship going back into history ... .,1.1920389709700245,0.1830442777338585,0.7699758322379667,0.8700410685996827,0.8169557222661417
1891,I really do not understand how it is that Filipinos feel so passionately involved in this father figure that they want to dispose of and yet they need .,1.6604694232800048,0.25265586007671426,0.6814022072042316,0.8274164354650633,0.7473441399232857
1892,I just do n't understand it .,0.8571428571428577,0.18016411739235047,0.8722165935233486,0.7733901638509398,0.8198358826076496
1893,My relationships with the British are totally different .,0.44444444444444464,0.07538827312875093,0.8597933880952316,1.0,0.924611726871249
1894,They lorded it over me .,1.125814583693912,0.2783837401553246,0.81403803623258,0.6480409554829325,0.7216162598446755
1895,They did me some good .,0.33333333333333304,0.06891905627080991,1.0000000000000002,0.8710490642551529,0.9310809437291903
1896,They did themselves even more good .,1.4285714285714297,0.3412623489149147,0.5467803277018796,0.8283480523167006,0.6587376510850855
1897,They let me down when the Japanese came down -LCB- during World War II -RCB- ... .,1.4332075280353118,0.2202757643715089,0.6874060052839819,0.900685822509131,0.7797242356284914
1898,I do n't feel down or done in because I show British serials on my television network or read their books .,2.068626136560315,0.3378471619944437,0.5822329992725476,0.7675037469348928,0.6621528380055562
1899,I mean it is a normal adult relationship .,0.6666666666666679,0.11751192005564601,0.918464939457502,0.8492234537424981,0.8824880799443541
1900,"`` But the Filipinos and the Americans , when I talk to them , there 's so much passion about Filipino manhood being diminished as a result of being squatted upon by the Americans and so on .",1.7474638945765255,0.22943744597138932,0.7394808863907929,0.8043716952083906,0.7705625540286105
1901,The occasional Englishman tries to put on airs but we let it pass ... .,0.6843108337660269,0.10374418106597214,0.8120140828905149,0.9999999999999998,0.8962558189340277
1902,It 's just comic when they try to pretend they 're still the master race . '',1.103228676597853,0.16137560858109826,0.829735012101711,0.8477063064857854,0.8386243914189021
1903,Mr. Lee added that the Filipinos are `` making it very difficult '' for the U.S. military presence to last beyond five or 10 years .,1.7219576897371907,0.23858476427521927,0.6695353596213851,0.8825233001641127,0.7614152357247803
1904,On military alternatives if the U.S. pulls back : `` The Soviets already are present .,1.375,0.20754716981132076,0.75,0.8400000000000001,0.7924528301886794
1905,"I suppose sooner or later , the Japanese would have to fill up a large part of the gap on the naval side .",0.9522813738447242,0.1342786702766517,0.8251690860599893,0.9104653887474624,0.8657213297233485
1906,"Maybe the Chinese , maybe even the Indians . ''",0.2754887502163461,0.053302856934623416,1.0,0.8987891154311529,0.9466971430653764
1907,On economic consequences of a diminished U.S. presence : `` America is the only major power in recent history that has used its military might to sustain a system that enables all participants to equally benefit without her as the provider of the security taking royalties . '',2.1479269584568357,0.2861304784098783,0.690400619407458,0.73899013520121,0.7138695215901217
1908,"Asked why so few nations seem to share his views of America , he said , `` Many people see it that way .",1.3280959575386344,0.18089442693322105,0.7417935055510327,0.9144080777608224,0.8191055730667789
1909,But they have just taken it for granted . '',0.5999999999999988,0.09927436741713123,0.9315520459418732,0.8718740509574638,0.9007256325828685
1910,On Cambodia : `` Let 's assume that -LCB- former Cambodian leader Prince Norodom -RCB- Sihanouk does what the press wants him to do and joins up with -LCB- Vietnamese-backed Cambodian leader -RCB- Hun Sen .,1.6779547765712968,0.232960383659164,0.7188391490693464,0.8221686581435818,0.7670396163408361
1911,Is the trouble over ?,0.0,0.0,1.0,1.0,1.0
1912,Can Sihanouk and Hun Sen knock off the Khmer Rouge still supported by China ?,0.9006516669551274,0.16141300437090758,0.8143575151922395,0.8643024826279609,0.8385869956290921
1913,He ca n't .,0.0,0.0,1.0,1.0,1.0
1914,`` What is the way forward ?,0.2857142857142856,0.05361503543831442,0.8982265179691366,1.0,0.9463849645616855
1915,To get the Khmer Rouge as part of a process for elections .,1.134991346320267,0.19049245573597504,0.8393609944582763,0.7817047468033617,0.8095075442640246
1916,"And when they lose , then we can expect China to stop aid .",0.6253491072973922,0.09743778699777902,0.8224267686930375,1.0,0.9025622130022212
1917,Let 's put it bluntly .,1.4591479170272446,0.39321896299175063,0.58688267143572,0.6280760724651602,0.6067810370082494
1918,The Chinese can not be seen to have made use of the Khmer Rouge and then discard them . '',1.313233125324519,0.18416807527965637,0.7895086648222782,0.8439710317433413,0.8158319247203435
1919,Ms. House is vice president of Dow Jones International Group .,1.8181818181818192,0.42920554353373847,0.6473363468629814,0.5104394347553084,0.5707944564662617
1920,Mr. Wain is editor of The Asian Wall Street Journal .,1.454545454545455,0.3162197784498532,0.7673385900431202,0.6166327730285401,0.683780221550147
1921,Everything looked good as neurosurgeon Walter Levy and colleagues carefully cut away a woman 's spinal tumor at the Cleveland Clinic in 1978 .,1.9428829367954465,0.288816825898269,0.6893252370463094,0.7344727001273548,0.7111831741017312
1922,"Using small electrical shocks applied to her feet , they were able to monitor sensory nerves .",0.6614772057550908,0.10739386815248182,0.8538331724304654,0.9350680024835307,0.8926061318475181
1923,"The shocks generated nerve impulses that traveled via spine to brain and showed up clearly on a brain-wave monitor , indicating no damage to the delicate spinal tissue .",1.8027818943963423,0.27233426225106866,0.6856919732260702,0.7751133163861079,0.7276657377489315
1924,"Then , says Dr. Levy , `` she woke up paralyzed . ''",0.4615384615384617,0.06959633791089725,0.9093088077395047,0.9525005112358605,0.9304036620891027
1925,"The damage was to her motor nerves , which could n't be monitored along with the sensory nerves , he explains .",1.1029392048404727,0.14800008451879915,0.7927002421299877,0.9208890312442621,0.8519999154812006
1926,"The tragedy , he adds , `` galvanized me '' to look for a way to prevent similar cases .",0.7377443751081723,0.10381828971302084,0.8555199452007557,0.9409015536505655,0.896181710286979
1927,"Dr. Levy 's answer may come with a new kind of magnetic brain probe , a device that he and dozens of U.S. researchers are studying with great hope .",1.0209730161030208,0.14778510660956676,0.8286255746909666,0.8771866490983289,0.8522148933904332
1928,"Besides holding the promise of safer spinal surgery , the probe could improve the diagnosis of brain and nerve disorders such as strokes and multiple sclerosis .",1.1187705961303918,0.17795468083269683,0.8147981752324708,0.8294225380897883,0.8220453191673035
1929,"Perhaps most exciting , the device is thrusting open a window to the workings of the brain .",0.672214748339437,0.10168134932407903,0.857877716953433,0.9427610415236497,0.898318650675921
1930,"The probe , which is painless , non-invasive and apparently harmless , employs strong magnetic fields to induce small whirlwinds of electricity within the brain .",1.2942878636308937,0.19313066690604572,0.7881354626896367,0.8265154914473603,0.8068693330939541
1931,"If positioned over the brain 's motor-control area , the hand-held electromagnets generate nerve impulses that zip down motor nerves and activate muscles , making , say , a finger twitch .",1.587091011380327,0.23819791236697027,0.7116108795572755,0.8196107207014846,0.7618020876330297
1932,"In principle , they will enable doctors to check the body 's motor system the way an electrician tests a home 's electrical circuits by running current through them .",1.5845202184429956,0.23515159549942025,0.7545651752840832,0.7754157862581336,0.7648484045005798
1933,"`` Until now , we 've had no objective way of measuring motor function , '' says Keith Chiappa , a neurologist conducting clinical tests with the devices at Boston 's Massachusetts General Hospital .",1.5364125003090647,0.21276074461071418,0.7508059212926158,0.8273888234433916,0.7872392553892856
1934,"`` All we could do was tell a patient , ` squeeze my fingers as hard as you can ' or ` raise your arm . '",1.6907957205334547,0.24596351724009663,0.6885526377996782,0.8332848879101293,0.7540364827599035
1935,"`` Under the best circumstances such tests are subjective ; when a patient is unconscious , they do n't work at all .",1.3814972830790158,0.18878586197248637,0.771103915245169,0.8557261223797265,0.8112141380275137
1936,"Magnetic brain tweaking started in the early 1900s , when researchers produced flashes of light in the visual field with magnets .",1.4545454545454533,0.24482573019264667,0.7551742698073532,0.7551742698073531,0.7551742698073532
1937,"In the 1960s , Mayo Clinic researchers developed magnetic devices to stimulate motor nerves in the hand and other limbs .",0.8337988097298519,0.13290325734844077,0.8087220526254398,0.9345541711678647,0.8670967426515589
1938,"But for brain tests , the unwieldy machines `` would have required patients to stand on their heads , '' says Reginald Bickford , a researcher at the University of California at San Diego .",1.370690527172484,0.19033131844625087,0.7795592243181637,0.8421974588154122,0.8096686815537486
1939,"The field took off in 1985 after scientists at Britain 's Sheffield University developed a handy , compact magnet for brain stimulation .",1.706309239036373,0.26913544903229414,0.6894692722050448,0.7775480194160436,0.7308645509677062
1940,"Since then , at least two commercial versions have been put on the U.S. market , and an estimated 500 have been sold .",1.11371066471669,0.16165221841148236,0.8089920079341065,0.8699142309631132,0.8383477815885176
1941,"In August , a Chicago conference on such devices attracted more than 100 researchers , who reported studies on everything from brain mapping to physical therapy .",1.379084939995451,0.21707917216397907,0.7266342609641027,0.8486597360470637,0.7829208278360212
1942,"`` We do n't feel we can use -LCB- the devices -RCB- routinely in surgery yet , but we 're getting close , '' says Dr. Levy , who is now with the University of Pittsburgh .",1.3710555663027213,0.1715262694427291,0.7930275090422362,0.8672369152560032,0.8284737305572709
1943,"A problem , he adds , is that anesthetized brains are more resistant to magnetic stimulation than awake ones .",1.2377443751081731,0.18185777853971585,0.8136301063540714,0.8227046609516967,0.8181422214602843
1944,"The devices could help indicate when surgery would help , says Charles Tator , a University of Toronto neurosurgeon .",0.7804820237218388,0.11847231311061478,0.8841471561318677,0.8789236932385991,0.881527686889385
1945,"For example , paralyzed car-crash victims occasionally have some intact spinal tissues that , if preserved by emergency surgery , enable partial recovery .",1.9052299323145925,0.32817405188506144,0.608476320700165,0.7498994015430891,0.6718259481149387
1946,But such operations typically are n't performed because there is no sign right after an injury that surgery would be beneficial .,2.0583732961429213,0.308200997192667,0.636541579492489,0.757562072281446,0.6917990028073329
1947,"`` The cost -LCB- of magnetic stimulators -RCB- would seem like peanuts if we could retrieve limb function '' in such people , Dr. Tator says .",1.9046637764896523,0.2716090859162745,0.6703079056906255,0.797494826327306,0.7283909140837258
1948,Scientists caution there is a chance the magnet technique might spark seizures in epileptics .,1.21764416709936,0.19237694440988376,0.8140959601797606,0.8012522716039344,0.807623055590116
1949,But no significant problems have been reported among hundreds of people tested with the devices .,0.9221804688852169,0.1565911320917545,0.8931251189980293,0.7989357164550258,0.8434088679082455
1950,"The main sensation , besides feeling like a puppet jerked with invisible strings , is `` like a rap on the head , '' says Sam Bridgers , a neurologist who has studied the brain stimulators at Yale University .",1.5803751815935119,0.2341210588143172,0.763355751946926,0.7684188659960922,0.7658789411856827
1951,One apparent side effect is a minor increase in a brain hormone .,0.48957907512309884,0.09665644886534785,0.9152239946166534,0.8917675931702019,0.9033435511346524
1952,And some doctors who have conducted hours of tests on themselves report temporary headaches .,0.6339850002884608,0.10843907089306827,0.8388576451121957,0.9513306017937848,0.8915609291069313
1953,"At least two companies , Cadwell Laboratories Inc. of Kennewick , Wash. , and Novametrix Medical Systems Inc. of Wallingford , Conn. , now sell versions of the magnetic devices .",1.3642094856597842,0.22748836357227079,0.7276156581905254,0.8233123773986316,0.7725116364277292
1954,"The machines , which at $ 12,500 are inexpensive by medical standards , have n't been approved in the U.S. for marketing as brain stimulators but are sold for stimulating nerves in the hand , legs and other non-brain areas .",1.431954499521093,0.20219056389213005,0.7873475683019472,0.8085530716897181,0.7978094361078698
1955,Researchers can apply for permission to use the probes for brain studies .,0.5776750003328424,0.09790890096400762,0.9262429352121896,0.8791667763273406,0.9020910990359925
1956,"At the University of Kentucky , a team led by Dean Currier , a physical therapy researcher , is testing the stimulators in conjunction with electric shocks to induce muscle contractions to help prevent wasting of thigh muscles after knee surgery .",1.9090668920805731,0.2908102574624337,0.6944346620810219,0.7245854554484763,0.7091897425375663
1957,"Similarly , a Purdue University team led by heart researcher W.A. Tacker hopes to develop ways to magnetically induce cardiac muscle contractions .",1.7178163045359547,0.27616795393833843,0.6468767772606063,0.821569521915227,0.7238320460616616
1958,"The devices might someday serve as temporary pacemakers or restarters for stopped hearts , says Dr. Tacker , whose prototype was dubbed the `` Tacker whacker . ''",1.5705060161084647,0.2158475177189463,0.7141361805645856,0.8693904303619158,0.7841524822810533
1959,"The devices ' most remarkable possibilities , though , involve the brain .",0.519606730935652,0.08292627054225125,0.8870726372581195,0.949175149309976,0.9170737294577487
1960,"Probing with the stimulators , National Institutes of Health scientists recently showed how the brain reorganizes motor-control resources after an amputation .",1.733589340337164,0.26844054294700165,0.6508853469066744,0.8350612900792785,0.7315594570529982
1961,Similar studies are expected to reveal how stroke patients ' brains regroup -- a first step toward finding ways to bolster that process and speed rehabilitation .,1.6944944416486365,0.2541840156185477,0.6795510747687703,0.8264005982217997,0.7458159843814527
1962,Scientists also are exploring memory and perception with the new machines .,0.5629072918469555,0.08972515320930859,0.8781408934467743,0.9448498934839928,0.9102748467906915
1963,"At the State University of New York at Brooklyn , researchers flash two groups of different letters on a computer screen in front of human guinea pigs .",2.214857586821554,0.39085753768860404,0.5798232811994081,0.6415846515206571,0.609142462311396
1964,"Between flashes , certain areas in subjects ' brains are jolted with a magnetic stimulator .",0.5227829985375161,0.08395130576222715,0.9267005334875541,0.9056389446923613,0.9160486942377728
1965,"When the jolt is timed just right , the subjects do n't recall seeing the first group of letters .",1.1182263988300134,0.1681507793566343,0.7585364953324685,0.9208495386142252,0.8318492206433657
1966,`` Where does that first stimulus go ? '' exclaims SUNY neurologist Paul Maccabee .,1.350977500432692,0.22784117619123356,0.7176550347373901,0.83562184515951,0.772158823808766
1967,"`` Trying to answer that is suggesting all kinds of theories , '' such as precisely where and how the brain processes incoming signals from the eyes .",1.2812251064616857,0.17137058830891413,0.8193743432702322,0.8380959459889625,0.8286294116910857
1968,He and others say that the machines are weak enough that they do n't jeopardize the memory .,1.1258145836939102,0.17194916404546523,0.809136701880173,0.8478703971385678,0.8280508359545344
1969,"Both the SUNY team and researchers at the National Magnet Laboratory in Cambridge , Mass. , are working with more potent magnetic brain stimulators .",1.3011730005192303,0.2006079609218711,0.7801474000840029,0.8196101431428338,0.7993920390781285
1970,"Among other things , the stronger devices may be able to summon forth half-forgotten memories and induce mood changes , neurologists say .",1.4060302794624935,0.21311188971034778,0.7377827124094827,0.8429963237123019,0.7868881102896521
1971,"Du Pont Co. , Hewlett-Packard Co. and Los Alamos National Laboratory said they signed a three-year , $ 11 million agreement to collaborate on superconductor research .",1.4224582206135832,0.22614834044702897,0.7375150109115521,0.8139544028303264,0.7738516595529713
1972,"The collaboration will include at least 25 researchers and will be aimed primarily at developing thin films of high-temperature superconductors for use in electronics , the companies said .",0.953499463944941,0.13206215084058415,0.8439866871694593,0.893288116780909,0.8679378491594163
1973,"The materials , discovered during the past three years , conduct electricity without resistance and promise smaller , faster computers and other new technologies .",1.550195500086538,0.2509732942120723,0.667906146843985,0.8525763946187433,0.7490267057879275
1974,"Joint-research programs have proliferated as U.S. companies seek to spread the risks and costs of commercializing new superconductors and to meet the challenges posed by foreign consortia , especially in Japan .",1.2735902344426089,0.1817584357899855,0.7791657071401074,0.8614437381199729,0.8182415642100145
1975,The latest research pact bolsters Du Pont 's growing portfolio of investments in superconductors .,1.7316112300691389,0.31206743795431263,0.5983303045280871,0.8090981060753234,0.6879325620456872
1976,"The Wilmington , Del. , chemicals concern previously signed research superconductor agreements with Oak Ridge National Laboratory and with Argonne National Laboratory .",1.363821759785961,0.24995006510002984,0.7267765064828715,0.7748632356706482,0.7500499348999701
1977,"Last year , Du Pont agreed to pay $ 4.5 million for rights to superconductor work at the University of Houston .",1.3190704549388137,0.19714978785911555,0.771406056657182,0.8369667617370824,0.8028502121408846
1978,"Hewlett-Packard is a Palo Alto , Calif. , computer maker .",1.2727272727272725,0.24093277214972106,0.8464712244113002,0.6880240007866751,0.7590672278502789
1979,The Los Alamos laboratory is one of three U.S. Department of Energy national laboratories designed as pilot centers to foster joint industry-government programs to speed the transfer of new superconductors to the marketplace .,1.7606799770490253,0.29338158107338697,0.6222561806493865,0.8174430754856189,0.7066184189266134
1980,"J.C. PENNEY Co. , Dallas , said it issued $ 350 million of securities backed by credit-card receivables .",1.6431200499407144,0.2641181224403664,0.6935243168636842,0.7837500480375375,0.7358818775596332
1981,The offering was priced with an 8.95 % coupon rate at 99.1875 % to yield 9.19 % .,0.43889636277167376,0.07489123240695836,0.9606252610265473,0.8921248882180561,0.9251087675930416
1982,The retailer said the securities are expected to be rated triple-A by Standard & Poor 's Corp. and Aaa by Moody 's Investors Service Inc .,1.102732094732965,0.156031285923552,0.8187860711054019,0.8707495495061577,0.8439687140764477
1983,"They pay interest only for 115 months , with principal payments beginning thereafter .",1.0539205358688193,0.1759654464273884,0.7303575695903335,0.9452775652503479,0.8240345535726117
1984,"The expected average life of the certificates is 10 years , with the final scheduled payment in October , 2001 .",0.9870979025333586,0.15733834713796452,0.8318677142400923,0.8537393884202199,0.8426616528620353
1985,First Boston Corp. is sole underwriter .,0.9649839288804962,0.20753565833176318,0.8657411483701791,0.7306239305568806,0.7924643416682371
1986,"As part of the transaction , J.C. Penney will sell a portion of its credit-card receivables to its JCP Receivables Inc. unit , which will then transfer them to a master trust .",1.2770214984871595,0.1917547830901131,0.7725922584160521,0.8473479397180884,0.8082452169098868
1987,The trust will issue the certificates .,0.571428571428573,0.11330491807453043,0.8866950819254699,0.8866950819254699,0.88669508192547
1988,"Credit support will be provided by a letter of credit facility from Credit Suisse in favor of the trustee , Fuji Bank & Trust Co. , for the benefit of the certificate holders .",1.4925827160841978,0.24983973697859646,0.7673691115081516,0.7337063285937806,0.7501602630214037
1989,J.C. Penney will continue to service the receivables .,0.44444444444444553,0.08153506054249816,0.9184649394575021,0.9184649394575021,0.9184649394575021
1990,"Battle-tested Japanese industrial managers here always buck up nervous newcomers with the tale of the first of their countrymen to visit Mexico , a boatload of samurai warriors blown ashore 375 years ago .",2.159382702620393,0.32201442987722306,0.6085852364060219,0.765251412669525,0.677985570122777
1991,"`` From the beginning , it took a man with extraordinary qualities to succeed in Mexico , '' says Kimihide Takimura , president of Mitsui group 's Kensetsu Engineering Inc. unit .",1.0209698269705347,0.14261214051420232,0.8616083026462924,0.8532085610448733,0.8573878594857979
1992,"Here in this new center for Japanese assembly plants just across the border from San Diego , turnover is dizzying , infrastructure shoddy , bureaucracy intense .",1.8471964067010092,0.3119677267752186,0.6665791376800436,0.710912221588031,0.6880322732247816
