id,sentence,VI,normalized-VI,homogeneity,completeness,V-score
0,-,4.206054812346266,0.4440462417203357,0.6049846632017665,0.5142744509483552,0.5559537582796644
1,"In an Oct. 19 review of `` The Misanthrope '' at Chicago 's Goodman Theatre -LRB- `` Revitalized Classics Take the Stage in Windy City , '' Leisure & Arts -RRB- , the role of Celimene , played by Kim Cattrall , was mistakenly attributed to Christina Haag .",1.9964935778740314,0.2481849365985964,0.8088376667161523,0.7023030883053976,0.7518150634014035
2,Ms. Haag plays Elianti .,0.9509775004326935,0.25751658270749517,1.0,0.5904362833084087,0.7424834172925047
3,"Rolls-Royce Motor Cars Inc. said it expects its U.S. sales to remain steady at about 1,200 cars in 1990 .",0.8754887502163458,0.11881719490753548,0.931764684577758,0.83580993559583,0.8811828050924644
4,"The luxury auto maker last year sold 1,214 cars in the U.S.",0.8962406251802895,0.15087334379794973,0.9165679877090556,0.7909298168083138,0.8491266562020505
5,"Howard Mosher , president and chief executive officer , said he anticipates growth for the luxury auto maker in Britain and Europe , and in Far Eastern markets .",1.6522809296859888,0.23167236605067953,0.8433836896184389,0.7055389295604808,0.7683276339493208
6,BELL INDUSTRIES Inc. increased its quarterly to 10 cents from seven cents a share .,0.4503258334775637,0.06861109109953038,0.9582013815667277,0.9060361287804416,0.9313889089004694
7,The new rate will be payable Feb. 15 .,0.22222222222222232,0.036324900793189584,1.0,0.9298966940476159,0.9636750992068105
8,A record date has n't been set .,0.75,0.14285714285714285,0.8999999999999999,0.8181818181818181,0.8571428571428571
9,"Bell , based in Los Angeles , makes and distributes electronic , computer and building products .",0.8679345589507932,0.13827209754333017,0.8517889810036291,0.8719015026592791,0.8617279024566699
10,Investors are appealing to the Securities and Exchange Commission not to limit their access to information about stock purchases and sales by corporate insiders .,1.0847766191505475,0.14653330168734244,0.8530064166645972,0.8539274769641911,0.8534666983126571
11,"A SEC proposal to ease reporting requirements for some company executives would undermine the usefulness of information on insider trades as a stock-picking tool , individual investors and professional money managers contend .",1.4766380591878958,0.20415105311119985,0.878636841149326,0.7273187166630368,0.7958489468888003
12,"They make the argument in letters to the agency about rule changes proposed this past summer that , among other things , would exempt many middle-management executives from reporting trades in their own companies ' shares .",1.1586693352236992,0.15510970997730467,0.8897732513152063,0.8043179622812405,0.8448902900226951
13,The proposed changes also would allow executives to report exercises of options later and less often .,0.985581617774324,0.14669109025466834,0.8782615110752144,0.8297350121017109,0.853308909745332
14,Many of the letters maintain that investor confidence has been so shaken by the 1987 stock market crash -- and the markets already so stacked against the little guy -- that any decrease in information on insider-trading patterns might prompt individuals to get out of stocks altogether .,1.6273569570511413,0.2109485832251023,0.8595340587964123,0.7292520298432413,0.7890514167748979
15,"`` The SEC has historically paid obeisance to the ideal of a level playing field , '' wrote Clyde S. McGregor of Winnetka , Ill. , in one of the 92 letters the agency has received since the changes were proposed Aug. 17 .",1.4879037714815233,0.1886603671933975,0.8712832906437346,0.7591131960416417,0.8113396328066025
16,`` Apparently the commission did not really believe in this ideal . '',0.519606730935652,0.07904470615755656,1.0,0.8534913230073067,0.9209552938424435
17,"Currently , the rules force executives , directors and other corporate insiders to report purchases and sales of their companies ' shares within about a month after the transaction .",1.1454842658866768,0.15724656514965626,0.8988351116855149,0.7932590429272265,0.8427534348503439
18,"But about 25 % of the insiders , according to SEC figures , file their reports late .",0.4863826390090811,0.06564733896739355,0.9396715985979784,0.9290935994040644,0.9343526610326063
19,"The changes were proposed in an effort to streamline federal bureaucracy and boost compliance by the executives `` who are really calling the shots , '' said Brian Lane , special counsel at the SEC 's office of disclosure policy , which proposed the changes .",1.3602428041945043,0.16028385104530282,0.8876035937072951,0.796731385832719,0.8397161489546974
20,"Investors , money managers and corporate officials had until today to comment on the proposals , and the issue has produced more mail than almost any other issue in memory , Mr. Lane said .",1.2075617858997258,0.14999937077428568,0.9175904509512145,0.7916850167542686,0.8500006292257146
21,"The SEC will probably vote on the proposal early next year , he said .",0.3999999999999977,0.0539535750628667,1.0,0.8976167900760738,0.946046424937133
22,Not all those who wrote oppose the changes .,0.44444444444444464,0.07538827312875093,0.9246117268712492,0.9246117268712492,0.9246117268712492
23,"The Committee on Federal Regulation of Securities for the American Bar Association argues , for example , in its lengthy letter to the SEC , that the proposed changes `` would substantially improve the -LCB- law -RCB- by conforming it more closely to contemporary business realities . ''",1.5253982472854188,0.18204280948936089,0.8375030156241144,0.7993028881697464,0.817957190510639
24,What the investors who oppose the proposed changes object to most is the effect they say the proposal would have on their ability to spot telltale `` clusters '' of trading activity -- buying or selling by more than one officer or director within a short period of time .,1.8368839549366234,0.2353153682187026,0.7555531040347384,0.7740395850065277,0.7646846317812976
25,"According to some estimates , the rule changes would cut insider filings by more than a third .",0.9455305560363261,0.14054389947437193,0.8851092129118406,0.8352481119808837,0.859456100525628
26,The SEC 's Mr. Lane vehemently disputed those estimates .,0.8754887502163449,0.15177409542471376,0.9244267583903902,0.7836309070274349,0.848225904575286
27,"The rules will eliminate filings policy-making divisions , such as sales , marketing , finance and research and development , Mr. Lane said .",0.8689480405113894,0.12288198540153158,0.9072437353306969,0.8489286894758172,0.8771180145984682
28,"The proposed rules also would be tougher on the insiders still required to file reports , he said .",0.6057776318066761,0.08110531843017785,0.9320300546488565,0.9061244044218559,0.9188946815698215
29,Companies would be compelled to publish in annual proxy statements the names of insiders who fail to file reports on time .,0.959973430852898,0.13750890627536216,0.9074521827397577,0.8217750096572141,0.8624910937246377
30,"Considered as a whole , Mr. Lane said , the filings required under the proposed rules `` will be at least as effective , if not more so , for investors following transactions . ''",1.0389865136171474,0.13264175696129588,0.8839478145192541,0.8513798930047851,0.8673582430387039
31,"But Robert Gabele , president of Invest/Net , a North Miami , Fla. , company that packages and sells the insider-trading data , said the proposal is worded so vaguely that key officials may fail to file the reports .",1.4454070372695913,0.17805036831754545,0.8765386756117068,0.7737613503007474,0.821949631682454
32,"Many investors wrote asking the SEC to require insiders to report their purchases and sales immediately , not a month later .",0.5797676137347034,0.07616672400759894,0.9747960395040629,0.8779344773370188,0.923833275992401
33,"But Mr. Lane said that while the SEC regulates who files , the law tells them when to do so .",0.715216667078753,0.09538779120289134,0.9046122087971084,0.9046122087971086,0.9046122087971085
34,"Investors who want to change the required timing should write their representatives in Congress , he added .",0.22222222222222054,0.028145764087402103,0.9718542359125978,0.9718542359125978,0.9718542359125978
35,"The SEC would likely be amenable to legislation that required insiders to file transactions on a more timely basis , he said .",0.8695652173913047,0.1086461414313237,0.9111524992280021,0.8723973376622828,0.8913538585686761
36,"The nation 's largest pension fund , which oversees $ 80 billion for college employees , plans to offer two new investment options to its 1.2 million participants .",1.1975536535586384,0.1503202114807329,0.9181076586292435,0.7907444775141244,0.8496797885192668
37,"The Teachers Insurance and Annuity Association-College Retirement Equities Fund said it will introduce a stock and bond fund that will invest in `` socially responsible '' companies , and a bond fund .",1.0883680897240495,0.14151660133707833,0.8528469746829712,0.8641948199980284,0.8584833986629214
38,"Both funds are expected to begin operation around March 1 , subject to Securities and Exchange Commission approval .",0.35552039485070264,0.04605614807564116,0.9722051342681642,0.9363559380607891,0.9539438519243579
39,"For its employees to sign up for the options , a college also must approve the plan .",0.33333333333333304,0.04739054805584723,0.9678992099516289,0.9377952417866738,0.9526094519441526
40,"Some 4,300 institutions are part of the pension fund .",0.6754887502163474,0.11317814411679877,1.0,0.7966576244513051,0.8868218558832013
41,"The new options carry out part of an agreement that the pension fund , under pressure to relax its strict participation rules and to provide more investment options , reached with the SEC in December .",1.2782225675278749,0.16629760356107087,0.873166357392037,0.7976514367477833,0.8337023964389292
42,"The new `` social choice '' fund will shun securities of companies linked to South Africa , nuclear power and in some cases , Northern Ireland .",0.9727652780181648,0.12812687525211613,0.8925771320582384,0.8521078336777524,0.871873124747884
43,"Also excluded will be investments in companies with `` significant '' business stemming from weapons manufacture , alcoholic beverages or tobacco .",0.8868079547421344,0.11954852941667611,0.914057463115869,0.8492289459947335,0.8804514705833242
44,"Sixty percent of the fund will be invested in stocks , with the rest going into bonds or short-term investments .",0.5294959751792234,0.0744481160146294,0.9503685477523779,0.90199829679756,0.9255518839853705
45,"The bond fund will invest in high-grade or medium-grade bonds , mortgages or asset-backed securities , including as much as 15 % in foreign securities .",0.9269179026965322,0.1256551629644233,0.9411270205446164,0.816412379307982,0.8743448370355762
46,"The fund also might buy and sell futures and options contracts , subject to approval by the New York State Insurance Department .",0.885414259852185,0.11964386449413433,0.9403232575305528,0.8275790370931675,0.8803561355058657
47,"Under two new features , participants will be able to transfer money from the new funds to other investment funds or , if their jobs are terminated , receive cash from the funds .",1.1254312501908954,0.14765250949747788,0.8964694799710645,0.8123649175987977,0.8523474905025223
48,"The investment choices offered by the pension fund currently are limited to a stock fund , an annuity and a money-market fund .",1.080641433577103,0.16770008056673877,0.9284250491024613,0.7542120528388647,0.8322999194332614
49,"New Brunswick Scientific Co. , a maker of biotechnology instrumentation and equipment , said it adopted an anti-takeover plan giving shareholders the right to purchase shares at half price under certain conditions .",0.8379237713455527,0.10833547440311712,0.982727943652762,0.816046465743224,0.8916645255968831
50,"The company said the plan , under review for some time , will protect shareholders against `` abusive takeover tactics .",0.7199721656554159,0.1051067837574954,0.9589553297189343,0.8388543371896215,0.8948932162425044
51,"W. Ed Tyler , 37 years old , a senior vice president at this printing concern , was elected president of its technology group , a new position .",0.9964343776634399,0.1403791745366013,0.912440586173587,0.8125817375644129,0.8596208254633986
52,"Solo woodwind players have to be creative if they want to work a lot , because their repertoire and audience appeal are limited .",0.9633089782818232,0.12776066956632381,0.9517605497143364,0.8049817320294818,0.8722393304336762
53,"The oboist Heinz Holliger has taken a hard line about the problem : He commissions and splendidly interprets fearsome contemporary scores and does some conducting , so he does n't have to play the same Mozart and Strauss concertos over and over again .",2.003952258892201,0.2535723735766336,0.7846877882871077,0.7117250163721577,0.7464276264233664
54,"Richard Stoltzman has taken a gentler , more audience-friendly approach .",0.18181818181818166,0.026987823344141793,1.0,0.9474427588512931,0.9730121766558583
55,"Years ago , he collaborated with the new music gurus Peter Serkin and Fred Sherry in the very countercultural chamber group Tashi , which won audiences over to dreaded contemporary scores like Messiaen 's `` Quartet for the End of Time . ''",1.7332401165809497,0.21959116035704646,0.807803128473936,0.7548116039278131,0.7804088396429539
56,"Today , the pixie-like clarinetist has mostly dropped the missionary work -LRB- though a touch of the old Tashi still survives -RRB- and now goes on the road with piano , bass , a slide show , and a repertoire that ranges from light classical to light jazz to light pop , with a few notable exceptions .",1.6980571716179487,0.22600232614914045,0.841802072602069,0.7163019025881361,0.7739976738508598
57,"Just the thing for the Vivaldi-at-brunch set , the yuppie audience that has embraced New Age as its very own easy listening .",1.23324034680871,0.17486349294227005,0.869999041065752,0.7846738670062531,0.8251365070577303
58,But you ca n't dismiss Mr. Stoltzman 's music or his motives as merely commercial and lightweight .,0.9727652780181621,0.13204209186501448,0.935010997380635,0.8098785299271648,0.8679579081349855
59,"He believes in what he plays , and he plays superbly .",0.5629072918469555,0.10269776158941002,0.8806318454993056,0.914615951689893,0.8973022384105898
60,"His recent appearance at the Metropolitan Museum , dubbed `` A Musical Odyssey , '' was a case in point .",1.2147511906822324,0.17357419261794732,0.8495478590182404,0.8045290283611777,0.8264258073820523
61,"It felt more like a party , or a highly polished jam session with a few friends , than a classical concert .",0.8154298913984128,0.12036314529953347,0.8954687670270649,0.8643550340254947,0.8796368547004664
62,"Clad in his trademark black velvet suit , the soft-spoken clarinetist announced that his new album , `` Inner Voices , '' had just been released , that his family was in the front row , and that it was his mother 's birthday , so he was going to play her favorite tune from the record .",1.4330933703235162,0.17813135246036824,0.8820734637592752,0.7693571422517069,0.8218686475396322
63,"He launched into Saint-Saens 's `` The Swan '' from `` Carnival of the Animals , '' a favorite encore piece for cellists , with lovely , glossy tone and no bite .",1.387104166994467,0.18169052536974803,0.8898882228093158,0.7573884346106585,0.8183094746302523
64,"Then , as if to show that he could play fast as well , he offered the second movement from Saint-Saens 's Sonata for Clarinet , a whimsical , puckish tidbit that reflected the flip side of the Stoltzman personality .",1.2472055587748097,0.16250283760843642,0.8918790332694734,0.7893659732595013,0.8374971623915635
65,"And so it went through the first half : an ingeniously chosen potpourri of pieces , none longer than five minutes , none that would disturb or challenge a listener .",0.9795009024709769,0.1215669905812283,0.8958450293694665,0.8616849393143747,0.8784330094187716
66,"Mr. Stoltzman introduced his colleagues : Bill Douglas , pianist/bassoonist/composer and an old buddy from Yale , and jazz bassist Eddie Gomez .",1.582885737242032,0.22242749825153643,0.8790601709635724,0.6970929803884123,0.7775725017484638
67,"An improvisational section was built around pieces by Mr. Douglas , beginning with `` Golden Rain , '' a lilting , laid-back lead in to the uptempo `` Sky , '' which gave Mr. Stoltzman the opportunity to wail in a high register and show off his fleet fingers .",1.6801238662608817,0.2085195377100262,0.8318008200133419,0.7548883278650227,0.7914804622899738
68,Bach 's `` Air '' followed .,0.0,0.0,1.0,1.0,1.0
69,"Mr. Stoltzman tied the composer in by proclaiming him `` the great improviser of the 18th century , '' and then built on the image by joining with Mr. Douglas in some Bach two-part inventions , cleverly arranged for clarinet and bassoon by Mr. Douglas .",1.0674652836469631,0.14109657474614495,0.8866657414097071,0.8328268539566847,0.8589034252538552
70,"Keeping the mood light , the two then chanted and chortled their way through some murderous polyrhythms , devised by Mr. Douglas as an alternative to Hindemith 's dry theory-teaching techniques , and then , with Mr. Gomez , soared and improvised on the composer 's tight `` Bebop Etudes . ''",1.7873999870081487,0.21471193571271316,0.8283556815266299,0.7464774359471413,0.7852880642872867
71,"The end of the first half , however , brought what the standing-room-only crowd seemed to be waiting for : the pop singer Judy Collins , who appears on `` Inner Voices . ''",0.9074927344786268,0.10919586009460092,0.9455661658303135,0.8420379051780496,0.8908041399053991
72,"Glamorous and pure-voiced as ever , Ms. Collins sang Joni Mitchell 's `` For Free '' -- about an encounter with a street-corner clarinetist , to which Mr. Stoltzman contributed a clarinet obligatto -- and Mr. Douglas 's lush setting of a Gaelic blessing , `` Deep Peace . ''",1.5072198079789958,0.18448434961470345,0.9019864766927613,0.7441738615781881,0.8155156503852965
73,"`` Deep Peace '' also featured a slide show of lovely but predictable images of clouds , beaches , deserts , sunsets , etc .",0.7989667380414822,0.11176932009241819,0.933986358861182,0.846748742562894,0.8882306799075818
74,"It was all too mellow to be believed , but they probably would have gotten away with it , had they not felt compelled to add Ms. Collins 's signature tune , `` Amazing Grace , '' and ask for audience participation .",1.5319605344401674,0.18672676759872,0.8428124529748285,0.7857345021770961,0.81327323240128
75,That went over the permissible line for warm and fuzzy feelings .,0.39624062518028946,0.061524693691246794,1.0000000000000002,0.8840824070190841,0.9384753063087534
76,Was this why some of the audience departed before or during the second half ?,0.9006516669551283,0.15405069507712277,0.8863784664179719,0.80904734162937,0.845949304922877
77,Or was it because Ms. Collins had gone ?,0.44444444444444553,0.08153506054249816,0.9184649394575021,0.918464939457502,0.9184649394575021
78,"Either way it was a pity , because Mr. Stolzman offered the most substantial music of the evening just after intermission : Steve Reich 's `` New York Counterpoint , '' one of a series of Reich works that juxtapose a live performer with recorded tracks of his or her own playing .",1.628421535986475,0.204572980504039,0.8215402287136047,0.7709227218101541,0.795427019495961
79,-LRB- Mr. Reich 's new `` Different Trains '' for string quartet uses the technique magisterially . -RRB-,1.0838763891292738,0.14937711282115737,0.8377937074339746,0.8638510849357629,0.8506228871788425
80,Mr. Stoltzman must have worried that his audience might not be able to take it : He warned us in advance that `` New York Counterpoint '' lasts 11 1/2 minutes .,1.1332707033278249,0.13420145071561132,0.9069626443324929,0.8282088344340972,0.8657985492843886
81,"He also unfortunately illustrated this intricate , jazzy tapestry with Mr. Pearson 's images , this time of geometric or repeating objects , in a kitschy mirroring of the musical structure that was thoroughly distracting from Mr. Reich 's piece and Mr. Stoltzman 's elegant execution of it .",1.4163843750799225,0.18227423499608852,0.8712946832304836,0.7703623650731048,0.8177257650039108
82,"The rest of the concert was more straight jazz and mellow sounds written by Charlie Parker , Ornette Coleman , Bill Douglas and Eddie Gomez , with pictures for the Douglas pieces .",1.2967875005900389,0.187178802260961,0.869056241748564,0.7634215799859336,0.8128211977390395
83,"It was enjoyable to hear accomplished jazz without having to sit in a smoke-filled club , but like the first half , much of it was easy to take and ultimately forgettable .",1.2473108926887928,0.1654729304049825,0.906110915480746,0.7734255279913121,0.8345270695950174
84,Is this the future of chamber music ?,1.0943609377704333,0.22308223737786706,0.884025111448191,0.6929596589925695,0.7769177626221327
85,"Managers and presenters insist that chamber music concerts are a hard sell , but can audiences really enjoy them only if the music is purged of threatening elements , served up in bite-sized morsels and accompanied by visuals ?",1.8214246779399321,0.2278854929510167,0.8322002735905888,0.720120987115556,0.7721145070489833
86,What 's next ?,0.0,0.0,1.0,1.0,1.0
87,Slides to illustrate Shostakovich quartets ?,0.33333333333333304,0.06891905627080991,1.0,0.8710490642551528,0.93108094372919
88,"It was not an unpleasant evening , certainly , thanks to the high level of performance , the compositional talents of Mr. Douglas , and the obvious sincerity with which Mr. Stoltzman chooses his selections .",1.3088726521878797,0.16852111531988717,0.8635698266489433,0.8016875378091808,0.8314788846801127
89,But it was neither deep nor lasting : light entertainment that was no substitute for an evening of Brahms .,0.7754887502163452,0.10669366355857535,0.9419690933167747,0.8494244957182253,0.8933063364414243
90,Ms. Waleson is a free-lance writer based in New York .,0.7272727272727293,0.11746137379367967,1.0000000000000002,0.7897710354051726,0.8825386262063208
91,One of Ronald Reagan 's attributes as President was that he rarely gave his blessing to the claptrap that passes for `` consensus '' in various international institutions .,1.1420488096125432,0.14581462118521293,0.8527198661595081,0.8556559374996905,0.8541853788147872
92,"In fact , he liberated the U.S. from one of the world 's most corrupt organizations -- UNESCO .",0.4607835527454398,0.06051778466447114,0.9714104927528919,0.9095859831837274,0.9394822153355281
93,"This is the U.N. group that managed to traduce its own charter of promoting education , science and culture .",0.7804820237218397,0.09925535873534709,0.9725383822674618,0.8388219769669014,0.9007446412646526
94,"Ever since , the remaining members have been desperate for the United States to rejoin this dreadful group .",0.21052631578946635,0.027043203521009477,1.0000000000000002,0.9473377489314992,0.9729567964789897
95,Now UNESCO apologists are lobbying President Bush to renege on President Reagan 's decision to depart .,0.44762591026098875,0.06927028811060387,0.94886731160299,0.9132725069070405,0.9307297118893963
96,But we can think of many reasons to stay out for the foreseeable future and well beyond .,0.5974937501201918,0.08187187867069301,0.967899209951629,0.8732253309488065,0.9181281213293068
97,"The U.S. , along with Britain and Singapore , left the agency when its anti-Western ideology , financial corruption and top leadership got out of hand .",1.4488672399542164,0.19945174704427393,0.8870154284076938,0.72944154188391,0.8005482529557265
98,"The personal antics of agency Director Amadou-Mahtar M'Bow drew much attention , such as when several of his top aides were uncovered as KGB plants and ejected from France and when a mysterious office fire was set just before Congress sent accountants to trace U.S. funds .",1.7645892972244148,0.21459990890593697,0.882202818543255,0.7077408058448904,0.7854000910940628
99,"Mr. M'Bow was an extreme case , but even his replacement , the more personally genial Spanish biochemist Federico Mayor , has had little success at achieving reforms .",1.457402155396223,0.18578017744756478,0.8565590655085656,0.7758690429791322,0.8142198225524354
100,"Several ridiculous projects continue , including the `` New International Economic Order , '' which means redistributionism from the West to pay for everyone else 's statism .",0.9415902848785818,0.11622145133596767,0.9196772026613107,0.8505771443928463,0.8837785486640325
101,"The Orwellian `` New World Information Order '' would give government officials rights against the press ; journalists would be obliged to kowtow to their government , which would have licensing and censorship powers and , indeed , duties to block printing of `` wrong '' ideas .",1.612168291359465,0.19310622060773414,0.8684486788826828,0.753487247799323,0.8068937793922663
102,UNESCO somehow converted the founding U.N. ideals of individual rights and liberty into `` peoples ' rights . '',0.5263157894736796,0.06972467687322495,0.9999999999999998,0.8696399580553216,0.9302753231267742
103,Million-dollar conferences were held to chew on subjects such as `` ethical responsibilities of scientists in support of disarmament '' and `` the impact of the activities of transnational corporations . '',1.1485902344426098,0.1595040129470918,0.9128508982943101,0.7787687703096102,0.8404959870529084
104,The agency was so totally subverted from the high principles of its founding that even the Soviets now wonder about an agency that seemed so congenial to them .,1.2968841542909253,0.1764603119913392,0.8396921057302876,0.80799696186326,0.8235396880086607
105,"Glasnost may be partly responsible , but Soviet Foreign Minister Eduard Shevardnadze last year admitted , `` The exaggerated ideological approach undermined tolerance intrinsic to UNESCO . ''",1.5669393921759722,0.19470478209258482,0.9189722725321731,0.7166459678012312,0.8052952179074153
106,UNESCO is now holding its biennial meetings in Paris to devise its next projects .,0.26666666666666483,0.03802038578001214,0.9999999999999998,0.9267444333447414,0.9619796142199875
107,Mr. Mayor 's hope that references to `` press freedom '' would survive unamended seems doomed to failure ; the current phrasing is `` educating the public and media to avoid manipulation . '',1.0851940280070504,0.13464371923438131,0.8943933143923426,0.8381453714884965,0.8653562807656187
108,He has n't been able to replace the M'Bow cabal .,0.18181818181818166,0.026987823344141793,0.9474427588512931,1.0,0.9730121766558583
109,"Soviets remain in charge of education programs , a former head of an African military tribunal for executions is in charge of culture , and a hard-line Polish communist in exile directs the human-rights and peace division .",1.2823435777158032,0.1893856395580922,0.9065123297661409,0.733065006507713,0.8106143604419075
110,"Of the agency 's 2,750 staff members , 230 are in the field working on actual projects , such as literacy and oceanographic research .",1.1843856189774709,0.1599886392791894,0.9283427025451593,0.7670289421658238,0.8400113607208104
111,"The position of the United States , which once contributed 25 % of the budget , is that nothing has changed .",0.7393028412041094,0.10168570854029448,0.9379239034195223,0.8619146387185215,0.8983142914597054
112,"John Bolton , the assistant secretary of state for international organizations , told Congress that the continuing `` statist , restrictive , nondemocratic '' programs make rejoining any time soon `` extremely unlikely . ''",1.3922587415200098,0.1735297384508539,0.9090514244596908,0.7576434841933213,0.8264702615491455
113,"This has n't much bothered the UNESCO delegates , who last week could n't even agree to raise funds by selling off a fancy 19th-century French chateau the agency somehow owns .",1.3238914992687594,0.16381252803988128,0.8889322762546767,0.7893513054301087,0.8361874719601188
114,"Other countries , including West Germany , may have a hard time justifying continued membership .",1.047180468885216,0.15061234714908758,0.9219437756104277,0.7874185416306089,0.8493876528509123
115,We see an even stronger argument against UNESCO than its unsurprising failure to reform .,0.9509775004326935,0.1502459837438387,0.7780112954838004,0.9360719798415661,0.8497540162561611
116,This is that the Reagan Revolution spanning Eastern Europe and Tiananmen Square shows the power of ideas unencumbered by international civil servants or government functionaries .,1.770734616050298,0.24701239368554734,0.8590906217501013,0.6702122413124771,0.7529876063144525
117,"Free markets , free minds and free elections have an appeal that seems to get muddled only when delivered through U.N. organizations -- which of course are made up largely of governments that fear these principles at home .",1.1804897440335314,0.1480342671486362,0.8555696659024875,0.8483920342801009,0.851965732851364
118,The Babelists of the United Nations are experts at obfuscation .,0.3636363636363633,0.05873068689683963,1.0,0.8890545298748627,0.9412693131031603
119,"This can have its purposes at times , but there 's no reason to cloud the importance and allure of Western concepts of freedom and justice .",1.1562696647730988,0.16048973570118247,0.852747182514796,0.8266780094102808,0.8395102642988177
120,"We can see plenty of reasons to stay out , and none to rejoin UNESCO .",0.8443609377704338,0.12686399155298878,0.8415264788807096,0.9072128585459889,0.8731360084470111
121,Researchers at Plant Genetic Systems N.V. in Belgium said they have developed a genetic engineering technique for creating hybrid plants for a number of key crops .,1.0323815918861943,0.1450573524769142,0.924015320360139,0.7954784568457949,0.8549426475230859
122,The researchers said they have isolated a plant gene that prevents the production of pollen .,0.9221804688852169,0.13506222076942503,0.9219437756104277,0.8145709051351127,0.8649377792305749
123,The gene thus can prevent a plant from fertilizing itself .,0.3636363636363642,0.055472735062568695,1.0,0.8948855177025863,0.9445272649374314
124,"Such so-called male-sterile plants can then be fertilized by pollen from another strain of the plant , thereby producing hybrid seed .",0.7272727272727266,0.09833735126713597,0.9999999999999998,0.8209341580641217,0.9016626487328637
125,"The new generation of plants will possess the flourishing , high-production trait known as `` hybrid vigor , '' similar to that now seen in hybrid corn .",1.652309375231801,0.2252007371629778,0.8155480451306603,0.7379287227725632,0.7747992628370223
126,"`` The development could have a dramatic effect on farm production , especially cotton , '' said Murray Robinson , president of Delta & Pine Land Co. , a Southwide Inc. subsidiary that is one of the largest cotton seed producers in the U.S. .",1.7322778447898397,0.22379933429127866,0.8320610844366719,0.7273687655363885,0.7762006657087216
127,"On a commercial scale , the sterilization of the pollen-producing male part has only been achieved in corn and sorghum feed grains .",1.0549853263691507,0.1459007169013221,0.9466825730186322,0.7780116097058859,0.8540992830986783
128,"That 's because the male part , the tassel , and the female , the ear , are some distance apart on the corn plant .",0.9914300566721534,0.16641489834162723,0.9416568987577985,0.7477657463077393,0.8335851016583724
129,"In a labor-intensive process , the seed companies cut off the tassels of each plant , making it male sterile .",0.6433226192536621,0.0919235190599849,0.9709001560396808,0.8528889152810658,0.908076480940015
130,"They sow a row of male-fertile plants nearby , which then pollinate the male-sterile plants .",0.5,0.07142857142857142,0.9629629629629629,0.8965517241379307,0.9285714285714284
131,The first hybrid corn seeds produced using this mechanical approach were introduced in the 1930s and they yielded as much as 20 % more corn than naturally pollinated plants .,1.275488750216347,0.16307886922396644,0.9075675960666856,0.7764788186563923,0.8369211307760337
132,The vast majority of the U.S. corn crop now is grown from hybrid seeds produced by seed companies .,0.7368421052631557,0.10454668257352416,1.0,0.8106975753529269,0.8954533174264754
133,"A similar technique is almost impossible to apply to other crops , such as cotton , soybeans and rice .",0.8377443751081728,0.11311527506905336,0.9704507768252829,0.8165694767029805,0.8868847249309467
134,"The male part , the anthers of the plant , and the female , the pistils , of the same plant are within a fraction of an inch or even attached to each other .",1.2011171433516497,0.18278572013481872,0.848688263462003,0.7879912713511087,0.8172142798651812
135,The anthers in these plants are difficult to clip off .,0.3636363636363642,0.055472735062568695,1.0,0.8948855177025863,0.9445272649374314
136,"In China , a great number of workers are engaged in pulling out the male organs of rice plants using tweezers , and one-third of rice produced in that country is grown from hybrid seeds .",1.326871176542129,0.18202073439425234,0.8587676424439681,0.7808898061210553,0.8179792656057476
137,"At Plant Genetic Systems , researchers have isolated a pollen-inhibiting gene that can be inserted in a plant to confer male sterility .",0.8154298913984137,0.10343018151112153,0.9312612711723266,0.8643701997421553,0.8965698184888785
138,"Jan Leemans , research director , said this gene was successfully introduced in oil-producing rapeseed plants , a major crop in Europe and Canada , using as a carrier a `` promoter gene '' developed by Robert Goldberg at the University of California in Los Angeles .",1.5929950085803597,0.20738574399415657,0.9021991450432577,0.7067673337693262,0.7926142560058435
139,The sterilizing gene is expressed just before the pollen is about to develop and it deactivates the anthers of every flower in the plant .,0.7843856189774687,0.10711354634834888,0.9761142341817196,0.8227363446493099,0.8928864536516505
140,Mr. Leemans said this genetic manipulation does n't hurt the growth of that plant .,0.4503258334775637,0.06691846602444035,0.9999999999999998,0.8745574884015409,0.9330815339755593
141,The researchers also pulled off a second genetic engineering trick in order to get male-sterile plants in large enough numbers to produce a commercial hybrid seed crop .,1.4830638369760862,0.20953961028809268,0.8917314179696966,0.709845546548833,0.7904603897119071
142,"They attached a second gene , for herbicide resistance , to the pollen-inhibiting gene .",0.7999999999999998,0.12344825813647592,0.9551603276570787,0.8098980710999378,0.876551741863524
143,"Both genes are then inserted into a few greenhouse plants , which are then pollinated and allowed to mature and produce seed .",1.0549853263691507,0.1380091834990221,0.8884968304150557,0.8370204672637208,0.861990816500978
144,The laws of heredity dictate that half of the plants springing from these greenhouse-produced seeds will be male sterile and herbicide resistant and half will be male fertile and herbicide susceptible .,1.6522114188524002,0.22778353905011695,0.8745562161391488,0.6913189591828659,0.7722164609498829
145,"The application of herbicide would kill off the male-fertile plants , leaving a large field of male-sterile plants that can be cross-pollinated to produce hybrid seed .",1.1064556659602713,0.14545878477448104,0.9092829777398742,0.8060164312554865,0.8545412152255194
146,Mr. Leemans said the hybrid rapeseeds created with this genetic engineering yield 15 % to 30 % more output than the commercial strains used currently .,0.9332562502496309,0.12465891852652593,0.9471366510055712,0.8136631698199709,0.8753410814734738
147,"`` This technique is applicable to a wide variety of crops , '' he said , and added that some modifications may be necessary to accommodate the peculiarities of each type of crop .",1.2460155287235368,0.15774498211840376,0.8845960983369306,0.8037820897350533,0.842255017881596
148,"He said the company is experimenting with the technique on alfalfa , and plans to include cotton and corn , among other crops .",1.015188665691678,0.12979623545518898,0.9533117014217538,0.8004242689993728,0.8702037645448109
149,"He said that even though virtually all corn seeds currently planted are hybrids , the genetic approach will obviate the need for mechanical emasculation of anthers , which costs U.S. seed producers about $ 70 million annually .",1.5782675908167665,0.19139151912981914,0.8477394944763263,0.7729305897027444,0.808608480870181
150,"In recent years , demand for hybrid seeds has spurred research at a number of chemical and biotechnology companies , including Monsanto Co. , Shell Oil Co. and Eli Lilly & Co .",1.168338077634659,0.16717592498669528,0.9173275858368747,0.7625761475217215,0.8328240750133049
151,One technique developed by some of these companies involves a chemical spray supposed to kill only a plant 's pollen .,0.9697394274571565,0.13044751925207046,0.9609949664970081,0.794000209057891,0.8695524807479297
152,"But there have been problems with chemical sprays damaging plants ' female reproductive organs and concern for the toxicity of such chemical sprays to humans , animals and beneficial insects .",1.9999999999999982,0.27721837762166085,0.7766403082697189,0.6759085151964828,0.722781622378339
153,"However , Paul Johanson , Monsanto 's director of plant sciences , said the company 's chemical spray overcomes these problems and is `` gentle on the female organ . ''",1.129662903504964,0.14199176844186395,0.9297047191174127,0.7965781313250676,0.8580082315581361
154,"Biosource Genetics Corp. , Vacaville , Calif. , is developing a spray containing a gene that spreads from cell to cell and interferes with the genes that are responsible for producing pollen .",1.4419336038022434,0.1882145263138518,0.873545669830924,0.7581815865448714,0.8117854736861487
155,"This gene , called `` gametocide , '' is carried into the plant by a virus that remains active for a few days .",0.7500000000000009,0.10522706684092359,0.9415029394388537,0.8524623170572294,0.8947729331590765
156,"Robert Erwin , president of Biosource , called Plant Genetic 's approach `` interesting '' and `` novel , '' and `` complementary rather than competitive . ''",1.3081853743960963,0.17904345353494552,0.8864699472282459,0.7644601220777927,0.8209565464650546
157,"`` There is a large market out there hungry for hybrid seeds , '' he said .",0.6326404413037334,0.08387914552053385,0.9362366698923388,0.8968512668663693,0.9161208544794663
158,"Mr. Robinson of Delta & Pine , the seed producer in Scott , Miss. , said Plant Genetic 's success in creating genetically engineered male steriles does n't automatically mean it would be simple to create hybrids in all crops .",1.1771868904022007,0.13967699341349532,0.93696422831772,0.7952718505325596,0.8603230065865044
159,"That 's because pollination , while easy in corn because the carrier is wind , is more complex and involves insects as carriers in crops such as cotton .",1.633933723629454,0.23589537178045833,0.8318764735148462,0.7065434906390147,0.7641046282195417
160,"`` It 's one thing to say you can sterilize , and another to then successfully pollinate the plant , '' he said .",1.0110276044371016,0.13494346888478928,0.8591076703561572,0.8710883516794788,0.8650565311152107
161,"Nevertheless , he said , he is negotiating with Plant Genetic to acquire the technology to try breeding hybrid cotton .",0.2857142857142847,0.03692822829577436,1.0,0.9287738007548173,0.9630717717042255
162,"A bitter conflict with global implications has erupted between Nomura Securities Co. and Industrial Bank of Japan , two of the world 's most powerful financial companies .",1.030526891866904,0.13685139174238453,0.9191888968102759,0.8135488856523255,0.8631486082576152
163,The clash is a sign of a new toughness and divisiveness in Japan 's once-cozy financial circles .,0.7505430557959407,0.10841861275365682,0.9999999999999998,0.8043724428547597,0.891581387246343
164,Not only are Japan 's financial institutions putting their enormous clout to work ; increasingly they 're squaring off against one another in unprecedented public fashion .,0.9266500003205156,0.11596849278739807,0.8860448218993185,0.8820273212886564,0.884031507212602
165,"Already , the consequences are being felt by other players in the financial markets -- even governments .",0.7086048612313052,0.10174411326920443,0.9656968965050299,0.8396196836947993,0.8982558867307956
166,What triggered the latest clash was a skirmish over the timing of a New Zealand government bond issue .,0.8163039475961531,0.13153745719309015,0.9999999999999999,0.7675066673985601,0.8684625428069096
167,"Nomura was attempting to organize the 50 billion-yen -LRB- $ 352 million -RRB- borrowing in Japan at a time when many Japanese banks , led by Industrial Bank of Japan , were pressuring the Wellington government to help them recover loans made to a defunct investment bank that had been owned by New Zealand 's civil-service pension fund .",1.2697052437837826,0.14805422683242309,0.9011166139110427,0.8078634381548288,0.8519457731675769
168,"Unwilling to put up new money for New Zealand until those debts are repaid , most banks refused even to play administrative roles in the new financing , forcing an embarrassed Nomura to postpone it this week .",1.1744523811339658,0.14599780837823856,0.8743662844698059,0.8345650736211944,0.8540021916217616
169,The dispute shows clearly the global power of Japan 's financial titans .,0.3076923076923075,0.04534559613024753,1.0,0.9132428618858452,0.9546544038697523
170,"Aside from Nomura 's injured pride , the biggest victim so far has been the New Zealand government .",0.8560348687626496,0.11522425777327931,0.9689662471895131,0.8140457997327231,0.8847757422267202
171,"Barred by its budget law from making any new domestic bond issues , Wellington 's Debt Management Office had been casting abroad to raise the 3 billion New Zealand dollars -LRB- US$ 1.76 billion -RRB- to NZ$ 4 billion it needs to come up with by the end of its fiscal year next June 30 .",1.5005718725358417,0.17067447263955496,0.8856325883829093,0.7797502885369708,0.8293255273604456
172,"With Japan 's cash-flush banks aligned against it , though , raising money may be difficult .",0.47058823529411864,0.06300515534991175,0.9369948446500883,0.9369948446500883,0.9369948446500883
173,"Not only can they block Wellington from raising money in Japan , bankers here say , but as the largest underwriters in the Eurobond market , they might be able to scuttle borrowings there , too .",1.2194436615882118,0.15047288248020024,0.8914455026019806,0.8113739327653453,0.8495271175197999
174,"New Zealand 's finance minister , David Caygill , lashed out at such suggestions .",0.6666666666666652,0.09689291750140804,1.0,0.8233320391527028,0.9031070824985918
175,"He told reporters in Wellington Tuesday that the government had n't guaranteed the loans to DFC New Zealand Ltd. , an investment bank 80%-owned by the National Provident Fund , and would n't bail it out .",1.2647023653911171,0.1595997953205421,0.9011798087263219,0.787301091553607,0.8404002046794581
176,"`` It may very well be what the Japanese banks want , '' he told Radio New Zealand .",0.566046710640177,0.07332893274356711,0.9444102685363288,0.9095859831837273,0.9266710672564321
177,`` I think it would be irresponsible and I am not about to be blackmailed by Japanese banks or any other international interests . '',0.719999999999998,0.09341766932498877,0.9357199220960692,0.8792045830068933,0.9065823306750109
178,No less significant than the Japanese banks ' attempt to cut off funds to pressure a foreign government are the implications of a confrontation between Japan securities and banking industries .,0.9912598694580828,0.1308057238041045,0.9107908639252263,0.8312312435028434,0.8691942761958956
179,Anxiety is rising over recent government proposals to eventually lower the strict barriers that now separate -- and protect -- the two industries from each other .,0.8525759262464412,0.10846275770958379,0.908662873513005,0.8750452055513885,0.8915372422904165
180,"Both sides are jealously guarding their turf , and relations have been at a flashpoint for months .",0.972765278018163,0.14051940280202765,0.8594805971979723,0.8594805971979721,0.8594805971979722
181,The banks badly want to break into all aspects of the securities business .,0.5364125003090674,0.0824378851139894,1.0000000000000002,0.8476810794453893,0.9175621148860108
182,"Meanwhile , the securities companies -- most of them smaller than the banks -- are seeking access only to limited kinds of banking that would n't open them to the full brunt of competition from the banks .",1.3887078929780765,0.18396539985148497,0.7937811141265901,0.8395718189159395,0.8160346001485148
183,"Nomura , the world 's biggest securities company largely by virtue of its protected home field , and Industrial Bank of Japan , Japan 's most innovative and aggressive bank in capital markets abroad , captain the opposing sides .",1.675889060991432,0.2130015331229013,0.8361671652026881,0.7432911103871334,0.7869984668770984
184,And their suspicions of each other run deep .,0.22222222222222232,0.036324900793189584,0.9298966940476159,1.0,0.9636750992068105
185,"In the past year , both have tried to stretch the limits of their businesses .",0.2971804688852169,0.04125890807085404,1.0,0.9207518749639422,0.9587410919291459
186,"Nomura started a credit-card venture with American Express Co. that allowed cardholders to use their Nomura securities accounts like a bank account , attracting the wrath of banks .",1.3263583947141457,0.1778462152175392,0.9058085878075565,0.7526442773468842,0.8221537847824612
187,"And Industrial Bank of Japan started up a London securities subsidiary that sells Japanese stocks to non-Japanese institutions overseas , a move that stirred the anger of the stock brokerage firms .",1.3863914992687585,0.18513339282369767,0.838862191176201,0.7922056302647592,0.8148666071763025
188,The New Zealand bond issue simply has brought the two institutions face-to-face .,0.6153846153846159,0.0906911922604952,1.0,0.8336995972754955,0.9093088077395048
189,"ITEL CORP. reported third-quarter earnings , which were mistakenly shown in the Quarterly Earnings Surprises table in yesterday 's edition to be lower than the average of analysts ' estimates .",0.9149847734387189,0.1149312346080165,0.9417533709250766,0.8348205025866392,0.8850687653919834
190,"On a pretax basis , Itel 's third-quarter earnings of 30 cents a share were actually 7.14 % higher than the average of estimates .",0.8301955000865364,0.10927757592508681,0.9769017456158696,0.8185154621040927,0.8907224240749132
191,"Raymond E. Ross , 53 years old , formerly group vice president , U.S. plastics machinery , at this machine tool , plastics machinery and robots concern , was named senior vice president , industrial systems , succeeding David A. Entrekin , who resigned Monday .",1.6524291031710918,0.23430954174083143,0.8308392395469918,0.7100158297604285,0.7656904582591687
192,"John A. Conlon Jr. , 45 , was named a managing director at this investment-banking company .",0.79469264731335,0.11501208388101683,0.9285421988815655,0.8453364878215354,0.8849879161189834
193,"He will be in charge of research , equity sales and trading , and the syndicate operation of Rothschild .",1.3754887502163466,0.20863249803760917,0.839160803843578,0.7487248605042471,0.7913675019623907
194,Mr. Conlon was executive vice president and director of the equity division of the international division of Nikko Securities Co .,1.1262611644953902,0.18011111694487852,0.9308344917908733,0.732573842980691,0.8198888830551212
195,"As Yogi Berra might say , it 's deja vu all over again .",0.9110633930116752,0.1359056447348441,0.9102093766174291,0.8224267686930375,0.8640943552651558
196,"Crouched at shortstop , Bert Campaneris , once Oakland 's master thief , effortlessly scoops up a groundball and flips it to second .",1.166666666666667,0.15680263739376477,0.8503872869707925,0.8361279988435334,0.8431973626062351
197,"In the outfield , Paul Blair , the Orioles ' eight-time Gold Glove winner , elegantly shags a fly .",1.1559707739381873,0.17481872797323575,0.9009316698113898,0.761181110997591,0.8251812720267642
198,"On the mound , former Red Sox great Luis Tiant , the wily master of 1,001 moves , throws an off-speed strike .",1.0762994566158035,0.15837106103423038,0.9164080686215077,0.778133083028233,0.8416289389657695
199,"`` Babies , kiddies , '' growls their manager -- a fellow named Earl Weaver , who , in a different time , handled four World Series teams and now handles the Gold Coast Suns .",1.537729067674757,0.19535912349805618,0.798722010634766,0.8106481198519426,0.8046408765019437
200,"`` Old-time kiddies , '' he says .",0.5,0.09090909090909091,0.8333333333333333,1.0,0.9090909090909091
201,Perhaps .,0.0,0.0,1.0,1.0,1.0
202,"But for the next few months , these boys of summers long past are going to be reveling in an Indian summer of the soul .",0.8461538461538449,0.11645566731516781,0.9625715057226769,0.8165089069594652,0.8835443326848321
203,"Now that the baseball season is officially over , you see , it 's time for a new season to begin .",0.6363636363636358,0.0842282630299352,0.9743942628760534,0.8638027341837731,0.9157717369700646
204,"Today is the debut of the Senior Professional Baseball Association , a new eight-team pro sports circuit , modeled after the highly successful senior tennis and golf tours and complete with good salaries , a cable television contract and even expansion plans .",1.7450130799920327,0.23168091083139075,0.8806948163087293,0.6813762059157197,0.7683190891686095
205,"One hundred and ninety two former greats , near greats , hardly knowns and unknowns begin a 72-game , three-month season in spring-training stadiums up and down Florida .",2.064631137273354,0.2819221947670748,0.7860478492139709,0.6609270354511625,0.7180778052329254
206,"For everyone involved , it 's one more swig of that elixir of youth , baseball .",1.2423185575743396,0.1922492921782598,0.8678681871904502,0.7554223817899518,0.8077507078217403
207,"`` Someone always makes you quit , '' says legendary St. Louis Cardinals centerfielder Curt Flood , the league 's commissioner .",1.1863575213686293,0.16666011311776613,0.8354222872993485,0.8312678419689405,0.8333398868822338
208,"`` You feel you want one more -- one more at-bat , one more hit , one more game . ''",0.8571428571428559,0.1290713201828993,0.9273883147846532,0.8209490916524549,0.8709286798171003
209,"Until the baby-faced heroes of today reclaim these ballparks for spring training , there is one more .",0.9727652780181621,0.13614891506423699,0.9025164960709521,0.8283625602383741,0.8638510849357628
210,And not just for the players .,0.2857142857142856,0.05361503543831442,1.0,0.8982265179691366,0.9463849645616855
211,"It 's one more for the baseball-loving lawyers , accountants and real estate developers who ponied up about $ 1 million each for the chance to be an owner , to step into the shoes of a Gene Autry or have a beer with Rollie Fingers .",1.104598871508375,0.13374379896532132,0.9117942779227283,0.8250504052739539,0.8662562010346788
212,"`` Nothing can be better than this , '' says Don Sider , owner of the West Palm Beach Tropics .",1.0649775226952496,0.1451179099207783,0.9069946558611106,0.8084325397581473,0.8548820900792216
213,"Early in the morning Mr. Sider , an estate lawyer , pores over last wills and testaments .",0.8616541669070505,0.12649937267966227,0.8879856377204034,0.859480597197972,0.8735006273203372
214,"Midmorning , he dons an orange-and-blue uniform and , for fun , may field a bunt from Dave Kingman .",0.5,0.06879123876962112,1.0000000000000002,0.8712728243378703,0.931208761230379
215,"It 's one more , too , for the fans who dream of a season that never ends .",0.6315789473684186,0.0873227422396776,0.8868628264289204,0.9400395344132128,0.9126772577603222
216,"`` I feel like a little kid , '' says a gleeful Alex de Castro , a car salesman , who has stopped by a workout of the Suns to slip six Campaneris cards to the Great Man Himself to be autographed .",1.1309114065835049,0.13107244214165964,0.9097016639303673,0.8316517581681133,0.8689275578583402
217,The league 's promoters hope retirees and tourists will join die-hard fans like Mr. de Castro and pack the stands to see the seniors .,1.2709775004326929,0.17229540186279166,0.8764897109018754,0.7840638752696536,0.8277045981372084
218,The league is the brainchild of Colorado real estate developer James Morley -- once a minor-leaguer himself -- who says he had the idea last January while lying on a beach in Australia .,1.543541349344519,0.20829087895753118,0.8741090803716369,0.7235061070962159,0.7917091210424687
219,"When he sent letters offering 1,250 retired major leaguers the chance of another season , 730 responded .",0.5974937501201918,0.0844431829364223,0.9245957929609046,0.906692862680011,0.9155568170635776
220,"Eventually , about 250 made the trip to Florida to compete for the available slots .",0.375,0.05084745762711865,0.9655172413793104,0.9333333333333333,0.9491525423728815
221,"-LRB- Players have to be 35 or older , except for catchers , who are eligible at 32 because life behind the plate is so rough . -RRB-",0.914630016944173,0.11130151964572144,0.921124508549188,0.8584777832120627,0.8886984803542787
222,"For some players , the lure is money -- up to $ 15,000 a month .",0.719360937770432,0.09880464223289494,0.9632961691723826,0.8466165321882753,0.901195357767105
223,"Others , just released from the majors , hope the senior league will be their bridge back into the big-time .",0.6307196427541175,0.08616251557842965,0.9305133816739231,0.8977487676944997,0.91383748442157
224,"But as they hurl fireballs that smolder rather than burn , and relive old duels in the sun , it 's clear that most are there to make their fans cheer again or recapture the camaraderie of seasons past or prove to themselves and their colleagues that they still have it -- or something close to it .",2.5170247744721044,0.308635621265847,0.7227320705159865,0.6626062411172013,0.6913643787341534
225,`` My fastball is good .,0.0,0.0,1.0,1.0,1.0
226,"Real good , '' says 39-year-old Pete Broberg , working in the midday heat of the Tropics camp .",0.776573026429654,0.10640567556579561,0.9393532649641412,0.8520864339404854,0.8935943244342042
227,"Mr. Broberg , who started with the now-defunct Washington Senators , says that when he left baseball in 1978 , he `` never looked back . ''",0.6764689817218699,0.08636602670673917,0.9169069187929922,0.9103843105726045,0.9136339732932616
228,"For a long time , he ignored baseball altogether , even the sports pages .",0.6666666666666679,0.10079962541730095,0.9177011612423492,0.8814307957736476,0.8992003745826991
229,"Now Mr. Broberg , a lawyer , claims he 'd play for free .",0.28571428571428736,0.04056550841186305,1.0000000000000002,0.9220318027381575,0.9594344915881373
230,"`` You ca n't give it up that easily , '' he says .",0.9649839288804962,0.14511634632484477,0.8548836536751555,0.8548836536751553,0.8548836536751554
231,`` I tried . '',0.0,0.0,1.0,1.0,1.0
232,"The nagging memory of one afternoon fourteen years ago drove Jim Gideon , a lean 36-year-old righthander to take a four-month leave from selling insurance in Texas to try out for Mr. Weaver 's team .",1.3162243884792808,0.16404359472059327,0.9129649564872778,0.7709286129767756,0.8359564052794065
233,"`` It does n't replace pitching in the majors , but it proves to me that I would have been able to play if I 'd stayed healthy , '' he says .",0.9708818187062978,0.12545601610102697,0.8814469759271121,0.8677482723360997,0.874543983898973
234,"Back in 1975 , late in the season , a then-21 Mr. Gideon made his only major league appearance , five and two-thirds innings for the Texas Rangers against the Chicago White Sox .",0.9992402485599143,0.13646778891039846,0.8821172048382875,0.8457141789252894,0.8635322110896013
235,"He gave up seven hits , walked five and did n't get a decision .",0.5836591668108966,0.08381746371967384,0.9228521132923115,0.9096086714135926,0.916182536280326
236,Arm troubles forced him back to the minors the next year .,0.5000000000000009,0.07890677294489694,0.9459744918689593,0.8974872852425806,0.9210932270551033
237,"`` There 's a satisfaction in going against the rules , '' offers Will McEnaney , once a stopper with Cincinnati 's Big Red Machine .",0.5196067309356511,0.06625896525430813,0.9794221498215603,0.892131244669034,0.9337410347456917
238,He means the rule that a player ca n't cut it after a certain age .,0.4221804688852169,0.06269890325048094,0.9999999999999998,0.882000624901929,0.9373010967495188
239,These days he hustles to house-painting jobs in his Chevy pickup before and after training with the Tropics .,0.8023743419913929,0.11154985557504059,0.9100593016198189,0.8678433946213854,0.8884501444249588
240,"While sipping a beer after practice , he vividly recounts getting the Red Sox 's Carl Yastrzemski to pop out to end the 1975 World Series , and repeating the feat against the Yankees ' Roy White in 1976 .",0.9790314864682541,0.121670232491114,0.9416753864237293,0.8229693895280922,0.8783297675088859
241,Some of the game 's reigning philosophers dislike the idea of middle-aged men attempting a young man 's sport .,0.6245112497836516,0.09365279514726482,0.9999999999999998,0.8287339536591147,0.9063472048527348
242,"`` I personally do n't enjoy seeing players who I remember vividly from their playing days running about and being gallant about their deficiencies , '' says Roger Angell , New Yorker magazine 's resident baseball sage .",1.4349822371837044,0.16409017333832626,0.8995491924238248,0.7806799646050824,0.8359098266616737
243,`` I feel people should be allowed to remember players as they were . '',0.5333333333333314,0.07604077156002455,0.923959228439975,0.923959228439975,0.923959228439975
244,"Worse , says baseball author Lawrence Ritter , `` Someone will get a heart attack and that will be the end of the whole story . ''",1.0982031279408622,0.14421741254907472,0.9487235739598993,0.7794266462647437,0.8557825874509255
245,But the ballplayers disagree .,0.0,0.0,1.0,1.0,1.0
246,Most are trim .,0.0,0.0,1.0,1.0,1.0
247,Some have been training for months ; others only recently left active status .,0.571428571428573,0.08113101682372587,0.9188689831762744,0.9188689831762742,0.9188689831762743
248,"-LRB- No one has worked out the players ' average age , but most appear to be in their late 30s . -RRB-",0.8154298913984128,0.09905979125880145,0.9142431765924375,0.8880188261182769,0.9009402087411986
249,And there 's pride .,0.0,0.0,1.0,1.0,1.0
250,"`` I 'm not going to look stupid , '' vows former Pittsburgh Pirate second baseman Rennie Stennett , sweat dotting his brow as he prepares for some practice swings .",1.4278923389190448,0.17097501120180514,0.873724811832215,0.7886762558883275,0.8290249887981945
251,"`` It 's going to be a tough league , '' promises the 47-year-old Mr. Campaneris .",0.47058823529411953,0.06300515534991187,0.9674727294582481,0.9083785779402594,0.9369948446500883
252,`` There will be a lot of malice . '',0.1999999999999993,0.0310373158726547,1.0,0.9397940008672038,0.9689626841273452
253,"Men who have played hard all their lives are n't about to change their habits , he says .",0.3555203948507035,0.04734744474062896,0.9714104927528919,0.9346053255772936,0.9526525552593706
254,"Nonetheless , one ca n't help wonder whether the game will be just a little bit slower .",0.9727652780181613,0.13614891506423685,0.932828286033166,0.80437244285476,0.8638510849357628
255,"At the weatherbeaten Pompano Beach municipal stadium , Mr. Blair , the 45-year-old former Oriole , knows his power is n't what it used to be .",0.9764639991333466,0.12384130194834159,0.9514893700039186,0.8118810050147077,0.8761586980516588
256,So he adjusts .,0.0,0.0,1.0,1.0,1.0
257,He no longer crowds the plate .,0.0,0.0,1.0,1.0,1.0
258,"He 's not thinking about home runs anymore , just base hits .",0.519606730935652,0.07904470615755656,1.0,0.8534913230073067,0.9209552938424435
259,"Still , `` how sweet it is , '' he says , savoring the fat sound of the well-hit line drive that bounces off the center field wall .",1.3320410511410596,0.18427853190307517,0.8464487351905268,0.7871469387448558,0.8157214680969253
260,"And do n't expect many complete games by pitchers -- perhaps three out of 288 , laughs Mr. Fingers , the former Oakland reliever .",1.2905865002596153,0.16467599476360115,0.8721115081762185,0.801514435721516,0.8353240052363988
261,"Expect `` tricky '' stuff from pitchers , says Mr. Weaver , the manager .",0.2666666666666657,0.036627783327629095,1.0,0.929332815661081,0.9633722166723707
262,"Expect brushbacks but no beanballs , says Mr. McEnaney .",0.40000000000000036,0.0640629745212681,1.0,0.8795880017344075,0.9359370254787319
263,"Even expect stolen bases , says the wiry and fit Mr. Campaneris : `` If you know how to slide , it 's no problem , '' he says .",1.0176441670993626,0.12595939632960915,0.8477730340389916,0.9019879800571555,0.8740406036703912
264,And expect slower fastballs .,0.0,0.0,1.0,1.0,1.0
265,"`` I 'm not so young anymore , '' concedes the cigar-chomping , 48-year-old Mr. Tiant .",0.9567448533229657,0.1370127989822774,0.9150565486324682,0.816524604233548,0.8629872010177229
266,"`` I wo n't be throwing 90 mph , but I will throw 80-plus , '' he says .",0.5005144739119407,0.06796994535114316,0.9320300546488567,0.9320300546488567,0.9320300546488567
267,"White-haired Pedro Ramos , at 54 the league 's oldest player and a pitcher-coach with the Suns , has lost even more speed .",0.6981203125901452,0.09017043496966647,0.9260015799441463,0.8942127218339201,0.9098295650303337
268,"Stuffing a wad of Red Man into his cheek , he admits the fastball he brought into the majors in 1955 has become a slowball .",0.58535695957206,0.08043865023795468,0.9601592817658732,0.8822573077453376,0.919561349762045
269,Its maximum velocity is 72 mph .,0.2857142857142865,0.053615035438314584,1.0,0.8982265179691366,0.9463849645616855
270,But he is n't worried .,0.0,0.0,1.0,1.0,1.0
271,He will compensate with the guile learned from his years in the majors .,0.19677767872596252,0.031906958661850914,0.9381592334579723,1.0,0.9680930413381493
272,He has good control .,0.40000000000000036,0.09425390072448082,0.8277293767706427,1.0,0.9057460992755192
273,"He will keep the ball down , move it around .",0.36363636363636154,0.05873068689683934,0.9412693131031604,0.9412693131031604,0.9412693131031604
274,"After all , he says , `` Even to make love , you need experience .",0.4221804688852169,0.06269890325048094,0.96189766761021,0.9139310739506653,0.9373010967495192
275,Alltel Corp. said it will acquire the 55 % of Pond Branch Telephone Company Inc. 's cellular franchise that it does n't own already .,0.6260593781761283,0.08301354862947478,1.0,0.8466989656140012,0.9169864513705251
276,Terms were n't disclosed .,0.0,0.0,1.0,1.0,1.0
277,"Alltel holds 45 % of the franchise , which has operations in Aiken , S.C. , and Augusta , Ga .",0.6714221652433272,0.10009296909577738,0.9512958132260815,0.8537857214452138,0.8999070309042225
278,"Alltel , which provides local telephone service in 25 states , said it exercised its right of first refusal following an offer from an undisclosed third party to acquire the majority position in the franchise .",0.964695998700015,0.13307364198912294,0.8729481385771909,0.8609870873016107,0.8669263580108769
279,Stewart & Stevenson Services Inc. said it received two contracts totaling $ 19 million to build gas-turbine generators .,0.9215671054908867,0.12514895984535965,0.9107154120700557,0.8417043539423172,0.8748510401546398
280,"The separate contracts were from Paragould Light & Water Commission , a utility in Paragould , Ark. , and PSE Inc. , a cogeneration-plant operator in Houston .",1.3490870539577626,0.197867114682389,0.9358881865213808,0.7018288803736064,0.8021328853176111
281,Stewart & Stevenson makes equipment powered with diesel and gas turbines .,0.8962406251802886,0.1508733437979496,0.8832616547954522,0.8175318851638008,0.8491266562020503
282,"Liberty National Bancorp said its acquisition of Florence Deposit Bank , Florence , Ky. , first announced in April , has been completed in a transaction valued at $ 13.1 million .",1.2040414066556497,0.16224877035906396,0.9613417038160638,0.7423184700523822,0.8377512296409361
283,"Liberty National exchanged about 78.64 shares of its common stock for each of Florence Deposit 's 5,600 shares outstanding .",0.9377443751081751,0.13578470784627056,0.9262105273282067,0.8099986175385535,0.8642152921537295
284,"Liberty National , a bank holding company , has assets exceeding $ 3 billion .",0.6666666666666652,0.09689291750140802,0.9588505806211745,0.8534888666894829,0.9031070824985916
285,"Hani Zayadi was appointed president and chief executive officer of this financially troubled department store chain , effective Nov. 15 , succeeding Frank Robertson , who is retiring early .",1.6209730161030222,0.21302947469345307,0.842791553592604,0.7380846040104195,0.786970525306547
286,"Mr. Zayadi was previously president and chief operating officer of Zellers Inc. , a retail chain that is owned by Toronto-based Hudson 's Bay Co. , Canada 's largest department store operator .",1.485440909353148,0.20016892271040027,0.8428174825737448,0.7610167716419134,0.7998310772895998
287,"Tuesday , October 31 , 1989",0.6666666666666674,0.17376534287144021,1.0000000000000002,0.7039180890341349,0.8262346571285601
288,The key U.S. and foreign annual interest rates below are a guide to general levels but do n't always represent actual transactions .,0.86844210656683,0.12919909785347833,0.8984331875140202,0.8448176215567413,0.8708009021465215
289,PRIME RATE : 10 1/2 % .,0.8571428571428577,0.18016411739235047,0.8722165935233486,0.7733901638509398,0.8198358826076496
290,The base rate on corporate loans at large U.S. money center commercial banks .,1.1967776787259616,0.2316089594785923,0.7604556199611567,0.7764938211060621,0.7683910405214075
291,"FEDERAL FUNDS : 9 % high , 8 13/16 % low , 8 7/8 % near closing bid , 8 15/16 % offered .",1.3357440171237478,0.24103507610466185,0.7721120117914964,0.7462580624676618,0.7589649238953382
292,Reserves traded among commercial banks for overnight use in amounts of $ 1 million or more .,0.654083263456692,0.10706743213423353,0.879304211976239,0.9069900268264857,0.8929325678657666
293,Source : Fulton Prebon -LRB- U.S.A . -RRB- Inc .,0.6000000000000005,0.11441961378917534,1.0,0.7946561378256197,0.8855803862108248
294,DISCOUNT RATE : 7 % .,0.7924812503605785,0.18103744911964753,0.9999999999999998,0.6934264036172707,0.8189625508803525
295,The charge on loans to depository institutions by the New York Federal Reserve Bank .,0.9073093649624537,0.15809114813310793,0.9293504797442879,0.7695067551356086,0.8419088518668919
296,CALL MONEY : 9 3/4 % to 10 % .,0.8264662506490392,0.16472035474146482,0.8838066255531948,0.7918042211917059,0.8352796452585349
297,The charge on loans to brokers on stock exchange collateral .,0.9090909090909092,0.16101116140298177,1.0000000000000002,0.7226363246871569,0.8389888385970182
298,COMMERCIAL PAPER placed directly by General Motors Acceptance Corp. : 8.55 % 30 to 44 days ; 8.25 % 45 to 59 days ; 8.40 % 60 to 89 days ; 8 % 90 to 119 days ; 7.90 % 120 to 149 days ; 7.80 % 150 to 179 days ; 7.55 % 180 to 270 days .,1.313214741868319,0.21444383200077374,0.8491265232277275,0.7308413050141378,0.7855561679992267
299,"COMMERCIAL PAPER : High-grade unsecured notes sold through dealers by major corporations in multiples of $ 1,000 : 8.62 % 30 days ; 8.55 % 60 days ; 8.45 % 90 days .",0.8948039817572457,0.1343105820213969,0.9999999999999999,0.7631855258159561,0.8656894179786029
300,CERTIFICATES OF DEPOSIT : 8.09 % one month ; 8.04 % two months ; 8.03 % three months ; 7.96 % six months ; 7.92 % one year .,1.0513870688163127,0.21044319376799336,0.892982318626102,0.7076020938074961,0.7895568062320067
301,"Average of top rates paid by major New York banks on primary new issues of negotiable C.D.s , usually on amounts of $ 1 million and more .",0.6304101590858302,0.09362154292228145,0.9329408048837199,0.8812867835868339,0.9063784570777187
302,"The minimum unit is $ 100,000 .",0.0,0.0,1.0,1.0,1.0
303,Typical rates in the secondary market : 8.53 % one month ; 8.50 % three months ; 8.30 % six months .,0.9256603625727404,0.15218833053950342,0.9536824814310969,0.7630981298934941,0.8478116694604969
304,BANKERS ACCEPTANCES : 8.49 % 30 days ; 8.44 % 60 days ; 8.27 % 90 days ; 8.12 % 120 days ; 8.05 % 150 days ; 7.98 % 180 days .,0.6209159089597893,0.13022727687627872,1.0,0.7695555937453556,0.8697727231237212
305,"Negotiable , bank-backed business credit instruments typically financing an import order .",0.6666666666666661,0.10805101626208143,1.0000000000000002,0.8049710443358778,0.8919489837379186
306,LONDON LATE EURODOLLARS : 8 3/4 % to 8 5/8 % one month ; 8 3/4 % to 8 5/8 % two months ; 8 11/16 % to 8 9/16 % three months ; 8 9/16 % to 8 7/16 % four months ; 8 1/2 % to 8 3/8 % five months ; 8 7/16 % to 8 5/16 % six months .,1.2897543473997097,0.2653640712689105,0.8037388871990006,0.676474743718985,0.7346359287310893
307,LONDON INTERBANK OFFERED RATES -LRB- LIBOR -RRB- : 8 3/4 % one month ; 8 11/16 % three months ; 8 7/16 % six months ; 8 7/16 % one year .,1.5043426714818002,0.2676453275044962,0.7890320106171975,0.683274082976272,0.7323546724955036
308,The average of interbank offered rates for dollar deposits in the London market based on quotations at five major banks .,0.797851785817306,0.1303850198793047,0.921574073300933,0.8232021743337685,0.8696149801206949
309,FOREIGN PRIME RATES : Canada 13.50 % ; Germany 9 % ; Japan 4.875 % ; Switzerland 8.50 % ; Britain 15 % .,0.15040168643486762,0.02846479042138323,1.0000000000000002,0.9446460575286774,0.971535209578617
310,These rate indications are n't directly comparable ; lending practices vary widely by location .,0.7169925001442294,0.10497506451307802,0.9999999999999998,0.8099955955850697,0.8950249354869215
311,"TREASURY BILLS : Results of the Monday , October 30 , 1989 , auction of short-term U.S. government bills , sold at a discount from face value in units of $ 10,000 to $ 1 million : 7.78 % 13 weeks ; 7.62 % 26 weeks .",1.781881720908105,0.24321169182949018,0.8228173378929123,0.7005693714516461,0.7567883081705098
312,FEDERAL HOME LOAN MORTGAGE CORP . -LRB- Freddie Mac -RRB- : Posted yields on 30-year mortgage commitments for delivery within 30 days .,1.2678808460317486,0.18066260331056622,0.9329170025906146,0.7304121026550817,0.819337396689434
313,"9.78 % , standard conventional fixed-rate mortgages ; 7.875 % , 2 % rate capped one-year adjustable rate mortgages .",1.6987084225518538,0.3036569038014889,0.7152309238603337,0.6784271822306047,0.6963430961985109
314,Source : Telerate Systems Inc .,0.6666666666666679,0.14804095548293286,0.8519590445170675,0.8519590445170675,0.8519590445170675
315,"FEDERAL NATIONAL MORTGAGE ASSOCIATION -LRB- Fannie Mae -RRB- : Posted yields on 30 year mortgage commitments for delivery within 30 days -LRB- priced at par -RRB- 9.75 % , standard conventional fixed-rate mortgages ; 8.75 % , 6/2 rate capped one-year adjustable rate mortgages .",1.9058804087301766,0.2548709295723582,0.8075643426400905,0.6916550969323274,0.745129070427642
316,Source : Telerate Systems Inc .,0.6666666666666679,0.14804095548293286,0.8519590445170675,0.8519590445170675,0.8519590445170675
317,MERRILL LYNCH READY ASSETS TRUST : 8.63 % .,0.8888888888888893,0.17754637556585942,0.9025783848842869,0.7553948183725063,0.8224536244341407
318,Annualized average rate of return after expenses for the past 30 days ; not a forecast of future returns .,0.5132331253245193,0.07625343454981356,1.0,0.8582983670910008,0.9237465654501864
319,"Canada 's gross domestic product rose an inflation-adjusted 0.3 % in August , mainly as a result of service-industry growth , Statistics Canada , a federal agency , said .",1.050325833477566,0.1391932301169156,0.9798858077798235,0.7675335024296823,0.8608067698830847
320,The August GDP was up 2.4 % from its year-earlier level .,0.6666666666666661,0.10251271475741941,0.8974872852425805,0.8974872852425806,0.8974872852425805
321,GDP is the total value of a nation 's output of goods and services .,0.7673183336217964,0.11781100479630822,0.9006261358019672,0.8644915820260832,0.8821889952036918
322,Statistics Canada said service-industry output in August rose 0.4 % from July .,0.7315211541789965,0.12083322367265957,0.9999999999999999,0.7843867916821334,0.8791667763273404
323,Output of goods-producing industries increased 0.1 % .,0.25,0.043478260869565216,1.0,0.9166666666666666,0.9565217391304348
324,"Separately , Statistics Canada reported that its industrial-product price index dropped 0.2 % in September , its third consecutive monthly decline .",0.6186200215653086,0.08448177680741614,0.9999999999999998,0.844198807920737,0.9155182231925835
325,It also reported a 2.6 % decline in its raw-materials price index for September .,0.6666666666666679,0.0968929175014084,0.9588505806211748,0.8534888666894832,0.9031070824985918
326,"Columbia Pictures Entertainment Inc. was dropped , effective today , from the recreational products and services industry group of the Dow Jones Equity Market Index .",1.1171300599083374,0.16122153252117336,0.9053383468744779,0.7813352166054136,0.8387784674788266
327,"Columbia Pictures is being acquired by Sony Corp. , which is based in Japan .",0.5333333333333314,0.0858307231814309,0.9551603276570787,0.876551741863524,0.9141692768185687
328,People 's Savings Financial Corp. said it will buy back as much as 10 % of its 2.4 million shares outstanding because the stock is undervalued .,1.00072407439459,0.12408839491367277,0.8759116050863275,0.8759116050863275,0.8759116050863275
329,The holding company said it has been `` unfairly associated '' with other banks in New England that have had major loan losses in recent quarters .,0.7505430557959425,0.09253714745864494,0.9430536957649264,0.8744607084233333,0.9074628525413555
330,The company said its People 's Savings Bank unit does n't have a `` large exposure to construction and commercial loans that have caused the loan-loss problems in many of the banks .,1.318478030434152,0.16240416555886977,0.8391312844845359,0.8360659932953746,0.8375958344411303
331,"A seat on the Chicago Mercantile Exchange was sold for $ 410,000 , down $ 6,000 from the previous sale Oct .",0.5797676137347043,0.08075252268258967,0.9731895293346627,0.8709711939877539,0.9192474773174106
332,"Seats currently are quoted at $ 400,000 bid , $ 425,000 asked .",0.4615384615384617,0.06959633791089725,0.9525005112358603,0.9093088077395045,0.9304036620891025
333,"The record price for a full membership on the exchange is $ 550,000 , set March 9 .",0.9308270834535257,0.1336516038690065,0.9313937930100599,0.8097950451250443,0.8663483961309932
334,"In a surprise move , the British government cleared the way for a bidding war for Jaguar PLC by agreeing to remove an obstacle to a takeover of the auto maker .",1.1171439363079516,0.1710881809218043,0.9192264428634098,0.7547564810098922,0.8289118190781959
335,Trade and Industry Secretary Nicholas Ridley told the House of Commons yesterday that he will relinquish the government 's so-called golden share in the company as long as Jaguar shareholders agree .,1.1530186547574903,0.14408013826082677,0.9480940247178195,0.7800800948735663,0.8559198617391729
336,The golden share restricts any individual holding to 15 % and expires at the end of 1990 .,1.306098611351496,0.19821486870156538,0.8756092177000959,0.7394415685091108,0.8017851312984345
337,"It was in Jaguar 's best interests `` for the company 's future to be assured and the present climate of uncertainty resolved as quickly as possible , '' Mr. Ridley said .",1.4168147727928337,0.1766566254829011,0.8148615243812745,0.8320036561884004,0.8233433745170989
338,Mr. Ridley 's decision fires the starting pistol for perhaps a costly contest between the world 's auto giants for Britain 's leading luxury-car maker .,1.3233219983294875,0.19385272902718584,0.9080400389250305,0.7248145563038771,0.806147270972814
339,Both General Motors Corp. and Ford Motor Co. have been trying to amass 15 % stakes in Jaguar .,0.6315789473684159,0.08829276848581678,0.9502289830613173,0.8761870966340571,0.9117072315141826
340,"Ford , which already has an unwelcome 13.2 % holding , is prepared to bid for the entire company and had lobbied the government to lift the takeover restrictions early .",0.8103037251214138,0.10046128440897001,0.9433388759355056,0.8596254525846064,0.8995387155910302
341,GM has been negotiating a friendly transaction with Jaguar that likely would involve joint ventures and an eventual stake of just under 30 % .,0.6203910001730746,0.07787076962446293,0.9582601765699822,0.8886239014920683,0.922129230375537
342,"But the government 's action , which caught Jaguar management flat-footed , may scuttle the GM minority deal by forcing it to fight for all of Jaguar .",0.7542648385272761,0.09488346078819482,0.9618071463675955,0.854736844237361,0.9051165392118051
343,"`` I ca n't believe they -LRB- GM -RRB- will let Ford have a free run , '' said Stephen Reitman , a European auto industry analyst at UBS-Phillips & Drew .",1.4068609377704338,0.17118972155586218,0.8952244453846976,0.7715697064775634,0.8288102784441379
344,`` I am sure they will be going for a full bid . '',0.2857142857142865,0.03898409863092139,1.0,0.924957275703659,0.9610159013690788
345,Many investors certainly believe a bidding war is imminent .,0.4754887502163463,0.0770850236915181,1.0,0.8568636235841013,0.9229149763084817
346,"Jaguar shares skyrocketed yesterday after Mr. Ridley 's announcement , following their temporary suspension on London 's Stock Exchange .",1.5937151490463597,0.2396513305937052,0.813271475842652,0.7138928265562839,0.7603486694062945
347,"In late trading , the shares were up a whopping 122 pence -LRB- $ 1.93 -RRB- -- a 16.3 % gain -- to a record 869 pence on very heavy volume of 9.7 million shares .",1.5633520815970519,0.22051407102687495,0.7805022507189024,0.7784722505679594,0.7794859289731247
348,"In the U.S. over-the-counter market , Jaguar shares trading as American Depositary Receipts closed at $ 13.625 , up $ 1.75 .",0.8524948864619768,0.11334990780703268,0.9243881185121889,0.8518725064316102,0.8866500921929674
349,"Analysts expect Ford will make the first move , perhaps today , with an initial offer of about 900 pence -LRB- $ 14.25 -RRB- a share .",0.9583075178121199,0.12269121030646774,0.9135426892306278,0.8438395307912786,0.8773087896935323
350,Such a proposal values Jaguar at more than # 1.6 billion -LRB- $ 2.53 billion -RRB- .,0.5149933824802044,0.07405661253504536,0.9200682833380374,0.9318940048406845,0.9259433874649549
351,Speculation about a takeover fight has sent Jaguar shares soaring in the past six weeks .,0.797180468885216,0.11465571130067859,0.9248757338964672,0.849053663755802,0.885344288699321
352,The share price was languishing at about 400 pence before Ford 's Sept. 19 announcement of its interest in a minority stake .,1.1524451055076783,0.17430534854798824,0.9401025444981502,0.7361118630710076,0.8256946514520119
353,"Ford is `` in the driving seat at the moment , '' observed Bob Barber , an auto analyst at brokers James Capel & Co .",0.9042221155510362,0.12380502761403686,0.9541241698443479,0.8100344683089674,0.8761949723859632
354,An aggressive Ford bid for Jaguar would put pressure on GM to make a better offer as the British company 's `` white knight . '',1.1490116531125842,0.15803266302348018,0.8883707333541705,0.8001709897819673,0.8419673369765195
355,Such a countermove could end Jaguar 's hopes for remaining independent and British-owned .,0.6253491072973913,0.08947157413170036,0.9176074546284201,0.9035577855167635,0.9105284258683001
356,But it is n't clear how long GM would be willing to fight Ford for Jaguar .,0.5149933824802062,0.07501462564050945,0.9310072345380604,0.9190409136986409,0.9249853743594908
357,"Because of their longstanding rivalry , GM just `` wants to make sure Ford pays a huge packet for -LRB- Jaguar -RRB- , '' said John Lawson , an auto analyst at London 's Nomura Research Institute .",1.2969529609248527,0.15668726312496425,0.9380764277441033,0.765938295213651,0.8433127368750362
358,People close to the GM-Jaguar talks agreed that Ford now may be able to shut out General Motors .,0.9870993422191274,0.13525189362071302,0.872583202551867,0.8570524637644585,0.8647481063792867
359,"`` It 's either going to be a shootout , or there only may be one player in town , '' one person said .",0.7803910001730774,0.09919399024664449,0.8850131027810515,0.9171728010229611,0.9008060097533556
360,"Another person close to the talks said , `` It is very hard to justify paying a silly price for Jaguar if an out-and-out bidding war were to start now . ''",1.0267110303835434,0.12630337313373707,0.9247634397748264,0.8279746357101863,0.8736966268662631
361,"In a statement , Jaguar 's board said they `` were not consulted about the -LRB- Ridley decision -RRB- in advance and were surprised at the action taken . ''",0.7203213491478921,0.0914599044562652,0.964071559895219,0.8590575413262673,0.9085400955437346
362,The statement emphasized that holders representing 75 % of the shares voting at a special shareholders ' meeting must agree to lift the takeover restrictions .,1.1059572116216714,0.14810029698475607,0.9244897342126941,0.7898791624684827,0.851899703015244
363,"Jaguar officials in the U.S. noted that Ford , as Jaguar 's largest shareholder , now has the power to call for such a meeting .",0.4905725962370555,0.06486137541372294,0.970909828085158,0.901909594744418,0.9351386245862771
364,U.S. auto analysts also noted that Ford is in the best position to benefit from the large number of Jaguar shares that have moved over the past month into the hands of arbitragers waiting for the highest takeover bid .,1.155570463163098,0.15433359091184656,0.8733505467449818,0.8196834522872222,0.845666409088153
365,"Jaguar 's own defenses against a hostile bid are weakened , analysts add , because fewer than 3 % of its shares are owned by employees and management .",0.8006648603059876,0.10504853357995844,0.9351870160471618,0.8580352975634034,0.8949514664200419
366,Ford officials in the U.S. declined to comment on the British government 's action or on any plans to call a special Jaguar shareholders meeting .,1.1930596157174564,0.1583490193517475,0.9242656696945746,0.7725933876103482,0.8416509806482521
367,"But GM officials said they , too , were surprised by the move , which left them to `` consider all our options and explore matters further . ''",0.8367125002238067,0.09945004155502199,0.9261918336232147,0.8762896392183251,0.9005499584449781
368,"Although GM has U.S. approval to buy up to 15 % of Jaguar 's stock , it has n't yet disclosed how many shares it now owns .",0.9744361612551531,0.12294191779229086,0.9109834180272951,0.8455688089302178,0.8770580822077093
369,"In a prepared statement , GM suggested its plans for Jaguar would be more valuable in the long run than the initial windfalls investors might reap from a hostile Ford bid .",0.7994940289210604,0.11176536405003212,0.9198781312949122,0.8586957922905164,0.8882346359499675
370,"`` Our intensive discussions with Jaguar , at their invitation , '' GM said , `` have as their objectives to create a cooperative business relationship with Jaguar that would provide for the continued independence of this great British car company , to ensure a secure future for its employees and to provide an attractive long-term return for its shareholders . ''",1.209362096634612,0.14934872354697637,0.8868462734858564,0.8172948909797163,0.8506512764530235
371,"Jaguar was shocked by Mr. Ridley 's decision , because management had believed the government would n't lift the golden share without consulting the company first .",1.032381591886196,0.13441182143047053,0.9300067214173823,0.8095156599263358,0.8655881785695301
372,"Indeed , the government is taking a calculated risk .",0.20000000000000018,0.03309145580571051,1.0,0.9359370254787319,0.9669085441942895
373,"Mr. Ridley 's announcement set off a howl of protests from members of the opposition Labor Party , who accused the Thatcher administration of backing down on promised protection for a privatized company .",1.2579676450931458,0.17517783990616465,0.8508466589022933,0.8003424139717341,0.824822160093835
374,The British government retained the single golden share after selling its stake in Jaguar in,1.0843108337660263,0.16777715766180598,0.9527618899788688,0.7387585162352563,0.8322228423381938
375,"The Conservative government 's decision may reflect its desire to shed a politically sensitive issue well before the next election , expected in late 1991 .",1.1490116531125842,0.15475803277561537,0.8882416066108149,0.8062133052733083,0.8452419672243844
376,"`` It 's now a very good time politically to get this over and done with , '' observed Daniel Jones , professor of motor industry management at the University of Cardiff in Wales .",1.2639665987864959,0.16052308931344694,0.9156582030071602,0.7749982967266609,0.8394769106865524
377,"The government , already buffeted by high interest rates and a slowing economy , has been badly hurt by last week 's shake-up in Mrs. Thatcher 's cabinet .",1.2244750001492068,0.15523850358936314,0.9302428265027493,0.7736680446551258,0.8447614964106371
378,"At the same time , the government did n't want to appear to favor GM by allowing a minority stake that might preclude a full bid by Ford .",0.7972212234056482,0.1064754789721141,0.9462549698438221,0.846360720494085,0.8935245210278863
379,Mr. Ridley hinted at this motive in answering questions from members of Parliament after his announcement .,0.5149933824802062,0.08499926416476122,0.9592853274745919,0.8746244420021734,0.9150007358352393
380,He said he was giving up the golden share `` to clear the way so the playing field is level between all contestants . '',0.9298044999134598,0.11893859831068772,0.9348508770059573,0.8331250308874544,0.8810614016893124
381,Bradley A. Stertz in Detroit contributed to this article .,0.8754887502163449,0.15177409542471376,0.9244267583903902,0.7836309070274349,0.848225904575286
382,"Dow Chemical Co. , Midland , Mich. , and Eli Lilly & Co. , Indianapolis , said they completed the formation of Dow Elanco , a joint venture combining their plant-sciences businesses as well as Dow 's industrial pest-control business .",1.4978026715662676,0.19703470436778953,0.9042813201288064,0.7220648716235383,0.8029652956322102
383,"The companies said Dow Elanco will be the largest research-based agricultural concern in North America , with projected first-year revenue of $ 1.5 billion .",1.2603910001730751,0.1602058616134713,0.8919930444808571,0.793366782866815,0.8397941383865285
384,"Dow will own 60 % of the venture , with Eli Lilly holding the rest .",0.594360937770432,0.08606892604933447,0.9999999999999998,0.8415037499278842,0.9139310739506651
385,The venture will be based in Indianapolis .,0.0,0.0,1.0,1.0,1.0
386,"William A. Wise , 44 years old , president of the El Paso Natural Gas Co. unit of this energy and natural-resources concern , was named to the additional post of chief executive officer , succeeding Travis H. Petty , 61 , who continues as a vice chairman of the parent .",1.5093452175103792,0.20178758000604682,0.8737393930268907,0.7347038305453721,0.7982124199939526
387,"Erwin Tomash , the 67-year-old founder of this maker of data communications products and a former chairman and chief executive , resigned as a director .",0.9370972298692406,0.13762254215693434,0.9271288661320106,0.8060801845611891,0.8623774578430653
388,"Dataproducts is fighting a hostile tender offer by DPC Acquisition Partners , a group led by New York-based Crescott Investments Associates .",1.038852407830606,0.1505082861395917,0.903931290613629,0.8012369401265291,0.8494917138604082
389,"Under the circumstances , Dataproducts said , Mr. Tomash said he was unable to devote the time required because of other commitments .",0.84825108714465,0.10804305660767817,0.9526807256090079,0.8385103692366324,0.891956943392322
390,Mr. Tomash will remain as a director emeritus .,0.2222222222222232,0.03917064001854877,1.0,0.924611726871249,0.9608293599814514
391,The company had no comment on whether a replacement would be named .,0.7315211541789957,0.11498892854819176,1.0000000000000002,0.7937397841287682,0.8850110714518084
392,"Robert Q. Marston , president emeritus , University of Florida , and a director of this maker of medical devices , was named chairman .",0.8985757378684047,0.132768996039428,0.9391352868559733,0.8055542651759778,0.867231003960572
393,"Dr. Marston , 66 years old , succeeds Alexander T. Daignault , 72 , who did n't stand for re-election due to mandatory board retirement policy .",0.8003570546087726,0.10716701641529691,0.9574546995693737,0.8363828017695983,0.8928329835847033
394,SFE Technologies said William P. Kuehn was elected chairman and chief executive officer of this troubled electronics parts maker .,1.037744375108173,0.14811987055869782,0.9371895538697532,0.7808058251465186,0.8518801294413022
395,"The 45-year-old Mr. Kuehn , who has a background in crisis management , succeeds Alan D. Rubendall , 45 .",0.6804820237218401,0.09988878468513109,1.0,0.8183656637362174,0.9001112153148688
396,"Jerome J. Jahn , executive vice president and chief financial officer , said Mr. Rubendall was resigning by `` mutual agreement '' with the board .",0.9763106917405437,0.1462814640672664,0.8782901132143068,0.8304844002913576,0.8537185359327333
397,"`` He is going to pursue other interests , '' Mr. Jahn said .",0.2857142857142865,0.03898409863092139,0.9610159013690787,0.9610159013690787,0.9610159013690788
398,Mr. Rubendall could n't be reached .,0.2857142857142865,0.053615035438314584,1.0,0.8982265179691366,0.9463849645616855
399,"Mr. Kuehn , the company said , will retain the rest of the current management team .",0.5882352941176485,0.08660710979933368,1.0000000000000002,0.8405916747308467,0.9133928902006667
400,"For the nine months ended July 29 , SFE Technologies reported a net loss of $ 889,000 on sales of $ 23.4 million .",0.9522813738447233,0.13006815408608285,0.9272104896322965,0.8193182692136995,0.8699318459139173
401,That compared with an operating loss of $ 1.9 million on sales of $ 27.4 million in the year-earlier period .,0.602620096764455,0.09543539200339092,1.0000000000000002,0.8257580635059569,0.9045646079966091
402,"In national over-the-counter trading , SFE Technologies shares closed yesterday at 31.25 cents a share , up 6.25 cents .",0.7754887502163452,0.10669366355857535,0.9419690933167747,0.8494244957182253,0.8933063364414243
403,Sales of new cars in Europe fell 4.2 % in September from a year earlier and analysts say the market could continue to soften in the months ahead .,0.6727508622181704,0.08593333422331874,0.981089622276689,0.8556154539326625,0.9140666657766814
404,"After a stronger-than-expected pace early this year , analysts say the market , after a series of sharp swings in recent months , now shows signs of retreating .",1.2279186370495463,0.16865919203947172,0.9360082137330875,0.747727543604988,0.8313408079605287
405,"Statistics from 12 countries which normally account for 94 % of non-communist Europe 's passenger car sales showed new car registrations totaled 911,606 in September , down 21 % from August and down 4.2 % for the year to date .",1.3782009128457702,0.17923457862458267,0.8799467358625722,0.7690430002375206,0.8207654213754175
406,Tokyo stocks rebounded Tuesday from two consecutive daily losses in relatively active dealings .,0.482491964440249,0.08203525481771409,0.9497401489108708,0.8882467235897251,0.9179647451822865
407,"London shares also rose , while trading in Frankfurt , West Germany , ended higher .",1.0471804688852169,0.1622826213929939,0.9153351576804232,0.7722341517470809,0.8377173786070061
408,"In Tokyo , the Nikkei index of 225 selected issues was up 132.00 points to 35549.44 .",0.9855816177743248,0.13708922662499365,0.8978410072610266,0.830596660538842,0.8629107733750069
409,The index fell 109.85 Monday .,0.0,0.0,1.0,1.0,1.0
410,"Volume on the First Section was estimated at 900 million shares , up from 582 million shares Monday .",0.46078355274544336,0.06885123282891953,0.9256534619868867,0.9367097097217293,0.9311487671710803
411,"Advancing issues outnumbered decliners 542 to 362 , while 208 issues were unchanged .",0.6792696431662115,0.10673607823331384,0.9521453180972221,0.8412409373541706,0.8932639217666867
412,Small-lot buying targeted at incentive-backed issues pushed up the Nikkei .,0.9090909090909092,0.15126877682663575,0.823807939309481,0.8752096003146702,0.8487312231733645
413,"But other sectors failed to attract investor interest and remained sluggish , making overall trading appear mixed .",1.125814583693912,0.17194916404546548,0.86662037015461,0.7927681456780473,0.8280508359545347
414,"Individuals and corporations , as well as dealers trading for their own account , actively bought Tuesday .",0.6813701392494682,0.09445062293940135,0.9552406522264602,0.8607723110273231,0.9055493770605986
415,"An official at Wako Securities said these investors feel the need to make quick profits , despite destabilizing external factors , such as political uncertainty tied to the ruling party 's fate at next year 's Lower House elections - an event which could directly affect the stock market .",1.692583809661814,0.20655506760638803,0.8383354889891502,0.7531175611378431,0.7934449323936121
416,"The Tokyo Stock Price Index of all issues listed in the First Section , which declined 5.16 on Monday , was up 16.05 , or 0.60 % , at 2692.65 on Tuesday .",1.3790840910402107,0.18448075376906706,0.8778260396470093,0.7614711506695948,0.8155192462309327
417,"The Second Section index , which fell 21.44 points Monday , was up 6.84 points , or 0.19 % , to close at 3642.90 .",1.040000000000001,0.1349366334694287,0.9124166070201474,0.82238276582163,0.8650633665305716
418,"Second Section volume was estimated at 14 million shares , unchanged from Monday .",0.4285714285714288,0.06210798358303499,1.0000000000000002,0.8830477041072361,0.9378920164169651
419,Institutional investors mostly remained on the sidelines Tuesday .,0.22222222222222232,0.036324900793189584,1.0,0.9298966940476159,0.9636750992068105
420,A fund manager at a life-insurance company said three factors make it difficult to read market direction .,0.7505430557959398,0.10504653595757395,1.0,0.8098785299271648,0.894953464042426
421,"First , he said , domestic interest rates are likely to stay at higher levels as increased anticipation of inflation followed rising consumer prices reported last week .",1.0880140516682175,0.14665525780294397,0.8733353683225726,0.8342488065549097,0.8533447421970557
422,"Second , the dollar is showing persistent strength despite a slowdown in the U.S. economy shown by economic indicators .",0.5000000000000009,0.06951319792739873,1.0000000000000002,0.8700096491336289,0.9304868020726016
423,"Third , oil prices have n't declined although supply has been increasing .",0.9230769230769234,0.1424984662924184,0.8186176154790095,0.9002635941843025,0.8575015337075814
424,"The topic that attracted participants ' attention was Mitsubishi Estate 's purchase of 51 % of Rockefeller Center Properties , announced late Monday in New York .",1.1541207206937134,0.15573396614400456,0.9467064555986408,0.7618305136832907,0.8442660338559959
425,"Mitsubishi Estate ended the day at 2680 , up 150 .",0.545454545454545,0.08558286026041424,0.9412693131031602,0.8890545298748627,0.9144171397395856
426,"The gains also sparked buying interest in other real-estate companies , traders said .",1.1078410717376386,0.17025717138181043,0.9042906361944436,0.7665500626216637,0.8297428286181898
427,Sumitomo Realty & Development rose 40 to 2170 .,0.8344194449252154,0.16487289753610745,0.8734806581894542,0.7999999999999998,0.8351271024638924
428,Heiwa Real Estate gained 40 to 2210 .,0.5943609377704338,0.12115871759637824,1.0,0.7838687499016604,0.8788412824036218
429,"Investor focus shifted quickly , traders said .",0.5,0.09090909090909091,1.0,0.8333333333333333,0.9090909090909091
430,Many of the morning-session winners turned out to be losers by afternoon .,0.46153846153846256,0.0695963379108974,0.9525005112358605,0.9093088077395047,0.9304036620891027
431,"In other stock-market news , the Tokyo Stock Exchange said that for the week ended Friday , the balance of margin buying rose 189.8 billion yen -LRB- $ 1.34 billion -RRB- , to 7.160 trillion yen -LRB- $ 50.46 billion -RRB- .",1.1398643566887436,0.150519339059974,0.8809017300848838,0.8202239213220409,0.8494806609400262
432,"The balance of short positions outstanding fell 159.7 billion yen , to 779.8 billion yen .",0.672180468885216,0.10218894965202815,0.959386832549365,0.8436627231756523,0.8978110503479717
433,"In London , prices finished at intraday peaks , comforted by a reassuring early performance on Wall Street and news that the British government will waive its `` golden share '' in auto maker Jaguar .",1.2952552911969617,0.16413202035310023,0.9169430495357843,0.7679653498761898,0.8358679796468995
434,"But trading was very sketchy , as investment decision makers remain wary from gyrations and upsets of recent weeks .",1.2132331253245194,0.1725640976913039,0.9356643215374311,0.7416492345575191,0.8274359023086958
435,"`` Volume has been appalling , '' said a dealer at a British brokerage concern .",0.75,0.1111111111111111,0.923076923076923,0.8571428571428573,0.888888888888889
436,`` The market was dragged up by the scruff of its neck by Wall Street and by market makers getting caught short .,0.9023864131375436,0.12403643215730466,0.8932876391758959,0.8592986653826695,0.8759635678426956
437,No one wants stock on their books . '',0.22222222222222232,0.036324900793189584,1.0,0.9298966940476159,0.9636750992068105
438,"Meanwhile , the broad-based Financial Times 100-share index added 30.4 points to end at 2142.6 , while reaching its minimum of 2120.5 a half hour into the session .",1.146383189580571,0.1500919971943832,0.882849357751119,0.8193364750501075,0.849908002805617
439,"At the close , the narrower 30-share index was up 19.7 points to 1721.4 .",0.3999999999999986,0.055966642010002336,0.9619796142199876,0.9267444333447414,0.9440333579899974
440,"Volume totaled a modest 334.5 million shares , up from 257.8 million shares Monday .",0.5836591668108966,0.0907695319926376,0.90216957003717,0.9164027631334556,0.9092304680073621
441,The market also moved at early afternoon on news that Jaguar shares were being temporarily suspended at 746 pence -LRB- $ 11.80 -RRB- each .,1.219608999826919,0.1620158872090057,0.8561820894680857,0.8205436244601316,0.8379841127909942
442,"Secretary of State for Trade and Industry Nicholas Ridley said later in the day that the government would abolish its golden share in Jaguar , the luxury auto maker being stalked by General Motors and Ford Motor .",1.5101073154014255,0.19603116871169518,0.9162571471310916,0.716197984684755,0.8039688312883048
443,The golden share dates from Jaguar 's public offering in 1984 and was designed to protect the company from takeover .,0.4761904761904727,0.06212431996705455,1.0,0.883018741216693,0.937875680032945
444,The golden share was scheduled to expire at the beginning of,0.3636363636363633,0.05873068689683963,0.9999999999999998,0.8890545298748627,0.9412693131031602
445,"But although the golden share has been waived , a hostile bidder for Jaguar would still have to alter the British concern 's articles of association which ban shareholdings of more than 15 % .",1.0494015986628709,0.12543606091726234,0.9094086399933816,0.8422909064499938,0.8745639390827374
446,"Jaguar shares closed at 869 pence , up 122 pence , on hefty turnover of 9.7 million shares .",0.711040789701415,0.11175085107994716,0.9069308090402397,0.8703215936471407,0.8882491489200525
447,"As the London trading session drew to a close , the market was still listening to the parliamentary debate on the economy , with new Chancellor of the Exchequer John Major expected to clarify his approach to the British economy and currency issues .",1.4544830917577585,0.19386633489724786,0.8547361190600573,0.7627611406563315,0.8061336651027521
448,"On the Frankfurt Stock Exchange , share prices closed higher in fairly thin trading , as selective buying by foreigners helped propel prices .",1.2762162701287787,0.18075756573706728,0.8487971503935484,0.79167662776831,0.8192424342629325
449,"The DAX index closed at 1472.76 , up from 1466.29 .",0.18181818181818166,0.03025375536532712,0.9412693131031602,1.0,0.9697462446346727
450,"Despite the modest gains , traders said the market remains dull , with investors remaining cautiously on the sidelines .",0.6754887502163456,0.09799806157343317,0.9575706303170951,0.8525289126517228,0.9020019384265664
451,"Contributing to the market 's reserved stance was the release later in the day of new data on the health of the U.S. economy , in the form of the U.S. index of leading indicators .",0.9541254318221313,0.1389052699876616,0.9272868163540464,0.8037229463109363,0.861094730012338
452,"Additionally , the end of the month position-squaring might have also played a minor role , traders said .",0.5263157894736805,0.07251028477378531,1.0000000000000002,0.8647839823949479,0.9274897152262143
453,"Elsewhere , share prices closed higher in Amsterdam , Brussels , Milan and Paris .",0.21634083318910236,0.03417992675081058,1.0,0.9338994581761084,0.9658200732491895
454,Prices were mixed in Zurich and lower in Stockholm .,0.1999999999999993,0.03543676402711146,0.9315520459418734,1.0000000000000002,0.9645632359728886
455,"Stocks closed higher in Hong Kong , Manila , Singapore , Sydney and Wellington , but were lower in Seoul .",1.0124345204209542,0.1671259146848151,0.9042514021310545,0.7719407442800451,0.8328740853151849
456,Taipei was closed for a holiday .,0.0,0.0,1.0,1.0,1.0
457,"Here are price trends on the world 's major stock markets , as calculated by Morgan Stanley Capital International Perspective , Geneva .",0.8269369568979954,0.11522509720220694,0.9733412865093162,0.8109819396833838,0.8847749027977933
458,"To make them directly comparable , each index is based on the close of 1969 equaling 100 .",0.44444444444444287,0.05964927713950988,0.9403507228604897,0.9403507228604896,0.9403507228604896
459,The percentage change is since year-end .,0.6792696431662097,0.1376310147645185,1.0,0.7580392711198944,0.8623689852354814
460,"French consumer prices rose 0.2 % in September from the previous month and were up 3.4 % from a year earlier , according to definitive figures from the National Statistics Institute .",0.9838732329801267,0.1246809564753313,0.9355801433010115,0.8223510743984136,0.8753190435246688
461,"The state agency 's figures confirm previous estimates and leave the index at 178.9 , up from 178.5 in August and 173.1 a year earlier .",0.93325625024963,0.12465891852652582,0.9265348038867636,0.8295083506729517,0.875341081473474
462,The index is based on 1980 equaling 100 .,0.22222222222222232,0.036324900793189584,1.0,0.9298966940476159,0.9636750992068105
463,A breakdown showed that food prices were the most active part of growth with a rise of 0.6 % .,1.1754887502163456,0.18387471549805517,0.9287925523535479,0.7278351707159577,0.8161252845019448
464,An official linked the gain essentially to higher prices for beef and pork .,1.0000000000000018,0.1511782109217767,0.9076275807226115,0.797172457940686,0.8488217890782237
465,He said summer drought problems that had hit several southern agricultural regions had stopped being a major source of price pressure in September .,1.1860163936129249,0.16733520764747178,0.8888635012968849,0.7831498653915957,0.8326647923525283
466,"Japan 's index of leading indicators rose to 63.6 in August , above the so-called boom-or-bust line of 50 for the first time since May , the Economic Planning Agency said .",0.8487893580853179,0.11975882940546594,0.9181664672807609,0.8453246397672879,0.880241170594534
467,"The leading index recovered from July 's revised level of 36.6 on strong performances in consumer durables and machinery orders , among other factors , according to an agency spokeswoman .",0.9912598694580819,0.13080572380410438,0.9479169981696233,0.8025444690594928,0.8691942761958957
468,The index is intended to measure future economic performance .,0.40000000000000036,0.0640629745212681,1.0,0.8795880017344075,0.9359370254787319
469,A figure above 50 indicates the economy is likely to expand ; one below 50 indicates a contraction may be ahead .,1.1715653414007887,0.1626757601347418,0.8834048870022069,0.7958126278828512,0.8373242398652581
470,"Metromedia Co. said its Metromedia Long Distance unit has been renamed Metromedia-ITT Long Distance , reflecting acquisitions from ITT Corp. , which licenses its name to closely held Metromedia .",1.5351249268336753,0.20301417448546688,0.9117032248597386,0.7079110942961907,0.7969858255145332
471,"Metromedia said its unit is the fifth-largest provider of long-distance communications service in the U.S. , with projected 1989 revenue of more than $ 550 million .",1.1381131834518756,0.14914492909836796,0.9091890071417618,0.7995552792066918,0.8508550709016321
472,"Metromedia , headed by John W. Kluge , has interests in telecommunications , robotic painting , computer software , restaurants and entertainment .",0.6458588248814499,0.09740818998924877,1.0,0.8224759193929417,0.9025918100107514
473,"South Korean consumer prices rose 5 % in the first 10 months of this year , matching the government 's target for the entire year , according to the Bank of Korea and the Economic Planning Board .",1.3194464601951994,0.17084039914389398,0.9162644521433245,0.7571783039607297,0.829159600856106
474,"According to reports released by the two government agencies , domestic consumer and wholesale prices each rose by 0.2 % in October from the previous month .",0.8101593696639737,0.10781380905857953,0.9416375566999236,0.8476696751645226,0.8921861909414208
475,"As a result , consumer prices for the first 10 months of 1989 surged by 5 % and wholesale prices by 1.3 % .",1.3322570187932126,0.19970870274022903,0.8695663889418022,0.7412395253321353,0.800291297259771
476,The South Korean government had been projecting a 5 % consumer price increase for the entire year .,1.125814583693911,0.1741805390023866,0.960031255571978,0.7245305272089989,0.8258194609976133
477,Martin Marietta Corp. said it won a $ 38.2 million contract from the U.S. Postal Service to manufacture and install automated mail-sorting machines .,0.8129072918469555,0.10570483548919749,0.9537728972299283,0.8418001083079214,0.8942951645108024
478,"Under terms of the three-year contract , Martin Marietta said it will make and install 267 of the new machines at 156 postal offices .",0.670195500086538,0.08639739905160529,0.9779216866138031,0.8572220739939207,0.9136026009483945
479,"The new machines are capable of sorting by zip code up to 10,000 large flat mail pieces , including magazines and parcels , an hour .",1.278658172993711,0.1805247444084245,0.8627890002201428,0.7803024993540361,0.8194752555915751
480,"Thomas A. Donovan , 37 years old , formerly vice president , West Coast operations , at this hazardous-waste-site remediation concern , was named executive vice president and chief operating officer , both newly created posts , and a director , filling a vacancy .",1.6086173476017382,0.22392147553235406,0.8398735947996842,0.7212907621362162,0.7760785244676465
481,"Canonie said it anticipates naming Mr. Donovan to succeed Richard F. Brissette , 55 , as president and chief executive officer , effective March 1 .",1.265253728932299,0.17829484606653798,0.8512623612065907,0.7941316185337783,0.8217051539334618
482,Mr. Brissette will remain a Canonie board member and will be a consultant to the company .,0.7502875001272624,0.11733047685510829,1.0,0.7899807097621604,0.8826695231448916
483,Yields on savings-type certificates of deposit dropped slightly in the week ended yesterday .,0.6253491072973913,0.09910302371490896,0.952145318097222,0.8548836536751555,0.9008969762850914
484,"The average yield on a six-month CD of $ 50,000 or less was 7.90 % , compared with 7.94 % a week earlier .",0.9989236854598795,0.13731361455269178,0.9165731162308082,0.814783992425885,0.8626863854473084
485,"The average one-year savings-type CD was down to 7.99 % from 8.01 % , according to Banxquote Money Markets , a New York information service that tracks CD yields .",1.2046321829139224,0.1542590852899709,0.9229993798689224,0.7804171131348885,0.8457409147100294
486,"`` This week was uneventful for the CD market , '' said Norberto Mehl , chairman of Banxquote .",1.0923625001138637,0.15186537348747733,0.9666420569850136,0.7555112078550246,0.848134626512522
487,`` The major banks have n't even reacted to sharp rises in the three-month Treasury bill rates '' in the past two weeks .,0.5833333333333348,0.07997319754221686,0.9442465684804308,0.8970184302550206,0.9200268024577831
488,"Banks that adjusted payouts on CDs in the most recent week made only fractional moves , he said .",0.6713098685349159,0.09332865591802865,0.968728371394997,0.8520864339404854,0.906671344081971
489,The CD trend runs counter to the direction of short-term interest rates at the Treasury bill auction Monday .,1.066561184552124,0.1638915135317038,0.915762129279164,0.7692026883087532,0.8361084864682959
490,"The average six-month bill was sold with a yield of 8.04 % , up from 7.90 % .",0.5555555555555562,0.0843116825512301,0.9644783952199524,0.8715968398065166,0.9156883174487698
491,The average three-month issue rose to 8.05 % from 7.77 % .,0.5629072918469555,0.09475993721230204,0.9416308273977262,0.8715573932948418,0.905240062787698
492,"Typically , banks offer CD yields higher than those on Treasury bills , which are considered the safest short-term investments ; banks need a competitive edge to sell their products .",1.0736842746820736,0.13992255750857702,0.8485021453034294,0.8719729289654746,0.8600774424914231
493,"But when market interest rates move up rapidly , increases in bank CD yields sometimes lag .",0.32410441201923224,0.05224320157172807,1.0,0.9007012799062181,0.9477567984282721
494,"Most yields on short-term jumbo CDs , those with denominations over $ 90,000 , also moved in the opposite direction of Treasury bill yields .",0.2701955000865386,0.037902250083562156,1.0,0.9269637384820957,0.9620977499164378
495,"The average six-month yield on a jumbo CD was at 7.90 % , down from 7.93 % , Banxquote said .",1.1554601193566851,0.1682561083755392,0.8987711707225051,0.7740201191620335,0.8317438916244607
496,"For longer-term CDs , yields were up .",0.0,0.0,1.0,0.9999999999999999,0.9999999999999999
497,"The average two-year and five-year jumbos were up 0.02 of a percentage point to 7.91 % and 7.96 % , respectively .",1.1029392048404727,0.15170123563762797,0.9094491433877954,0.7948536618564663,0.8482987643623718
498,"However , CDs sold through major broker-dealer networks were up slightly almost across the board .",0.797180468885216,0.11465571130067859,0.9609718878052139,0.8207518749639421,0.8853442886993212
499,"The average six-month CD in that category added 0.05 percentage point to 8.35 % , for example .",1.570259028138354,0.23983054681821775,0.8689614952929914,0.6755874148679493,0.7601694531817819
500,Mr. Mehl attributed the rise specifically to the Treasury bill increase .,0.7924812503605771,0.1311162761079733,0.9999999999999998,0.7681648140381679,0.8688837238920264
501,"Among the major banks surveyed by Banxquote in six regions of the country , 8.33 % is the highest yield available .",0.7838687499016599,0.1105808024907233,0.9296880326201792,0.8524939730992961,0.8894191975092768
502,It is offered by the flagship banks of New York 's Manufacturers Hanover Corp. in the one-year maturity only .,0.7000000000000002,0.09630773427746958,0.9425977456743657,0.8678711085335004,0.9036922657225307
503,The yield is offered across a range of maturities at San Francisco 's BankAmerica Corp. and Wells Fargo & Co .,1.1496052119083942,0.1758112436954098,0.9151719568342206,0.7496601606498249,0.8241887563045902
504,"Just two weeks ago , BankAmerica 's yields in many of those maturities was 8.61 % .",0.3973463236566763,0.05437892518796946,1.0,0.896851266866369,0.9456210748120307
505,"Still , on average , the major California banks have the highest yields on CDs , according to Banxquote .",0.5754887502163468,0.08229640120791161,0.9047652187776232,0.9310173917681793,0.9177035987920884
506,The average yield there on six-month issues is 8.32 % .,0.3636363636363642,0.055472735062568695,1.0,0.8948855177025863,0.9445272649374314
507,I had to reach back to French 101 when the monsieur avec clipboard leaned over my shoulder during the coffee phase of dinner and asked whether I wanted to ride in a montgolfiere .,1.2645211311673812,0.1586754850476256,0.9316313784152207,0.7669781650593303,0.8413245149523745
508,"I was a last-minute -LRB- read interloping -RRB- attendee at a French journalism convention and so far the festivities had been taken up entirely by eating , drinking , smoking , sleeping and drinking .",1.3247007993314357,0.1703601430732343,0.8600907057250653,0.8012714582686692,0.8296398569267657
509,The man with the clipboard represented a halfhearted attempt to introduce a bit of les sportif into our itinerary .,0.7427376486136668,0.1100329080729138,1.0,0.801748385525006,0.8899670919270861
510,"But as the French embody a Zen-like state of blase when it comes to athletics -LRB- try finding a Nautilus machine in Paris -RRB- , my fellow conventioners were having none of it .",1.2941176470588234,0.16004194658893448,0.8162076071794836,0.865132131667184,0.8399580534110657
511,"The diners at my table simply lit more Gauloises and scoffed at the suggestion of interrupting a perfectly good Saturday morning to go golfing or even montgolfing -LRB- ballooning to you ; the brothers Montgolfier , French of course , were the world 's first hot-air balloonists -RRB- .",1.8470100706942443,0.21769354245061673,0.8080503539641454,0.7581522775480237,0.7823064575493832
512,Back in the U.S.A. this kind of chi-chi airborne activity wins heartwarmingly covetous responses .,0.5836591668108966,0.0907695319926376,0.9563780440757365,0.866513060704991,0.9092304680073622
513,As in : `` You went ballooning ? ? ! !,0.9090909090909092,0.15126877682663573,0.9999999999999999,0.7372137942564656,0.8487312231733641
514,In France ? ? ! ! '',0.8571428571428585,0.20475740934894898,1.0,0.6600852457764096,0.7952425906510514
515,Americans it seems have followed Malcolm Forbes 's hot-air lead and taken to ballooning in a heady way .,0.6713098685349133,0.08579538553986477,0.9714104927528917,0.8633616769164517,0.9142046144601345
516,"During the past 25 years , the number of balloonists -LRB- those who have passed a Federal Aviation Authority lighter-than-air test -RRB- have swelled from a couple hundred to several thousand , with some estimates running as high as 10,000 .",1.3293534991223872,0.16575693225542626,0.882482509665819,0.7910041391407702,0.8342430677445738
517,"Some 30 balloon shows are held annually in the U.S. , including the world 's largest convocation of ersatz Phineas Foggs -- the nine-day Albuquerque International Balloon Fiesta that attracts some 800,000 enthusiasts and more than 500 balloons , some of which are fetchingly shaped to resemble Carmen Miranda , Garfield or a 12-story-high condom .",2.1164197481253844,0.24366951746921575,0.8091510636182575,0.7099834642421688,0.7563304825307847
518,-LRB- The condom balloon was denied official entry status this year . -RRB-,1.0468954211105226,0.1647620482851088,1.0,0.7170889135206802,0.8352379517148909
519,"But in Epinal , a gray 16th-century river town adjacent to France 's Vosges mountain region , none of these Yankee-come-lately enthusiasms for things aloft was evident .",1.627993175909781,0.2169435538214827,0.8580508647154028,0.7201175257243859,0.783056446178517
520,Ballooning at the de rigueur hour of 6 a.m. held all the attraction for most people of sunrise root-canal work .,0.7385607144917588,0.10698790371985901,1.0,0.8067044755225546,0.8930120962801411
521,"Feeling the naggings of a culture imperative , I promptly signed up .",0.3076923076923084,0.04534559613024766,1.0,0.9132428618858452,0.9546544038697523
522,"The first thing anybody will tell you about ballooning is that it requires zip in the way of athletic prowess , or even a measure of derring-do .",1.3971219813844202,0.19502887524460558,0.914895115367518,0.7186284347681138,0.8049711247553946
523,-LRB- So long as you do n't look down . -RRB-,0.909090909090911,0.15126877682663603,0.9334525592955639,0.7781090597497254,0.8487312231733644
524,"They will also tell you that even if you hate heights , you can still balloon .",0.8679345589507941,0.1363430458263489,0.9443309387574732,0.795682014522053,0.8636569541736514
525,-LRB- I still say do n't look down .,0.7505430557959407,0.13428195354110548,1.0000000000000002,0.7632300273809491,0.8657180464588946
526,At least not when you are ascending . -RRB-,0.5283208335737175,0.09090909090909072,0.8333333333333333,0.9999999999999999,0.9090909090909091
527,What they wo n't tell you is not to go aloft in anything you do n't want to get wet .,1.1195130954441384,0.16857987205618918,0.8343530637897653,0.8285077397068699,0.8314201279438108
528,I 'm not referring to the traditional champagne drenching during the back-on-terra-firma toast .,0.6253491072973905,0.09328491767259703,0.9551046883087149,0.8629922771049006,0.9067150823274032
529,I 'm talking about landing in a canal .,0.2222222222222232,0.03917064001854877,1.0,0.9246117268712492,0.9608293599814515
530,In a porous wicker basket .,0.3333333333333339,0.06891905627081008,1.0000000000000002,0.8710490642551529,0.9310809437291903
531,With a pilot who speaks no English .,0.25,0.043478260869565216,0.9999999999999999,0.9166666666666666,0.9565217391304347
532,"To wit , my maiden voyage -LRB- and novitiates are referred to as virgins -RRB- began at dawn on a dew-sodden fairway and ended at noon in a soggy field .",1.1044784179847582,0.150558881713206,0.8646496616263315,0.8347583410063903,0.8494411182867943
533,"-LRB- Balloon flights almost always occur at dawn or dusk , when the winds are lightest . -RRB-",0.7086048612313034,0.09564079757033787,0.9377952417866738,0.8732253309488066,0.9043592024296621
534,In between came lots of coffee drinking while watching the balloons inflate and lots of standing around deciding who would fly in what balloon and in what order -LRB- the baskets hold no more than four passengers -RRB- .,1.6169588202210328,0.20609598701239834,0.8219720486545078,0.7676895713822689,0.7939040129876017
535,"When it was n't my turn in the balloon I followed its progress from the `` chase car , '' listening to the driver holler into a walkie-talkie .",1.310344827586209,0.17214561795147856,0.8570102043080325,0.8006170760628085,0.8278543820485218
536,After long stretches of this attendant ground activity came 20 or so lovely minutes of drifting above the Vosges watching the silver mists rise off the river and the French cows amble about the fields .,1.711823691817786,0.2373966486019217,0.8021985632842036,0.7267329967170083,0.7626033513980781
537,"It 's hard not to feel that God 's in his heaven with this kind of bird's-eye view of the world , even if your pilote in silly plaid beret kept pointing out how `` belle '' it all was .",1.553428889553925,0.1963278026970402,0.799806913254836,0.8075750228496669,0.8036721973029597
538,Eventually little French farmers and their little French farmwives came out of their stone houses and put their hands above their tiny eyes and squinted at us .,1.029604336546802,0.14909192120452017,0.9281913469393016,0.7855051772872615,0.8509080787954799
539,No wonder .,4.440892098500626e-16,1.4009454786722165e-16,1.0,1.0,1.0
540,We were coming down straight into their canal .,0.0,0.0,1.0,1.0,1.0
541,"See , the other rule of thumb about ballooning is that you ca n't steer .",1.0165414066556497,0.15096868757171011,0.8713115155684644,0.8278621479013305,0.8490313124282897
542,And neither can your pilot .,0.0,0.0,1.0,1.0,1.0
543,"You can go only up or down -LRB- by heating the balloon 's air with a propane burner , which does make the top of your head feel hot -RRB- and ride the air currents .",1.146142359134445,0.14530922544799288,0.8732718606599428,0.8368839343827134,0.8546907745520071
544,Which makes the chase car necessary .,0.2857142857142856,0.05361503543831442,1.0,0.8982265179691366,0.9463849645616855
545,"Most balloonists seldom go higher than 2,000 feet and most average a leisurely 5-10 miles an hour .",1.0419381945646373,0.1427721000104133,0.8755904835733479,0.8396196836947993,0.8572278999895866
546,When the balloon is cruising along at a steady altitude there is little sense of motion .,0.8235294117647065,0.12392260733357713,0.9252152887794689,0.8318956723464144,0.876077392666423
547,"Only when one is ascending -- or in our case descending a tad trop rapidement -- does one feel , well , airborne in a picnic basket .",1.2812251064616866,0.16506259153813957,0.8479885481053263,0.8222819120121213,0.8349374084618604
548,"`` What 's he doing ? '' hissed my companion , who was the only other English-speaking member of the convention and whose knuckles were white .",1.0286828707710152,0.13040285613623726,0.8565467783890425,0.8830513333178537,0.8695971438637631
549,"`` Attention , '' yelled our pilot as our basket plunged into the canal .",0.7673183336217955,0.11781100479630809,0.9006261358019673,0.8644915820260831,0.8821889952036918
550,"`` You bet attention , '' I yelled back , leaping atop the propane tanks , `` I 'm wearing alligator loafers ! ''",0.9276942711037668,0.12245877182300706,0.9300490895175695,0.8306454089682298,0.8775412281769928
551,"Our pilot simply laughed , fired up the burner and with another blast of flame lifted us , oh , a good 12-inches above the water level .",0.9555316965058385,0.1351750790182949,0.8838692733025085,0.8465839397587039,0.8648249209817049
552,We scuttled along for a few feet before he plunged us into the drink again .,0.8443609377704329,0.12686399155298864,0.9587545737274168,0.8015556033736734,0.873136008447011
553,Eventually we came to rest in a soggy patch of field where we had the exquisite pleasure of scrambling out of the basket into the mud while the French half of our ballooning tag team scrambled in .,1.4146231872935555,0.2111671833159187,0.8245247106405749,0.7561027611468729,0.788832816684081
554,I looked at my watch .,0.0,0.0,1.0,1.0,1.0
555,Barely half-an-hour aloft .,0.5,0.14285714285714285,1.0,0.75,0.8571428571428571
556,"Back in the chase car , we drove around some more , got stuck in a ditch , enlisted the aid of a local farmer to get out the trailer hitch and pull us out of the ditch .",1.7095137041809503,0.22960633542644007,0.8263164002070054,0.721560508700706,0.7703936645735597
557,"We finally rendezvoused with our balloon , which had come to rest on a dirt road amid a clutch of Epinalers who watched us disassemble our craft -- another half-an-hour of non-flight activity -- that included the precision routine of yanking the balloon to the ground , punching all the air out of it , rolling it up and cramming it and the basket into the trailer .",1.6236537744654562,0.21475843994612973,0.7786721677405515,0.7919227429648649,0.78524156005387
558,It was the most exercise we 'd had all morning and it was followed by our driving immediately to the nearest watering hole .,0.8443609377704355,0.11365246711373088,0.9432417854008328,0.8359263117323947,0.8863475328862691
559,"This meant returning to the golf course , where we watched a few French duffers maul the first tee while we sat under Cinzano umbrellas , me nursing an espresso and my ego .",1.4517131304791544,0.19051393732751684,0.8225019436891523,0.7968757101882535,0.809486062672483
560,A whole morning of ballooning and I had been off the ground barely 30 minutes .,0.5471804688852169,0.07596753833988251,0.9637977024650223,0.887418541630609,0.9240324616601175
561,"Still , I figured the event 's envy-quotient back in the U.S.A. was near peerless .",0.969360937770432,0.14296011465498842,0.9207767444026486,0.8015556033736734,0.8570398853450113
562,"As for the ride back to camp , our pilot and all the other French-speaking passengers clambered into the chase car .",1.1938482957495635,0.1722944575272899,0.8318247488888993,0.8236269317481134,0.82770554247271
563,My American companion and I were left to ride alfresco in the wicker basket .,0.31699250014423175,0.04228377151962509,1.0,0.9188632257835574,0.957716228480375
564,"As we streaked by a blase gendarme , I could n't resist rearing up on my soggy loafers and saluting .",0.7385607144917579,0.09635342249858371,0.9150155209004648,0.8925566821196691,0.9036465775014163
565,Ms. de Vries is a free-lance writer .,0.34436093777043375,0.06679306553735245,1.0,0.8747778408107513,0.9332069344626476
566,"Treasury Undersecretary David Mulford defended the Treasury 's efforts this fall to drive down the value of the dollar , saying it helped minimize damage from the 190-point drop in the stock market Oct. 13 .",1.2726744858551031,0.16264830635772784,0.9308959486085001,0.760890968991727,0.837351693642272
567,"Testifying before a House subcommittee , Mr. Mulford said that if the Treasury had n't intervened in foreign-exchange markets in September and early October to reduce the dollar 's value , the plunge in the stock market might have provoked a steep fall in the currency that might have `` unhinged financial markets . ''",1.4059282999111025,0.16861642369102725,0.8922569345403994,0.7782857882602865,0.8313835763089729
568,"Mr. Mulford , responding to critics of intervention , also said intervention is `` highly visible , '' is taken seriously by financial markets and works better than `` was recognized some time ago . ''",1.5838763891292729,0.19681916385806136,0.8018240290177586,0.8045422428937405,0.8031808361419386
569,Differences between the Treasury and the Federal Reserve on the usefulness of intervention to help restrain the dollar resurfaced at the hearing .,0.7284733696592811,0.11015003998364772,0.9712962870924248,0.8210059615719977,0.8898499600163523
570,"Fed Vice Chairman Manuel Johnson , who had dissented from the Treasury 's policy , told lawmakers , `` I became convinced about what looked to me like an attempt to push the dollar down against the fundamentals in the market . ''",1.1247564645721004,0.13641270179859494,0.923091720667754,0.8112898576020117,0.8635872982014053
571,"Intervention , he added , is useful only to smooth disorderly markets , not to fundamentally influence the dollar 's value .",1.0120301139313819,0.13539642140746178,0.9132240280466214,0.8208985768234273,0.8646035785925382
572,"Rep. John LaFalce -LRB- D. , N.Y . -RRB- said Mr. Johnson refused to testify jointly with Mr. Mulford and instead asked to appear after the Treasury official had completed his testimony .",1.0066448772385952,0.1327703998017636,0.9580126534349513,0.792162787412457,0.8672296001982366
573,A Fed spokesman denied Mr. LaFalce 's statement .,0.7505430557959416,0.13428195354110564,1.0,0.7632300273809491,0.8657180464588945
574,"Mr. Mulford said reports of tension between the Treasury and Fed have been exaggerated , insisting that they involved `` nuances . ''",0.728473369659282,0.09139247435775426,0.9541741807815509,0.8671945871182507,0.9086075256422456
575,"Mr. Johnson also said that `` in the scheme of things , these things are minor . ''",0.4863826390090802,0.06564733896739344,0.9688976208933369,0.9021862214273799,0.9343526610326063
576,"On other matters , Mr. Mulford said West Germany is contributing to imbalances in the world economy because of its success as an exporter .",1.1541901188909298,0.1520044997637959,0.9526553060166895,0.7640554871150521,0.8479955002362038
577,"`` The solution is stronger domestic growth -LCB- in Germany -RCB- , '' he said .",0.25,0.03225806451612903,0.9677419354838709,0.9677419354838709,0.9677419354838709
578,"But because the growth of the German economy has been stronger than expected , Mr. Mulford said , it 's difficult for the U.S. to argue that Germany ought to adopt more stimulative monetary and fiscal policies .",1.0648524591239523,0.12513785007772985,0.9464693444837476,0.813328049310633,0.8748621499222703
579,"Germany 's trade surplus is largely with other European countries rather than with the U.S. , Mr. Mulford acknowledged .",0.6377443751081753,0.08611055180739108,1.0,0.841433173328268,0.9138894481926091
580,"But nonetheless U.S. companies might be more successful in European markets if not for the German export push , he said .",0.7393028412041103,0.09684209987007994,0.9182194441610554,0.888582490738774,0.90315790012992
581,"Five officials of this investment banking firm were elected directors : E. Garrett Bewkes III , a 38-year-old managing director in the mergers and acquisitions department ; Michael R. Dabney , 44 , a managing director who directs the principal activities group which provides funding for leveraged acquisitions ; Richard Harriton , 53 , a general partner who heads the correspondent clearing services ; Michael Minikes , 46 , a general partner who is treasurer ; and William J. Montgoris , 42 , a general partner who is also senior vice president of finance and chief financial officer .",1.6476756741969956,0.21011687310375918,0.8333046870360232,0.7507626399615697,0.789883126896241
582,The board increased by one to 26 members .,0.44444444444444464,0.07538827312875093,0.924611726871249,0.924611726871249,0.924611726871249
583,"In the past year , one inside director resigned , while three others retired .",1.1169925001442325,0.16679524346247418,0.9127560881514729,0.7664083721012351,0.8332047565375259
584,"Some U.S. allies are complaining that President Bush is pushing conventional-arms talks too quickly , creating a risk that negotiators will make errors that could affect the security of Western Europe for years .",1.3851054097000253,0.17916259127705478,0.8682878985959143,0.7783043691120525,0.8208374087229454
585,"Concerns about the pace of the Vienna talks -- which are aimed at the destruction of some 100,000 weapons , as well as major reductions and realignments of troops in central Europe -- also are being registered at the Pentagon .",1.3105510617280691,0.1709684377501559,0.8741539829887197,0.7883387838798577,0.8290315622498439
586,Mr. Bush has called for an agreement by next September at the latest .,0.3396348215831049,0.05382407584017307,1.0000000000000002,0.8978499788073997,0.9461759241598271
587,But some American defense officials believe the North Atlantic Treaty Organization should take more time to examine the long-term implications of the options being considered .,0.9042221155510344,0.1244475698435611,0.8663801682795637,0.8849209813752796,0.8755524301564386
588,"For one thing , Pentagon officials , who asked not to be identified , worry that the U.S. will have a much tougher time persuading Europeans to keep some short-range nuclear weapons on their soil once Soviet armored forces are thinned out .",1.1865011629919513,0.13747828028743914,0.8719196872866851,0.8533241833769059,0.862521719712561
589,"At the same time , they contend that a reduction of NATO forces under a treaty will increase the possibility of a conventional Soviet attack unless the West retains a residual force of nuclear weapons in Europe .",1.0923625001138655,0.1518831687868931,0.9507774933149485,0.7654653390639498,0.848116831213107
590,"Allies concerned about the deadline include the British , French and smaller NATO allies , some of whom do n't have adequate staffs to provide quick answers to the questions being raised by what generally are considered the most complex arms-control talks ever attempted .",1.4610801324856562,0.17721595082168717,0.8432850726909012,0.8032561646567575,0.8227840491783132
591,"So far , no ally has complained openly , preserving the impression that NATO is in line with the Bush position that a quick agreement bringing Soviet conventional forces down to parity with NATO is the West 's top bargaining priority .",1.181181916058022,0.15449605674951597,0.9265893837409915,0.7774680471197939,0.8455039432504846
592,"But even though NATO negotiators have only 10 months left under the Bush timetable , they are still wrestling over such seemingly fundamental questions as `` What is a tank ? ''",1.1096804688852169,0.13300515077219305,0.8954716759246655,0.8402733793639799,0.8669948492278071
593,Five of the six categories of weapons under negotiation have n't even been defined .,0.5836591668108966,0.09221295524732444,0.9399132094021604,0.8777844369932447,0.9077870447526752
594,Tanks currently are defined as armored vehicles weighing 25 tons or more that carry large guns .,0.7058823529411775,0.10086259659215153,0.930418891858254,0.8698909178329935,0.8991374034078488
595,"The Soviets complicated the issue by offering to include light tanks , which are as light as 10 tons .",0.29999999999999893,0.03776503411355266,0.9745023372227655,0.9502726067494249,0.9622349658864472
596,"Oleg A. Grinevsky , the chief Soviet negotiator in the conventional-arms talks , argued that this would mean the Soviets would have to destroy some 1,800 tanks , while the U.S. would lose none because it has no light tanks in Europe .",1.4483877892440464,0.17550362094753502,0.9198051493716464,0.7470846378716908,0.8244963790524653
597,But the issue is stickier than it seems .,0.22222222222222232,0.036324900793189584,1.0,0.9298966940476159,0.9636750992068105
598,"France , Britain and Italy all have light tanks they would like to keep out of the talks .",0.736842105263154,0.1015143986832996,0.9117072315141826,0.8856419710115668,0.8984856013167
599,"And some U.S. Army analysts worry that the proposed Soviet redefinition is aimed at blocking the U.S. from developing lighter , more transportable , high-technology tanks .",0.852575926246443,0.108462757709584,0.9333590496492237,0.8533025922433792,0.8915372422904165
600,Defining combat aircraft is even tougher .,0.2857142857142865,0.053615035438314584,1.0,0.8982265179691366,0.9463849645616855
601,"The Soviets insisted that aircraft be brought into the talks , then argued for exempting some 4,000 Russian planes because they are `` solely defensive . ''",1.018880555715815,0.12433563388681833,0.9000726583293046,0.8525449370771087,0.8756643661131818
602,NATO has n't budged from its insistence that any gun-carrying plane has offensive capability .,0.7673183336217964,0.11781100479630822,0.9006261358019674,0.8644915820260833,0.8821889952036919
603,"The dispute over that issue , according to one U.S. official , is a `` potential treaty stopper , '' and only President Bush and Soviet leader Mikhail Gorbachev may be able to resolve it .",1.3371934857616008,0.1625791124876876,0.8936456078626004,0.7878522739685518,0.8374208875123125
604,Accounting problems raise more knotty issues .,8.881784197001252e-16,1.7611122038945456e-16,1.0,1.0,1.0
605,"Greece and Turkey , for example , are suspected of overstating their arsenals in hopes that they can emerge from the arms-reduction treaty with large remaining forces to deter each other .",0.7940596729442841,0.10108536302624195,0.9186862627295338,0.8799761166557922,0.8989146369737581
606,Other nations are n't sure how many weapons they have in their own arsenals .,1.1169925001442316,0.16679524346247407,0.9543883758159454,0.7393284112461507,0.8332047565375257
607,"`` It 's just going to be sloppy , both on our side and theirs -LCB- the Warsaw Pact 's -RCB- , '' says one NATO analyst .",0.9649839288804936,0.11537333657866082,0.8642926994491781,0.9059404622442823,0.8846266634213392
608,"So far , neither the Bush administration nor arms-control experts in Congress seem moved by arguments that these problems may take more time to thrash out than President Bush has allowed .",1.086090234442608,0.13459119680926004,0.8975430600867916,0.8354959847387554,0.86540880319074
609,They argue that the bigger danger would be that the West would delay action so long that the Soviets might back away from the current conciliatory attitude .,0.9240822493188281,0.13079204888439444,0.8810321732866622,0.8576969086017964,0.8692079511156054
610,"`` So what if you miss 50 tanks somewhere ? '' asks Rep. Norman Dicks -LRB- D. , Wash. -RRB- , a member of the House group that visited the talks in Vienna .",1.092978219374416,0.13306263724260978,0.90468088047979,0.8322170543932766,0.8669373627573902
611,"`` The bottom line is that if we can get that -LCB- Warsaw Pact -RCB- superiority brought down to parity , we ought to keep pressing ahead as quickly as possible .",1.2613914992687585,0.15398920607796523,0.8629495708717932,0.8297241955475781,0.8460107939220345
612,I worry more about things becoming so unraveled on the other side that they might become unable to negotiate .,0.7754887502163452,0.10112827225986523,0.9451519739955954,0.8569122230335486,0.8988717277401345
613,"International Lease Finance Corp. announced a leasing contract with charter carrier American Trans Air Inc. , in a transaction involving six Boeing Co. 757-200s .",1.2006404972401397,0.19535637021259242,0.8590596114202788,0.7567107968660896,0.8046436297874076
614,"The value of the jets , including spares , is in excess of $ 250 million .",0.8679345589507941,0.12273356143883411,0.9634582931076165,0.8052298448066285,0.8772664385611663
615,"Two of the 757-200s are new aircraft to be delivered to American Trans Air , the main subsidiary of Amtran Inc. , in December 1991 and January 1992 .",1.02246498118632,0.1391488346930069,0.9016910992892528,0.8235504255768022,0.8608511653069933
616,Four of the planes were purchased by International Lease from Singapore Airlines in a previously announced transaction .,0.4863826390090802,0.07213837726383246,0.9336691471212686,0.922125898621379,0.9278616227361672
617,"Delivery of the first aircraft is set for early November , a second for December and two for April 1990 .",0.9337924035446079,0.1448725055294904,0.8420641911395169,0.8686024979490581,0.8551274944705095
618,"Norway 's unemployment rate for October was 3.6 % , unchanged from September but up from 2.6 % in the same month last year .",0.9509775004326917,0.1347616874833931,0.9413533305199994,0.8005113558206045,0.8652383125166068
619,"The figure excludes a record number employed by extraordinary government work programs , the Labor Directorate announced Tuesday .",1.3220744988822997,0.18986445971813448,0.8993140049647965,0.7370478376581306,0.8101355402818651
620,"Including those in the state programs , there were 143,800 Norwegians , or about 6.5 % of the work force , without permanent employment in October , up from September 's 136,800 .",1.0234678033581046,0.1327473162837053,0.9206432987653896,0.8197151662542393,0.8672526837162952
621,"The number of people registered as jobless at the end of October declined by 900 from September to 78,600 .",0.43774437510817243,0.06998161080443376,0.924440184899534,0.9356643215374311,0.9300183891955659
622,"Those employed in state-funded special programs increased by 7,400 to 65,200 in the same period , the Directorate said .",0.37548875021634665,0.05220284762660087,1.0,0.9007741753515452,0.9477971523733991
623,"In October 1988 , there were 40,800 fewer employed by government programs .",0.6153846153846159,0.0906911922604952,0.9093088077395047,0.9093088077395047,0.9093088077395047
624,"Coca-Cola Co. , aiming to boost soft-drink volume in Singapore , said it is discussing a joint venture with Fraser & Neave Ltd. , its bottling franchisee in that country .",1.068368241250445,0.13944345909528905,0.9274020885913399,0.8026993520182155,0.860556540904711
625,The venture would be the latest in Coke 's rapid expansion of overseas investment .,0.4503258334775655,0.06593232622615115,0.9999999999999998,0.8762917220841228,0.9340676737738488
626,"So far this year , it has put nearly $ 700 million into bottling operations in Australia , New Zealand and France .",1.054985326369148,0.13800918349902175,0.8884968304150559,0.8370204672637211,0.8619908165009782
627,The move also reflects Coke 's eagerness to have a hand in developing the soft-drink markets in Pacific Basin countries .,0.6433226192536639,0.08717808609394218,1.0,0.8396250122973702,0.9128219139060577
628,"Aside from Europe , the Pacific division is where Coke will be focusing much of its attention for years to come .",0.7615857955528842,0.09858696731563038,0.9273587702420637,0.876879606286236,0.9014130326843692
629,"That 's because when Coke looks to the Pacific area , it sees an economic and demographic gold mine .",1.0509775004326922,0.14611361400964076,0.9009168088890369,0.811522595587368,0.853886385990359
630,"In countries such as Taiwan , South Korea and Singapore , economies are growing , resulting in a rise in disposable income that consumers can use for soft drinks .",1.303980515958794,0.17638500622108777,0.8937757724415355,0.763667615276097,0.8236149937789128
631,"And unlike Europe and the U.S. , where populations are aging , the Pacific Basin countries have growing proportions of youths -- the heaviest consumers of Coca-Cola and other sodas .",1.359321467336053,0.17892535132083626,0.9104507295899795,0.7476775028300626,0.8210746486791638
632,"A Coca-Cola spokesman said it is too early to say how the joint venture would be structured , or how much the company would invest in the transaction .",0.8106818967009275,0.10101158738056393,0.9393482447700655,0.8619538894860529,0.8989884126194357
633,"In the past , however , Coke has typically taken a minority stake in such ventures .",0.5149933824802044,0.07163287468838177,1.0,0.8663107928464557,0.9283671253116184
634,"By acquiring stakes in bottling companies in the U.S. and overseas , Coke has been able to improve bottlers ' efficiency and production , and in some cases , marketing .",1.2501576613601113,0.15696878286825547,0.8870982847259897,0.8031350659950693,0.8430312171317446
635,Coke has tended to increase its control when results were sluggish in a given country .,0.625,0.0847457627118644,0.9,0.9310344827586207,0.9152542372881356
636,"That does n't appear to be the case in Singapore , a country of about three million people with a relatively high soft-drink consumption rate -- a key indicator of Coke 's success in a market .",1.156668418435947,0.15055263061567944,0.9470157733775727,0.7701055356647082,0.849447369384321
637,"In Singapore , per-capita consumption is about one-third that of the U.S. .",1.0769230769230784,0.17029261679348742,0.9446071092622237,0.7397285856575361,0.8297073832065125
638,"And combining Fraser & Neave 's own soft drinks with Coca-Cola 's gives the Singapore company more than half the share of the soda market there , Coke said .",1.0951584324091126,0.140082179831848,0.899675411414926,0.8235253780214568,0.8599178201681521
639,"Fraser & Neave , which also has interests in packaging , beer and dairy products , holds the Coke licenses for Malaysia and Brunei , where per-capita consumption is n't as high as in Singapore .",1.8690059031984525,0.2407817957915057,0.8446525234738647,0.6894792427805501,0.7592182042084941
640,Coke could be interested in more quickly developing some of the untapped potential in those markets .,0.8679345589507932,0.12862877342913953,0.862014469076121,0.8809333394142385,0.8713712265708606
641,A Coke spokesman said he could n't say whether that is the direction of the talks .,0.9411764705882364,0.13448346212286866,0.8956283377873807,0.8373636472912419,0.8655165378771315
642,"Coke said the joint-venture arrangement , which needs approval from both companies ' boards , should be completed early next year .",0.9822563852016719,0.1266644942845884,0.9490431936886543,0.8088142516761574,0.8733355057154113
643,"AMERICAN BRANDS Inc. , Old Greenwich , Conn. , said it increased its quarterly 11 % to 68 cents a share from 61 cents , payable Dec. 1 to stock of record Nov. 10 .",1.375477412859321,0.1846850198578868,0.8691354061433787,0.7677714271050214,0.815314980142113
644,"The increase follows the company 's report of strong earnings for the third quarter , and reflects what American Brands called its `` tradition of sharing earnings growth '' with shareholders .",1.1446622025965851,0.1499038333455089,0.8445328872994924,0.8557332271736435,0.8500961666544912
645,"American Brands is a consumer products company with core businesses in tobacco , distilled spirits and life insurance .",0.9407527884698519,0.1546929982703556,0.8355807581309869,0.855262340920505,0.845307001729644
646,"As of Sept. 30 , American Brands had 95.2 million shares outstanding .",0.8272990386279595,0.12585212145928573,0.9491751493099759,0.8101127539502293,0.8741478785407141
647,Giovanni Agnelli & Co. announced a transaction that will strengthen its indirect control of Fiat S.p . A. and will admit Prince Karim Aga Khan as its first non-family shareholder .,1.4915751921783063,0.20696704263781293,0.8961602874458375,0.7111912832270723,0.7930329573621872
648,"Giovanni Agnelli , a limited partnership that is the master holding company for Fiat 's Agnelli family , owns approximately 75 % of the shares in Istituto Finanziario Industriale , which in turn owns approximately 40 % of Fiat , Italy 's biggest private-sector industrial group .",1.6612382986088416,0.2088689374234091,0.8967809045533847,0.7077508669536375,0.791131062576591
649,"The company said Maria Sole Agnelli Teodorani , sister of Fiat Chairman Giovanni Agnelli , agreed to trade her shares in IFI for new ordinary shares in the limited partnership , which will give her control of 4.67 % of Giovanni Agnelli & Co .",1.4974239552278696,0.18596232989520897,0.9365017474816644,0.7198983033006544,0.8140376701047909
650,"The Aga Khan , meanwhile , agreed to trade some of his stake in Luxembourg-based Ifint S.A. , another Agnelli family company , for 7.45 % of Giovanni Agnelli & Co. 's capital .",1.2682181023165793,0.1640594077047643,0.9420724350867219,0.7513006825019953,0.8359405922952354
651,"His new stake would be in the form of preferred shares , which receive higher dividends but have voting rights only in extraordinary shareholders assemblies .",0.658439056875527,0.08655188539704148,0.9304279826760351,0.8970768881398304,0.9134481146029584
652,"The Aga Khan owns 10 % of Ifint 's capital , while IFI owns 23 % .",0.8679345589507923,0.1314831476213892,0.9605771355957823,0.7925591617437611,0.8685168523786109
653,"As a result of the transaction , which is expected to be approved at a shareholders meeting Nov. 24 , Giovanni Agnelli & Co. will control 79.18 % of IFI 's ordinary shares .",0.8708717786599038,0.10677132493325865,0.9482816902940533,0.8442171821129829,0.8932286750667411
654,Its capital will also be raised to 232.4 billion lire -LRB- $ 172.5 million -RRB- from the current 204.3 billion lire .,0.6140806820148619,0.0846023022931137,0.9068239778012228,0.9241350884211573,0.9153976977068864
655,"IFI also has nonvoting preferred shares , which are quoted on the Milan stock exchange .",0.75,0.10344827586206896,0.8965517241379309,0.896551724137931,0.8965517241379309
656,"The value of the two transactions was n't disclosed , but an IFI spokesman said no cash would change hands .",0.9883279762934958,0.12994346285539576,0.9205127230105303,0.8248442404884417,0.870056537144604
657,"The move strengthens the existing links between the Agnellis and the Aga Khan , the head of the world 's Ismaili Moslems who is a longtime family friend and frequently goes sailing with Mr. Agnelli .",1.545157025151119,0.20867196156529338,0.8381669251056134,0.7494470430575665,0.7913280384347063
658,"Mr. Agnelli and the Aga Khan also have some business ties , and a spokesman for the Agnelli company did n't rule out that the current agreement could lead to further collaboration .",1.3207214825901232,0.1642526195610493,0.932705926580624,0.757049073276005,0.8357473804389511
659,"For instance , Ifint earlier this year bought an 18 % stake in Alisarda , the Aga Khan 's airline , which flies between Italy and Sardinia .",1.6208599280447915,0.21424986941632504,0.8927290228066352,0.701666892599709,0.785750130583675
660,"Giovanni Agnelli & Co. , which was formed in January 1987 as a way of keeping the Agnellis ' controlling stake in Fiat together despite an ever-growing family tree , has been playing a more active role in the Agnelli group of late .",1.1827068185751788,0.15045914869864302,0.8894253198394676,0.8130799361368638,0.8495408513013574
661,"It raised financing of 300 billion lire for the purchase this summer by another Agnelli-related group of the food concern Galbani S.p . A. , by selling a chunk of its IFI shares to Mediobanca S.p . A.",1.511022284471574,0.2033215806305461,0.8857766337558379,0.7238663812486079,0.7966784193694537
662,Mediobanca said during the weekend that it agreed to sell the shares back to Giovanni Agnelli for 333 billion lire .,0.8697458336423987,0.11544374159824285,0.9621211396316328,0.8185646996547964,0.8845562584017568
663,Your Oct. 2 page-one article on people riding so-called `` railbikes '' on railroad tracks was a disservice to your readers .,1.1029392048404718,0.14800008451879906,0.8801580032328475,0.82558764708407,0.8519999154812008
664,It unfortunately encourages others to engage in a highly dangerous and illegal activity that only a very few are doing now .,0.8347512716636487,0.11072943431966308,0.9485484009452644,0.8369658804038618,0.8892705656803365
665,"And it treats such activities in a frivolous , cavalier fashion , with total indifference to common sense and public safety .",1.0,0.1563552552754829,0.8652271180994724,0.8231128762099044,0.8436447447245171
666,Saul Resnick,1.0,1.0,1.0,0.0,0.0
667,Vice President,-0.0,0.0,1.0,1.0,1.0
668,Public Affairs,0.0,0.0,1.0,1.0,1.0
669,Conrail,-0.0,0.0,1.0,1.0,1.0
670,"MCI Communications Corp. said it received a three-year contract valued at more than $ 15 million to provide network , credit-card and other telecommunications services to Drexel Burnham Lambert Inc .",1.1856415323278533,0.14533626036164535,0.9000585578710545,0.8136280777098441,0.8546637396383547
671,"Congressional Democrats and the Bush administration agreed on a compromise minimum-wage bill , opening the way for the first wage-floor boost in more than nine years .",0.7505430557959425,0.10312844046990542,0.9565771033481729,0.8441812923627635,0.8968715595300946
672,The agreement ended a long impasse between the congressional leaders and the White House over the wage issue .,1.1770804198210678,0.19437828973298907,0.8411119522785035,0.7730051942996435,0.8056217102670108
673,President Bush in June vetoed a measure passed by Congress and said he would n't accept any minimum-wage rise that went beyond limits he set early in this year 's debate on the issue .,1.07170785726648,0.14032774365103312,0.9235582368946186,0.8040529068457433,0.8596722563489663
674,The compromise was a somewhat softened version of what the White House had said it would accept .,0.4863826390090802,0.06564733896739343,0.9688976208933368,0.9021862214273797,0.9343526610326062
675,"Under the agreement with the House and Senate leaders , the minimum wage would rise from the current $ 3.35 an hour to $ 4.25 an hour by April 1991 .",1.0038521122181843,0.1349901665105935,0.9322575796263608,0.8068110823781596,0.8650098334894064
676,"Employers could also pay a subminimum `` training wage '' for 90 days to new workers who are up to 19 years old , and then for another 90 days if the company institutes a specific training program for the newcomers .",1.4162843679848578,0.1745719696815824,0.8776221671031937,0.779093605615085,0.8254280303184173
677,"White House officials were delighted that the compromise includes the concept of a training wage , which Mr. Bush has fought for throughout the year .",1.2447895375615463,0.1720983415560325,0.9201566854941339,0.7524599296015775,0.8279016584439669
678,"`` For the first time in history , we have a training wage that will be part '' of the nation 's labor laws , said Roger Porter , assistant to the president for economic and domestic policy .",1.2426767550438482,0.1549484996606921,0.9089067127735686,0.7895796097628663,0.8450515003393079
679,"White House aides said that although they made a small compromise on the length of a training wage , the final minimum-wage increase will meet the standards set by Mr. Bush .",1.0113914992687594,0.13633102739486475,0.9556740406788156,0.7878233038752522,0.8636689726051354
680,"The bill vetoed by the president in June , which the House failed to override , would have lifted the minimum wage to $ 4.55 an hour by late 1991 , with a training wage for up to two months , generally for a worker 's first job .",1.481044265162188,0.186117244271051,0.8627389383856613,0.7702633860579325,0.8138827557289487
681,"Mr. Bush had been holding out for a bill boosting the wage floor to $ 4.25 an hour by the end of 1991 , coupled with a six-month training wage for workers newly hired by any employer .",1.0537327363149052,0.13757623492829316,0.9533470689993906,0.7873336158737767,0.8624237650717068
682,"Under the compromise , the $ 4.25 level would be reached nine months earlier , while the training subminimum would be shorter , unless it is tied to a training plan .",0.5113914992687603,0.06339751588308994,0.9837240357555889,0.8937889309912767,0.9366024841169104
683,"Democrats argued that the training wage was a way of allowing employers to pay less than the minimum wage , while new workers need far less than six months to be trained for their jobs .",1.031094874410102,0.13065816913688372,0.8932684633957555,0.8466635341466913,0.8693418308631161
684,Democrats had been negotiating with some Republican congressional leaders on a compromise lately .,0.0,0.0,1.0,1.0,1.0
685,"With congressional elections next year , GOP leaders have worried about opposing a minimum-wage rise for low-paid workers at a time when Congress is moving toward a capital-gains tax cut that would directly benefit wealthier taxpayers .",1.40916122938967,0.17388302448465984,0.8887116744719195,0.7717595730741708,0.8261169755153404
686,Republicans have been imploring the White House to compromise on the wage issue .,0.28571428571428736,0.04056550841186305,1.0000000000000002,0.9220318027381575,0.9594344915881373
687,"In the Senate , Edward Kennedy -LRB- D. , Mass. -RRB- , chairman of the Labor Committee , and Pete Domenici , -LRB- R. , N.M . -RRB- ranking minority member of the Budget Committee , have been working on a compromise , and their soundings showed that the Senate appeared to be heading toward enough strength to override another Bush veto , a Democratic staff official said .",1.81590791395163,0.22758901661420322,0.8447994856166297,0.7114489178825555,0.7724109833857964
688,"The House is scheduled to vote this week on the compromise , as a substitute to a new Democratic bill , itself watered down from last spring 's version .",1.1794692661751398,0.15416583439971193,0.9107712926200742,0.789540666903686,0.8458341656002885
689,The Senate will probably vote not long afterward .,0.8888888888888893,0.16307012108499602,0.9999999999999999,0.7195867761904633,0.836929878915004
690,Some Democrats thought they might have compromised too much .,0.275488750216347,0.046158141737455,0.911756856069971,1.0,0.9538418582625451
691,"Rep. Austin Murphy -LRB- D. , Pa. -RRB- , chairman of the House labor standards subcommittee , said they might have done better `` if we 'd held their feet to the fire . ''",1.2787110714903829,0.15285914502149403,0.8905278910912282,0.8077850959078641,0.847140854978506
692,"Mr. Kennedy suggested Democrats `` yielded a great deal '' on the size of the increase , but he cited concessions from the White House on the training wage , which he said make it `` less harsh . ''",1.0091131994150055,0.1280800068457032,0.8985645832064741,0.8468100488872408,0.8719199931542967
693,"With only 16-year-olds to 19-year-olds eligible , 68 % of workers getting less than $ 4.25 an hour , who are adults , wo n't be subject to the training wage , he said .",1.171987143104393,0.13950791950591773,0.89866689867669,0.8254283892330221,0.860492080494082
694,"The AFL-CIO , which previously opposed the administration 's subminimum idea , said the compromise has `` adequate safeguards , so the youth are not exploited and older workers are not displaced . ''",0.9855816177743222,0.12013775680943782,0.8926635946569553,0.8674228595729915,0.8798622431905622
695,Gerald F. Seib contributed to this article .,0.34436093777043375,0.06679306553735245,1.0,0.8747778408107513,0.9332069344626476
696,Moody 's Investors Service Inc. said it lowered the ratings on about $ 3.2 billion of Houston Lighting & Power Co. 's securities because of the company 's low levels of interest coverage and internal cash generation .,1.5830257346952914,0.21093854772614007,0.8450570671715446,0.7400254945641858,0.7890614522738598
697,"Houston Lighting is a unit of Houston Industries Inc. , a utility holding company in Houston .",1.3599656163978686,0.21435780447069394,0.8624884837017212,0.721369384210294,0.7856421955293061
698,"Downgraded by Moody 's were Houston Lighting 's first-mortgage bonds and secured pollution-control bonds to single-A-3 from single-A-2 ; unsecured pollution-control bonds to Baa-1 from single-A-3 ; preferred stock to single-A-3 from single-A-2 ; a shelf registration for preferred stock to a preliminary rating of single-A-3 from a preliminary rating of single-A-2 ; two shelf registrations for collateralized debt securities to a preliminary rating of single-A-3 from a preliminary rating of single-A-2 , and the unit 's rating for commercial paper to Prime-2 from Prime-1 .",1.919927470631082,0.27458555866506895,0.7963605977731028,0.6660751519917287,0.7254144413349313
699,"Moody 's said Houston Lighting 's current situation has some positive aspects , including managing `` very well '' the construction and commercial operation risks of Units 1 and 2 of the South Texas Project nuclear power plant .",1.5033125764895061,0.1831461625120265,0.8745505028553511,0.7662988515120421,0.8168538374879736
700,"Capital requirements will be declining and no new generating facilities will be required for several years , Moody 's said .",0.5121375001030186,0.0648969881571637,0.9748376330257709,0.8984807172862241,0.9351030118428358
701,"Scott C. Smith , formerly vice president , finance , and chief financial officer of this media concern , was named senior vice president .",0.9874272900303831,0.16795517334631507,0.7746366940334681,0.8986430386105253,0.8320448266536845
702,"Mr. Smith , 39 , retains the title of chief financial officer .",0.76923076923077,0.12785854520757867,0.8503953912764539,0.895028872709094,0.8721414547924212
703,Armstrong World Industries Inc. agreed in principle to sell its carpet operations to Shaw Industries Inc .,0.9240885849733358,0.14854698884742737,0.8678658583076863,0.8356494324330171,0.8514530111525729
704,The price was n't disclosed but one analyst estimated that it was $ 150 million .,0.5943609377704329,0.0860689260493346,1.0,0.8415037499278843,0.9139310739506653
705,"Armstrong , which has faced a takeover threat from the Belzberg family of Canada since July , said that disposing of the carpet business would improve `` total financial performance . ''",0.9099817337113691,0.11492805952779046,0.9655545662787882,0.8169740617964835,0.88507194047221
706,"The move also would allow the company to concentrate on core businesses , which include ceramic tile , floor coverings and furniture .",1.1134626293233412,0.1552434047501236,0.845268300190541,0.8442455094819158,0.8447565952498765
707,"Moreover , such a sale could help Armstrong reassure its investors and deter the Belzbergs , who own a 9.85 % stake in the Lancaster , Pa. , company .",0.8503258334775676,0.11218320546602942,0.8878167945339708,0.8878167945339709,0.8878167945339709
708,"Analysts expect Armstrong to use proceeds of the sale to reduce debt , buy back stock or perhaps finance an acquisition .",0.6706767046437943,0.09614803551344517,0.911245437154102,0.8965775014483655,0.9038519644865547
709,"The carpet division had 1988 sales of $ 368.3 million , or almost 14 % of Armstrong 's $ 2.68 billion total revenue .",1.3280959575386326,0.1912143187117815,0.8541583754214626,0.7679902195432404,0.8087856812882182
710,The company has been manufacturing carpet since 1967 .,0.22222222222222232,0.036324900793189584,1.0,0.9298966940476159,0.9636750992068105
711,Recently it upgraded its plants so that it could make stain-resistant products with higher quality dyes .,0.8835029416855225,0.1341580021758465,0.8658419978241537,0.8658419978241537,0.8658419978241537
712,"For the past year or two , the carpet division 's operating profit margins have hovered around 5 % , high by industry standards , but disappointing compared with the 13 % to 19 % margins for two of Armstrong 's chief businesses , flooring and building products .",1.844743759849953,0.23429262962571268,0.8749058804836123,0.6807427011543661,0.7657073703742874
713,"Analysts hailed the planned transaction as being beneficial to Armstrong and Shaw , the market leader in the U.S. carpet industry , with an estimated 17 % to 20 % share .",1.4068609377704346,0.18838172750232976,0.8777287764156877,0.7547690884237456,0.8116182724976704
714,"Shaw , based in Dalton , Ga. , has annual sales of about $ 1.18 billion , and has economies of scale and lower raw-material costs that are expected to boost the profitability of Armstrong 's brands , sold under the Armstrong and Evans-Black names .",1.391592792790103,0.16629624075260555,0.8897924635348637,0.7842669322901181,0.8337037592473941
715,"Yesterday , in composite trading on the New York Stock Exchange , Shaw 's shares closed ex-dividend at $ 26.125 , up $ 2.25 .",1.0651676193236268,0.1478957065914997,0.8897060636445867,0.8175519811263502,0.8521042934085002
716,"Armstrong 's shares , also listed on the Big Board , closed at $ 39.125 , up 12.5 cents .",0.8754887502163449,0.11881719490753534,0.9419690933167748,0.8277661563716795,0.8811828050924645
717,"Yesterday , Armstrong reported flat earnings for the third quarter and nine months , worsened by the stock dilution of an employee stock ownership plan adopted earlier this year .",1.4339850002884607,0.19521125210999382,0.9055874595477474,0.7241818484064918,0.8047887478900059
718,"For the quarter , earnings were $ 47 million , or 92 cents a share , including a one-time gain of $ 5.9 million .",1.0651676193236277,0.1478957065914998,0.9108336784871504,0.8004897434578128,0.8521042934085004
719,"In the year-ago quarter , earnings were $ 42.9 million , or 93 cents a share .",0.8679345589507941,0.12273356143883411,0.9294930312028874,0.830596660538842,0.8772664385611662
720,"Yesterday , Armstrong announced an agreement to sell its small Applied Color Systems unit to a subsidiary of the Swiss company , Brauerei Eichof Ltd .",1.402476671027312,0.20152874277258503,0.8565297928151062,0.7477838927992626,0.7984712572274145
721,The price was n't disclosed .,0.0,0.0,1.0,1.0,1.0
722,"Armstrong expects to close the sale of the color unit in late November and the carpet sale in December , with the gains to be applied to fourth quarter or first-quarter results .",1.0692185610649796,0.14693427447817833,0.8930630244963114,0.8164975380099305,0.8530657255218219
723,"The government 's primary economic-forecasting gauge rose a slight 0.2 % in September , but economists said the report offered little new information on the degree to which the U.S. economy is slowing .",1.305310011988345,0.16222918447701512,0.9443346174379968,0.7528187006548964,0.8377708155229849
724,"The small increase in the index of leading indicators , which had climbed 0.5 % in August but was unchanged in July , does lend support to the view that the economy has slowed noticeably .",1.0621897488202077,0.13255004310090157,0.9001833515414065,0.8370136056514814,0.8674499568990982
725,"However , it does n't give much of a clue as to whether a recession is on the horizon .",1.0509775004326922,0.15471754295887355,0.9235227716337812,0.7792636884641407,0.8452824570411263
726,"`` I do n't think it provides much new information on the economy , '' said Richard Rippe , economist at Dean Witter Reynolds Inc .",0.9332562502496309,0.11885225364117054,0.9574226980558542,0.8161292162233202,0.8811477463588291
727,"So far this year , the index of leading indicators has risen in four months , fallen in four months and remained unchanged in the other month .",0.9474758933207408,0.13089101618039867,0.8606167212287993,0.8777705139937475,0.8691089838196013
728,"In another report yesterday , the Commerce Department said sales of new single-family houses plunged 14 % in September to an annual rate of 618,000 from 719,000 in August .",1.0436681354702424,0.14883015058404403,0.9189166619019092,0.7927263723045179,0.8511698494159565
729,"The declines were particularly pronounced in the Northeast and in the South , where Hurricane Hugo was a factor .",0.5622556248918276,0.08025216264958905,0.9698970004336018,0.8745297031713902,0.9197478373504111
730,"Although September 's weakness followed two strong months for home sales , the decline supports other indications that the drop in mortgage rates earlier this year has had only a limited beneficial effect on the housing market .",1.8811564067201054,0.2492212711766621,0.8303420052486365,0.6851296807974671,0.7507787288233377
731,"The September drop was the largest since a 19 % drop in January 1982 , but monthly changes in this measure are even less reliable than those in other economic indicators .",1.1128012648261496,0.14614401200501426,0.9063005739023736,0.807148973876838,0.853855987994986
732,"Because the figures are based on a small sample , the department said it is 90 % confident only that new-home sales fell somewhere between 5 % and 23 % during the month .",1.2682181023165802,0.1634496773884223,0.9019163470655506,0.7800187756146997,0.8365503226115776
733,The department also said it takes four months to establish a trend .,0.46153846153846256,0.06651041694280019,0.9546544038697523,0.9132428618858452,0.9334895830571998
734,"So far this year , 534,000 newly built homes have been sold , down 4.5 % from the like months of 1988 .",1.543903261057694,0.21064790069138165,0.8693359587838312,0.7228461376998647,0.7893520993086183
735,The index of leading indicators got a major boost in September from a surge in consumer expectations as measured by the University of Michigan .,0.9158638780895885,0.146055058653921,0.9083337698923962,0.8057014856733972,0.8539449413460789
736,This measure had dropped sharply in August .,0.0,0.0,1.0,1.0,1.0
737,"The Commerce Department said that as a result of a new adjustment to the formula used to calculate the index , the influence of this component has been reduced .",1.0135457318855563,0.14378048551990985,0.9501011752066635,0.7792227409708447,0.8562195144800901
738,"Of the 11 components to the index , only three others rose in September : the money supply , the length of the average work week and stock prices .",1.1972048986964543,0.1637927456421974,0.8950085261292238,0.784656043488559,0.8362072543578027
739,Several components that track the health of the manufacturing sector of the economy turned down in September .,0.37527152789797125,0.054324690328971775,0.9671020098926816,0.9251774716618553,0.9456753096710281
740,"These include new orders for manufactured consumer goods , lead times on vendor deliveries , orders for new plant and equipment , and backlogs of orders for durable goods .",1.0821464482236713,0.17294953330612156,0.9107190794307095,0.7574617481722432,0.8270504666938784
741,"Meanwhile , the National Association of Manufacturers said yesterday a recent poll of 53 executives on its board found that 61 % do n't expect a recession to occur until 1991 or later .",0.6133750874198025,0.07478738426950947,0.9754613003570104,0.8798872141833216,0.9252126157304905
742,The remainder expect a downturn to begin sometime in,0.44444444444444464,0.07538827312875093,0.9999999999999999,0.8597933880952316,0.924611726871249
743,"Although manufacturers often are quick to call for lower interest rates , 60 % of the executives said they would prefer that the Fed keep inflation-fighting as its top priority even if that means higher rates .",1.496866972574435,0.1818222006363238,0.855078687016496,0.7843300657252196,0.818177799363676
744,The other 40 % said the Fed ought to worry less about inflation and bring interest rates down .,0.6713098685349141,0.08579538553986486,0.9444102685363288,0.8858712497997032,0.9142046144601346
745,All the figures are adjusted to remove usual seasonal patterns .,0.3636363636363624,0.05547273506256843,1.0,0.8948855177025863,0.9445272649374314
746,Here are the net contributions of the components of the Commerce Department 's index of leading indicators .,0.4863826390090811,0.07156026367473552,0.9659829162065655,0.8937056320845362,0.9284397363252647
747,"After various adjustments , they produced a 0.5 % rise in the index for August and a 0.2 % rise for September .",0.678680020627688,0.0957855652513576,0.9735720297083678,0.844081768997594,0.9042144347486427
748,"September , and the change from August , are : from 1.11 in the previous month .",0.7502875001272651,0.10789216439873081,0.9294930312028876,0.8576137028272645,0.8921078356012698
749,Boston Edison Co. said it will take a previously reported $ 60 million charge against earnings in the fourth quarter .,0.2857142857142856,0.03727459198023298,0.9748376330257713,0.9509104747016888,0.9627254080197672
750,The charge resulted from a settlement approved yesterday by the Massachusetts Department of Public Utilities .,0.8915414066556497,0.14232559191703195,0.9555362385128476,0.7779955193869736,0.8576744080829678
751,"As expected , the settlement limits rate increases for three years and ties future charges to customers for operation of the troubled Pilgrim Nuclear Power Station to that plant 's performance .",1.3781207959409345,0.18736335895102454,0.8415987571531058,0.785601568061522,0.8126366410489757
752,"In its order , the state regulatory agency said the company `` must be held accountable for the mistakes made in the management of the plant 's operation . ''",0.9598910494043311,0.1303682288421376,0.9239974076198239,0.8213081094940973,0.8696317711578627
753,Pilgrim had been closed for 32 months .,0.0,0.0,1.0,1.0,1.0
754,"The average interest rate rose to 8.3875 % at Citicorp 's $ 50 million weekly auction of 91-day commercial paper , or corporate IOUs , from 8.337 % at last week 's sale .",1.4446886905518772,0.19544704407005403,0.8910268264703519,0.7333787783904888,0.8045529559299461
755,Bids totaling $ 515 million were submitted .,0.5,0.09090909090909091,0.909090909090909,0.909090909090909,0.9090909090909088
756,Accepted bids ranged from 8.38 % to 8.395 % .,0.1999999999999993,0.035436764027111455,0.9315520459418734,1.0000000000000002,0.9645632359728886
757,Citicorp also said that the average rate rose to 8.0087 % at its $ 50 million auction of 182-day commercial paper from 7.962 % at last week 's sale .,1.2956921801092278,0.1782793616744824,0.9146002619865279,0.7459661694478534,0.8217206383255177
758,Bids totaling $ 475 million were submitted .,0.5,0.09090909090909091,0.909090909090909,0.909090909090909,0.9090909090909088
759,Accepted bids ranged from 8 % to 8.019 % .,0.1999999999999993,0.035436764027111455,0.9315520459418734,1.0000000000000002,0.9645632359728886
760,The bank holding company will auction another $ 50 million in each maturity next Tuesday .,0.7971804688852169,0.11893210986580648,1.0,0.7874185416306089,0.8810678901341935
761,"An imaginative novelist writing a thriller about amateur spy-chasing might invent a Clifford Stoll , but it 's unlikely .",0.8132331253245191,0.10657493083536469,0.9714993748765629,0.8269661408676244,0.893425069164635
762,It 's also unnecessary .,0.0,0.0,1.0,1.0,1.0
763,"Amateur spy-chaser Clifford Stoll is a real person , or as he might waggishly put it , a surreal person .",0.738560714491757,0.09880879415606778,0.9464731785362247,0.8600442397575853,0.9011912058439319
764,"He is 37 , an astronomer with impressive credentials , and something of a genius at making computers do his bidding .",0.7615857955528842,0.10345695272899773,0.9148750411204866,0.8789312837367731,0.8965430472710021
765,"He once described himself as a `` Berkeley Hippie , '' and played the role well ; obligatory ragged jeans , a thicket of long hair and rejection of all things conventional , including , for a time at least , formal marriage to his `` sweetheart , '' Martha Matthews .",1.552789776619309,0.1878395858770962,0.8538672861453173,0.7743381186216636,0.8121604141229039
766,"He also is an entertaining writer , combining wisecracks and wordplay with programmatic detail and lucid explanations of how computers work .",0.989747159582608,0.13082411122506793,0.9059430294189436,0.835276697738479,0.8691758887749323
767,"In `` The Cuckoo 's Egg '' -LRB- Doubleday , 326 pages , $ 19.95 -RRB- , he spins a remarkable tale of his efforts over 18 months to catch a computer spy .",0.8420350142085491,0.0954915879507228,0.9854640238219973,0.835844042595704,0.9045084120492773
768,"The result last spring was the arrest by West German authorities of five young West Germans , accused of stealing information from computers in the U.S. and Europe and selling it to the Soviet KGB .",1.3752715278979677,0.17556921209919904,0.8665594405299252,0.7862084775814453,0.8244307879008006
769,"One of them , 25-year-old Markus Hess of Hannover , allegedly used the international telecommunications network to break into more than 30 high-security computers in the U.S. , searching for secrets .",0.7735902344426098,0.10033767094731647,0.9327620630063017,0.8688312268872755,0.8996623290526838
770,"He probably did n't penetrate any top-secret files , but the KGB in East Berlin was willing to pay two of his associates , Peter Carl and Dirk Brezinski , $ 15,000 for some of the material Hess collected .",1.4188721875540873,0.17330287767020022,0.8942968868268002,0.7685988529336731,0.8266971223297999
771,They promised yet more for really good stuff .,0.22222222222222232,0.036324900793189584,1.0,0.9298966940476159,0.9636750992068105
772,"Mr. Stoll draws his title from the cuckoo 's habit of laying eggs in the nests of other birds , making them surrogate parents .",0.7803910001730765,0.10888776071239416,0.9140182671260249,0.8693262296067997,0.8911122392876059
773,The computer spy had discovered that a popular editing/electronic mail program called Gnu-Emacs could do tricks with the widely used Unix operating system created by AT&T .,1.2084885364107691,0.16427537880420276,0.8924706723610125,0.7857633521420541,0.8357246211957976
774,"Using Gnu-Emacs , the spy could substitute a bogus `` atrun '' program for the one that routinely cleans up the Unix system every five minutes .",0.8464723323064227,0.10966803784415452,0.8854659345014634,0.8952517672974826,0.8903319621558459
775,"Once his cuckoo 's egg was laid , he could enter Unix and become a `` super-user , '' with access to everything .",0.8170683531015337,0.1018849027563149,0.9152806757686884,0.8815815274478522,0.898115097243685
776,Mr. Stoll was scanning the heavens at the Keck observatory of the Lawrence Berkeley Laboratory in 1986 when his grant ran low and he was asked to switch to helping run the lab 's computers .,1.0174775134191867,0.12454856914440081,0.9172765877492602,0.8372741533635771,0.8754514308555993
777,"He discovered a 75-cent discrepancy in the charges made to various departments for computer time and traced it to a user named `` Hunter , '' who had no valid billing address .",1.3413534092875912,0.16568871007613398,0.9027910755436181,0.7754878859089539,0.8343112899238664
778,Mr. Stoll suspected the intruder was one of those precocious students who has fun breaking into computers .,0.7777777777777759,0.10927485979119184,0.9048504844691445,0.8770340301127121,0.8907251402088078
779,"But after much tracking , it became evident to Mr. Stoll , through various clues , that the hacker was not on the Berkeley campus or even in California .",1.0536546824812287,0.13877009114159622,0.9312166866620646,0.8010276538639065,0.8612299088584041
780,Finding him became an obsession for Mr. Stoll .,0.2222222222222232,0.03632490079318972,1.0,0.9298966940476159,0.9636750992068105
781,He made a midnight requisition of all the printers he could lay hands on so that he could monitor all the telephone lines coming into the lab 's computers .,1.1169925001442316,0.1516940683248931,0.897034954155722,0.8045982838515425,0.8483059316751074
782,"After discovering that the hacker had taken over the dormant account of a legitimate user named Joe Sventek , he rigged up an alarm system , including a portable beeper , to alert him when Sventek came on the line .",1.5166051089605839,0.18835882630145528,0.8962409877071597,0.7416352234806128,0.8116411736985447
783,Some nights he slept under his desk .,0.0,0.0,1.0,1.0,1.0
784,His boss complained about neglect of other chores .,0.44444444444444464,0.07538827312875093,0.9999999999999999,0.8597933880952316,0.924611726871249
785,The hacker was pawing over the Berkeley files but also using Berkeley and other easily accessible computers as stepping stones to the network of computers used by the military and national security agencies .,1.5545515580080398,0.201679374226205,0.8819653198753272,0.7291671543192277,0.7983206257737948
786,The White Sands missile range and CIA contractor Mitre Inc. were among the targets .,1.167318333621795,0.1829711010645769,0.8915609291069313,0.7539968460034455,0.8170288989354227
787,"When the hacker moved , Mr. Stoll moved too , calling up other systems managers to alert them but keeping his own system open to avoid arousing suspicion .",1.0301483786526635,0.12883041106388896,0.8812596225424142,0.8613079926831503,0.8711695889361114
788,"Sometimes , if the hacker seemed to be into a sensitive file , he would drag his keychain across the terminal to create static or slow the system down to frustrate his quarry .",0.9848218663342383,0.13423432183101833,0.8825895519479959,0.8495711984391026,0.8657656781689819
789,"The FBI initially showed little interest , and he had the impression other federal security agencies were tangled up in legal red tape .",1.2856147071780546,0.1812811193303091,0.8530754468597757,0.7870225152003729,0.8187188806696906
790,The CIA told him it does not do domestic counterespionage .,0.18181818181818166,0.026987823344141793,1.0,0.9474427588512931,0.9730121766558583
791,"One learns a lot from this book , or seems to , about crippling federal bureaucracy .",0.8390977944994367,0.12656179301355822,0.8993317083744518,0.8489940249793927,0.8734382069864421
792,`` Seems to '' because it 's possible that the CIA and the National Security Agency were more interested than they let on to Mr. Stoll .,1.2084885364107691,0.1630361193563172,0.8535984177204364,0.8209652832247712,0.8369638806436833
793,"Finally , he got help .",0.0,0.0,1.0,1.0,1.0
794,Tymnet is a major network linking computers .,0.0,0.0,1.0,1.0,1.0
795,"One of its international specialists , Steve White , took a quick interest in Mr. Stoll 's hunt , ultimately tracing the hacker to West Germany .",0.8805347226228672,0.11683935074823162,0.9228678212910054,0.8467293975767186,0.8831606492517688
796,The West Germans then took over and finally found Markus Hess .,1.0629072918469546,0.17404686581748618,0.9380126787441933,0.7378106902709921,0.8259531341825134
797,"Eventually , Mr. Stoll was invited to both the CIA and NSA to brief high-ranking officers on computer theft .",0.8000000000000007,0.10199065110893839,0.9723903961149428,0.8341989763284502,0.8980093488910615
798,He savored the humor of his uncombed appearance among these buttoned-up chaps .,0.46153846153846256,0.07298255005435181,0.9501317970921513,0.9050010224717211,0.9270174499456484
799,"Back in Berkeley , he was violently scolded by a left-wing lady friend for consorting with such people .",0.42105263157894335,0.058215161493118096,0.9700197672066063,0.9151471198216901,0.9417848385068812
800,He became angry in return .,0.0,0.0,1.0,1.0,1.0
801,He had developed a hatred for the hacker and a grudging appreciation of the federal `` spooks '' who make national security their business .,0.9091622381280207,0.12255255013398367,0.9067830933900088,0.849950419216719,0.8774474498660163
802,"At several different levels , it 's a fascinating tale .",0.2504443183784977,0.03972291132698394,1.0,0.9235894277326522,0.9602770886730161
803,Mr. Melloan is deputy editor of the Journal .,0.7505430557959407,0.13428195354110548,0.915876032857139,0.8207686211452081,0.8657180464588945
804,Mips Computer Systems Inc. today will unveil a new general-purpose computer that will compete with more expensive machines from companies such as Sun Microsystems Inc. and Digital Equipment Corp .,0.9892438667788719,0.14098669002336228,0.9000332403763142,0.8215694467796404,0.859013309976638
805,"The closely held Sunnyvale , Calif. , company also will announce an agreement to supply computers to Control Data Corp. , which will sell Mips machines under its own label .",1.129662903504963,0.1476863689400953,0.9038072970028387,0.8063712996912936,0.8523136310599047
806,"The new Mips machine , called the RC6280 , will cost $ 150,000 for a basic system .",0.30609861135149696,0.04475934777353962,0.9552406522264604,0.9552406522264605,0.9552406522264604
807,"The computer processes 55 million instructions per second and uses only one central processing chip , unlike many rival machines using several processors .",1.3443609377704329,0.17552930507935854,0.9266274378321915,0.7426019780453234,0.8244706949206413
808,"The machine employs reduced instruction-set computing , or RISC , technology .",0.8962406251802904,0.14285714285714307,0.941630827397726,0.7865679291870227,0.857142857142857
809,"At that price , an analyst familiar with the machine said , the computer offers up to 10 times the performance of similar machines .",0.8145811190640115,0.11798068414825542,0.9650736820816882,0.8121275164684172,0.8820193158517445
810,"`` In the price range it 's a tremendously high-performing product , '' said Sandy Gant , an analyst at the market-research firm InfoCorp .",1.004776619150551,0.137209536178673,0.9212091493055586,0.8113392055426283,0.8627904638213274
811,"The machine is part of an effort by Mips to establish itself as a supplier of computers , not just of integrated-circuit technology .",0.765188665691678,0.10771338492211312,0.9500405493172855,0.8411521195723798,0.8922866150778868
812,Mips also wants to wedge into markets other than traditional RISC applications such as engineering ; Mips said the new machine will also be used by businesses and for communications .,1.0809604840105465,0.13598029195617534,0.9240129746270117,0.8113418260274974,0.8640197080438248
813,"`` This clearly demonstrates that Mips is a systems company rather than just a chip company , '' said Mips Vice President John Hime .",1.2709775004326929,0.18010843856327122,0.8785257406248617,0.7685943732922421,0.8198915614367288
814,"The Control Data deal is a boon for Mips because it gives the the five-year-old company one more ally as it battles more established electronic concerns such as Sun , Hewlett-Packard Co. , Motorola Inc. and Intel Corp. for the emerging market for RISC machines .",1.6607053094053832,0.22108362174594076,0.8487874531628267,0.7196737729228937,0.7789163782540593
815,RISC technology speeds up a computer by simplifying the internal software .,0.3962406251802886,0.06488283545628412,0.9448498934839928,0.9255829014258825,0.9351171645437159
816,"For Mips , which expects revenue of $ 100 million this year , big-name allies such as Control Data are essential to attract software developers to the company 's RISC architecture .",1.269662202596587,0.15195821322641906,0.9378744317454253,0.7739138193026734,0.8480417867735813
817,"`` The thing it says about Mips is that they 're on a roll right now , '' said Ms. Gant at InfoCorp .",1.281453645923479,0.17343961751523804,0.8720251942256817,0.785601448940215,0.8265603824847622
818,"`` They 're getting some major wins , '' she added .",0.3333333333333339,0.04875723891603064,0.9512427610839695,0.9512427610839695,0.9512427610839695
819,"Last month , for example , Mips agreed to supply its computers to Nixdorf Computer AG of West Germany and France 's Groupe Bull .",0.9771783817148361,0.14158388453964674,0.9307530825194601,0.7965121834124275,0.8584161154603531
820,"Sony Corp. , Tandem Computers Inc. and Digital Equipment have agreed to sell MIPS computers and companies such as Japan 's NEC Corp. and West Germany 's Siemens A.G. have agreed to make Mips chips under license .",1.3237832243104757,0.18904070285451108,0.9043660201821819,0.7350411574916345,0.8109592971454888
821,"Today 's agreement gives Control Data a machine to compete against Digital and other general-purpose computer makers , said John Logan , a computer-market analyst at Aberdeen Group Inc. of Boston .",1.3793426714818002,0.18326977837033567,0.92477757163394,0.7312892778000757,0.8167302216296644
822,"The machine is essentially a mainframe computer , he said .",0.6140806820148619,0.09739918492550832,1.0,0.8224908743082041,0.9026008150744917
823,"`` Suddenly CDC -LRB- Control Data -RRB- has a competitive product to fight back against the VAX9000 , '' a machine Digital announced last month , he added .",1.0605133621435714,0.13489668500895335,0.8795131604779263,0.8511580366885233,0.8651033149910472
824,"Control Data , based in Minneapolis , Minn. , expects its sales of Mips systems , including the new RC6280 , to amount to more than $ 100 million by the end of 1991 , Mips said .",1.2218278827071263,0.15213109528699786,0.8982552747751811,0.8028350010997904,0.8478689047130017
825,"Nixdorf , Bull and others will also sell versions of the machine , said Mips President Robert Miller .",0.8163039475961513,0.11714181563535106,0.9549861218693023,0.8208604545447117,0.8828581843646487
826,"Mips will start shipping its new machine in the first quarter of 1990 , he said .",0.11764705882353077,0.016003362421347568,0.9684974223250442,1.0,0.9839966375786526
827,"The machine uses a single processor , which makes it easier to program than competing machines using several processors .",0.7999999999999989,0.10465921651825008,0.9193966158529242,0.872511686113827,0.8953407834817497
828,The computer can process 13.3 million calculations called floating-point operations every second .,0.6153846153846159,0.0906911922604952,0.9999999999999998,0.8336995972754953,0.9093088077395046
829,"The machine can run software written for other Mips computers , the company said .",0.5836591668108975,0.08072604650940696,0.9614260566461559,0.8806627799239889,0.9192739534905932
830,Another fight is brewing between Congress and the Bush administration over how to pay for the savings-and-loan bailout without adding to the federal budget deficit .,1.1388323259398767,0.16843404916573995,0.8629349083103817,0.8023976133728427,0.8315659508342599
831,"In a hearing before the House Ways and Means Committee , the General Accounting Office and the Congressional Budget Office , which both are arms of Congress , advised the new S&L bailout agency to abandon plans to raise temporary working capital through debt issued from an agency that would n't be counted on the federal budget .",1.6946163809102535,0.21568698682210755,0.8189402563765954,0.7524952630119933,0.7843130131778927
832,Officials of the Resolution Trust Corp. have said privately that such a plan was the most likely alternative to raise short-term cash for the bailout .,0.6734528847818044,0.08802726343693525,0.957762090986297,0.8703618724167124,0.9119727365630645
833,"Instead , the GAO and the Congressional Budget Office said , the RTC should consider using Treasury debt , which is less expensive and subject to oversight by Congress .",1.0965532317413222,0.13793279211316056,0.9174878426214679,0.8129605211254788,0.862067207886839
834,The spending could be exempted from meeting deficit-reduction targets in the Gramm-Rudman budget law .,0.7169925001442303,0.10497506451307814,0.9197568173086431,0.8715882856335802,0.8950249354869216
835,The RTC has projected that it will require between $ 50 billion to $ 100 billion in temporary working capital .,0.45284642877747405,0.06136623176890115,0.9635035823401177,0.9150155209004646,0.9386337682310991
836,The borrowing to raise these funds would be paid off as assets of sick thrifts are sold .,0.513617360990918,0.0774541356893438,0.883713082415061,0.964948347023808,0.9225458643106562
837,The new S&L law allows the RTC to issue notes for as much as 85 % of the value of the assets it holds .,0.6098044999134586,0.08310774747520513,0.9767702262836845,0.8639315178858358,0.9168922525247944
838,"But higher interest rates paid on off-budget debt could add billions to the bailout costs , and would n't be subject to congressional scrutiny , Ways and Means members argued .",1.387727419633995,0.17336762435141498,0.8686395002842797,0.7885007356890978,0.8266323756485849
839,"`` To allow this massive level of unfettered federal borrowing without prior congressional approval would be irresponsible , '' said Rep. Fortney Stark -LRB- D. , Calif. -RRB- , who has introduced a bill to limit the RTC 's authority to issue debt .",1.1372522731206303,0.1388618079901819,0.9158034588692358,0.8126313748182507,0.8611381920098181
840,The RTC will have to sell or merge hundreds of insolvent thrifts over the next three years .,0.7505430557959407,0.10974835039290476,0.9201515141900501,0.8622337925072167,0.890251649607095
841,"The new S&L bailout law allows $ 50 billion to be spent to sell or merge sick S&Ls and their assets , but that is a net cost .",1.0696396554708238,0.13531852966690686,0.936191513891775,0.8033206347258263,0.8646814703330933
842,"In the meantime , the agency must raise cash to maintain assets , such as real estate , until they can be sold .",0.8129072918469564,0.11241660311479897,0.9418536201910958,0.8392266092568059,0.8875833968852008
843,Then the short-term debt is paid off through the proceeds of selling the assets .,0.39999999999999947,0.061414408927377956,0.9582013815667277,0.9197568173086431,0.938585591072622
844,"David Mullins , assistant secretary of the Treasury , said that the working capital is necessary to reduce the final costs of the bailout , by allowing the agency to sell savings and loans without their bad assets , then hold the assets until they can be sold under favorable conditions .",1.032511239840594,0.128780243197147,0.9090749345272064,0.8363912321799304,0.8712197568028527
845,"He said it has n't yet been determined how the RTC will raise the cash , but the administration does n't want it to be included on the federal budget , because it would `` distort '' the budget process by requiring either exemptions from Gramm-Rudman or big increases in the budget deficit .",1.528189812179261,0.18058708853473832,0.8443760779629411,0.7958833847936032,0.8194129114652616
846,"But the worst possibility would be raising no working capital , he said .",0.2857142857142865,0.04056550841186293,0.9594344915881372,0.9594344915881372,0.9594344915881372
847,"`` If working capital financing is not provided , '' he said , `` the RTC may have to slow -LCB- S&L sales -RCB- or dump acquired assets through fire sales .",0.8750000000000009,0.10351575551555674,0.9015161696824979,0.891508180131151,0.8964842444844433
848,"Panhandle Eastern Corp. said it applied , on behalf of two of its subsidiaries , to the Federal Energy Regulatory Commission for permission to build a 352-mile , $ 273 million pipeline system from Pittsburg County , Okla. , to Independence , Miss .",1.1865145685533394,0.15855968458765354,0.9324083098904385,0.7666446242874616,0.8414403154123463
849,The natural gas pipeline concern said the 500 million cubic feet a day capacity pipeline would be built by a proposed joint venture between two Panhandle Eastern units - Texas Eastern Transmission Corp. and Trunkline Gas Co .,1.6730185939630946,0.22501236169846678,0.8679608863749017,0.700005269201936,0.7749876383015333
850,"Texas Eastern Transmission will build and operate the system , which will connect the Arkoma Basin with several interstate pipelines .",0.7792632369809649,0.11162476050633777,0.9319506809679846,0.8486927108916843,0.888375239493662
851,Now was that a quarter cup or a half cup ?,0.2504443183784977,0.04215420901973559,1.0,0.9191017823372102,0.9578457909802645
852,"Not a gripping question , unless you 're the pastry chef of this city 's Chez Panisse restaurant and you 've just lost your priceless personal dessert notebook .",1.1864266191919572,0.15509071843170913,0.9213528794314021,0.7801787410013971,0.8449092815682911
853,Chez Panisse was listed among the top 30 restaurants in the world this year by Connoisseur magazine .,0.7924812503605798,0.11659578834603172,0.9643106331225463,0.8150231293120308,0.8834042116539681
854,"The tattered black binder , bulging with 18 years ' worth of recipes held together by rubber bands , was in chef Lindsey Shere 's purse when it was stolen from her house recently .",1.114844285961535,0.137001564958389,0.9195298240938419,0.8130154015743203,0.8629984350416104
855,The Berkeley police do n't have any leads but doubt the crime was driven by a passion for sweets .,0.9377443751081724,0.128350673914641,0.9409015536505657,0.8118924270769015,0.8716493260853589
856,"Instead , they figure the culprit probably took money from Ms. Shere 's wallet and discarded all the tips in the five-by-eight-inch looseleaf .",0.6666666666666661,0.08575942042391393,0.9551992464589244,0.8766500782628841,0.914240579576086
857,"Chez Panisse , whose founder , Alice Waters , is considered the inventor of the cooking style known as California cuisine and whose patrons make reservations a month in advance , has n't exactly subjected diners to vanilla ice cream because of the theft .",1.743079153283274,0.21890740959579794,0.8791022636628179,0.7027447300644337,0.7810925904042024
858,"For one thing , Ms. Shere can draw on her cookbook , published by Random House four years ago , which is teeming with recipes for such specialties as kiwi sherbet , gooseberry fool -LRB- a creamy dish made with crushed stewed berries -RRB- and hazelnut `` oeufs a la neige . ''",1.7765607902090519,0.2074039508803008,0.8332038343678155,0.7557625149475344,0.7925960491196993
859,"For another , sympathetic fans have sent Ms. Shere copies of her recipes clipped from magazines over the years .",0.9049932735054931,0.13332477171669552,0.9671209031295831,0.7851311073137948,0.8666752282833045
860,"Still , the restaurant 's ever-changing menu of five-course dinners -- it supposedly has n't repeated a meal since opening in 1971 -- requires constant improvisation .",1.2690615743144624,0.16395400026572973,0.8726005645822603,0.8024309468968732,0.8360459997342707
861,And that puts added pressure on Chez Panisse dessert-menu planners .,0.3636363636363624,0.05547273506256843,1.0,0.8948855177025863,0.9445272649374314
862,"`` We make what we know how to make , '' says business manager Richard Mazzera .",0.9411764705882382,0.13010908216700695,0.8698909178329935,0.8698909178329935,0.8698909178329935
863,"Many in the Bay Area 's pastry community express disbelief that Ms. Shere kept only one copy of such valuable notes , but she has received moral support from Baker 's Dozen , a group of California pastry chefs that meets regularly to discuss issues like how to keep meringues from weeping and how bovine eating habits affect butter texture .",2.0310570741868705,0.23512672237090157,0.8118766162033583,0.7230145784769996,0.7648732776290982
864,Ms. Shere has offered a $ 500 reward for the book 's return but figures she 'll have to reinvent many recipes from scratch .,0.559999999999997,0.0678976150269911,0.979611892961706,0.8889879822702874,0.9321023849730087
865,"`` It 's an overwhelming job , '' she says .",0.545454545454545,0.08558286026041424,0.9412693131031604,0.8890545298748629,0.9144171397395857
866,`` There are so many possible proportions when you consider how many things are made out of eggs and butter and milk .,0.9138934786371262,0.12287514117407312,0.9173989529964706,0.8402381475749636,0.8771248588259272
867,"Newport Electronics Inc. named a new slate of officers , a move that follows replacement of the company 's five incumbent directors last week .",1.0047766191505465,0.1353682128715082,0.9016050377246492,0.8305714981396005,0.8646317871284915
868,"Milton B. Hollander , 60 years old , was named chief executive officer , succeeding Barrett B. Weekes .",0.9612980266573876,0.15014502071015726,0.9157621292791641,0.7927975560087905,0.8498549792898428
869,"Mr. Hollander 's Stamford , Conn.-based High Technology Holding Co. acquired most of its 49.4 % stake in Newport in August .",0.9331511369536729,0.14044261912183867,0.9999999999999998,0.7537050671957838,0.859557380878161
870,"Mr. Hollander was named chairman last week , succeeding Mr. Weekes , who was among the ousted directors .",0.6315789473684177,0.08732274223967751,0.9690931733486954,0.8624685139386534,0.9126772577603223
871,"The company has declined requests to discuss the changes , but Mr. Weekes has said that Mr. Hollander wanted to have his own team .",0.7999999999999972,0.10406216576573883,0.914980811203854,0.8776713577702353,0.8959378342342608
872,"Scott Wakeman was named president and chief operating officer of U.S. operations , titles that had been held by Mr. Weekes .",1.1074785443909212,0.15633272734353382,0.8915150792443236,0.8006938604688958,0.8436672726564661
873,"Mr. Wakeman was vice president of the instrument and controls division of closely held Omega Engineering Inc. , another company controlled by Mr. Hollander .",1.1100539969805236,0.16380024282166905,0.9072095787024316,0.775499268615153,0.8361997571783311
874,A company spokesman did n't know Mr. Wakeman 's age .,0.6140806820148601,0.09739918492550806,1.0,0.8224908743082041,0.9026008150744917
875,"James R. Lees , 51 , vice president of Newport 's European operations , was named executive vice president and chief operating officer of European operations , assuming some former duties of Mr. Weekes .",1.032541871069073,0.14758323949074265,0.8625636539502944,0.8425058203217045,0.852416760509257
876,"Arthur B. Crozier , 34 , an attorney , was named secretary , succeeding John Virtue , who was another of the ousted directors .",0.6887712379549438,0.09702984753686944,0.9756460601869602,0.8403708962359941,0.9029701524631302
877,UNIFIRST Corp. declared a 2-for-1 stock split .,0.75,0.14285714285714285,0.8999999999999999,0.818181818181818,0.857142857142857
878,"The Wilmington , Mass. , garment service company also boosted its quarterly dividend 20 % to three cents a share adjusted for the split .",1.3762548782626691,0.18128994044021046,0.9066402504500052,0.746327723599932,0.8187100595597898
879,The dividend had been five cents a share .,0.44444444444444464,0.07538827312875093,0.9999999999999999,0.8597933880952316,0.924611726871249
880,"The split and quarterly dividend will be payable Jan. 3 to stock of record Nov. 16 , the company said .",0.9697394274571565,0.1271886288654847,0.9620690559064711,0.7987096487909644,0.8728113711345152
881,The split will raise the number of shares outstanding to about 10.2 million .,0.8571428571428577,0.12684193272450123,0.9117055659629754,0.8377379663525489,0.8731580672754989
882,"Separately , UniFirst reported that net income rose 21 % to $ 3 million , or 29 cents a share adjusted for the split , for the fourth quarter ended Aug. 26 .",1.3405706350765918,0.17234262119543742,0.8816120561205685,0.7799258966925615,0.8276573788045627
883,"A year earlier UniFirst earned $ 2.4 million , or 24 cents a share adjusted for the split .",0.8560348687626478,0.11858462897090832,0.9097010566553454,0.8548356370443304,0.8814153710290911
884,Sales rose to $ 52.4 million from $ 50.1 million .,0.545454545454545,0.10325690234988039,0.9287082776283172,0.8669051185911277,0.8967430976501195
885,"Fibreboard Corp. said it completed the previously reported sale of approximately 27,500 acres of timberland near Truckee , Calif. , to closely held Sierra Pacific Industries Corp. , Arcata , Calif. , for $ 32.5 million .",1.1422881758510934,0.15341839316371814,0.9032523241282545,0.7966021972008801,0.8465816068362821
886,"The lumber , insulation and fireproofing concern said the transaction , which includes a swap of other timber interests , would result in a $ 13.5 million after-tax gain , to be recorded in the fourth quarter .",1.214183302300464,0.1509368144276423,0.9419332616555804,0.7728626557056174,0.8490631855723578
887,Healthcare International Inc. said it reached a 120-day standstill agreement with its HealthVest affiliate calling for Healthcare to pay HealthVest $ 5 million right away and additional amounts in the future .,1.1804511722130417,0.14488741888333692,0.9156805023271265,0.8020601098496952,0.8551125811166628
888,"Under the agreement , Healthcare , a manager of health-care facilities , said it would pay HealthVest $ 3.9 million in overdue rent and mortgage payments and repay $ 1.1 million in funds that HealthVest advanced for construction work on facilities .",1.2667405580641997,0.15880456621325556,0.9290876818703652,0.7684953188921078,0.8411954337867439
889,"In return , HealthVest agreed that it wo n't exercise its rights and remedies against Healthcare during the 120-day period .",0.857142857142855,0.11078468488732318,0.9233115757708749,0.8575476015096348,0.8892153151126766
890,"After the payment , Healthcare still will be $ 6.5 million in arrears on rent and mortgage payments to HealthVest , a real estate investment trust whose portfolio consists largely of properties operated by Healthcare .",1.2747309836647425,0.15805482605116522,0.8899176427944906,0.7988802262265715,0.8419451739488348
891,"Healthcare has given HealthVest a 12 % note for that overdue amount , to be repaid over three years .",0.6377443751081744,0.08384630553003944,0.9720996444886032,0.8662968699535555,0.9161536944699606
892,"In addition , Healthcare agreed to make monthly rent and mortgage payments of $ 2.7 million to $ 3 million to HealthVest during the standstill period , to be paid when Healthcare successfully completes asset sales .",1.1725426482501122,0.14432220863702516,0.8831318543761327,0.8298792021750463,0.8556777913629745
893,"Because Healthcare actually owes HealthVest $ 4.2 million in rent and mortgage payments each month , the amount due above the amount paid will be added to the three-year note .",1.1211254032955944,0.14163369228284356,0.8977116590357825,0.8223250385478129,0.8583663077171564
894,"The funds should help ease a cash bind at HealthVest , which has been unable to pay its debts because Healthcare has n't made complete rent and mortgage payments since July .",1.3290414066556497,0.1651812386599949,0.8463560728784899,0.8235917670506188,0.8348187613400052
895,A spokesman said HealthVest has paid two of the three banks it owed interest to in October and is in negotiations with the third bank .,0.9521110577755154,0.12245304496568989,0.9366431364794457,0.8254653779108662,0.8775469550343097
896,"Healthcare , which has been in a severe liquidity bind , said it is able to make the payments because it completed a transaction with Greenery Rehabilitation Group Inc. in which Greenery purchased stock and warrants for $ 500,000 and loaned Healthcare $ 9 million .",1.5713190203803018,0.19102806771429148,0.8441111762871634,0.7766413681335926,0.8089719322857084
897,The loan is backed by Healthcare 's 5.4 % stake in HealthVest and interest in certain facilities .,0.6666666666666661,0.09630237014511245,0.9336691471212688,0.8755904835733481,0.9036976298548876
898,I was pleased to note that your Oct. 23 Centennial Journal item recognized the money-fund concept as one of the significant events of the past century .,1.389250926086186,0.18592724076799974,0.8724995299123568,0.7629799472763289,0.814072759232001
899,"Actually , about two years ago , the Journal listed the creation of the money fund as one of the 10 most significant events in the world of finance in the 20th century .",0.8901371325438348,0.1275051622130832,0.9452293957678132,0.810154195828674,0.8724948377869167
900,"But the Reserve Fund , America 's first money fund , was not named , nor were the creators of the money-fund concept , Harry Brown and myself .",0.9780871716069077,0.128994994081408,0.9410389140162072,0.810673165122462,0.8710050059185922
901,"We innovated telephone redemptions , daily dividends , total elimination of share certificates and the constant $ 1 pershare pricing , all of which were painfully thought out and not the result of some inadvertence on the part of the SEC .",1.4532276771347004,0.18472711762025604,0.877771954887909,0.7610823378397289,0.8152728823797438
902,President,-0.0,0.0,1.0,1.0,1.0
903,The Reserve Fund,4.440892098500626e-16,2.4180073206327504e-16,1.0,1.0,1.0
904,"The crowning moment in the career of Joseph F. O'Kicki came as 300 local and state dignitaries packed into his elegant , marble-columned courtroom here last year for his swearing in as President Judge of Cambria County .",1.2382715482452502,0.16611773754830136,0.9448267216975869,0.7462547363813553,0.8338822624516987
905,Baskets of roses and potted palms adorned his bench .,0.6754887502163465,0.11317814411679862,0.9297367778539066,0.847693881548703,0.8868218558832013
906,The local American Legion color guard led the way .,1.2754887502163466,0.25672190427399644,0.7547456055646927,0.7321538422979834,0.7432780957260037
907,"As the judge marched down the center aisle in his flowing black robe , he was heralded by a trumpet fanfare .",1.5054279763074403,0.2135419744919858,0.8744692432908721,0.7145426658103793,0.7864580255080138
908,"To many , it was a ceremony more befitting a king than a rural judge seated in the isolated foothills of the southern Allegheny Mountains .",1.0468954211105226,0.14199353143155902,0.9190330793220731,0.8045798994404108,0.8580064685684405
909,"But then Judge O'Kicki often behaved like a man who would be king -- and , some say , an arrogant and abusive one .",1.1607820003461535,0.14868609606643027,0.8853811381344902,0.8197711756886554,0.8513139039335698
910,"While his case may be extreme , it reflects the vulnerability of many small communities to domineering judges .",0.5918480262019195,0.0822814967903163,0.9400395344132125,0.8964329018684938,0.9177185032096832
911,"Last March , nine months after the judge 's swearing-in , the state attorney general 's office indicted him on a sweeping array of charges alleging more than 10 years of `` official oppression '' in Cambria County , a depressed steel and mining community in western Pennsylvania .",1.5903683833864797,0.1970364072392713,0.9006797565827284,0.7243750084428945,0.8029635927607288
912,"The allegations , ranging from theft and bribery to coercion and lewdness , paint a disquieting picture .",1.131362665366681,0.16194098659234632,0.9172329072462265,0.7714673409243281,0.8380590134076534
913,"According to testimony in a public , 80-page grand-jury report handed up to the state attorney general , Judge O'Kicki extorted cash from lawyers , muscled favorable loans from banks and bullied local businesses for more than a decade .",1.6086401625941118,0.21293140987593098,0.8588060561978723,0.7263918942679263,0.7870685901240686
914,"Prosecutors , in an indictment based on the grand jury 's report , maintain that at various times since 1975 , he owned a secret and illegal interest in a beer distributorship ; plotted hidden ownership interests in real estate that presented an alleged conflict of interest ; set up a dummy corporation to buy a car and obtain insurance for his former girlfriend -LRB- now his second wife -RRB- ; and maintained 54 accounts in six banks in Cambria County .",1.640379556145474,0.19604950635440904,0.8481871767291443,0.7640993592197033,0.8039504936455916
915,"In testimony recorded in the grand jury report , court employees said the judge , now 59 years old , harassed his secretaries , made imperial demands on his staff and hounded anyone who crossed him .",1.5680003359730703,0.20287180230139093,0.8636145363777202,0.7401471360265398,0.7971281976986092
916,"Bailiffs claimed they were required to chauffeur him to and from work , mow his lawn , chop his wood , fix his car and even drop by his house to feed his two grown mutts , Dixie and Husky .",1.1188854385591993,0.13850680517281663,0.917933201984082,0.8115916975102243,0.8614931948271836
917,One former bailiff charged that the judge double-crossed him by reneging on a promise of a better paying job after pocketing a $ 500 bribe .,0.969972344187445,0.13765713718009417,0.95180267149404,0.7882548888568808,0.8623428628199055
918,Some of the allegations are simply bizarre .,0.25,0.043478260869565216,0.9999999999999999,0.9166666666666666,0.9565217391304347
919,"Two former secretaries told the grand jury they were summoned to the judge 's chambers on separate occasions to take dictation , only to find the judge in his bikini underwear .",1.1415414066556524,0.14383838226857126,0.9099788504306011,0.8083545662025131,0.8561616177314288
920,One secretary testified that the judge once called her to his office while wearing nothing at all .,1.3060986113514952,0.19174822259237684,0.8498400939632336,0.7705439476157737,0.8082517774076228
921,"The judge , suspended from his bench pending his trial , which began this week , vehemently denies all the allegations against him , calling them `` ludicrous '' and `` imaginative , political demagoguery . ''",1.4322626610727323,0.17403186781619234,0.849584147943461,0.8036295238813295,0.825968132183808
922,"He blames the indictment on local political feuding , unhappiness with his aggressive efforts to clear the courthouse 's docket and a vendetta by state investigators and prosecutors angered by some of his rulings against them .",1.2436760116487466,0.16036012216866805,0.9207808560435833,0.7716413586815312,0.8396398778313323
923,"`` I do n't know whose toes I 've stepped on , '' says the judge .",0.47058823529411953,0.06300515534991187,0.9083785779402594,0.9674727294582484,0.9369948446500884
924,"`` I 'll find out , eventually , who pushed the state police buttons into action . ''",0.5974937501201927,0.0794525400336665,0.9396715985979784,0.9021862214273799,0.9205474599663334
925,"Even if only some of the allegations stand up , however , they provide ample testimony to the awesome power of judges in rural communities .",1.0769230769230749,0.15102211063192386,0.8823858777002462,0.8180073353228103,0.8489778893680757
926,"That power can sometimes be abused , particularly since jurists in smaller jurisdictions operate without many of the restraints that serve as corrective measures in urban areas .",1.271772874087028,0.18069272152996024,0.863564424228635,0.7793652867360951,0.8193072784700396
927,Lawyers and their clients who frequently bring business to a country courthouse can expect to appear before the same judge year after year .,1.2091479170272432,0.16206728915048954,0.8874973270771228,0.7936114004659628,0.83793271084951
928,"Fear of alienating that judge is pervasive , says Maurice Geiger , founder and director of the Rural Justice Center in Montpelier , Vt. , a public interest group that researches rural justice issues .",1.5736401834178189,0.21434829541599695,0.8916572091219652,0.7021731860473998,0.7856517045840026
929,"As a result , says Mr. Geiger , lawyers think twice before appealing a judge 's ruling , are reluctant to mount , or even support , challenges against him for re-election and are usually loath to file complaints that might impugn a judge 's integrity .",1.390600988006197,0.165353680378736,0.8731033405370197,0.7994341577850714,0.8346463196212641
930,"Judge O'Kicki , a stern and forbidding-looking man , has been a fixture in the local legal community for more than two decades .",0.5314536459234782,0.07074110558552525,1.0,0.8678651539265583,0.929258894414475
931,"The son of an immigrant stonemason of Slovenian descent , he was raised in a small borough outside Ebensburg , the Cambria County seat , and put himself through the University of Pittsburgh Law School .",1.3093174419379814,0.17985155624353844,0.9408643454657166,0.7268865738347381,0.8201484437564617
932,"He graduated near the top of his class , serving on the school law review with Richard Thornburgh , who went on to become governor of Pennsylvania and , now , U.S. Attorney General .",1.1719871431043938,0.15231847913376323,0.9138890594229536,0.7904188927821706,0.8476815208662365
933,It was also in law school that Mr. O'Kicki and his first wife had the first of seven daughters .,0.6754887502163447,0.09167414027018583,0.9436054079705252,0.8755892998477879,0.9083258597298138
934,He divorced his first wife three years ago and married the daughter of his court clerk .,0.7502875001272642,0.10789216439873069,0.9172874146275316,0.868273685548561,0.8921078356012696
935,"Last year , Pennsylvania Supreme Court Justice John P. Flaherty called Mr. O'Kicki one of the finest judges `` not only in Pennsylvania but in the United States . ''",1.1602878435724566,0.15672856805577892,0.9327189590692252,0.7694786151170813,0.843271431944221
936,"Clearly , the judge has had his share of accomplishments .",0.3636363636363633,0.05547273506256857,0.9445272649374314,0.9445272649374314,0.9445272649374314
937,"After practicing law locally , he was elected to his first 10-year term as judge in 1971 ; in 1981 , he was effectively re-elected .",0.846153846153844,0.11404099100449289,0.8952402898906229,0.8768681982402665,0.885959008995507
938,"Six years ago , Judge O'Kicki was voted president of the Pennsylvania Conference of State Trial Judges by the state 's 400 judges .",0.9854785189334692,0.1321925379356226,1.0,0.766483997188932,0.8678074620643775
939,He has been considered several times for appointments to federal district and appellate court vacancies in Pennsylvania .,0.792481250360578,0.11517447499862651,0.9201515141900503,0.8521116862981778,0.8848255250013736
940,"And when he ran unsuccessfully for a state appellate court seat in 1983 , the Pennsylvania Bar Association rated him `` one of the best available , '' after interviewing local lawyers .",1.1824106063228461,0.14984426684301058,0.842102662619325,0.8583643146995155,0.8501557331569892
941,"`` He probably was the smartest guy who ever sat on our bench , '' says a former president of Cambria County 's 150-member bar association , who , like most lawyers in Cambria County , refuses to talk about the judge publicly .",1.1618048972446298,0.13861717914037777,0.8943897123287227,0.8307254201693136,0.8613828208596221
942,`` He 's sharp as a tack .,0.0,0.0,1.0,1.0,1.0
943,He could grasp an issue with the blink of an eye . '',0.21191442324334542,0.036273925753153635,1.0000000000000002,0.9299916270173645,0.9637260742468468
944,"For more than a decade , virtually no one complained about Judge O'Kicki .",1.1078410717376395,0.17025717138181057,0.8882467235897252,0.7784693608779393,0.8297428286181899
945,"`` What about those institutions that are supposed to be the bedrock of society , the banks and the bar association ... ? '' wrote a columnist for the Tribune-Democrat , a newspaper in nearby Johnstown , shortly after the scandal became public .",0.8159121484065945,0.10070225456899302,0.941831998051167,0.8604392845087482,0.8992977454310074
946,"`` If only a banker or a lawyer had spoken out years ago , the judicial process would n't be under the taint it is today . ''",1.0399791242415617,0.1323053750140416,0.8821625889675853,0.8536935689879711,0.8676946249859583
947,"Officials with the Pennsylvania Judicial Inquiry and Review Board , the arm of the state that investigates judicial misconduct , counter that they had no inkling of anything amiss in Ebensburg .",1.2491927640949125,0.16215644940677196,0.9450906180747349,0.7524562599518972,0.8378435505932286
948,"`` Nobody told us ; nobody called us , '' says an official close to the case who asked not to be named .",1.0110276044371007,0.1320069393843079,0.8739127535068844,0.8621530255367784,0.8679930606156919
949,`` Nobody had the guts to complain . '',0.0,0.0,1.0,1.0,1.0
950,Certainly not the lawyers .,0.40000000000000036,0.09425390072448082,1.0,0.8277293767706427,0.9057460992755192
951,"Johnstown attorney Richard J. Green Jr. shelled out $ 500 in loans to the judge over five years , he said in testimony to the grand jury .",0.8198078015136874,0.10944950538442089,0.9316175522356952,0.8529511658039289,0.8905504946155794
952,"`` The judge never made a pretense of repaying the money , '' said Mr. Green .",0.6770455884898219,0.09634516426836688,0.9642710994407829,0.8502087871274189,0.9036548357316335
953,"Eventually , Mr. Green testified , he began ducking out of his office rather than face the judge when he visited .",0.8302119321132002,0.11006102035517697,0.9395034936697767,0.8453420533517902,0.889938979644823
954,"When Mr. Green won a $ 240,000 verdict in a land condemnation case against the state in June 1983 , he says Judge O'Kicki unexpectedly awarded him an additional $ 100,000 .",1.0227829985375179,0.1331742361119072,0.9403652228821137,0.8039540769752229,0.8668257638880926
955,"Mr. Green thought little of it , he told the grand jury , until the judge walked up to him after the courtroom had cleared and suggested a kickback .",1.0876396827696917,0.14812969676509766,0.901384104776966,0.8075129260089623,0.8518703032349028
956,`` Do n't you think I ought to get a commission ... or part of your fee in this case ? '' Mr. Green said the judge asked him .,1.2209730161030228,0.15149535671647532,0.8836240077403176,0.8160701847475217,0.8485046432835249
957,"Appalled , Mr. Green never paid the money , he testified .",0.33333333333333304,0.05125635737870971,1.0,0.9024855221679389,0.9487436426212902
958,"But he did n't complain to the state 's Judicial Inquiry and Review Board , either , saying later that he feared retribution .",1.0000000000000018,0.12760649557249526,0.9111497116423619,0.8367998074525839,0.8723935044275049
959,Mr. O'Kicki said he will respond to Mr. Green 's allegation at his trial .,0.40000000000000124,0.060479775250380646,0.9588505806211746,0.9209538638490984,0.9395202247496193
960,"Like most of Cambria County 's lawyers and residents who had dealings with the judge , Mr. Green declined to be interviewed for this article .",1.0769230769230722,0.13532251610627544,0.9371441739343735,0.8026136556938664,0.8646774838937238
961,And no one with a complaint about the judge would allow his name to be printed .,0.9123397061368799,0.14432536055500267,0.8719015026592793,0.840040733510075,0.8556746394449977
962,"`` I do n't have anything much to say , and I think that 's what you 're going to find from everyone else you talk to up here , '' says local attorney Edward F. Peduzzi .",1.4151167766004562,0.1725983266070835,0.8569844912153138,0.7997930838132977,0.8274016733929166
963,Says another lawyer : `` The practice of law is a matter of biting one 's lip when you live in a small community .,0.9101955000865383,0.12474010844103939,0.9522853767174521,0.8097623627908023,0.8752598915589607
964,One had best not dance on top of a coffin until the lid is sealed tightly shut . '',0.4210526315789451,0.06134889557371473,0.938651104426285,0.938651104426285,0.938651104426285
965,"The judge was considered imperious , abrasive and ambitious , those who practiced before him say .",0.6326404413037343,0.08658015735981686,0.9659470024203424,0.8663107928464557,0.9134198426401836
966,"He sipped tea sweetened with honey from his high-backed leather chair at his bench , while scribbling notes ordering spectators to stop whispering or to take off their hats in his courtroom .",1.250337119055759,0.1623436776008707,0.9300998658458888,0.7619275876291077,0.8376563223991293
967,"Four years ago , he jailed all nine members of the Cambria County School Board for several hours after they defied his order to extend the school year by several weeks to make up for time lost during a teachers ' strike .",0.8105756505179835,0.0990035999595018,0.951980887000181,0.8551953779900361,0.9009964000404983
968,"Visitors in his chambers say he could cite precisely the years , months , weeks and days remaining until mandatory retirement would force aside the presiding president judge , giving Judge O'Kicki the seniority required to take over as the county 's top court administrator .",1.4031595096518341,0.1671671412227422,0.8742847567147708,0.7951336987778688,0.8328328587772581
969,"The judge , they say , was fiercely proud of his abilities and accomplishments .",0.13333333333333286,0.017984525020955607,1.0,0.9646664078305405,0.9820154749790443
970,"`` My name is judge , '' Judge O'Kicki told a car salesman in Ebensburg when he bought a new red Pontiac Sunbird in October 1984 , according to the grand-jury report .",1.2917936510027515,0.1619150130151325,0.8909057532781728,0.7911770212623865,0.8380849869848678
971,The dealership dutifully recorded the sale under the name `` Judge O'Kicki . '',0.6792696431662106,0.10215002119260048,1.0000000000000004,0.8146349966367246,0.8978499788073999
972,"Yet , despite the judge 's imperial bearing , no one ever had reason to suspect possible wrongdoing , says John Bognato , president of Cambria County 's 150-member bar association .",1.461090234442608,0.18462305961605827,0.962702263004473,0.7071583047797023,0.8153769403839417
973,"`` The arrogance of a judge , his demeanor , the way he handles people are not a basis for filing a complaint , '' says Mr. Bognato .",0.8097911536332463,0.10959519350018082,0.9261251206448692,0.8573376022962854,0.8904048064998198
974,"`` Until this came up and hit the press , there was never any indication that he was doing anything wrong . ''",1.0336711961224951,0.13797526885108186,0.8658178791071578,0.8582646737817257,0.8620247311489184
975,"State investigators dispute that view now , particularly in light of the judge 's various business dealings in Cambria County .",1.1242685940207977,0.1559855014856408,0.9410673914445894,0.7651083736762269,0.8440144985143587
976,"The judge came under scrutiny in late 1987 , after the state attorney general 's office launched an unrelated investigation into corruption in Cambria County .",1.182880288544748,0.17234582284859806,0.973631092685447,0.7197428340541273,0.8276541771514019
977,The inquiry soon focused on the judge .,0.75,0.14285714285714285,0.9,0.8181818181818181,0.8571428571428571
978,"Even his routine business transactions caused trouble , according to the grand jury report .",0.9333333333333318,0.1356500845019713,0.9177011612423492,0.8168610833618537,0.8643499154980283
979,"When the judge bought his new Sunbird from James E. Black Pontiac-Cadillac in Ebensburg five years ago , the dealership had `` certain apprehensions '' about the judge 's reputation , according to the grand-jury report .",1.1079383367484077,0.1346237554116475,0.9270722953593733,0.8113794748382852,0.8653762445883528
980,"The dealership took the extra step of having all the paper work for the transaction pre-approved by Ebensburg 's local lender , Laurel Bank .",0.8301955000865391,0.11600832969042306,0.9753320475181307,0.8082944546100282,0.8839916703095769
981,"Then , as an additional precaution , the car dealership took the judge 's photograph as he stood next to his new car with sales papers in hand -- proof that he had received the loan documents .",1.4938988413291652,0.19672601500782463,0.8712996383611931,0.7451011260853574,0.8032739849921753
982,"But when the judge received his payment book , he disavowed the deal .",0.5714285714285721,0.09401128952845068,0.9333004969147368,0.8802299620055797,0.9059887104715495
983,"`` There was no loan , there is no loan , there never shall be a loan , '' the judge wrote the bank on his judicial stationery , according to the report .",0.9572965119600862,0.12871464709290875,0.8951986871366595,0.848616366571319,0.8712853529070909
984,"Later , the judge went a step farther .",0.2222222222222232,0.03917064001854877,1.0,0.9246117268712492,0.9608293599814515
985,"After Laurel Bank tried to repossess the car , a vice president asked him to intervene in an unrelated legal dispute involving a trust account .",0.9042221155510362,0.12444756984356133,0.9538647805864648,0.8091233583722697,0.8755524301564387
986,The judge wrote again .,0.0,0.0,1.0,1.0,1.0
987,"`` I find myself in an adversary relationship with Laurel Bank , and I am not inclined to extend myself as far as any favors are concerned , '' the judge wrote back in a letter attached to the grand jury 's report .",1.323609794489263,0.16044998438005253,0.8739584621755144,0.8077483157060459,0.8395500156199476
988,"`` Perhaps if my personal matters can be resolved with Laurel bank in the near future , I may be inclined to reconsider your request ... . ''",0.5364125003090665,0.06567860104667225,0.9509550253095496,0.9182596634006661,0.9343213989533278
989,The judge now says it was `` unfortunate '' that he chose to write the letter but says `` there was certainly no intent to extort there . '',1.2075706899535836,0.16009424000990474,0.8399057599900955,0.8399057599900955,0.8399057599900956
990,The bank acquiesced .,0.0,0.0,1.0,1.0,1.0
991,"It refinanced the judge 's loan , lowered its interest rate and accepted a trade-in that had n't originally been part of the deal -- a beat up 1981 Chevy Citation the dealer had to repair before it could be resold .",1.488793452690019,0.18219178722854196,0.8492074400204493,0.7886481497452201,0.8178082127714582
992,The incident was n't the only time the judge got special treatment from his local bank .,1.2867237047604263,0.20049877671041927,0.9405857485268821,0.695220599840514,0.7995012232895811
993,"Two years later , he wrote to complain that the interest he was paying on an unsecured $ 10,000 loan was `` absolutely onerous . ''",0.6444187500832079,0.07768834144910651,0.9613364239696355,0.8863316580273563,0.9223116585508931
994,"Paul L. Kane , Laurel 's president at the time , quickly responded .",0.5714285714285721,0.08829443403702496,1.0,0.8377379663525487,0.9117055659629751
995,"The bank , he wrote back , was `` immediately '' lowering the rate by 3.5 % , `` as a concession to you . ''",1.4238288464866846,0.1894520056901156,0.8542660903345809,0.7710867035809985,0.8105479943098839
996,"The judge says he ca n't discuss in detail how he will defend himself at his trial , although he contends that if he were as corrupt as state prosecutors believe , he would be far wealthier than he is .",1.532018144222766,0.19974324788113232,0.8314374151005646,0.7713302355982318,0.8002567521188678
997,His seven-bedroom cedar and brick house outside of Johnstown is up for sale to pay for his lawyers .,0.802374341991392,0.11154985557504048,0.9681074766583005,0.8209048635311639,0.8884501444249588
998,The judge says he is confident he will return to his old bench .,0.4285714285714288,0.06210798358303499,1.0000000000000002,0.8830477041072363,0.9378920164169653
999,"Already , he notes , the 76 charges originally filed against him have been trimmed to 27 .",0.9308270834535239,0.12951897828682346,0.9036976298548874,0.8396196836947993,0.8704810217131762
1000,Most of the allegations no longer pending were ethics charges withdrawn by state prosecutors as part of a pre-trial agreement .,0.9697394274571565,0.15129323732026229,0.8464145276688144,0.8510114469326514,0.8487067626797379
1001,The heart of the case -- `` official oppression '' -- remains intact .,0.9649839288804971,0.1516313899245994,0.8882467235897249,0.811917328542911,0.8483686100754009
1002,"`` If I lose , I lose my position , my career , my pension , my home and my investments , '' says the judge .",0.7569837739906413,0.10852793032434513,0.9373595759191038,0.8498676439873228,0.8914720696756554
1003,`` My God and I know I am correct and innocent .,0.4999999999999991,0.07890677294489666,0.9999999999999998,0.8537282832519082,0.921093227055103
1004,"Many thanks for Alexander Cockburn 's comic masterpiece -LRB- `` U.S. . Economy : A House Built on Junk-Bond Sand , '' Viewpoint , Oct. 19 -RRB- .",1.3221267860233539,0.16512407329373024,0.9077582060784378,0.7728270296496238,0.8348759267062698
1005,The use of the abominable construction practices in the Soviet Union -- as evidenced by the collapse of sand apartment blocks during the Armenian earthquake -- as a metaphor for the U.S. economic system was a sublime example of Mr. Cockburn 's satirical muse .,1.583523245452331,0.23219381851093002,0.8781466528264631,0.6820993534583749,0.76780618148907
1006,I await his sequel : the economic and social resiliency of the San Francisco Bay area and the outstanding work of the local governments and the private charitable organizations there as metaphors for the supremacy of whatever failed system Mr. Cockburn now believes in .,1.5472367312320063,0.19944771835333286,0.8853227992975148,0.7305969174191991,0.800552281646667
1007,It should be a scream .,0.0,0.0,1.0,1.0,1.0
1008,William S. Smith,0.9182958340544896,1.0,1.0,0.0,0.0
1009,"As a money manager and a grass-roots environmentalist , I was very disappointed to read in the premiere issue of Garbage that The Wall Street Journal uses 220,000 metric tons of newsprint each year , but that only 1.4 % of it comes from recycled paper .",2.1193540526475925,0.2581947557082405,0.842475976663706,0.662625540323372,0.7418052442917596
1010,"By contrast , the Los Angeles Times , for example , uses 83 % recycled paper .",0.7502875001272624,0.11316646511794683,1.0,0.7966764744283666,0.8868335348820533
1011,"With newspapers being the largest single component of solid waste in our landfills , and with our country overflowing with trash , all sectors of our society and all types of businesses must become more responsible in our use and disposal of precious natural resources .",1.6266524430756153,0.22666141673336093,0.8116301413099629,0.7384973275711696,0.7733385832666395
1012,The Wall Street Journal is an excellent publication that I enjoy reading -LRB- and must read -RRB- daily .,0.5660467106401761,0.07138214293029398,0.9459135929579789,0.9119432581886385,0.9286178570697049
1013,"Please make me and thousands of other readers more comfortable with our daily purchase of your newspaper by raising your environmental standards to your overall impeccable quality levels , and increase your use of recycled paper .",1.4814255111657673,0.21061715241394666,0.8316251561050234,0.7512244824595282,0.7893828475860534
1014,Virginia M.W. Gardiner,1.584962500721156,1.0,1.0,0.0,0.0
1015,"FIRST AMERICAN FINANCIAL Corp. declared a special dividend of one share of Class B common stock for each share of Class A common stock , payable to holders of record on Nov. 10 if the Securities and Exchange Commission approves this as the effective date of the registration statement .",1.7450272663677886,0.24261797517102807,0.8621530755216137,0.6753159057139864,0.7573820248289715
1016,"Shareholders of the Santa Ana , Calif. , title-insurance company approved the creation of this second class of stock , which will be traded on the national over-the-counter market and which the company said would be used for acquisitions and other general corporate purposes .",1.371475911570534,0.17306804663099035,0.9074063051041827,0.759568742625131,0.8269319533690099
1017,"The following were among yesterday 's offerings and pricings in the U.S. and non-U.S. capital markets , with terms and syndicate manager , as compiled by Dow Jones Capital Markets Report :",1.6355842633636692,0.21977056684179616,0.8444054888042779,0.7251193026202163,0.7802294331582041
1018,Continental Cablevision Inc. --,0.6887218755408673,0.29798312381900666,1.0,0.5408520829727552,0.7020168761809934
1019,"$ 350 million of senior subordinated debentures , due Nov. 1 , 2004 , was priced at par to yield 12 7/8 % .",1.3553885422075354,0.200749849940578,0.8117247770425551,0.7871531412051258,0.799250150059422
1020,"Rated single-B-1 by Moody 's Investors Service Inc. and single-B by Standard & Poor 's Corp. , the issue , which is non-callable for five years , will be sold through underwriters led by Morgan Stanley & Co .",1.168582219758914,0.1546276883385603,0.856223577721906,0.8347926483950335,0.84537231166144
1021,Beatrice Co. --,0.666666666666667,0.26631956334878915,1.0,0.5793801642856952,0.7336804366512111
1022,"$ 251 million of notes , due Nov. 1 , 1997 , was priced in a two-part offering through underwriters at Salomon Brothers Inc .",0.8301955000865382,0.11408288297571079,0.9307052368476086,0.8452417380281428,0.8859171170242895
1023,The size of the issue was scaled back from an originally planned $ 350 million .,0.6721804688852169,0.09844731042202422,0.9609718878052138,0.849053663755802,0.9015526895779756
1024,"The first part , consisting of $ 151 million of 13 3/4 % senior subordinated reset notes , was priced at 99.75 .",0.8197718683597106,0.11917582301495369,0.9207160891251026,0.8442455094819158,0.8808241769850463
1025,The rate on the notes will be reset annually to give the issue a market value of 101 .,0.9076374998861301,0.14058550997833,0.9094979560708606,0.8145590400921711,0.8594144900216697
1026,"However , the maximum coupon at which the notes can be reset is 16 1/4 % .",0.7502875001272642,0.10436105065668765,0.9318940048406843,0.862099238213798,0.8956389493433126
1027,The minimum coupon is 13 3/4 % .,0.75,0.14285714285714285,0.8999999999999999,0.818181818181818,0.857142857142857
1028,"The second part , consisting of $ 100 million of senior subordinated floating-rate notes , was priced at 99 3/4 to float 4.25 % above the three-month London interbank offered rate .",1.1006025296523019,0.14812881805179154,0.8971511307841191,0.8109422648448452,0.8518711819482085
1029,The initial coupon on the floating-rate notes will be 12.9375 % .,0.5,0.07496336164077998,1.0,0.860528527174435,0.9250366383592199
1030,The issue is rated single-B-3 by Moody 's and single-B-plus by S&P .,0.3076923076923084,0.04534559613024766,1.0,0.9132428618858452,0.9546544038697523
1031,New Jersey Wastewater Treatment Trust --,1.1424588287122237,0.46774088481617887,1.0000000000000002,0.3626383380677455,0.5322591151838213
1032,"$ 75.1 million , two-part offering of bonds apparently was won by a Merrill Lynch Capital Markets group .",0.7765730264296522,0.10342233241325449,0.9142314782586751,0.8795927311527546,0.896577667586745
1033,"The group 's bid for $ 40.9 million of wastewater treatment insured bonds , Series 1989 A , produced a 7.0826 % true interest cost .",1.7982649039293648,0.251819877858309,0.8448526307392885,0.6713596037419013,0.7481801221416912
1034,The Series 1989 A bonds are insured and rated triple-A by Moody 's and S&P .,0.672180468885216,0.09496999265525848,0.9275954049300443,0.883536422376492,0.9050300073447415
1035,"The group 's bid for $ 34.2 million of wastewater treatment bonds , Series 1989 B , produced a 7.0808 % true interest cost .",1.7101955000865363,0.24095687676842162,0.8622870343728718,0.6778788880183826,0.7590431232315783
1036,The Series 1989 B bonds are uninsured and rated double-A by Moody 's and S&P .,0.547180468885216,0.07596753833988239,0.963797702465022,0.8874185416306087,0.9240324616601173
1037,"Both the Series 1989 A and Series 1989 B bonds were priced to yield from 6 % in 1991 to 7.15 % in 2008-2009 , according to a Merrill Lynch official .",1.6101808573540763,0.2285416804033872,0.7861837245161659,0.7572743932095812,0.771458319596613
1038,"Matagorda County Navigation District No. 1 , Texas --",1.945530556036326,0.44273762514732584,0.8463848597938765,0.4153724229041636,0.5572623748526739
1039,"$ 70.3 million of pollution control revenue bonds -LRB- Houston Lighting & Power Co . Project -RRB- , due Oct. 1 , 2019 , were tentatively priced by a Goldman , Sachs & Co. group at 98 1/4 to yield 7.649 % with a coupon of 7 1/2 % .",1.539874369193818,0.19784944404188928,0.8668500048748669,0.7464383243556773,0.8021505559581108
1040,Interest on the bonds will be treated as a preference item in calculating the federal alternative minimum tax that may be imposed on certain investors .,0.812285210721682,0.11617244381576688,0.9441206395262193,0.8307730356299052,0.883827556184233
1041,The bonds are insured and rated triple-A by Moody 's and S&P .,0.4615384615384617,0.06959633791089725,0.9525005112358605,0.9093088077395047,0.9304036620891027
1042,Federal Home Loan Mortgage Corp. --,0.6016067457394687,0.316360130955631,1.0000000000000002,0.5193410625009365,0.6836398690443692
1043,$ 500 million of Remic mortgage securities is being offered in 11 classes by a Morgan Stanley group .,0.8163039475961522,0.11714181563535118,0.9359446154073989,0.8354706020506049,0.8828581843646488
1044,"The offering , Series 109 , is backed by Freddie Mac 10 % securities .",0.5836591668108957,0.08715508189603564,0.9582013815667277,0.8715882856335804,0.912844918103964
1045,Complete details were n't immediately available .,0.2857142857142865,0.06005470579745028,1.0,0.8866950819254699,0.9399452942025498
1046,Lomas Mortgage Funding Corp. II --,0.6016067457394687,0.316360130955631,1.0000000000000002,0.5193410625009365,0.6836398690443692
1047,$ 100 million issue of collateralized mortgage obligations is being offered in four classes by a Morgan Stanley group .,0.8754887502163458,0.12343207723711405,0.9119897782938101,0.8437947740969772,0.8765679227628858
1048,The securities yield from 9.35 % to 10.48 % for a 30-year issue with an average life of 21.18 years .,0.7199721656554159,0.11337471295856102,0.9424564913528324,0.8370390227175839,0.8866252870414388
1049,The 10.48 % yield represents a spread to the 20-year Treasury of 2.45 percentage points .,1.1415414066556506,0.1795311536432033,0.847502125116338,0.7951068507888845,0.820468846356797
1050,The collateral consists of collateralized whole loans with a weighted average coupon rate of 11.08 % and weighted average remaining term to maturity of 28 years .,1.6898389964977918,0.2627774451738165,0.7699804763281014,0.7071381853158656,0.7372225548261839
1051,"The issue is rated triple-A by S&P , Moody 's and Fitch Investors Service Inc .",0.897782998537517,0.13102080660111923,0.9092411744217296,0.8321316867916018,0.8689791933988806
1052,"The issue is 6 % to 7 % overcollateralized , and 75 % of the loans are covered by a General Electric pool policy covering losses of as much as 10 % of the original principal balance of the loans .",1.07560647488073,0.14569313391268132,0.8793764251287319,0.8306270700644407,0.8543068660873191
1053,J.C. Penney Co. --,0.6887218755408673,0.29798312381900666,1.0,0.5408520829727552,0.7020168761809934
1054,"$ 350 million of JCP Master Credit Card Trust asset-backed certificates , Series B , with a final stated maturity of Oct. 15 , 2001 , was priced at 99.1875 to yield 9.192 % with a coupon of 8.95 % .",1.4160452783163393,0.19565749626010917,0.861649930746839,0.7541826144558771,0.8043425037398908
1055,"The certificates , which have an average life of 10.05 years , were priced at 1.31 percentage points over the benchmark Treasury 10-year note .",1.1909775004326937,0.15636326054856736,0.9094223073763121,0.7867266965439499,0.8436367394514327
1056,"Rated triple-A by Moody 's and S&P , the issue will be sold through First Boston Corp .",0.7560911374687116,0.10590528626218258,0.9663577237856824,0.8318872368621116,0.8940947137378172
1057,The issue is backed by a 12 % letter of credit from Credit Suisse .,0.7999999999999989,0.12539585529981634,0.9999999999999999,0.7771524486974234,0.8746041447001834
1058,Keio Teito Electric Railway Co . -LRB- Japan -RRB- --,0.7509775004326942,0.1749356445354845,1.0,0.7022208912477996,0.8250643554645157
1059,"$ 300 million of bonds due Nov. 16 , 1993 , with equity-purchase warrants , indicating a 3 3/4 % coupon at par via Nomura International Ltd .",1.63480133967205,0.23603872069800325,0.8268735308605013,0.7099454418565625,0.7639612793019971
1060,"Each $ 5,000 bond carries one warrant , exercisable from Nov. 30 through Nov. 2 , 1993 , to buy company shares at an expected premium of 2 1/2 % to the closing share price when terms are fixed Tuesday .",1.4921285826764281,0.18255199931389463,0.9005903308404373,0.7483595844406633,0.8174480006861051
1061,Diesel Kiki Co . -LRB- Japan -RRB- --,0.75,0.15789473684210525,1.0000000000000002,0.7272727272727273,0.8421052631578948
1062,"$ 200 million of bonds due Nov. 16 , 1994 , with equity-purchase warrants , indicating a 4 1/2 % coupon at par via Yamaichi International Europe Ltd .",1.6079031201065748,0.23301295185482662,0.8318764735148462,0.7114883400854336,0.7669870481451733
1063,"Each $ 5,000 bond carries one warrant , exercisable from Nov. 30 through Nov. 2 , 1994 , to buy company shares at an expected premium of 2 1/2 % to the closing share price when terms are fixed Monday .",1.4921285826764281,0.18255199931389463,0.9005903308404373,0.7483595844406633,0.8174480006861051
1064,Chugoku Electric Power Co . -LRB- Japan -RRB- --,0.7616392191414825,0.16844577612360412,0.9999999999999998,0.7116754930940243,0.8315542238763959
1065,"$ 150 million of 8 7/8 % bonds due Nov. 29 , 1996 , priced at 101 7/8 to yield 8 7/8 % less full fees via Nikko Securities Ltd .",1.5804425309577725,0.2348054180722439,0.7761855172205578,0.7545105680582893,0.7651945819277561
1066,Fees 1 7/8 .,0.5,0.14285714285714285,1.0,0.75,0.8571428571428571
1067,"Monte dei Paschi di Siena , Singapore branch -LRB- Italian parent -RRB- , via the Law Debenture Trust Corp. --",1.9000000000000012,0.3031092255392515,0.7740040306967391,0.6337508081076305,0.6968907744607484
1068,"10 billion yen -LRB- $ 70 million -RRB- of 6 % bonds due Feb. 24 , 1993 , priced at 101 1/4 , via Daiwa Europe Ltd .",1.4169490014538386,0.2194289948510134,0.8151717169465142,0.7487880106988318,0.7805710051489867
1069,Okobank -LRB- Finland -RRB- --,1.1999999999999997,0.34844660574473535,0.5837513369370433,0.737175493807016,0.6515533942552646
1070,"10 billion yen of 6 % bonds due Nov. 30 , 1992 , priced at 101.225 to yield 6.056 % via IBJ International .",1.219213538701668,0.18781508185447193,0.8449522530587069,0.7818641464674098,0.8121849181455278
1071,"EG&G Inc. said it acquired Laboratorium Prof. Dr. Berthold , a German maker of scientific instruments .",0.7502875001272642,0.11316646511794708,1.0,0.7966764744283666,0.8868335348820533
1072,Terms were n't disclosed .,0.0,0.0,1.0,1.0,1.0
1073,"The Wellesley , Mass. , maker of scientific instruments and electronic parts said Berthold expects 1989 sales of more than 100 million Deutsche marks -LRB- $ 54.5 million -RRB- and employs about 400 people .",1.4249800851693468,0.18191945675376447,0.8518064132087242,0.786923601207308,0.8180805432462355
1074,"Berthold is based in Wildbad , West Germany , and also has operations in Belgium .",0.9756025296523001,0.14953143705395805,0.9568875943093759,0.7653510263028136,0.8504685629460419
1075,"John M. Kucharski , EG&G 's chairman and chief executive , said the acquisition `` will extend EG&G 's core technologies , strengthen its position in the European Economic Community and assure a strength and presence in the Eastern European market . ''",1.6776503601725015,0.2156493120902018,0.8501753594504479,0.7279864688513306,0.7843506879097981
1076,"He said it especially will strengthen the company 's efforts in the rapidly growing field of bio-analytical instrumentation , and in applied nuclear physics .",0.7803910001730765,0.09996131158693852,0.9360557540881093,0.8666906182977426,0.9000386884130612
1077,"Separately , EG&G said it sold most of its Mason Research Institute subsidiary to Transgenic Sciences Inc. , a closely held biotechnology company based in Worcester , Mass .",1.434815188773685,0.19522787368725922,0.8460157568586555,0.7673628582649994,0.8047721263127411
1078,"The sale , for $ 7 million in cash and securities , will leave EG&G with a 12 % stake in Transgenic , executives said .",0.7213418270062846,0.09561102839916764,0.9779496863515413,0.841120458903403,0.9043889716008319
1079,"Mason is the largest toxicology lab in New England , with annual revenue of $ 8 million and 140 employees .",1.0242750002060417,0.14391873579782297,0.8737336228657959,0.8391280544433997,0.8560812642021766
1080,"Mason serves commercial and government customers , including the National Institutes of Health .",0.6253491072973913,0.08947157413170036,0.9176074546284199,0.9035577855167632,0.9105284258682999
1081,"The combined companies will become profitable by January 1990 , said James P. Sherblom , Transgenic 's chairman and chief executive officer .",0.9723707815913167,0.13295635340428505,0.9011399912288031,0.8354334344464913,0.8670436465957149
1082,The Internal Revenue Service said it is willing to let the U.S. Tax Court decide how much oil man William Herbert Hunt will owe the government after his assets are liquidated .,1.5330828133112995,0.1954984701845154,0.876181266937771,0.7436630124330377,0.8045015298154844
1083,The surprise announcement came after the IRS broke off negotiations with Mr. Hunt on a settlement of the one-time tycoon 's personal bankruptcy case .,1.2301955000865394,0.18480464107799457,0.89450328102835,0.7488052313297916,0.8151953589220057
1084,"Although the action removes one obstacle in the way of an overall settlement to the case , it also means that Mr. Hunt could be stripped of virtually all of his assets if the Tax Court rules against him in a 1982 case heard earlier this year in Washington , D.C .",1.4779760186975617,0.18724547914851014,0.8811847986289842,0.7541865610448198,0.8127545208514894
1085,The IRS has been seeking more than $ 300 million in back taxes from Mr. Hunt .,0.5149933824802044,0.07252882658348596,0.9655036172690304,0.8923214695898586,0.9274711734165142
1086,"Separately , a federal judge hearing Mr. Hunt 's bankruptcy case yesterday turned down a proposed $ 65.7 million settlement between Mr. Hunt and Minpeco S.A. , another major creditor in the case .",1.1518017487861805,0.15075552380455756,0.9055123475508887,0.7995603820577751,0.8492444761954424
1087,The Peruvian minerals concern had been seeking a claim of $ 251 million against Mr. Hunt .,0.5882352941176503,0.08001681210673736,0.9663791344692828,0.8778381039203459,0.919983187893263
1088,"In addition to turning down the compromise , Judge Harold C. Abramson said he would allow a claim of only $ 19.7 million .",0.5833333333333348,0.07424360678491801,0.9561808127628161,0.8972083985524034,0.9257563932150822
1089,Minpeco attorneys said they would appeal the decision to a federal district court .,0.19677767872596164,0.02874133870309217,1.0,0.9441232939286259,0.9712586612969077
1090,"Regarding Mr. Hunt 's taxes , he and the IRS have apparently agreed on a basic formula for liquidating his estate in which the IRS would get 70 % of the proceeds from a liquidating trust and 30 % would go to other creditors .",0.8648818786343107,0.10111411226121124,0.9361438963741985,0.8644800600993936,0.8988858877387887
1091,But they have been at odds over how much Mr. Hunt would owe the government after his assets are sold .,0.2857142857142838,0.03727459198023276,0.9748376330257711,0.9509104747016888,0.9627254080197671
1092,The IRS had demanded $ 90 million but Mr. Hunt would agree to no more than $ 60 million .,0.6377443751081726,0.08611055180739073,0.971298872837183,0.8628877526313706,0.9138894481926092
1093,"Grover Hartt III , a government lawyer , warned that Mr. Hunt stood to lose certain oil and gas properties , $ 200,000 in English pottery , a Colorado condominium and other assets he might have kept if he had settled with the IRS .",1.0983538214493462,0.13029758000240485,0.9606604907425315,0.7944788958584903,0.8697024199975953
1094,"`` But they wanted to roll the dice and we 're going to let them , '' Mr. Hartt said .",0.6073755953411162,0.07985657596021002,0.9483762913499179,0.8935429288807584,0.9201434240397898
1095,"Stephen McCartin , Mr. Hunt 's attorney , said his client welcomed the gamble .",0.5836591668108975,0.09897915584028025,0.95220852921112,0.8550557801700246,0.9010208441597196
1096,The Tax Court is n't expected to rule before early next year .,0.3076923076923084,0.043378569057077376,1.0,0.9168497986377478,0.9566214309429227
1097,Japan has found another safe outlet for its money : U.S. home mortgages .,0.6253491072973922,0.08947157413170048,0.9570336748677557,0.8683333996874409,0.9105284258682999
1098,An increasing number of big Japanese investors are buying up U.S. home mortgages that have been pooled and packaged for sale as interest-bearing instruments known as mortgage-backed securities .,0.9949914818025309,0.13649468067162943,0.9115643955778843,0.8202599536179679,0.8635053193283709
1099,"As much as 10 % of new U.S. mortgage securities issued by the Federal National Mortgage Association , or Fannie Mae , and Federal Home Loan Mortgage Corp. , or Freddie Mac , now flow into Japanese hands .",1.3563229987753775,0.193730441193915,0.9073087438283719,0.7254791720762772,0.8062695588060852
1100,That may not come as a surprise to Americans who have watched the Japanese snap up properties in the U.S. from golf courses to a stake in Rockefeller Center .,1.437847596992241,0.20037080584879208,0.7818457541448856,0.818240448152819,0.7996291941512078
1101,"But it marks a big change for the Japanese , who shunned mortgage securities after getting burned by a big downturn in interest rates a few years back .",0.7417163794595512,0.09833339038482232,0.9184618513627936,0.8854745819943272,0.9016666096151777
1102,"`` You ca n't say it 's a `` tsunami '' -LRB- tidal wave -RRB- , but we 're making some headway , '' says Fannie Mae 's chairman , David O. Maxwell , who visits Tokyo at least once a year to explain and drum up investor interest in mortgage securities .",1.5294084910558778,0.17008005958656572,0.8710233283211639,0.7925210564248054,0.8299199404134342
1103,`` Interest is a great deal higher than it was a year ago . '',0.7169925001442312,0.1010305549954095,0.9228521132923115,0.8762917220841228,0.8989694450045904
1104,The steady growth of the mortgage securities market in the U.S. has even triggered talk of building up a similar market here .,1.0762994566158062,0.154419426289988,0.9442720457476719,0.7655666613124877,0.8455805737100124
1105,Evidence of the growing Japanese demand for mortgage securities abounds .,0.6140806820148619,0.10336064156789738,0.936099909688466,0.8603710954403706,0.8966393584321029
1106,"Earlier this year , Blackstone Group , a New York investment bank , had no trouble selling out a special $ 570 million mortgage-securities trust it created for Japanese investors .",1.2375654186000098,0.1526728432513297,0.9466480148805938,0.766868490627586,0.8473271567486702
1107,"Industrial Bank of Japan , which claims to be the biggest Japanese buyer of U.S. mortgage securities , says it will more than double its purchases this year , to an amount one official puts at several billion dollars .",1.4968575745231796,0.1766931277151928,0.8814841552139661,0.7723334526017713,0.8233068722848069
1108,"And a Fannie Mae seminar this week promises to draw hundreds of prospective investors , who can be expected to channel tens of billions of dollars into the market in the next few years .",0.7148442859615374,0.09342924076436103,0.9623049286076771,0.8569391013324733,0.9065707592356388
1109,"`` Last year , there were only several big investors who were interested , '' says Kinji Kato , a vice president at the international arm of Nomura Securities Co .",1.108533160535493,0.13812351183202992,0.9305649326923177,0.8026312990155806,0.86187648816797
1110,"`` This year , some investors are changing their policies and investing a lot . ''",1.0471804688852169,0.1506123471490877,0.887313600844701,0.8145709051351123,0.8493876528509121
1111,"Ultimately , he says , strong demand could help to drive down interest rates on mortgage securities .",0.5702590281383557,0.08287802916369076,0.8832140654048408,0.9537373711734674,0.9171219708363092
1112,"At the moment , Nomura is the only Japanese institution authorized to act as a primary seller of Fannie Mae instruments .",0.5917977276660853,0.08052383562548206,1.0,0.850954078067386,0.9194761643745178
1113,But other Japanese institutions say privately that they are considering asking to join the 59-dealer selling group .,0.6394319446848291,0.08550617805547756,0.9685281604226806,0.8661700581019693,0.9144938219445224
1114,These securities are attractive to Japanese investors for three reasons .,0.545454545454545,0.0990136252655723,0.8721998193769318,0.931737959110796,0.9009863747344274
1115,"First , they are safe .",0.0,0.0,1.0,1.0,1.0
1116,"While they are n't backed by the full faith and credit of the U.S. government , as Treasury bonds are , it is widely assumed that the government would support them if necessary .",1.1110128679652158,0.14034534018611472,0.904148017091305,0.8193349742638522,0.859654659813885
1117,-LRB- U.S. Treasury bonds are still the dollar-denominated investment of choice for long-term Japanese investors -RRB- .,0.7214507356759086,0.10691972368484022,0.9028806164227023,0.8834904077103622,0.8930802763151602
1118,"Second , they are liquid .",0.0,0.0,1.0,1.0,1.0
1119,"The secondary market in federally backed mortgage securities now exceeds $ 900 billion , or nearly half of the $ 2.2 trillion in U.S. residential mortgages issued .",1.2062299111006203,0.15787784065990168,0.8866996331637271,0.8018122685110193,0.8421221593400983
1120,"Third , they offer high yields .",0.0,0.0,1.0,1.0,1.0
1121,"At the moment , some offer as much as 1.6 to 1.8 percentage points over Treasury securities of similar maturities .",0.8211958332303091,0.11834218528281851,0.8986467606719332,0.8652993035140771,0.8816578147171813
1122,"But there is a risk , which the Japanese discovered when they first dipped their toes into the market nearly five years ago .",0.833333333333333,0.1049491803105432,0.9021984712514661,0.8880155322131791,0.8950508196894567
1123,"Since most mortgages can be prepaid or refinanced at any time , issuers of mortgage securities retain the right to buy back their bonds before maturity .",1.2592592592592604,0.17236646215356552,0.8296955349694781,0.8255817644531954,0.8276335378464346
1124,"That 's a headache for long-term investors , since it forces them to reinvest their money -- usually at lower rates than the original mortgage securities carried .",1.0000000000000018,0.13072363782452187,0.8754471162858887,0.8631919906296001,0.8692763621754782
1125,"`` Two or three years ago , the problem was that people did n't understand the prepayment risk , '' says Nomura 's Mr. Kato .",0.7692307692307683,0.0941518229107502,0.9600843946308448,0.8574120335241048,0.9058481770892498
1126,`` So they were surprised and very disappointed by prepayment . '',0.3333333333333339,0.04875723891603064,0.9999999999999998,0.9070190181162898,0.9512427610839692
1127,"Compounding the trouble to Japanese investors , mortgage securities pay interest monthly , since most mortgages require homeowners to make monthly payments .",1.227775259022935,0.19100292417357853,0.7505653582313104,0.8772947078075936,0.8089970758264213
1128,"But Japanese institutional investors are used to quarterly or semiannual payments on their investments , so the monthly cash flow posed administrative problems .",1.3018796874098575,0.18399659386791617,0.8603600303861493,0.7759962322946216,0.8160034061320839
1129,"As a result , Japanese investors steered clear of the mortgage securities .",0.615384615384615,0.09499897752827885,0.9501317970921511,0.8639632116092569,0.9050010224717208
1130,But they did n't lose touch with the U.S. issuers .,0.0,0.0,1.0,1.0,1.0
1131,"Since 1985 , Japanese investors have bought nearly 80 % of $ 10 billion in Fannie Mae corporate debt issued to foreigners , money that Fannie Mae uses to buy mortgages from U.S. banks .",1.4634080271106704,0.1867131085483459,0.8745597214214227,0.7600376329785656,0.8132868914516538
1132,"And Japanese investors took up nearly all of two $ 200 million Real Estate Mortgage Investment Conduits , a kind of collateralized mortgage obligation , that were offered to foreigners this year .",1.1218045457167882,0.13297219351562944,0.9378353822061545,0.8061617323418887,0.8670278064843706
1133,"In addition , further packaging of mortgage-backed securities , such as Blackstone 's fund , have reduced the effects of prepayment risk and automatically reinvest monthly payments so institutions do n't have to .",1.2855737042513748,0.167984997043427,0.9002034856327862,0.7734293863136326,0.8320150029565732
1134,Freddie Mac for years has offered a so-called participation certificate that guarantees it wo n't be prepaid for a set number of years and offers semiannual payments .,0.9649839288804962,0.12469647385570336,0.9088589345302625,0.8441376514924309,0.8753035261442966
1135,"As Georgia-Pacific 's bid for Great Northern Nekoosa has shown , uninvited takeovers are still alive despite premature reports of their demise .",1.1632559783549334,0.16331962033882524,0.8643550340254951,0.8107229024360304,0.8366803796611747
1136,"Therefore , the debate about poison pills will continue to rage in the boardrooms of corporations and the halls of academia .",1.0165694534818295,0.15494264472087954,0.8638817175400162,0.8270358800100288,0.8450573552791202
1137,"Although poison pills come in different colors and shapes , they usually give current shareholders the right to buy more stock of their corporation at a large discount if certain events occur -- typically , if a hostile bidder acquires more than a specified percentage of the corporation 's stock .",1.513418569510483,0.1937187190080515,0.8576732075531285,0.7607000054315755,0.8062812809919488
1138,"However , these discount purchase rights may generally be redeemed at a nominal cost by the corporation 's directors if they approve of a bidder .",1.0038409796196088,0.1309554124017659,0.9558507629596069,0.7966924705256853,0.8690445875982338
1139,"Supporters of poison pills argue that their adoption forces bidders to negotiate with a corporation 's directors , who are thereby put in a better position to pursue the long-term interests of the corporation .",0.7665406120945812,0.09626067997523642,0.9636187176494478,0.8508663686384965,0.9037393200247633
1140,Recent studies by Georgeson & Co. conclude that corporations with poison pills have experienced greater stock-price appreciation than corporations without poison pills during the past few years .,1.2646396262220385,0.17610482440517392,0.9539337684381006,0.7250567059884016,0.8238951755948262
1141,Critics of poison pills argue that they harm shareholders by letting corporate management defeat takeover bids at premium prices and by deterring premium bids from ever being made to shareholders .,1.358283082136679,0.20136660389159347,0.8173836350446513,0.7807241025544897,0.7986333961084062
1142,"These critics are backed by several academic studies showing that the adoption of poison pills reduces shareholder values not merely in the short run , but also over longer periods .",1.4428727726838888,0.19000364701536426,0.8820042302480883,0.7488586404647174,0.8099963529846356
1143,Institutional investors that must evaluate poison pills on a regular basis are interested less in this general debate than in the answers to specific questions about the corporation issuing the pill .,1.1949634674227338,0.1730012459415041,0.8658146640380201,0.7915138720384783,0.8269987540584958
1144,Does this corporation have a high-quality management team with a good track record ?,0.9721171767454875,0.1712194731129291,0.9427564611746483,0.7393907861381974,0.8287805268870709
1145,"Does this team have a viable strategy for improving shareholder values , and does this strategy require implementation over an extended period ?",0.7612945654055219,0.11439489814256117,0.9344444152951783,0.8416174471370541,0.8856051018574392
1146,Will the adoption of this particular form of a poison pill significantly improve the chances for management to carry out this strategy ?,0.7071592394126291,0.1076487414696075,0.960738479895552,0.8330529405719177,0.8923512585303929
1147,"If the answers to these questions are affirmative , then institutional investors are likely to be favorably disposed toward a specific poison pill .",1.3280959575386344,0.18509629297756092,0.889065857861005,0.7521615410001943,0.814903707022439
1148,"However , the problem is that once most poison pills are adopted , they survive forever .",0.7502875001272642,0.10436105065668763,0.9318940048406843,0.8620992382137977,0.8956389493433125
1149,"Although the current management team may be outstanding , who will be the CEO in 10 years ?",0.33333333333333215,0.045414188737144395,1.0,0.91311732856428,0.9545858112628555
1150,"Although the five-year strategy may be excellent , what will be the strategy in 25 years ?",0.23529411764705976,0.03362086553071726,1.0,0.9349454589164965,0.9663791344692828
1151,The solution to this problem is a time-limited poison pill .,0.7958988638330444,0.1475063654532903,0.9999999999999999,0.7429097216466911,0.8524936345467099
1152,"The limit could range from three years to seven years , depending on the composition of the management team and the nature of its strategic plan .",1.050538073207421,0.1517715518520049,0.8534583836898332,0.8430622196000904,0.8482284481479953
1153,"At the end of this period , the poison pill would be eliminated automatically , unless a new poison pill were approved by the then-current shareholders , who would have an opportunity to evaluate the corporation 's strategy and management team at that time .",0.9749845106872712,0.12985820706748832,0.960782884440391,0.7951286643733183,0.8701417929325117
1154,One rare example of a time-limited poison pill is the shareholder rights plan adopted by Pennzoil last year after it received a huge litigation settlement from Texaco .,1.4285714285714288,0.20598136342895046,0.8775781568513346,0.7249881345481879,0.7940186365710495
1155,Pennzoil 's poison pill covers five years in order to give current management enough time to put these proceeds to work in a prudent manner .,1.2220937504160503,0.16623763451643755,0.9218518935139605,0.7610395998872711,0.8337623654835621
1156,"Another interesting example is the poison pill adopted recently by Pittsburgh-based National Intergroup Inc. , a diversified holding company .",0.9132331253245196,0.13321885224455798,0.925906208797228,0.8147538773122551,0.8667811477554418
1157,"The State of Wisconsin Investment Board , which owned about 7 % of the company 's voting stock , worked with management to devise a time-limited poison pill .",1.160396015669078,0.15393976331771045,0.9585385145216552,0.757206916128272,0.8460602366822899
1158,This pill automatically expires after three years unless continued by a vote of the shareholders .,0.625,0.09570273200592783,1.0,0.8253125976409263,0.9042972679940721
1159,"The attitude of the Wisconsin Investment Board reflects a growing receptivity to time-limited poison pills on the part of institutional investors , as shown by the discussions at recent meetings of the Council of Institutional Investors and my informal survey of several retirement plans with large stock positions .",1.477452820312374,0.20418957471049548,0.8596426164484497,0.740802619148075,0.7958104252895043
1160,More widespread time limits on poison pills would allow shareholders to evaluate a specific poison pill within the context of a specific management team 's strategy .,1.2690615743144606,0.1827646417364032,0.9189696255715799,0.7357809413939103,0.8172353582635971
1161,Such concrete analysis is likely to lead to more fruitful dialogue between management and shareholders than the abstract debate about poison pills .,1.390181237001615,0.20160269417528406,0.8785186618440957,0.7316687386953543,0.7983973058247162
1162,Mr. Pozen is the general counsel and a managing director of Fidelity Investments in Boston .,0.9221804688852169,0.14019546515727063,0.9049022499567307,0.8189885123251108,0.8598045348427295
1163,"Michael Blair , former president and chief executive officer of Enfield Corp. , failed to win election to the company 's board at a special shareholder meeting .",1.3432014455156018,0.19131715718162456,0.8846476703364907,0.7447325477631317,0.8086828428183757
1164,"Mr. Blair said after the meeting that he had filed separate lawsuits in the Ontario Supreme Court for unjust dismissal against Enfield and for libel against its largest shareholder , Canadian Express Ltd. , and two executives of Hees International Bancorp Inc. , which controls Canadian Express .",1.522782998537517,0.19888656116686707,0.9046842463917304,0.7188208031742191,0.8011134388331328
1165,Holders at the meeting elected a full slate of Canadian Express nominees to Enfield 's 11-member board .,0.6394319446848291,0.09829202525303767,0.9173765342871439,0.8865656572066333,0.9017079747469623
1166,Mr. Blair and Hees have been feuding for months .,0.4754887502163454,0.07708502369151794,1.0,0.8568636235841013,0.9229149763084817
1167,Yesterday 's election was a sequel to Enfield 's annual meeting in June when Mr. Blair disallowed proxies in favor of two Hees nominees .,1.298575737868405,0.17816175810461451,0.9117764831444941,0.7480500821854688,0.8218382418953856
1168,The Ontario Supreme Court overturned Mr. Blair 's decision .,0.9609640474436807,0.1819011294483217,1.0,0.6921889235638041,0.8180988705516782
1169,"He later resigned from his executive positions with Enfield , saying that actions by its board `` amounted to -LCB- my -RCB- dismissal . ''",0.7698044999134588,0.10350833270916308,0.8811130861862588,0.9124166070201474,0.8964916672908367
1170,Mr. Blair said his libel suit seeks 10 million Canadian dollars -LRB- US$ 8.5 million -RRB- from Canadian Express and Hees executives Manfred Walt and Willard L'Heureux .,1.572825000618133,0.210539349048707,0.8967188875148485,0.7051199272170938,0.7894606509512929
1171,"He said his suit against Enfield seeks two years severance pay , equivalent to C$ 720,000 .",0.5149933824802044,0.06723210627838418,0.9681183349461695,0.8999081203174193,0.932767893721616
1172,Hees and Canadian Express executives could n't be reached for comment .,0.5629072918469555,0.08519839307066586,0.9477324542020785,0.8840824070190841,0.9148016069293342
1173,Enfield is a holding company with interests in manufacturing concerns .,0.3636363636363624,0.05873068689683949,1.0000000000000002,0.8890545298748629,0.9412693131031605
1174,"It is 38.5 % owned by Canadian Express , another holding company .",0.3076923076923084,0.043378569057077376,1.0,0.9168497986377478,0.9566214309429227
1175,Hees is a merchant bank controlled by Toronto financiers Peter and Edward Bronfman .,1.1149743196026298,0.17942879123764477,0.8992273977070544,0.7545684606643066,0.8205712087623552
1176,All the concerns are based in Toronto .,0.0,0.0,1.0,1.0,1.0
1177,Buying 51 % of Rockefeller Group Inc. is right up Mitsubishi Estate Co. 's alley in one sense : The huge Japanese real estate company is entering a long-term relationship with a similarly conservative U.S. owner of tony urban property .,1.6265133388795272,0.22182268903854838,0.8805067759816683,0.6971562165008097,0.7781773109614516
1178,"But in another sense , the $ 846 million purchase is uncharacteristically nervy , industry analysts say .",0.26416041678686053,0.03565388036444947,1.0,0.9311471119059531,0.9643461196355506
1179,The usually cautious giant will become the majority owner of the company that owns New York 's beloved Rockefeller Center at a time when tensions over Japanese purchases of U.S. property are at an all-time high .,1.4493419704173087,0.18838848921294643,0.9005617035746746,0.7386533173397988,0.811611510787054
1180,"Officials of Rockefeller Group and Mitsubishi Estate prefer to focus on the affinities , nearly dismissing the threat of a backlash from the U.S. public .",0.6294049221769331,0.0889094632208587,0.9544662385785282,0.8714858761245605,0.911090536779141
1181,"`` We think there will be positive as well as negative reactions , '' says Raymond Pettit , senior vice president and chief financial officer of Rockefeller Group .",1.201888033526668,0.15567900193084488,0.855225789206804,0.833690794788013,0.8443209980691553
1182,"`` On balance , we think it will be positive . ''",-8.881784197001252e-16,-1.299153822281444e-16,1.0,1.0,1.0
1183,But some Japanese government officials and businessmen worry that the prominent purchase is just the sort of deal that should be avoided for the time being .,0.708126499213475,0.0929731385117657,0.9514893700039185,0.866534252936886,0.9070268614882347
1184,"In particular , they criticize the timing , coming as it does on the heels of Sony Corp. 's controversial purchase of Columbia Pictures Entertainment Inc .",0.6424065914054244,0.0848582638237775,0.9468969404872641,0.8854473110832024,0.9151417361762227
1185,"`` Officially , yes , we encourage the free flow of direct investment , '' says a Foreign Ministry official .",0.8337988097298528,0.11014684607376435,0.9218025970184978,0.8600442397575853,0.8898531539262354
1186,`` But they did n't have to choose this particular moment . '',0.1538461538461542,0.021228846046425227,1.0,0.9584248993188739,0.9787711539535747
1187,"During the past year , government officials and leading business organizations have repeatedly urged Japanese companies to refrain from flashy real estate purchases in the",1.3705865002596127,0.1842898079856744,0.888568011073232,0.7538948509743225,0.8157101920143253
1188,"Since the mid-1980s , Japan 's other major real estate purchases in the U.S. include Dai-Ichi Seimei America Corp. 's $ 670 million purchase of an office building at 153 East 53rd St. in Manhattan in 1987 and Mitsui Fudosan Inc. 's $ 610 million purchase of the Exxon Building , part of Rockefeller Center , in 1986 .",1.743963609992898,0.23400434711267312,0.8921211363966846,0.6711153260610072,0.7659956528873266
1189,"In Los Angeles , Arco Plaza was sold to Shuwa Corp. for $ 620 million in 1986 , and Sumitomo Life Insurance Co. paid $ 300 million for Atlanta 's IBM Tower last year .",1.72015948016983,0.2376525607393932,0.9126249700127335,0.654563620269823,0.7623474392606066
1190,"Altogether , annual Japanese investment in U.S. commercial real estate grew from about $ 1.3 billion in 1985 to about $ 7.1 billion in 1988 .",1.3420712688300416,0.2058282090192809,0.8448267956269074,0.7492476219470974,0.7941717909807189
1191,Many Japanese companies have taken the warnings by the country 's leaders to heart and sought development partnerships rather than landmark properties .,1.200419151062471,0.16786607795633868,0.8725014824972551,0.7953365120942564,0.8321339220436615
1192,Critics say Mitsubishi Estate 's decision to buy into Rockefeller reflects the degree to which companies are irritated by the pressure to act for the good of Japan .,0.9746435347065665,0.13086191030510028,0.9259184077880057,0.8189193035094775,0.8691380896949001
1193,"`` Those who have no money and are n't buying think it 's right to refrain , but those with money who want to buy for themselves pay no attention , '' says an official of the Japan-U.S . Business Council .",1.7831869759424084,0.21736650095001908,0.8087957433185778,0.75811076966799,0.7826334990499811
1194,"But to Mitsubishi Estate , the acquisition has just the elements that should win support from both sides .",0.605777631806677,0.08110531843017794,0.9320300546488567,0.9061244044218562,0.9188946815698218
1195,"First of all , it is a friendly acquisition in which Rockefeller sought out Mitsubishi Estate and asked it to buy a majority share .",1.0007820003461525,0.1281914852234514,0.8808346969419576,0.8629654443006087,0.8718085147765484
1196,"Secondly , the two companies found a similarity in their business and development philosophies and intend to cooperate in a range of activities from real estate to telecommunications .",0.9351522578884053,0.12577182503952555,0.9074767495988969,0.8433298457911701,0.8742281749604744
1197,"Finally , Mitsubishi Estate has no plans to interfere with Rockefeller 's management beyond taking a place on the board .",0.48879345269001817,0.06550397525130308,1.0000000000000002,0.8770460237168914,0.9344960247486969
1198,"`` We 'll continue to work with them , in keeping with the reputation of the company , and we 'll rely very much on their leadership , '' says Mitsubishi Estate President Jotaro Takagi .",1.0038601524282686,0.12685842479432707,0.9020167899088165,0.8460577133555391,0.8731415752056731
1199,"Rockefeller may well have found its match in Mitsubishi Estate , a company of long history , strong government ties and sound resources .",1.0629072918469555,0.1367314699697204,0.9306593458448924,0.8049785033956567,0.8632685300302796
1200,"In asset terms , Mitsubishi Estate is the largest real estate firm in Japan .",1.0843108337660263,0.16112870347447997,0.8990332205497195,0.7862562353535116,0.8388712965255198
1201,"The core of its holdings is 190,000 square meters of incredibly expensive property in the Marunouchi district , the business and financial center of Tokyo , often jokingly called `` Mitsubishi Village . ''",1.349244205321388,0.1661671901825513,0.9055857319102787,0.7726156049149128,0.8338328098174488
1202,The Mitsubishi family company acquired that property from the government some 100 years ago when it was a portion of samurai residential land running from the moat of the Imperial Palace east toward the hodgepodge of tiny shops and twisted alleys that made up the merchants ' district .,1.775764792925572,0.2291730552462893,0.841070045570696,0.7114123790718604,0.77082694475371
1203,"At the time , Japan had just opened its doors to the world after about 250 years of isolation and needed a Western-style business center .",0.9370972298692397,0.120289809477917,0.9493335713350025,0.8196012747620831,0.8797101905220827
1204,"Mitsubishi built the government 's dream development , the story goes , in exchange for the official decision to locate Tokyo 's central railway station there .",1.1111111111111116,0.1490652490059465,0.955370628825167,0.7670815974807339,0.8509347509940535
1205,"That was just an early step in a relationship with government that has earned the Mitsubishi group the dubious moniker of `` seisho , '' literally government-business , a title that has the pejorative connotation of doing the government 's bidding , but also suggests the clout inherent in maintaining such close ties .",1.5160608395025088,0.18651494291097087,0.8980634239340075,0.7434664213796316,0.8134850570890292
1206,Mitsubishi Estate is one of the dozens of companies in today 's Mitsubishi group .,0.5836591668108966,0.08848499730627853,1.0,0.8374162298511115,0.9115150026937212
1207,"It 's known for its cautiousness in part because it has had little need for bold overseas ventures : In the year ended March 31 , 57.4 % of its total revenue came from office building management .",1.719106749871334,0.2262081425366266,0.861914489907166,0.7020172143057405,0.7737918574633734
1208,"Its earnings can rise 10 % to 12 % annually simply from the natural turnover of tenants and automatic rent increases , says Graeme McDonald , an industry analyst at James Capel Pacific Ltd .",1.0221267860233532,0.12879362196752825,0.9379823714578129,0.8133062167550124,0.8712063780324721
1209,"For the latest fiscal year , the company 's net income jumped a robust 19 % to 35.5 billion yen -LRB- $ 250.2 million -RRB- .",1.0140203067923155,0.1351758198137076,0.9059544763755448,0.8272663229457391,0.8648241801862918
1210,"For Mitsubishi Estate , the Rockefeller purchase will catapult it firmly into the overseas real estate business , the one area where it has lagged notably behind Japanese competitors such as Mitsui , which had purchased the Exxon Building .",1.0754887502163442,0.13289322520461308,0.9077392443819474,0.8299560572695108,0.8671067747953864
1211,"`` Japanese companies need to invest in overseas real estate for diversification , '' says Yoshio Shima , an industry analyst at Goldman Sachs -LRB- Japan -RRB- Corp .",1.1815400864307062,0.14898426849639773,0.9244298459889513,0.7884041721654657,0.8510157315036025
1212,Rockefeller is n't the first overseas purchase for Mitsubishi Estate -- it has already played a leading role in designing Los Angeles 's Citicorp Plaza .,1.1215869022588532,0.15246792122159622,0.9152012263387607,0.7891807693646576,0.8475320787784039
1213,But the Rockefeller investment is its largest .,0.5,0.09090909090909091,0.8333333333333333,0.9999999999999999,0.9090909090909091
1214,"Nonetheless , it will barely make a dent in Mitsubishi Estate 's finances , analysts say .",0.4705882352941204,0.06300515534991198,0.9674727294582484,0.9083785779402596,0.9369948446500885
1215,"Mitsubishi Estate has n't decided how it will raise the funds for the purchase , which are due in cash next April , but the Marunouchi holdings alone are estimated to have a market value of as much as 10 trillion yen to 11 trillion yen .",1.3081690096885925,0.1519444883330194,0.8904032711157616,0.809553007107376,0.8480555116669799
1216,"Moreover , as a member of the Mitsubishi group , which is headed by one of Japan 's largest banks , it is sure to win a favorable loan .",0.5999999999999996,0.07380554619404864,0.9495552688933208,0.9039554778792903,0.9261944538059513
1217,Analysts say the company also could easily issue new convertible bonds or warrants .,0.33963482158310665,0.050664190610350136,1.0000000000000002,0.9035577855167632,0.9493358093896503
1218,"Meanwhile , at home , Mitsubishi has control of some major projects .",0.1538461538461533,0.02319877930363233,0.9546544038697523,1.0,0.9768012206963674
1219,"It is the largest private-sector landowner of the Minato-Mirai 21 project , a multibillion-yen development in the port city of Yokohama , about an hour outside Tokyo .",0.856220301822753,0.12993519973772713,0.909366149048943,0.8340198000275987,0.8700648002622725
1220,The project is one of a select group of public projects opened to U.S. firms under a U.S.-Japan construction trade agreement reached last year .,1.2905865002596144,0.18083710858253688,0.9013281900725238,0.7507264814240033,0.819162891417463
1221,"The centerpiece of that complex , the Landmark Tower , will be Japan 's tallest building when it is completed in 1993 .",0.6530239134197346,0.08482539964973917,0.9445670406756597,0.8875561877234152,0.9151746003502608
1222,"Mitsubishi is also pushing ahead with a controversial plan to redevelop Marunouchi into a business center of high-tech buildings , a project budgeted for 30 years and six trillion yen .",0.810303725121412,0.10107156621624744,0.9362224909761219,0.8644917429186109,0.8989284337837526
1223,"Time Warner Inc. and Sony Corp. may be today 's public enemies , but the two entertainment giants could end up becoming partners in a number of ventures as part of a settlement of their acrimonious legal dispute over Hollywood producers Peter Guber and Jon Peters .",1.2838020516518558,0.16230832366399928,0.9326448560948057,0.7602864210218316,0.8376916763360004
1224,"The Warner Bros. studio and Sony signaled they are close to a settlement yesterday , asking a Los Angeles Superior Court to postpone a hearing scheduled for tomorrow on Warner 's request for a preliminary injunction blocking Mr. Guber and Mr. Peters from taking the top posts at Columbia Pictures Entertainment Inc .",1.7192311396149114,0.21360302690570337,0.892207028931435,0.7030229418245226,0.7863969730942969
1225,"In separate statements , the two sides said they want to have `` further discussions . ''",0.5149933824802053,0.06936275813450865,0.9362366698923388,0.9251043935637094,0.9306372418654916
1226,Sony is acquiring Columbia and Guber-Peters Entertainment Co. in two separate transactions valued at more than $ 5 billion .,0.6804820237218401,0.09703986470960095,0.9693811063119043,0.8450576746831558,0.9029601352903989
1227,"Warner Communications Inc. , which is being acquired by Time Warner , has filed a $ 1 billion breach-of-contract suit against Sony and the two producers .",0.7262829805347,0.09443852143559026,0.9215820312205131,0.890088403297599,0.9055614785644102
1228,Warner has a five-year exclusive contract with Mr. Guber and Mr. Peters that requires them to make movies exclusively at the Warner Bros. studio .,0.8905865002596158,0.11974874631874025,0.9033534250331688,0.8583012375394986,0.8802512536812598
1229,"The two sides in the legal battle have hurled accusations of duplicity at each other for weeks , and both Warner and Sony have accused each other of trying to sabotage each other 's prospects for success in the entertainment business .",0.982407736400952,0.12527248138145625,0.9504516955744989,0.8101791081742619,0.8747275186185434
1230,"But it may amount to little more than posturing ; the two have continued on-again , off-again settlement talks over the last few weeks , and people familiar with the talks say the matter could be resolved within a week .",1.5204560104301796,0.1849919620192864,0.8559002439223513,0.7778450617109518,0.8150080379807139
1231,Both Warner and Sony declined to comment on the terms of the settlement discussions .,0.4503258334775637,0.06593232622615089,0.9999999999999998,0.8762917220841228,0.9340676737738488
1232,But the people familiar with the talks said that Warner is n't expected to get any cash in the settlement .,0.5714285714285694,0.07548710092268701,0.9735042410035102,0.8802162504560049,0.9245128990773128
1233,"Instead , Sony is likely to agree to let Warner participate in certain of its businesses , such as the record club of Sony 's CBS Records unit .",1.0696396554708247,0.13680467507474095,0.9178845301785626,0.8146566233556891,0.8631953249252592
1234,"Warner has surpassed Sony as the largest record company , but it does n't have a powerful world-wide record club like CBS .",0.8854142598521877,0.12438683307245045,0.8606068744343521,0.8911520721440602,0.8756131669275496
1235,The two sides are also discussing certain business ventures involving cable rights to Columbia 's movies .,0.5882352941176485,0.08548927554551003,0.9304188918582538,0.8991374034078486,0.9145107244544901
1236,"In addition , Sony is expected to agree to swap Columbia 's 35 % stake in the sprawling Burbank , Calif. , studio that Warner and Columbia share , in exchange for the old MGM studio lot that Warner acquired with the purchase of Lorimar Telepictures Corp .",1.7563283859124645,0.22004326168970936,0.9134047229345504,0.6805314284552538,0.779956738310291
1237,"Still , it may be tough for the two to have a smooth partnership in anything , in the wake of sworn affidavits filed over the last week .",0.5087892242125331,0.06837654381823872,0.980491025454226,0.8873957458249996,0.9316234561817611
1238,"One , for example , came from CBS Records Chairman Walter Yetnikoff , who will head a committee that will oversee Sony 's entertainment division , including both records and movies .",1.1128012648261523,0.1354593780263001,0.9284675072767076,0.8088496692698696,0.8645406219737
1239,"In his affidavit , Mr. Yetnikoff accused Warner Chairman Steven J. Ross of having an `` antiSony , anti-Japanese bias '' and said that Mr. Ross had tried to talk him out of letting Sony buy CBS Records two years ago for that reason .",1.4482925174171992,0.17057730212445826,0.9004901539553274,0.7687521205016307,0.8294226978755417
1240,"Mr. Ross , who will be chairman and co-chief executive officer of Time Warner after the merger is complete , denied that in his own affidavit , and called Mr. Yetnikoff 's remarks `` vicious '' and his claims `` reckless , irresponsible and baseless , '' saying Warner under his leadership has started a number of businesses in Japan .",1.8921122427855668,0.22451009728616267,0.8316047506530043,0.726469358345819,0.775489902713837
1241,"Mr. Ross also said he enjoys `` warm professional and personal relationships '' with Japanese executives including Sony Chairman Akio Morita , `` who has visited my home here . ''",1.387727419633995,0.17061729204078577,0.8618898811718987,0.7992385038665623,0.8293827079592141
1242,"But despite the acrimony between Mr. Ross and Mr. Yetnikoff , officials of the Time side of Time Warner have reportedly been increasingly interested in a settlement that might yield attractive business opportunities .",0.94164742444128,0.12107937493027328,0.9606896745558682,0.8099792824263887,0.8789206250697266
1243,"Time executives such as the company 's president , N.J . Nicholas , who will eventually be co-chief executive of Time Warner alongside Mr. Ross , have no personal relationships or ego at stake in the fight over the Guber-Peters duo , and were never directly drawn into the fray .",1.7977158689492247,0.22341421804337644,0.847058008817494,0.7169389961888383,0.776585781956624
1244,"Talks between the two sides could unravel , of course , as they have more than once since Sony announced its plans to hire Mr. Guber and Mr. Peters .",0.8243018651066842,0.10470666808712314,0.9174731874594285,0.874160556447058,0.8952933319128767
1245,But both sides appear to be more willing now to meet each other 's terms to resolve the issue .,0.4754887502163463,0.069746450542233,0.930253549457767,0.930253549457767,0.930253549457767
1246,"And although Warner has said it wanted the producers to fulfill the terms of their contract , the producers said in sworn court declarations that they did n't believe the relationship could be repaired after the acrimony of the legal battle .",1.2268044627459629,0.15666116681664632,0.8690553864743528,0.819100513805998,0.8433388331833537
1247,Any settlement is also expected to exclude Mr. Guber and Mr. Peters from any of the projects they were working on at Warner .,0.8170683531015346,0.10718064465743432,0.9533117014217538,0.8395460057611418,0.8928193553425657
1248,"The Guber-Peters duo have 50 projects in various stages of development and production at Warner , including `` Bonfire of the Vanities '' and `` A Bright Shining Lie . ''",1.3349702575888456,0.17404642080742247,0.8731586563700625,0.7835907599835664,0.8259535791925777
1249,But that does n't mean Mr. Guber and Mr. Peters might not eventually get their hands on some of their projects ; studios develop hundreds of movies but produce only 10 to 20 each year .,1.2249962630586069,0.15467385761337038,0.8876994387313305,0.8068138263188508,0.8453261423866295
1250,"Once a studio chooses not to actually make a movie that is in development , producers are typically free to take it elsewhere .",0.7966423116151562,0.10565618864920408,0.9445005981482552,0.8492454563307934,0.894343811350796
1251,"Mr. Guber and Mr. Peters also almost certainly would n't be able to participate in future sequels to `` Batman , '' the blockbuster hit they produced for Warner .",1.2088220835496797,0.1473282276836775,0.9229980395106909,0.7923035496882838,0.8526717723163225
1252,"But in acquiring Guber-Peters Entertainment , Sony will actually get a piece of the profits from `` Batman , '' since the publicly held concern gets certain revenue from the movies Mr. Guber and Mr. Peters produce .",1.0198654605832491,0.12547381738473862,0.95746391873508,0.8048115474787645,0.8745261826152614
1253,The two producers own a combined 28 % stake in Guber-Peters .,0.5,0.07496336164077998,1.0,0.860528527174435,0.9250366383592199
1254,"Southern Co. 's Gulf Power Co. subsidiary pleaded guilty to two felony charges of conspiracy to make illegal political contributions and tax evasion , and paid $ 500,000 in fines .",1.446094239461626,0.19939786205890722,0.8118668537894107,0.7896457417535048,0.8006021379410929
1255,Gulf Power 's guilty plea before U.S. District Judge Robert L. Vining yesterday marks the end of only one part of a wide-ranging inquiry of Southern Co .,1.3867471936896587,0.21648184921439165,0.9366202003011714,0.6734366738421994,0.7835181507856085
1256,The company is the subject of a federal grand jury investigation into whether its officials and its utility subsidiaries conspired to cover up their accounting for spare parts to evade federal income taxes .,1.1440175574188167,0.15526247845642405,0.9136535177674769,0.7854888607456231,0.8447375215435758
1257,"`` The terms announced today are strictly between the United States and Gulf Power , '' said U.S. Attorney Robert L. Barr .",1.4241255435723268,0.19575145281123504,0.884867623966725,0.7370930127579293,0.8042485471887652
1258,`` This is only a further step in a lengthy investigation . '',0.21191442324334364,0.03382033323940702,1.0,0.934572126022259,0.966179666760593
1259,"The plea settlement does not allow Southern Co. to charge any of the $ 500,000 to its customers , or take action against employees who provided information during the federal inquiry .",0.9253012648261514,0.1141594943917792,0.9199235010122853,0.8541928197750602,0.885840505608221
1260,"Gulf Power had been under investigation for violating the Utility Holding Company Act , which prohibits public utilities from making political contributions .",0.6202027176734966,0.0860254034768308,0.9742855439217631,0.8606952027914042,0.9139745965231693
1261,"In a statement , Southern Co. President Edward L. Addison said , `` We believe our decision to plead -LRB- guilty -RRB- to these charges is responsible and proper .",1.125814583693912,0.1380582726211888,0.8864171720991653,0.8387815801659741,0.8619417273788114
1262,"And our action today will allow Gulf Power to avoid prolonged , distracting legal proceedings . ''",1.1032286765978547,0.16137560858109853,0.8297350121017109,0.8477063064857853,0.8386243914189019
1263,"He did not say what effect , if any , the $ 500,000 fine would have on the company 's earnings .",0.7049897729239527,0.08980490192580388,0.951572513494709,0.8722661757891871,0.910195098074196
1264,"Mr. Barr said yesterday 's plea by Gulf Power , which came after months of negotiations , was based on evidence that Gulf Power had set up an elaborate payment system through which it reimbursed outside vendors -- primarily three Florida advertising agencies -- for making illegal political contributions on its behalf .",1.7403553010854242,0.21521048622532907,0.8364754611966687,0.7391192232704047,0.7847895137746709
1265,"The Appleyard Agency , for example , allegedly made contributions from 1982 to 1984 to various funds for political candidates , then submitted bills to Gulf Power .",0.6698174107915538,0.09671073842905191,0.9091263067268871,0.8975266917392557,0.9032892615709484
1266,"The contributions were funded by monthly payments of $ 1,000 to $ 2,000 to Appleyard in the guise of a `` special production fee '' -- in effect , hiding the nature of the payments from the Internal Revenue Service , federal prosecutors said .",1.0802928456019405,0.13443107743368007,0.9227428316831917,0.8150667147228351,0.8655689225663201
1267,"The government also indicated that former Gulf Power senior vice president Jacob F. `` Jake '' Horton was the mastermind behind the use of the ad agencies -- Appleyard , Dick Leonard Group II Inc. and Hemmer & Yates Corp. -- to make payments to various political candidates from 1981 to 1988 .",1.9003629591554922,0.24100642315792217,0.8454283297831388,0.6885932964635347,0.7589935768420778
1268,"Mr. Horton , who oversaw Gulf Power 's governmental-affairs efforts , died mysteriously in a plane crash in April after learning he might be fired following the uncovering of irregularities in a company audit .",1.2096770407896376,0.149500339455975,0.9068907047160627,0.8007109419459598,0.8504996605440247
1269,Government officials declined to say whether the investigation includes the ad agencies or the politicians involved .,0.5593985296662902,0.07927839181241121,1.0,0.8530900045552093,0.9207216081875887
1270,"In New York Stock Exchange trading , Southern Co. rose 50 cents a share to $ 27.125 .",1.2222222222222232,0.18548570161270614,0.8695722911577459,0.7660132670761458,0.814514298387294
1271,` Frequent Drinker ' Offer Stirs Up Spirited Debate,1.1949875002403858,0.23226811204890577,0.8162983545263642,0.7246199192766691,0.7677318879510941
1272,"TO GRAB a bigger piece of the declining scotch market , Seagram Co. has launched a controversial `` frequent drinker '' promotion for its Chivas Regal brand .",1.3256934099558473,0.1762700264361567,0.8784584087982593,0.7754208350487513,0.8237299735638433
1273,"Under the program , dubbed Chivas Class , customers who send in two labels from Chivas bottles will receive an upgrade in seating class on some Trans World Airlines flights .",1.1888629991055906,0.15663819184868435,0.866809162669066,0.8211495548055693,0.8433618081513153
1274,Repeat customers also can purchase luxury items at reduced prices .,0.3636363636363642,0.06390009031153418,0.936099909688466,0.936099909688466,0.936099909688466
1275,"But at a time of mounting concern over alcohol abuse , some liquor marketers consider Seagram 's frequent buyer promotion risky .",0.9498453160108946,0.13369642655573705,0.9713060579920665,0.7817887489408427,0.8663035734442623
1276,"`` I 'm surprised they 're doing this , '' says Penn Kavanagh , president of Schieffelin & Somerset Co. , which markets Johnnie Walker scotches .",1.4224582206135823,0.1951069619192906,0.8085759178693849,0.8012435555382736,0.8048930380807094
1277,"`` I would be very leery of anything that says if you drink more , you get more . ''",0.6754887502163465,0.08925157976417725,0.9107484202358227,0.9107484202358227,0.9107484202358227
1278,Others question the impact on Chivas 's upscale image of a promotion that has customers soaking off labels .,0.7507717108679124,0.10250799637730977,0.9292436381193487,0.8678385403073833,0.8974920036226898
1279,"`` It 's really bizarre , '' says Albert Lerman , creative director at the Wells Rich Greene ad agency .",1.3506918084095378,0.18169251521837435,0.9141313198248502,0.7406670459379892,0.8183074847816258
1280,"`` Chivas has an image of something you would savor , rather than guzzle . ''",0.25,0.03333333333333333,1.0,0.9354838709677419,0.9666666666666666
1281,Chivas Class is n't the first such promotion .,0.44444444444444464,0.07538827312875093,0.9999999999999999,0.8597933880952316,0.924611726871249
1282,"Last year , J&B Scotch offered 500 TWA frequent flier miles in exchange for a label .",1.2652808826074677,0.19650097338230882,0.8339738547747827,0.7751728862185694,0.8034990266176913
1283,And Dewar 's gave discounts on Scottish merchandise to people who sent in bottle labels .,1.0165414066556497,0.15096868757171011,0.8278621479013305,0.8713115155684644,0.8490313124282897
1284,But the scope of Seagram 's Chivas promotion sets it apart .,0.33333333333333304,0.04875723891603052,1.0,0.90701901811629,0.9512427610839694
1285,The current campaign is just the first leg of an aggressive three-to-five-year direct marketing plan .,1.1006025296523,0.18959441916960082,0.9495401493182859,0.706834303804484,0.8104055808303989
1286,Seagram says the promotion is designed to build brand loyalty rather than promote heavy drinking .,0.875,0.12280701754385964,0.9615384615384615,0.8064516129032256,0.8771929824561402
1287,"Seagram asks customers to buy only two or three bottles over a 12-month period , says Richard Shaw , vice president of U.S. direct marketing .",0.9999999999999982,0.12595503873446848,0.9575423079071497,0.8039415460956443,0.8740449612655313
1288,`` We 're not asking them to save up 50 proof-of-purchases .,0.33333333333333304,0.04875723891603052,0.9512427610839695,0.9512427610839695,0.9512427610839695
1289,"We 're not saying drink more , we 're saying trade up . ''",0.6792696431662097,0.10673607823331356,0.8412409373541702,0.9521453180972216,0.8932639217666862
1290,Goya Concocts a Milk For Hispanic Tastes,0.2857142857142856,0.05361503543831442,0.8982265179691366,1.0,0.9463849645616855
1291,MOST FOOD companies these days are trimming the fat and cholesterol content of their products to appeal to health-conscious consumers .,1.047619047619044,0.14382134661150942,0.9064920784453807,0.8111566710160096,0.85617865338849
1292,But Goya Foods Inc. believes it can milk some sales by bucking the trend .,0.39999999999999947,0.05395357506286694,0.9633722166723707,0.929332815661081,0.9460464249371328
1293,"The Secaucus , N.J. , company has formed a joint venture with a distributor called La Lecheria to market a higher-fat milk targeted at Hispanic consumers .",1.064995833413466,0.13924934713410528,0.9492146102042942,0.7873701172975004,0.8607506528658954
1294,"To give Leche Fresca the creamier taste Goya says Hispanics prefer , the new brand has a butterfat content of 3.8 % .",1.0921484990766865,0.14823679415806282,0.8918114680931595,0.8151572284263309,0.8517632058419373
1295,That compares with 3.5 % butterfat for whole milk .,0.4754887502163454,0.08243038523439633,1.0,0.847693881548703,0.9175696147656035
1296,"A spokesman for Borden Inc. , the nation 's largest milk producer , concedes Goya may be on to something .",1.1602156179333445,0.16017407720536986,0.9141313198248504,0.776692292117618,0.83982592279463
1297,"Borden sells considerably more whole milk than reduced-fat milks in southern and Hispanic markets , he says .",0.7777777777777768,0.1059664403866705,0.9672446082717254,0.8311254154755863,0.8940335596133294
1298,"Borden even tested a milk with 4 % butterfat in the South , but decided the market was too small .",0.9883279762934949,0.1381700199175,0.9418003120793613,0.7943776315230463,0.8618299800824993
1299,Goya is selling Leche Fresca in nearly 500 grocery stores and bodegas in New York and parts of New Jersey .,1.3886314027966709,0.2116104998931253,0.8894044803449093,0.7079799837931541,0.7883895001068743
1300,"And it 's adding 15 to 20 new outlets a day , says Greg Ricca , sales director at La Lecheria .",0.8181818181818192,0.10574861750414795,0.9500670946015735,0.8446300176780949,0.8942513824958518
1301,"Because of Leche Fresca 's success , he says , the joint venture is developing other dairy products tailored to Hispanic tastes .",0.93520760888378,0.11781396130504984,0.9526807256090075,0.8214052304028517,0.88218603869495
1302,Jewelry Makers Copy Cosmetics Sales Ploys,1.6666666666666663,0.4757475776542761,0.7336804366512109,0.40783617806826944,0.5242524223457237
1303,"FOR YEARS , costume jewelry makers fought a losing battle .",0.7272727272727257,0.11746137379367912,0.9376048001573349,0.8335817948122942,0.8825386262063206
1304,Jewelry displays in department stores were often cluttered and uninspired .,0.5454545454545459,0.0855828602604144,1.0,0.8423282765538793,0.9144171397395856
1305,"And the merchandise was , well , fake .",0.0,0.0,1.0,1.0,1.0
1306,"As a result , marketers of faux gems steadily lost space in department stores to more fashionable rivals -- cosmetics makers .",1.8079289777644236,0.2609176924579138,0.7924417793010492,0.6924554652816658,0.739082307542086
1307,"But lately , retailers say , fake has become more fashionable .",0.5,0.0789067729448968,0.8974872852425805,0.9459744918689593,0.9210932270551033
1308,And jewelry makers are beginning to use many of the same marketing tricks honed in the aggressive world of cosmetics .,0.39355535745192416,0.05484076830671598,0.9999999999999998,0.8960207645467682,0.9451592316932839
1309,"Last year , the total women 's fashion jewelry business topped $ 4.9 billion , says Karen Alberg , editor of Accessories magazine .",0.9276942711037668,0.12080416699911639,0.9999999999999998,0.784433051631915,0.8791958330008834
1310,"And it 's growing fast , with annual sales gains of more than 10 % .",0.7193609377704329,0.10231800145096741,0.8820006249019293,0.9139310739506653,0.8976819985490325
1311,"To increase their share of that business , jewelry makers such as Crystal Brands Inc. 's Trifari and Monet units and Swank Inc. , maker of Anne Klein jewelry , are launching new lines with as much fanfare as the fragrance companies .",1.5153781269472129,0.19348979627686852,0.8674304521666372,0.7535853748295424,0.8065102037231315
1312,"They 're hiring models to stroll the aisles sporting their jewels , and they 're even beginning to borrow a perennial favorite of the beauty business -- offering a gift when consumers make a purchase .",1.3088726521878788,0.16481318855176275,0.8769318194377834,0.7972356200436311,0.8351868114482368
1313,"`` We 've started trying just about anything to keep sales moving in the stores , '' says Kim Renk , a Swank vice president .",0.7794100964034758,0.09551675228920693,0.9342280577004604,0.8765740780196777,0.9044832477107929
1314,But there are limits .,0.0,0.0,1.0,1.0,1.0
1315,Ms. Renk says retailers nixed a promotion for pins with animal motifs .,0.8272990386279613,0.13203220784509564,0.9464536648194254,0.8015022035805714,0.8679677921549044
1316,Her idea : bring in live zoo animals .,0.22222222222222232,0.036324900793189584,1.0,0.9298966940476159,0.9636750992068105
1317,"Trifari , whose national ads earlier this year included paper cutouts of its costume finery , takes a tamer approach .",1.2554537131714403,0.17107292405255228,0.8558886781121097,0.8036122490232208,0.8289270759474477
1318,"The company focuses on the how-to aspects , says Andrew E. Philip , president .",0.5836591668108975,0.08715508189603591,1.0,0.8396639387564937,0.9128449181039641
1319,Trifari now trains sales help to advise customers on the best earring styles .,0.4824919644402499,0.07047275413188385,0.9570336748677557,0.9035577855167632,0.9295272458681165
1320,But cosmetics firms still have one big marketing edge : They motivate sales people with commissions .,0.8449722339176633,0.12318519391279352,0.9488673116029895,0.8149326654993049,0.8768148060872065
1321,Jewelry makers rarely pay commissions and are n't expected to anytime soon .,1.23076923076923,0.19947281163139446,0.8892142185244476,0.7279264232185142,0.800527188368605
1322,Odds and Ends,0.666666666666667,0.26631956334878915,1.0,0.5793801642856952,0.7336804366512111
1323,"DESPITE GROWING interest in the environment , U.S. consumers have n't shown much interest in refillable packages for household products .",1.345936309832874,0.19806649792111206,0.823488837350085,0.7814778311653827,0.8019335020788875
1324,"Procter & Gamble Co. recently introduced refillable versions of four products , including Tide and Mr. Clean , in Canada , but does n't plan to bring them to the U.S. .",1.6179511722130409,0.20527038179580942,0.8603774479181018,0.7383896068625101,0.7947296182041906
1325,Marketers believe most Americans wo n't make the convenience trade-off ... .,0.16666666666666785,0.023798446194546546,1.0,0.9535095090581449,0.9762015538054536
1326,"Braumeisters Ltd. tests a beer brewed with oat bran , rather than rice or corn .",0.8506025296523001,0.12792174530782288,0.9206197368373451,0.8283992772422001,0.8720782546921771
1327,"Called Otto 's Original Oat Bran Beer , the brew costs about $ 12.75 a case .",1.3888023808492251,0.204653278332159,0.851514260798367,0.7461305006142585,0.7953467216678409
1328,"No cholesterol , of course .",0.0,0.0,1.0,1.0,1.0
1329,"Northwest Airlines settled the remaining lawsuits filed on behalf of 156 people killed in a 1987 crash , but claims against the jetliner 's maker are being pursued , a federal judge said .",0.7166037640176537,0.09140237712125787,0.9471673116497522,0.8730462257844316,0.908597622878742
1330,"Northwest , a unit of NWA Inc. , and McDonnell Douglas Corp. , which made the MD-80 aircraft , also are pursuing counterclaims against each other in the crash near Detroit Metropolitan Airport .",1.228659926788744,0.16150124064546706,0.9644268670763143,0.7416582216093542,0.8384987593545327
1331,Terms of the settlements for the remaining 145 lawsuits against Northwest were n't disclosed .,0.31699250014423086,0.04805729459306267,1.0,0.9082926194188223,0.9519427054069373
1332,A total of 157 lawsuits were filed on behalf of crash victims .,0.3657605770894996,0.06100172581990699,1.0000000000000002,0.8850110714518084,0.9389982741800935
1333,U.S. District Judge Julian A. Cook Jr. announced the settlements as the jury trial was to begin yesterday .,1.302888815903338,0.2077509011923951,0.8872198422838891,0.7156443267572375,0.7922490988076045
1334,He reset opening arguments for today .,0.0,0.0,1.0,1.0,1.0
1335,"The jury will resolve the claims against McDonnell Douglas , Northwest 's claim that a defect in the aircraft caused the crash , and McDonnell Douglas ' claim that the plane was improperly flown .",1.06175027024943,0.1372939726472853,0.9831584628334334,0.7685468973031034,0.8627060273527144
1336,The National Transportation Safety Board ruled that pilots failed to set the plane 's wing flaps and slats properly for takeoff and failed to make mandatory preflight checks that would have detected the error .,1.4145650001236252,0.1803500193901604,0.8442529668156289,0.796440336828965,0.8196499806098395
1337,"Also , a cockpit warning system failed to alert the pilots the flaps and slats were not set for takeoff , the NTSB said .",0.8407820003461541,0.10995026221668731,0.9470689604397032,0.8395064239306966,0.8900497377833125
1338,"The only passenger who survived the crash was Cecelia Cichan , then 4 , of Tempe , Ariz. , whose parents and brother died in the crash .",0.9555316965058411,0.12418866347042906,0.952017440764861,0.8109011617659588,0.8758113365295712
1339,She now lives with relatives in Alabama .,0.0,0.0,1.0,1.0,1.0
1340,"Sun Myung Moon , the Korean evangelist-industrialist who in 1954 founded the Unification Church , remains the mystery man behind a multimillion-dollar political and publishing operation based in this country and catering to the American right .",1.3010531212815586,0.17294958228629004,0.8761879019066108,0.7831316217554102,0.82705041771371
1341,But there may be less there than meets the eye .,0.18181818181818166,0.026987823344141793,0.9474427588512931,1.0,0.9730121766558583
1342,"Mr. Moon planned to convert millions of Americans to his unique brand of Christianity -- in which he plays the role of Old Testament-style temporal , political messiah -- and then to make the U.S. part of a unified international theocracy .",1.3006950115021594,0.1562635879962091,0.9068723288259906,0.7888192789102102,0.843736412003791
1343,His original strategy -LRB- in itself a brilliant innovation for spreading a religion -RRB- was to create new economic enterprises each time he wanted to extend and fund his various religious missions .,1.2460428932958711,0.16012791745190127,0.8879361901999719,0.7967442093176732,0.8398720825480986
1344,Tax-exempt airport and street-corner solicitations were intended only to provide start-up funds .,0.5196067309356529,0.07551026578730628,1.0,0.8595824360039366,0.9244897342126939
1345,"More stable industries were to build an economically viable infrastructure for the Moon movement in North America , as they had in Japan and South Korea .",1.1390699074875368,0.1475059773215655,0.9174169573126099,0.7961526135957873,0.8524940226784344
1346,Then he would move his movement to Europe .,0.0,0.0,1.0,1.0,1.0
1347,But that was not to be .,0.0,0.0,1.0,1.0,1.0
1348,Throughout the 1970s and early 1980s spokesmen for both the Unification Church and its opponents in the anticult movement gave wildly exaggerated membership figures .,1.134581119064011,0.15906665287911734,0.925904876750604,0.7702467702352228,0.840933347120883
1349,Their legacy lives on .,0.0,0.0,1.0,1.0,1.0
1350,"It is still common to read in the press that the church has 10,000 or more full-time American members and 25,000 `` associates . ''",0.8603910001730757,0.10826176004481536,0.9100600879234334,0.874139564422748,0.8917382399551844
1351,"Some estimates have gone as high as 80,000 members .",0.1999999999999993,0.03309145580571036,0.9359370254787319,1.0,0.9669085441942895
1352,"But internal church documents clearly show that at its publicity-seeking heights , as when it organized a spectacular Yankee Stadium bicentennial rally in 1976 , there actually were only about 2,000 full-time Unification Church members in the U.S.",1.858662907449756,0.23332794145170532,0.8286169277480406,0.7133445965477455,0.7666720585482949
1353,"Mr. Moon 's support for a Watergate-beleaguered Richard Nixon , the Koreagate scandal , and his prison sentence for income-tax evasion did not help the church 's recruitment efforts .",1.3618250990757783,0.1856621484204267,0.8884880176648459,0.7516109745831548,0.8143378515795733
1354,"Defections , burnouts , and abduction `` deprogrammings '' kept member turnover high .",0.822126786023353,0.1263475282478999,0.9521453180972217,0.8071155710335265,0.8736524717521003
1355,That the membership number has even kept close to its 1976 size is the result of the `` graying '' of the church .,1.3799756449484901,0.2103501036500678,0.7992960029795686,0.7802338367706471,0.7896498963499322
1356,"Many of the enthusiastic young `` Moonies '' of the Nixon era who remained faithful to Father Moon are now parents , producing new members by procreation rather than conversion .",0.9519282259460304,0.1182043988265821,0.9263212884077453,0.841354052579741,0.881795601173418
1357,The reputed wealth of the Unification Church is another matter of contention .,0.5776750003328432,0.09790890096400776,0.9999999999999999,0.8216447632803786,0.9020910990359925
1358,"For a while in the 1970s it seemed Mr. Moon was on a spending spree , with such purchases as the former New Yorker Hotel and its adjacent Manhattan Center ; a fishing/processing conglomerate with branches in Alaska , Massachusetts , Virginia and Louisiana ; a former Christian Brothers monastery and the Seagram family mansion -LRB- both picturesquely situated on the Hudson River -RRB- ; shares in banks from Washington to Uruguay ; a motion picture production company , and newspapers , such as the Washington Times , the New York City Tribune -LRB- originally the News World -RRB- , and the successful Spanish-language Noticias del Mundo .",2.492572688787356,0.30781986664273353,0.7855959956777528,0.6186195739059654,0.6921801333572667
1359,Yet these purchases can be misleading .,0.0,0.0,1.0,1.0,1.0
1360,"Most were obtained with huge inputs of church money from South Korea and Japan , minimum cash downpayments and sizable mortgages .",1.1938482957495644,0.17229445752728997,0.8781383316336216,0.7827509900684461,0.8277055424727102
1361,"Those teams of young fund-raisers selling flowers , peanuts or begging outright at traffic intersections brought in somewhere near $ 20 million a year during the mid-to-late 1970s , but those revenues were a pittance compared to the costs of Mr. Moon 's lavish international conferences , speaking tours , and assorted land buys .",2.1925850031430443,0.2683891953026084,0.7946868612866901,0.677811411465629,0.7316108046973919
1362,"Only his factories in Japan and Korea , employing his followers at subsistence wages and producing everything from rifles to ginseng to expensive marble vases , kept the money flowing westward .",1.4991927640949116,0.19150137165954198,0.8785470170668848,0.7487955917698649,0.8084986283404584
1363,"Virginia Commonwealth University sociologist David Bromley , who more than any other researcher has delved into the complex world of Unificationist finances , has concluded that profitable operations in the U.S. have been the exceptions rather than the rule .",0.9729921134635982,0.12744821806816697,0.9466400932440229,0.8092186878715394,0.8725517819318327
1364,"Likewise , journalists John Burgess and Michael Isikoff of the Washington Post have estimated that at least $ 800 million was transferred from Japan to the U.S. to deal with the church 's annual operating losses in this country .",1.4041199259095123,0.17422454783912286,0.872161323921111,0.7840744765259001,0.8257754521608768
1365,Mr. Moon 's two English-language U.S. newspapers illustrate the scope of this financial drain .,1.033985000288463,0.15875394408122692,0.858827517368695,0.8243699906804047,0.841246055918773
1366,"Start-up costs for the Washington Times alone were close to $ 50 million , and the total amount lost in this journalistic black hole was estimated at $ 150 million by 1984 .",0.7523915582821363,0.09601606836680222,0.9542035911461876,0.8587860877740088,0.903983931633198
1367,"Since then , Moon 's organization has inaugurated a pair of high-quality glossy opinion magazines , The World and I and Insight , which are a further drain .",1.116018206089664,0.14201907740940817,0.9169478533800337,0.8061398166848999,0.8579809225905922
1368,"Insiders say that not even their editors know for sure how much these show-piece publications , along with the newspapers , have cost Mr. Moon .",1.5045929030293737,0.2066492475797435,0.8465683637449352,0.7464282251123857,0.7933507524202562
1369,"Many American church-owned businesses , such as a $ 30 million factory to build fishing vessels , are defunct .",0.9804820237218399,0.13137248674755675,0.97007283736735,0.7863907367006359,0.8686275132524431
1370,Some components of the American church had their budgets cut in half last year and again this year .,0.8818361843243903,0.12259701470275305,0.9677188884640892,0.80250616367548,0.8774029852972466
1371,The relatively small academic conferences that have attracted conservative guests -- and press scrutiny -- in recent years are much more narrowly targeted and austere than the thousand-person get-togethers in fancy digs and exotic locales of years past .,2.141024509906858,0.285215028296009,0.8190263089359227,0.6340823264927384,0.7147849717039908
1372,I attended several of these in the dual role as a presenter of research findings as well as an investigator of my hosts .,0.7389723955629011,0.11644713958224373,0.9276828717639686,0.8434307356416095,0.8835528604177565
1373,-LRB- Mr. Moon 's Paragon House eventually even published three of my co-edited books on religion and politics . -RRB-,0.799999999999998,0.10465921651824997,0.9447807922298855,0.8508178202482748,0.8953407834817497
1374,"According to veteran watchers of Unificationist affairs , such as Dr. J. Gordon Melton , director of the Institute for the Study of American Religion , almost all operations are being drastically reduced as Mr. Moon now concentrates more on developing his empire in the Far East .",1.6211153651692731,0.21183936568482972,0.8653230650146305,0.7236329672031067,0.7881606343151702
1375,"`` Everything , '' one non-`` Moonie '' senior consultant to the Unification Church recently told me in an interview , `` is going back to Korea and Japan . ''",1.2343439518222707,0.15467610815328095,0.8708275599143412,0.8212715557523627,0.8453238918467189
1376,-LRB- Europe had proved even less hospitable than North America .,0.7958988638330426,0.12998587208595652,0.879875768611275,0.8603710954403706,0.8700141279140434
1377,European politicians were less reluctant to have their governments investigate and harass new religions . -RRB-,1.0165414066556506,0.15096868757171023,0.9195742865820103,0.7885403016122344,0.8490313124282898
1378,"So Mr. Moon is in retreat , refocusing on the Far East .",0.9230769230769225,0.14249846629241827,0.9475144363545471,0.7831071547146135,0.8575015337075816
1379,South Korea and Japan continue to be profitable .,0.5283208335737166,0.09090909090909056,1.0,0.8333333333333333,0.9090909090909091
1380,"Moon 's Tong'Il industry conglomerate is now investing heavily in China , where church accountants have high hopes of expanding and attracting converts even in the wake of the bloody massacre in Tiananmen Square .",1.2283919559911665,0.15530347349265444,0.9247830768576909,0.7773755237929425,0.844696526507345
1381,Panda Motors is one such investment .,0.0,0.0,1.0,1.0,1.0
1382,"According to senior consultants to the church , Mr. Moon has successfully negotiated a joint venture with the Chinese government to build an automobile-parts plant in Guangdong Province , an area of China with a substantial Korean minority .",0.9585661021860048,0.1276612088682103,0.9586467581247139,0.8002880258862681,0.8723387911317899
1383,Mr. Moon has agreed to put up $ 10 million a year for 25 years and keep the profits in China .,0.7049897729239527,0.09193417579036477,0.9503708049068891,0.86936667618756,0.9080658242096353
1384,"In return , he has the government 's blessing to build churches and spread Unificationism in that country .",0.6315789473684159,0.08485288017830903,0.9417848385068812,0.8899748111509226,0.9151471198216902
1385,"Whatever respectability and ties to intellectuals and opinion-makers the publications and conferences bring really are salvage -- not the Rev. Moon 's original final goals , but the ones for which he will have to settle .",1.653007012398116,0.20196664617541946,0.8371260855330873,0.7624288870160324,0.7980333538245808
1386,"Mr. Shupe is co-author -LRB- with David G. Bromley -RRB- of `` ` Moonies ' in America : Cult , Church , and Crusade '' and `` Strange Gods : The Great American Cult Scare .",1.451796180735843,0.19653479446797167,0.8227255876831935,0.7850859837182064,0.8034652055320282
1387,The Manville Personal Injury Settlement Trust said it is considering several ways to ease a liquidity crunch that could include the sale of Manville Corp. to a third party .,0.909565215926766,0.12269457115210752,0.9242102950155562,0.8349315731270764,0.8773054288478928
1388,"In a filing with the Securities and Exchange Commission , the majority holder of Manville acknowledged that the cash portion of its initial funding of $ 765 million will be depleted next year , and that alternative sources of funds will be necessary to meet its obligations .",1.2907914779345848,0.15807239927647448,0.8959543557485226,0.7940460000082904,0.8419276007235257
1389,"The trust , which was created as part of Manville 's bankruptcy-law reorganization to compensate victims of asbestos-related diseases , ultimately expects to receive $ 2.5 billion from Manville , but its cash flow from investments has so far lagged behind its payments to victims .",1.103715215938414,0.12792910260974993,0.9344364725552928,0.8175092086128045,0.8720708973902505
1390,Spokespersons for both the trust and the company refused to comment on whether any talks with a possible acquirer of Manville had actually taken place .,0.8930492672643675,0.12272114729319604,0.9540188405415443,0.8119654480276064,0.8772788527068035
1391,"The trust is considering a sale of its Manville holdings , but Manville has the right of first refusal on any sales of its stock held by the trust .",1.2788175992200106,0.1815472027289302,0.8606655476136003,0.7801872373649795,0.81845279727107
1392,"Manville , a forest and building products concern , has offered to pay the trust $ 500 million for a majority of Manville 's convertible preferred stock .",0.8665950895175127,0.11057667603981815,0.9352615972727774,0.847868299200104,0.8894233239601815
1393,"Manville and the trust are discussing the offer , but no decision has been made .",0.6721804688852169,0.10367621836518699,0.9207767444026481,0.8731360084470111,0.8963237816348129
1394,The filing also said the trust is considering a sale of Manville securities in the open market ; an extraordinary dividend on the common stock ; or a recapitalization of Manville .,0.7199470750723762,0.10152495632461493,0.9807585265134837,0.828929668058651,0.898475043675385
1395,"The Soviet Union 's jobless rate is soaring to 27 % in some areas , Pravda said .",0.7086048612313034,0.09285573298694781,0.9396715985979786,0.8767935008761801,0.9071442670130521
1396,It said the situation is caused by efforts to streamline bloated factory payrolls .,0.4285714285714297,0.05963862700507131,0.9594344915881373,0.9220318027381575,0.940361372994929
1397,"Unemployment has reached 27.6 % in Azerbaijan , 25.7 % in Tadzhikistan , 22.8 % in Uzbekistan , 18.8 % in Turkmenia , 18 % in Armenia and 16.3 % in Kirgizia , the Communist Party newspaper said .",0.5866816543906728,0.09156497930015278,0.9826842069726068,0.8446177910620069,0.908435020699847
1398,"All are non-Russian republics along the southern border of the Soviet Union , and all but Kirgizia have reported rioting in the past six months .",1.2738236722601428,0.1674442597932654,0.932078390807972,0.7522357805395143,0.8325557402067342
1399,The newspaper said it is past time for the Soviet Union to create unemployment insurance and retraining programs like those of the West .,0.9481203125901443,0.12379331690236234,0.9526791441977592,0.8110989952274366,0.8762066830976376
1400,"Pravda gave no estimate for overall unemployment but said an `` Association of the Unemployed '' has cropped up that says the number of jobless is 23 million Soviets , or 17 % of the work force .",1.4548476977669536,0.18212058912420018,0.8858260399983666,0.7596137981182223,0.8178794108757999
1401,"An 11-week dispute involving Australia 's 1,640 domestic pilots has slashed airline earnings and crippled much of the continent 's tourist industry .",1.1791050208158147,0.15679186046068833,0.9152220359170886,0.7817003463165404,0.8432081395393114
1402,"`` The only people who are flying are those who have to , '' said Frank Moore , chairman of the Australian Tourist Industry Association .",1.0392134618713023,0.13154388459907948,0.9570778067177358,0.7948555734422418,0.8684561154009204
1403,He added : `` How is a travel agent going to sell a holiday when he can not guarantee a return flight ? '',0.7337350197682015,0.09520845693662783,0.9543767376686734,0.860104326050661,0.9047915430633722
1404,"Transport giant TNT , which owns half of one of the country 's two major domestic carriers , said the cost of the dispute had been heavy , cutting TNT 's profits 70 % to $ 12 million in the three months to Sept. 30 .",1.4608773799138675,0.1752484903837152,0.888847107649247,0.7692781417818569,0.8247515096162849
1405,"Brazilian financier Naji Nahas , who was arrested on Monday after 102 days in hiding , is likely to be interrogated next week by the Brazilian judiciary .",0.9555316965058385,0.12247210643528168,0.9410904454945039,0.8220083137221808,0.8775278935647184
1406,"Mr. Nahas , who single-handedly provoked a one-day closure of Brazil 's stock markets in June when he failed to honor a debt of $ 31.1 million owed to his brokers , yesterday blamed his predicament on the president of the Sao Paulo stock exchange ; a few days before Mr. Nahas 's failure , the exchange raised the required margin on stock-margin transactions .",1.8723881886063598,0.2231607306078309,0.8361514267083935,0.7253843428294124,0.7768392693921687
1407,China 's parliament ousted two Hong Kong residents from a panel drafting a new constitution for the colony .,0.842105263157892,0.12508651442001228,0.9142967345947893,0.8387829845091896,0.8749134855799875
1408,"The two , Szeto Wah and Martin Lee , were deemed unfit because they had condemned China 's crackdown on its pro-democracy movement .",0.931855332358345,0.12042477933242204,0.9449853380165482,0.8226340318532441,0.8795752206675779
1409,"The committee is formulating Hong Kong 's constitution for when it reverts to Chinese control in 1997 , and Chinese lawmakers said the two can only return if they `` abandon their antagonistic stand against the Chinese government and their attempt to nullify the Sino-British joint declaration on Hong Kong . ''",1.3715220465189129,0.15554646077401577,0.8831696089953,0.8089893565244682,0.8444535392259839
1410,NUCLEAR REACTOR FOR ISRAEL ?,0.40000000000000036,0.09425390072448082,1.0,0.8277293767706427,0.9057460992755192
1411,"Israeli officials confirmed that Energy Minister Moshe Shahal and his Canadian counterpart , Jake Epp , discussed a possible Israeli purchase of a $ 1.1 billion Canadian nuclear reactor for producing electricity .",1.5689223488126478,0.20906648787944074,0.8539122463877221,0.7366064519424165,0.7909335121205594
1412,"However , a Canadian Embassy official in Tel Aviv said that Canada was unlikely to sell the Candu heavy-water reactor to Israel since Israel has n't signed the Nuclear Non-Proliferation Treaty .",1.5099503222343955,0.20633742953509462,0.9138989906729036,0.7013853451405242,0.7936625704649053
1413,Israel has been accused in the past of using subterfuge to seek elements needed to develop nuclear weapons .,0.46078355274544247,0.06223867331250861,1.0,0.8828160283066655,0.9377613266874909
1414,The South Korean government is signing a protocol today establishing formal diplomatic relations with Poland .,1.297180468885216,0.1935275838568601,0.9153351576804232,0.7207518749639421,0.8064724161431397
1415,The two are also signing a trade agreement .,0.44444444444444464,0.07538827312875093,0.9999999999999999,0.8597933880952316,0.924611726871249
1416,"South Korean government officials said they do n't expect that Seoul can loan money to Warsaw , but it can `` offer experience . ''",0.9705865002596124,0.12642576343288983,0.8503358159106364,0.8981184869788355,0.8735742365671099
1417,Poland is the second Communist nation to recognize the Seoul government ; South Korea established diplomatic relations with Hungary in February 1989 .,1.0878065221153896,0.14625816148107043,0.9388653270843301,0.7827708645021313,0.8537418385189302
1418,"Venezuela will hold a debt-equity auction Friday , with 32 potential bidders participating .",0.571428571428573,0.08113101682372587,0.9188689831762745,0.9188689831762745,0.9188689831762745
1419,"Earlier this year , Venezuela announced it was opening up debt-equity swaps to foreign investors but said the program would be limited to a net disbursement of $ 600 million a year .",1.0493694085785075,0.12443078791346587,0.9275973028784829,0.8290675648697426,0.8755692120865344
1420,Friday 's auction will be limited to $ 150 million disbursed by the Central Bank to potential investors .,0.6057776318066752,0.07888190670939602,0.9606195618959648,0.8847369790711469,0.9211180932906032
1421,"The office of foreign investment has authorized some $ 1.78 billion worth of investment proposals , said Edwin Perozo , superintendent of foreign investment .",1.050586500259616,0.13939544339958745,0.9446022254915255,0.790325746553585,0.8606045566004127
1422,"Most of the proposals are in tourism , basic industry and fishery and agro-industry projects , he said .",0.7110407897014159,0.09940128639604325,0.927907899382744,0.8748510401546399,0.9005987136039567
1423,"Under the debt-equity program , potential investors will submit sealed bids on the percentage of discount they are willing to purchase the debt at , and the bids will be allocated based on these discount offers .",1.3968560647455082,0.1880799332413864,0.8504974946487289,0.7766904285876532,0.8119200667586136
1424,The Venezuelan central bank set a 30 % floor on the bidding .,0.8272990386279595,0.13885059653290258,0.9999999999999998,0.7561566074503239,0.8611494034670971
1425,A song by American singer Tracy Chapman praising jailed black leader Nelson Mandela was banned from South African state radio and television .,1.6467088252577051,0.25214311432220954,0.839293421887169,0.6743861194132568,0.7478568856777903
1426,The South African Broadcasting Corp. said the song `` Freedom Now '' was `` undesirable for broadcasting . '' ...,1.0754887502163468,0.1500325923977196,0.927609294913575,0.7843190653309781,0.8499674076022803
1427,Britain 's House of Commons passed a law that will force English soccer fans to carry identity cards to enter stadiums .,0.9211210230222928,0.12475125234284258,0.8903484863718296,0.8606526315747561,0.8752487476571575
1428,"The `` anti-hooligan '' law , which would deprive troublemakers of cards , must be ratified by the House of Lords and is expected to become effective early next year .",0.8874120969137724,0.10889317521888055,0.9072318353437888,0.8755450113546366,0.8911068247811197
1429,"A federal judge ruled that Imelda Marcos was n't brought to the U.S. against her will and that marital privileges , which protect spouses from incriminating each other , do n't apply in her case .",1.3399675265979853,0.16606250191170294,0.8441367159703795,0.8239818004452316,0.8339374980882972
1430,"As a result , Judge John F. Keenan of New York ordered Mrs. Marcos to turn over to the court all pleadings and documents she may have filed in foreign countries in opposition to U.S. requests for evidence .",1.3655995119533682,0.17664868708600012,0.8962714751853043,0.7614039033165163,0.8233513129139999
1431,Mrs. Marcos had claimed that she did n't have to turn over the documents because she was brought here involuntarily and because providing the materials would violate her marital privilege .,1.0407955647254976,0.12535528694041415,0.9072318353437886,0.8443174314184059,0.8746447130595858
1432,"In 1988 , a year and a half after Mrs. Marcos and her late husband , Ferdinand Marcos , the ousted president of the Philippines , fled the Philippines for Hawaii , they were charged with racketeering , conspiracy , obstruction of justice and mail fraud in a scheme in which they allegedly embezzled more than $ 100 million from their homeland .",1.5862273725566745,0.20266354559579464,0.8499182545377922,0.7508817357948294,0.797336454404205
1433,"Much of the money was fraudulently concealed through purchases of prime Manhattan real estate , federal prosecutors have charged .",0.8245112497836518,0.12004472053065733,0.8929562769377478,0.8673274252825217,0.8799552794693426
1434,Mrs. Marcos 's trial is expected to begin in March .,0.4322625001966802,0.06663929502024596,1.0,0.875048115456911,0.9333607049797542
1435,U.S. law requires criminal defendants to turn over foreign documents such as those sought in the Marcos case .,0.776573026429654,0.10640567556579561,0.9393532649641412,0.8520864339404854,0.8935943244342042
1436,"The law is meant to overcome delays caused by defendants ' use of foreign procedures to block U.S. requests for records , Judge Keenan said in his opinion .",0.4658543104940325,0.061120844195158675,0.981089622276689,0.9001509981871831,0.9388791558048413
1437,"For instance , the documents could involve foreign business dealings or bank accounts .",0.4824919644402472,0.07477077868228656,0.9543308029927584,0.8978499788073995,0.9252292213177132
1438,"The U.S. has charged that the Marcoses ' alleged crimes involved bank accounts in the Philippines , Hong Kong , the U.S. and other countries .",1.029034134698593,0.14033626086687173,0.8768435642099616,0.8431441795330308,0.8596637391331279
1439,"On the allegation of kidnapping , Judge Keenan wrote , `` The suggestion that Mrs. Marcos was brought to this country against her will is unsupported by affidavit or affirmation . ''",1.464711418852401,0.19684527105381475,0.8538672507395968,0.7581282946482872,0.8031547289461852
1440,The judge also said the two marital testimonial privileges cited by Mrs. Marcos do n't apply .,0.47058823529411953,0.061080948039827276,1.0000000000000002,0.8848703331208349,0.938919051960173
1441,The first one permits a witness to refuse to testify against her spouse .,0.6253491072973922,0.09743778699777902,0.9529943552357747,0.8571995023148344,0.9025622130022211
1442,But Judge Keenan said that privilege 's purpose is `` fostering harmony in marriage . '',0.75,0.10344827586206896,0.9629629629629629,0.8387096774193549,0.896551724137931
1443,"Because Mr. Marcos died Sept. 28 , the privilege can no longer apply , the judge said .",0.37527152789797125,0.053036742685165346,0.9999999999999998,0.8992689608343094,0.9469632573148346
1444,The second marital privilege cited by Mrs. Marcos protects confidential communications between spouses .,0.5364125003090674,0.08622394789568585,0.9352523683539503,0.8932639217666865,0.9137760521043143
1445,"But Judge Keenan said that privilege is meant to protect private utterances -- not litigation papers filed with foreign governments , as Mrs. Marcos 's attorneys maintained .",0.7857142857142874,0.09747361649937704,0.9378036998906337,0.8698068994613823,0.9025263835006236
1446,"Though Judge Keenan threw out most of Mrs. Marcos 's objections , he agreed with one of her concerns : that turning over the foreign documents could violate the defendant 's constitutional right against self-incrimination .",1.1149712635393758,0.13556081480030854,0.8943420460895296,0.8364712683547582,0.8644391851996911
1447,"As a result , he said he will examine the Marcos documents sought by the prosecutors to determine whether turning over the filings is self-incrimination .",0.7982649039293621,0.10067456553542446,0.9392107473997848,0.8626897274718008,0.8993254344645755
1448,Judge Keenan also directed the prosecutors to show that Mrs. Marcos 's Fifth Amendment right against self-incrimination wo n't be violated .,0.9777170456512243,0.13220089376734756,0.9463790586693246,0.8012680432794466,0.8677991062326522
1449,"Mrs. Marcos 's attorney in New York , Sandor Frankel , declined to comment on the ruling .",0.8616541669070497,0.12649937267966213,0.9999999999999998,0.7754115523761864,0.8735006273203372
1450,Mrs. Marcos has n't admitted that she filed any documents such as those sought by the government .,1.0147034725827995,0.14285714285714274,0.8902516496070951,0.8264084183730028,0.857142857142857
1451,"Charles LaBella , the assistant U.S. attorney prosecuting the Marcos case , did n't return phone calls seeking comment .",1.180482023721841,0.1671272108725781,0.9671209031295831,0.7313522275310342,0.8328727891274218
1452,U.S. . AND BRITISH LAW FIRMS announce rare joint venture in Tokyo .,0.6734528847818053,0.10490354572408672,0.9999999999999999,0.8101127539502293,0.8950964542759131
1453,"Sidley & Austin , a leading Chicago-based law firm , and Ashurst Morris Crisp , a midsized London firm of solicitors , are scheduled today to announce plans to open a joint office in Tokyo .",1.5241879278688018,0.1971327180797348,0.8774237790791093,0.7399889075279211,0.8028672819202651
1454,The firms will be registered under Japanese law as foreign legal consultants and their practice with Japanese clients will be limited to advising them on matters of foreign law .,0.9632198984079929,0.13840176163765236,0.8547316722586059,0.8685760243516936,0.8615982383623478
1455,The office may also be able to advise foreign and multinational clients on international law and general matters .,0.5713027880143846,0.08410839187345745,0.9672673020082982,0.8696982243033277,0.9158916081265421
1456,"The office will provide `` one-stop shopping '' for Japanese financial institutions and other clients seeking advice on access to the world capital markets , according to A. Bruce Schimberg , Sidley 's senior banking specialist , who will move to Tokyo from Chicago to open the office next year .",1.8933330437585658,0.23523760547339012,0.8333555972750819,0.7066022173848465,0.7647623945266099
1457,"The Sidley-Ashurst venture will also be staffed by another Sidley partner specializing in corporate law , a partner from Ashurst concentrating on acquisitions and a Japanese attorney .",1.0435457481740578,0.13882026567781136,0.9225414162240572,0.8074717655003945,0.8611797343221885
1458,"The office will tap the resources of Sidley 's 700 lawyers in the U.S. , London and Singapore as well as the 400 Ashurst staff members in London and Brussels .",1.35535523970979,0.18457673980535905,0.8824370886442812,0.7578693271911462,0.815423260194641
1459,Ashurst is new to the Far East .,0.5943609377704346,0.10995202064513891,1.0,0.8018796874098555,0.8900479793548612
1460,Sidley will maintain its association with the Hashidate Law Office in Tokyo .,1.2007415749566785,0.20377643951522267,0.8840447819029706,0.7242740063643949,0.7962235604847774
1461,THE UNITED AUTO WORKERS said it will seek a rehearing of a U.S. appellate court ruling against the union 's claim that the state of Michigan engages in wage-discrimination against female employees .,1.2701862715422312,0.17193223195809082,0.9201881685264697,0.7527133388139713,0.8280677680419092
1462,A three-judge panel of the court in Cincinnati made the ruling Saturday .,0.9434355774223393,0.17046856277679673,0.8625593835819957,0.7989395352438047,0.8295314372232033
1463,The UAW is seeking a hearing by the full 14-judge panel .,0.3962406251802877,0.06488283545628397,1.0,0.8781408934467744,0.9351171645437157
1464,"The union sued the state in November 1985 , alleging that it intentionally segregated job classifications by sex and paid employees in predominantly female jobs less than males in comparable jobs .",1.1332707033278258,0.14923343658700844,0.9057627880216486,0.8020665789258306,0.8507665634129917
1465,The UAW also charged that the state applied its own standards for determining pay in a discriminatory manner .,1.001028947823884,0.14585354841749415,0.8918282707922907,0.8195198321262929,0.8541464515825052
1466,"In November 1987 , a district court judge in Detroit ruled against the UAW .",0.8176441670993615,0.1319603107414806,0.9527618899788689,0.7971545224922265,0.8680396892585196
1467,"The union is the bargaining representative for more than 20,000 Michigan state employees .",1.0539205358688193,0.16795345586857124,0.8848778277256081,0.7851683743387783,0.8320465441314288
1468,NEW JERSEY MERGER :,0.0,0.0,1.0,1.0,1.0
1469,"One of the largest law firms in central New Jersey has been created through the merger of Norris , McLaughlin & Marcus , a 41-lawyer firm , and Manger , Kalison , McBride & Webb , a health-care specialty law firm with 14 lawyers .",1.6325560440561864,0.21507257309891853,0.8873461469153682,0.7037048405541877,0.7849274269010819
1470,"Norris McLaughlin is a general-practice firm that has expanded recently into such specialties as banking , labor and environmental work .",0.8930898810554,0.1189107079262311,0.9455662176280251,0.8248442404884417,0.8810892920737685
1471,The merged firm will carry Norris McLaughlin 's name .,0.40000000000000124,0.06406297452126825,1.0,0.8795880017344075,0.9359370254787319
1472,DRUG WARS :,4.440892098500626e-16,1.4009454786722165e-16,1.0,1.0,1.0
1473,A Texas legislator proposes color-coding drivers ' licenses of some drug offenders .,0.6734528847818062,0.10010557226100221,1.0,0.8180073353228104,0.8998944277389977
1474,The bill would authorize courts to order the licenses as a condition of probation .,0.500651666955128,0.0837238679998196,0.9535893787980598,0.8817730067029115,0.9162761320001802
1475,"State Senator J.E. `` Buster '' Brown , a Republican who is running for Texas attorney general , introduced the bill .",1.4164208844877324,0.19841145517057035,0.9030878248714038,0.7205993903876189,0.8015885448294295
1476,He said an altered license would be an `` embarrassment '' to teenagers and young adults and would act as a deterrant to drug use .,0.8272990386279568,0.10679950808447672,0.9497908735783065,0.8429744404309126,0.8932004919155228
1477,"Richard Avena , executive director of the Texas Civil Liberties Union , called the proposal `` political gimmickry , '' and said it fails to recognize the drug problem as a health issue .",1.0107214110764788,0.1311257003042912,0.9439936006618298,0.8048291581649644,0.8688742996957087
1478,"The amendment , offered by Rep. Douglas Bosco -LRB- D. , Calif. -RRB- , was approved 283-132 during debate on a bill designed to strengthen the Transportation Department 's authority in dealing with leveraged buy-outs of airlines .",1.1159571567517546,0.144044841533113,0.9130405314348822,0.8055879646385388,0.8559551584668872
1479,"The bill would require the agency to block the acquisition of 15 % or more of an airline 's stock if the purchase threatened safety , reduced the carrier 's ability to compete , or put the airline under foreign control .",1.4945452365039769,0.19855119243747724,0.9160525493898624,0.7123317730938826,0.8014488075625229
1480,"Debate on the legislation , which faces a veto threat from President Bush , is to continue today .",0.9268231828650926,0.13359704154707194,0.9661596149029953,0.7853182948667362,0.8664029584529277
1481,The amendment would require the department to block the purchase of a major airline by anyone who has run two or more carriers that have filed for protection from creditors under Chapter 11 of the Bankruptcy Code .,1.1620453126599912,0.14935041061210716,0.8815523587845943,0.8218400323079194,0.8506495893878924
1482,"In 1983 , Texas Air 's Continental Airlines filed for bankruptcy .",0.5629072918469546,0.08972515320930845,0.9448498934839928,0.8781408934467743,0.9102748467906915
1483,"Earlier this year , Texas Air 's Eastern Airlines filed for bankruptcy .",0.5196067309356511,0.07904470615755642,0.9516333757650957,0.8921933958410667,0.9209552938424435
1484,"`` This ought to be subtitled the ` Do n't let Frank Lorenzo take over another airline ' amendment , '' said Rep. James Oberstar -LRB- D. , Minn. -RRB- , chairman of the House aviation subcommittee , who argued that the provision was unnecessary because the bill already would give the department ample power to block undesirable deals .",1.4237653660870082,0.16664154740425496,0.8961442287365304,0.7787944521123086,0.8333584525957451
1485,"For years , a strict regimen governed the staff meetings at Nissan Motor Co. 's technical center in Tokyo 's western suburbs .",1.2945407613398858,0.18344245757604016,0.9074956476839771,0.74218486068633,0.8165575424239598
1486,Employees wore identification badges listing not only their names but also their dates of hire .,1.047180468885216,0.15622984686133323,0.9576675788402116,0.7540852082972755,0.8437701531386667
1487,"No one could voice an opinion until everybody with more seniority had spoken first , so younger employees -- often the most enthusiastic and innovative -- seldom spoke up at all .",1.461090234442608,0.1828252910231855,0.8478244928171679,0.7886636542362696,0.8171747089768144
1488,"But in 1986 , the badges and the `` do n't speak out of turn '' rule were abolished -- early steps in a cultural revolution still rolling on with all the subtlety of a freight train .",1.2884612768029058,0.1635090034661528,0.8575928865609916,0.8164026319641927,0.8364909965338473
1489,"In recent years , Nissan has instituted flex-time work schedules and allowed employees to dress casually , even in blue jeans .",1.1252221591892484,0.1478255832438058,0.9224331260862739,0.7918609614528249,0.8521744167561941
1490,"A rule forbidding staffers to own competitors ' cars has been lifted , and now many designers drive foreign cars to get useful ideas .",1.4807820003461538,0.20378090905547083,0.8163982244925753,0.7770134416220268,0.7962190909445291
1491,Nissan 's decades-old corporate song filled with references to Mount Fuji has been scrapped in favor of a snappy tune sung by a popular Japanese vocalist .,1.2862613316000227,0.1827509662097731,0.9027577604788415,0.7465374138230294,0.8172490337902272
1492,"And in a Japanese corporate first , Nissan recently opened the first coed company dormitory for single employees at the suburban Tokyo technical center .",1.2162548782626672,0.17805777453418503,0.9122002372636783,0.7479372769777297,0.8219422254658151
1493,"`` We had lots of internal debate about this one , '' concedes Tadahiko Fukuyama , a senior public-relations official .",0.7978517858173051,0.10490001940780275,0.9470084820070203,0.8485863069035025,0.8950999805921969
1494,"`` But in the end , top management decided to follow the voice of the younger generation . ''",0.3157894736842053,0.04350617086427077,0.9999999999999998,0.9166154028044933,0.9564938291357284
1495,"This corporate glasnost is a big reason Nissan , after years of making lackluster cars and lousy profits , has loosened up its rigid ways and now is riding a string of hits , ranging from the sleek Maxima sedan and Porsche-like 300ZX to the whimsically nostalgic Pao , a minicar sold only in Japan .",1.8234488203295491,0.22563346320055622,0.8193662149770842,0.7340523073469968,0.7743665367994438
1496,The company 's turnaround is far from complete ; many crucial tests are just beginning .,0.672180468885216,0.09172994313397849,0.9637977024650223,0.8587921370618795,0.9082700568660214
1497,But its surprising progress so far holds important lessons for companies in trouble .,0.8571428571428585,0.13244165105553748,0.9076275807226114,0.8308774230339984,0.8675583489444628
1498,The big one : A company 's culture ca n't be radically changed unless top management first admits that things have gone badly awry and then publicly leads the charge .,1.5330899172687245,0.19832624467313104,0.8766952102923645,0.7384798093471805,0.801673755326869
1499,"Atsushi Muramatsu , Nissan 's executive vice president for finance , helped set the tone in December 1986 , when the company was heading toward the first operating loss by a Japanese auto maker since the nation 's postwar recovery .",1.311571646605298,0.17683915431041378,0.9487920934637085,0.7269094704694221,0.823160845689586
1500,"`` This is a time of self-criticism to discover what is wrong with us , '' he said .",0.6315789473684177,0.08485288017830925,0.9151471198216904,0.9151471198216904,0.9151471198216904
1501,"Yutaka Kume , who took the helm as Nissan 's president in June 1985 , added simply , `` I am deeply disappointed . ''",0.8799999999999981,0.1118550975058495,0.9160911192583933,0.8618532623057121,0.8881449024941503
1502,No wonder .,4.440892098500626e-16,1.4009454786722165e-16,1.0,1.0,1.0
1503,"Nissan , Japan 's second-largest auto maker and the world 's fourth-largest , was getting beat up not only by its bigger rival , Toyota Motor Corp. , but also by Honda Motor Co. , the most successful Japanese car company in the U.S. but a relative pipsqueak in Japan .",1.70479998675341,0.22100653160521128,0.8449594817709645,0.7225815073399678,0.7789934683947889
1504,Nissan 's market share in Japan had been dropping year by year since the beginning of the decade .,0.6713098685349168,0.10704307878395682,1.0000000000000002,0.806614429311026,0.892956921216043
1505,"Its U.S. sales sagged , partly because of price increases due to the rising yen .",0.797180468885216,0.11067616860891086,0.8951875585845559,0.883536422376492,0.8893238313910891
1506,"Worst of all , Nissan was preoccupied with management infighting , cronyism and corporate rigidity .",0.5,0.07407407407407407,0.9615384615384617,0.8928571428571429,0.925925925925926
1507,"Consider the experience of Satoko Kitada , a 30-year-old designer of vehicle interiors who joined Nissan in 1982 .",0.5005144739119389,0.06871140537563368,1.0000000000000002,0.8714126095594845,0.9312885946243658
1508,"At that time , tasks were assigned strictly on the basis of seniority .",0.39355535745192505,0.061840766542028164,1.0000000000000002,0.8835215815956708,0.9381592334579721
1509,"`` The oldest designer got to work on the dashboard , '' she recalls .",0.39999999999999947,0.053953575062866944,0.9633722166723705,0.9293328156610808,0.9460464249371328
1510,`` The next level down did doors .,0.0,0.0,1.0,1.0,1.0
1511,"If a new person got to work on part of the speedometer , that was a big deal . ''",0.39999999999999947,0.05803090668322527,1.0,0.8903039479911907,0.9419690933167746
1512,"This system produced boring , boxy cars that consumers just were n't buying .",1.0000000000000018,0.1511782109217767,0.8675583489444629,0.8308774230339984,0.8488217890782236
1513,"Desperately hoping to spark sales , Nissan transferred 5,000 middle managers and plant workers to dealerships .",0.35294117647058876,0.05129356532730598,0.9327582689385658,0.9652094459291269,0.9487064346726942
1514,"Meanwhile , President Kume ordered everyone from top executives to rookie designers to go `` town watching , '' to visit chic parts of Tokyo to try to gain insights into developing cars for trend-setters .",0.9063664023080742,0.1234149107859789,0.9179001749239878,0.8388290300902114,0.8765850892140211
1515,Some town-watching excursions were downright comic .,0.2857142857142865,0.053615035438314584,1.0,0.8982265179691366,0.9463849645616855
1516,One group of middle-aged manufacturing men from the company 's Zama plant outside Tokyo was supposed to check out a trendy restaurant in the city .,0.6003707874783357,0.07832097480020293,0.9786886950986982,0.87094551170284,0.9216790251997967
1517,"But when they arrived at the door , all were afraid to go in , fearing that they would be out of place .",1.0314536459234773,0.13503403991667087,0.8805531430223523,0.8499210142581506,0.8649659600833292
1518,Other trips were more productive .,0.33333333333333304,0.06891905627080991,1.0,0.8710490642551528,0.93108094372919
1519,Mr. Kume himself visited Honda 's headquarters in Tokyo 's upscale Aoyama district .,0.9721171767454893,0.1601203922976474,0.9469402124176343,0.7545684606643067,0.839879607702353
1520,He liked the well-lighted lobby display of Honda 's cars and trucks so much that he had Nissan 's gloomy lobby exhibit refurbished .,1.1981203125901452,0.15685341435816175,0.8982452454709275,0.794416797104807,0.8431465856418385
1521,"Later , Nissan borrowed other Honda practices , including an engineering `` idea contest '' to promote inventiveness .",1.2373565791750982,0.17047004805313729,0.832489147343412,0.8265917197552101,0.8295299519468624
1522,One engineer developed a `` crab car '' that moves sideways .,0.5629072918469555,0.08519839307066586,0.9477324542020785,0.8840824070190841,0.9148016069293342
1523,"Such sudden cultural shifts may come across as a bit forced , but they seem to be genuine -- so much so , in fact , that some older employees have resisted .",1.6931606963917334,0.20766815619724668,0.8240768207000541,0.7629418982006112,0.7923318438027536
1524,"Nissan handled the die-hards in a typically Japanese fashion : They were n't fired but instead `` were neglected , '' says Kouji Hori , the personnel manager at the Nissan Technical Center .",1.1920389709700245,0.14823202220107942,0.8960420178955171,0.8116631542329041,0.851767977798921
1525,"Despite the pain of adjusting , the cultural revolution has begun to yield exciting cars .",0.547180468885216,0.07596753833988239,1.0,0.8587921370618794,0.9240324616601174
1526,"A year ago , the company completely revamped its near-luxury sedan , the $ 17,699 Maxima , which competes against a broad range of upscale sedans ; it replaced its boxy , pug-nosed body with sleek , aerodynamic lines .",1.4541199259095103,0.18100104213058368,0.880261088849499,0.7657091182002156,0.818998957869416
1527,"Since then , Nissan also has launched new versions of the $ 13,249 240SX sporty coupe and 300ZX sports car .",0.8930898810554,0.11317047359835271,0.9483762913499176,0.8327843315026477,0.8868295264016469
1528,"The restyled 300ZX costs as much as $ 33,000 and is squared off against the Porche 944 , which begins at $ 41,900 .",0.8129072918469582,0.10895745612679578,0.9088572911787206,0.8739127535068841,0.8910425438732044
1529,"Besides new styling , the new Nissans have more powerful engines and more sophisticated suspension systems .",1.103228676597853,0.16137560858109826,0.8782615110752143,0.8024105283228413,0.838624391418902
1530,All three new models are outselling their predecessors by wide margins .,0.7295739585136225,0.11328170679681701,0.9448498934839928,0.8353251681030535,0.886718293203183
1531,"In its home market , Nissan has grabbed attention with limited-production minicars featuring styling odd enough to be cute .",0.8754887502163466,0.11269919413931806,0.9451519739955954,0.836123111644235,0.8873008058606819
1532,"One is the Pao , a tiny coupe with a peelback canvas top and tilted headlights that give it a droopy-eyed look .",0.6956521739130421,0.09297792908508029,0.975013094696722,0.8478954019961469,0.9070220709149195
1533,"Nissan initially planned to sell just 10,000 Paos , but sales have passed 50,000 , and there 's a one-year waiting list for the car .",0.7794100964034767,0.09551675228920703,0.8928890279678067,0.9163825320705089,0.9044832477107928
1534,"Then , there 's the S-Cargo , an offbeat delivery van with a snail-like body that inspired its name .",1.200000000000002,0.17729533904830372,0.7990921098602796,0.847755167596526,0.8227046609516965
1535,Nissan helped develop a Tokyo restaurant with both vehicles as its design theme .,0.6253491072973905,0.09743778699777876,0.9529943552357749,0.8571995023148349,0.9025622130022215
1536,"The chairs are S-Cargo seats , and a gift shop sells such items as alarm clocks styled like the Pao 's oversized speedometer .",1.3333333333333348,0.1876079936501592,0.8319009140243204,0.7937771392864786,0.812392006349841
1537,All these vehicles have sharply improved Nissan 's morale and image -- but have n't done much for its market share .,1.0686261365603142,0.1427384969613604,0.8896710806245494,0.8271302092665023,0.8572615030386392
1538,Nissan had 29 % of the Japanese car market in 1980 before beginning a depressing eight-year slide that continued through last year .,1.167597955316233,0.16402922174293905,0.9716039311549292,0.7335669173147708,0.8359707782570611
1539,"Strong sales so far this year are certain to turn the tide , but even the 25 % market share that Nissan expects in 1989 will leave it far below its position at the beginning of the decade .",1.2007415749566768,0.15208013236877976,0.900873724063075,0.8008457130833274,0.8479198676312202
1540,"Nissan concedes that it wo n't recoup all its market-share losses in Japan until at least 1995 , and even that timetable might prove optimistic .",1.134991346320266,0.14261917868984322,0.8678252065233825,0.8471848454316235,0.8573808213101565
1541,"`` Everyone else is going to catch up '' with Nissan 's innovative designs , says A. Rama Krishna , auto analyst at First Boston -LRB- Japan -RRB- Ltd .",1.3924812503605786,0.17359795302853356,0.8803831313229273,0.7786582679852512,0.8264020469714666
1542,"Nissan 's pace of new-model hits will slow , he adds , just as arch-rival Toyota unleashes its own batch of new cars .",1.1147869792568121,0.14755348955681075,0.8854317440480436,0.8218306268447937,0.8524465104431892
1543,"Likewise , in the U.S. , Nissan has grabbed 5.2 % of the car market so far this year , up from 4.5 % a year ago .",1.111407695670132,0.15632169869651305,0.9767378964428799,0.7425251683663405,0.8436783013034865
1544,"But even that brings Nissan only to the share it had in 1987 , and leaves the company behind its high of 5.5 % in 1980 and 1982 .",1.1160182060896666,0.14718602397449476,0.8834926165650354,0.8241944222884523,0.8528139760255057
1545,Why ?,0.0,0.0,1.0,1.0,1.0
1546,"So far , Nissan 's new-model successes are mostly specialized vehicles with limited sales potential .",0.5943609377704329,0.09058615204174537,0.9454372108185384,0.876034875930502,0.9094138479582544
1547,"In compact and subcompact cars , the bread-and-butter sales generators for Japanese auto makers , Nissan still trails Toyota and Honda .",1.2504443183784968,0.1711815935545032,0.9173527770577218,0.7558689546740379,0.8288184064454969
1548,"Nissan hopes that that will start to change this fall , with its new version of the Stanza compact sedan .",1.0602220241185893,0.1443763512734799,0.9166365671088186,0.8022260899690561,0.8556236487265196
1549,The Stanza has been a nonentity compared with Honda 's hugely successful Accord and Toyota 's Camry .,1.0894244708020446,0.15500753503724274,0.9303730380867143,0.7739654559049649,0.844992464962757
1550,"But this year , Honda has revamped the Accord and made it a midsized car .",0.6721804688852169,0.09496999265525861,0.9624378669482337,0.8540852082972755,0.9050300073447414
1551,"Nissan instead has kept its new Stanza a bit smaller than that and cut the base price 6 % ; at $ 11,450 , Stanza prices start $ 749 below the predecessor model yet have a more-powerful engine .",1.2075277930718178,0.14550414904865683,0.8985674685915076,0.8145452325563629,0.8544958509513432
1552,"Accord prices start at $ 12,345 .",0.0,0.0,1.0,1.0,1.0
1553,Nissan 's risk is that its low-base-price strategy might get lost amid the highly publicized rebates being offered by Detroit 's Big Three .,0.7610276044370998,0.09829565030333605,0.9053825638419468,0.8980559009083873,0.9017043496966639
1554,"But `` on a new car , a rebate does n't work well '' because it cheapens the vehicle 's image , contends Thomas D. Mignanelli , executive vice president of Nissan 's U.S. sales arm .",0.9083686614712692,0.11284052118705308,0.9850880458489034,0.8069407125826694,0.8871594788129471
1555,"Even if the new Stanza succeeds , Nissan will remain behind in the subcompact segment , where its Sentra does n't measure up to the Honda Civic and Toyota Corolla .",1.1902128049109582,0.1516855226391858,0.9017197355110862,0.8008814670671578,0.848314477360814
1556,Nissan will introduce a completely revamped Sentra next fall .,0.20000000000000018,0.03103731587265484,1.0,0.9397940008672038,0.9689626841273452
1557,"At the opposite end of the market , Nissan launches its luxury Infiniti division on Nov. 8 -- three years after Honda pioneered Japanese luxury cars and two months after Toyota 's Lexus went on sale .",1.5901576080929107,0.2105457249876224,0.8454438859497887,0.7404198893772165,0.7894542750123777
1558,Nissan started advertising Infiniti fully eight months before the cars hit American showrooms .,0.6253491072973913,0.09328491767259718,0.9551046883087146,0.8629922771049006,0.906715082327403
1559,"The ads featured fences , rocks and pussy-willow buds -- almost anything but the cars themselves .",1.3599656163978686,0.21435780447069394,0.8166869086360341,0.7568712544210742,0.7856421955293064
1560,The ads have generated some laughs but also plenty of attention because they are so unlike any other U.S. auto advertising .,1.4322625001966793,0.2010767462963827,0.8391371760079741,0.7623874061755461,0.7989232537036173
1561,"On the other hand , Nissan 's sales goals for Infiniti are modest compared with Toyota 's targets for Lexus .",0.761904761904761,0.10886756474394998,0.9703632480556896,0.8238634311803967,0.8911324352560502
1562,"Nissan will build only about 3,500 of the $ 38,000 Infiniti Q45 sedans each month , sending about 2,000 of them to the U.S. and keeping the rest for sale in Japan .",1.279964574470534,0.1668322790322695,0.8801315957005702,0.7909619441876099,0.8331677209677308
1563,"Toyota wants to sell about 49,000 Lexus LS400 sedans next year in the U.S. alone .",0.672180468885216,0.09496999265525848,0.9275954049300441,0.8835364223764918,0.9050300073447413
1564,"`` When I saw the Lexus sales projections , I got worried , '' confesses Takashi Oka , who led the Infiniti development team .",1.1305865002596134,0.15040143246429494,0.8812751116469725,0.820120175846867,0.8495985675357048
1565,"But on reflection , Mr. Oka says , he concluded that Nissan is being prudent in following its slow-startup strategy instead of simply copying Lexus .",1.2598033654678238,0.16529665203479954,0.904272706934892,0.7750737849375906,0.8347033479652001
1566,"`` Infiniti is Nissan 's big business move for the 21st century , and we 're in no hurry to generate large profits right away , '' Mr. Oka says .",1.0809604840105465,0.12807079785055467,0.9287207540783113,0.821683038544661,0.8719292021494454
1567,"Despite plans to add two new Infiniti models next year , bringing the total to four , Infiniti wo n't show profits for at least five years , he adds .",1.1856415323278542,0.14307329732152232,0.9167154648925453,0.8044593549301357,0.8569267026784776
1568,"These days Nissan can afford that strategy , even though profits are n't exactly robust .",0.5943609377704329,0.0830618946262559,0.950133371485643,0.885984054762152,0.9169381053737439
1569,"Nissan had record net income of 114.63 billion yen -LRB- $ 868 million -RRB- in the fiscal year ended last March 31 , a remarkable recovery from the 20.39 billion yen of two years earlier , when the company lost money on operations .",1.5807186132793936,0.20180975316476266,0.8645366542477535,0.7413011943963878,0.798190246835237
1570,Nissan has increased earnings more than market share by cutting costs and by taking advantage of a general surge in Japanese car sales .,0.9318553323583458,0.1355552323884072,0.9134709098357549,0.8204130565209908,0.864444767611593
1571,"But Nissan expects to earn only 120 billion yen in the current fiscal year , a modest increase of 4.7 % .",0.5574846593859286,0.07302553439718804,0.9749507886649431,0.8834984193408056,0.926974465602812
1572,"The big reason : For all its cost-cutting , Nissan remains less efficient than Toyota .",0.625,0.09090909090909091,0.9259259259259259,0.8928571428571429,0.9090909090909091
1573,"In its last fiscal year , Nissan 's profit represented just 2.3 % of sales , compared with 4.3 % at Toyota .",0.48891793468854594,0.06720362291984322,0.975013094696722,0.8940837865049804,0.932796377080157
1574,"To help close the gap , Nissan recently established a top-level cost-cutting committee .",0.4285714285714306,0.06210798358303525,1.0000000000000004,0.8830477041072363,0.9378920164169654
1575,"Nissan is the world 's only auto maker currently building vehicles in all three of the world 's key economic arenas -- the U.S. , Japan and Europe .",1.086543965666447,0.1402033712035021,0.9103921310294933,0.8145287806510342,0.859796628796498
1576,"That gives it an enviable strategic advantage , at least until its rivals catch up , but also plenty of managerial headaches .",0.7284733696592838,0.0942242945789489,0.9526807256090077,0.8632726706117053,0.9057757054210516
1577,"For example , Nissan 's U.S. operations include 10 separate subsidiaries -- for manufacturing , sales , design , research , etc. -- that report separately back to Japan .",0.9347281326655486,0.12974360701403656,0.8542807060235711,0.8868409814057433,0.8702563929859639
1578,"And in July , Nissan 's Tennessee manufacturing plant beat back a United Auto Workers organizing effort with aggressive tactics that have left some workers bitter .",1.1246121472814945,0.1390321052814275,0.9038622703953089,0.8219603203066188,0.8609678947185726
1579,"`` We are in a transitional phase from being a Japanese company to becoming an international company based in Japan , '' says Mr. Muramatsu , the executive vice president .",0.7583798388492555,0.09935211481843768,0.9530872314015749,0.8536780811759122,0.9006478851815624
1580,"He promises that Nissan will soon establish a holding company overseeing all U.S. operations , just as it 's doing in Europe .",1.489767935064802,0.19712819398597162,0.8532599449324819,0.7581030328399152,0.8028718060140284
1581,"Perhaps the biggest challenge , however , will be to prevent a return to its former corporate rigidity as its recovery continues .",0.9893429348766736,0.13128150758563487,0.917665419198251,0.8247286751719528,0.8687184924143652
1582,"Already , personnel officials are talking about the need for a `` Phase Two '' cultural-reform effort of some sort .",0.802607284393968,0.11655878244713709,0.9241150263130222,0.8461968819767137,0.8834412175528629
1583,"`` We are still only half way through the turnaround of this company , and there are many more things to do , '' President Kume says .",0.723737946660373,0.0869925088792173,0.9239341496000522,0.9023362543352906,0.9130074911207829
1584,"He adds , however , that `` the momentum we have generated is unstoppable .",0.3999999999999986,0.055966642010002336,0.9619796142199877,0.9267444333447415,0.9440333579899974
1585,"As expected , Warner Bros . Records said it agreed to form a recorded-music and music-publishing joint venture with former MCA Records Chairman Irving Azoff .",1.244789537561548,0.15860429127399128,0.9346739008797299,0.7650459730449825,0.8413957087260083
1586,"Warner said it will provide financing for the venture , but did n't disclose terms .",0.375,0.05084745762711865,0.9655172413793104,0.9333333333333333,0.9491525423728815
1587,"Mr. Azoff has n't named the company yet , but any records it produces will be distributed by Warner .",0.9377443751081742,0.12168839457058295,0.8942968868268001,0.8628877526313704,0.878311605429417
1588,"Warner is part of Warner Communications Inc. , which is in the process of being acquired by Time Warner Inc .",0.6666666666666652,0.10221398652317423,0.9498660883259678,0.851120070236705,0.8977860134768254
1589,"Mr. Azoff resigned as head of MCA Records , a unit of MCA Inc. , in September , and had been discussing a joint venture with both Warner and MCA .",1.5686835639706658,0.2109442744857289,0.912192780897368,0.6952093055926103,0.789055725514271
1590,"In a statement yesterday , Mr. Azoff said he chose Warner , the largest record company , because `` their standing in the entertainment industry is second to none .",1.3421554168830152,0.17307787092268964,0.9412842128255909,0.7373385838256763,0.8269221290773107
1591,"President Bush and Soviet leader Mikhail Gorbachev will hold an informal meeting in early December , a move that should give both leaders a political boost at home .",1.0765269292715063,0.14654611065705447,0.950295005789064,0.7745248697778179,0.8534538893429457
1592,The White House is purposely not calling the meeting a summit so that there wo n't be any expectation of detailed negotiations or agreements .,0.670195500086538,0.09160251502329603,0.9248051152756644,0.8925619045852553,0.908397484976704
1593,"Rather , senior administration officials said that the unexpected meeting was scheduled at Mr. Bush 's request because of his preference for conducting diplomacy through highly personal and informal meetings with other leaders .",1.3756147039166748,0.17719116422795134,0.9098863830150683,0.7509424692021298,0.8228088357720486
1594,"The two leaders will meet on Dec. 2 and 3 , alternating the two days of meetings between a U.S. and a Soviet naval vessel in the Mediterranean Sea .",1.1454842658866768,0.15337958269997498,0.9222109135518406,0.7824829478077534,0.8466204173000252
1595,"The unusual seaborne meeting wo n't disrupt plans for a formal summit meeting next spring or summer , at which an arms-control treaty is likely to be completed .",1.0899876025667856,0.1469302085702906,0.8738646557134905,0.8332416108304256,0.8530697914297093
1596,"In announcing the meeting yesterday , Mr. Bush told reporters at the White House that neither he nor Mr. Gorbachev expects any `` substantial decisions or agreements . ''",1.3975629314820965,0.18115786263968037,0.8777706956782104,0.7673280719452696,0.8188421373603199
1597,"Instead , he said that the purpose is simply for the two to get `` better acquainted '' and discuss a wide range of issues without a formal agenda .",0.466666666666665,0.05763601897888146,0.9501875564550241,0.9346681876776973,0.9423639810211185
1598,"Despite the informal nature of the session and the calculated effort to hold down expectations , the meeting could pay significant political dividends for both leaders .",0.7822005732875477,0.11439090099819627,0.9158686901727565,0.8572850653570101,0.8856090990018041
1599,Mr. Gorbachev badly needs a diversion from the serious economic problems and ethnic unrest he faces at home .,0.6057776318066779,0.08595062813357489,0.9683548548608646,0.8655113668391938,0.9140493718664249
1600,"American officials have said that a meeting with the leader of the U.S. could help bolster his stature among Soviet politicians and academics , whose support he needs .",1.1203525860576935,0.1436012224099832,0.8698930841730889,0.8433167393097609,0.8563987775900169
1601,"For his part , Mr. Bush has been criticized regularly at home for moving too slowly and cautiously in reacting to Mr. Gorbachev 's reforms and the historic moves away from communism in Eastern Europe .",1.271512153078258,0.16247562456543493,0.9024357596291865,0.7813244198619507,0.837524375434565
1602,"A face-to-face meeting with Mr. Gorbachev should damp such criticism , though it will hardly eliminate it .",0.7777777777777759,0.10596644038667037,0.9672446082717254,0.8311254154755863,0.8940335596133294
1603,"Senate Majority Leader George Mitchell -LRB- D. , Maine -RRB- , who has been the most prominent Democratic critic of Mr. Bush 's handling of the Soviet relationship , praised the president for arranging the meeting .",1.3959119051822872,0.18261326826253896,0.8868022730670168,0.7580494744673091,0.8173867317374612
1604,But he added : `` The mere fact of a meeting does n't deal with the substance of policy . '',0.4168994048649264,0.05533619743383109,1.0000000000000002,0.8951306748154997,0.9446638025661689
1605,"Mr. Bush said that the December meeting , which was announced simultaneously in Moscow , will be held in the unusual setting of ships at sea to hold down the `` fanfare '' and force the two sides to limit participation to just small groups of advisers .",1.118220250848073,0.13443427747807216,0.8897555102702279,0.8426564180423235,0.865565722521928
1606,"`` By doing it in this manner we can have , I would say , more time without the press of social activities or mandatory joint appearances , things of that nature for public consumption , '' Mr. Bush said .",1.144382549720583,0.14276447741767706,0.9013927058988862,0.8172026205135119,0.8572355225823232
1607,"Soviet Foreign Minister Eduard Shevardnadze , at a news conference in Moscow , said , `` As the two sides plan to hold a full-scale summit in late spring-early summer next year , they found it useful , I would say even necessary , to hold an interim informal meeting . ''",1.1498163450350178,0.13920735324341357,0.9377815633872498,0.7954857673957865,0.8607926467565865
1608,"Although no specific agreements are expected , Mr. Shevardnadze said `` that does n't mean they will be without an agenda . ''",0.7284733696592829,0.0875710989350345,0.9088430651183029,0.91604314489178,0.9124289010649655
1609,"If the two leaders cover the subjects that have been featured in lower level U.S.-Soviet meetings , their talks would include human rights , Soviet reforms , regional disputes , relations with allies , economic cooperation , arms control , and joint efforts to fight narcotics , terrorism and pollution .",1.5926198459120737,0.2108345780089865,0.8426405719134765,0.7420724648803704,0.7891654219910137
1610,The president specifically mentioned U.S. economic advice to Moscow as a possible topic .,0.911063393011676,0.13590564473484423,0.9529943552357751,0.7903652024255985,0.864094355265156
1611,Mr. Gorbachev has for months been publicly urging the U.S. to drop its restrictions on Soviet trade .,0.9308270834535248,0.12563425617328208,0.8793431971959572,0.8694443222645545,0.8743657438267178
1612,"He recently told a small group of American businessmen in Moscow that he hoped to sign a general trade agreement with the U.S. , possibly at the 1990 summit .",1.0121509325533422,0.13314919275372258,0.9251232120184687,0.8154844189337002,0.8668508072462775
1613,"The Soviets hope a trade agreement would give them Most-Favored Nation status , which would lower the tariffs on Soviet exports to the U.S. .",0.879999999999999,0.11417715139720869,0.906958320820568,0.8656500122505253,0.8858228486027911
1614,In an unusually candid article about the latest economic woe -- unemployment -- Pravda yesterday reported that three million Soviets have lost their jobs as a result of perestroika and the number could grow to 16 million by the year 2005 .,1.122272093089694,0.1344421962523639,0.9246510070370866,0.8135640204869931,0.8655578037476355
1615,Economists in Moscow are now proposing that the state start a system of unemployment benefits .,0.5943609377704329,0.0860689260493346,0.9999999999999998,0.8415037499278842,0.9139310739506651
1616,But one Bush administration official knowledgeable about the summit plan cautioned against assuming that there will be bold new initiatives on the Soviet economy or other issues .,1.0705060161084656,0.14677523715617935,0.8945988820591159,0.8155084793535099,0.8532247628438204
1617,"`` Do n't take this as some big opening for major movement on economic cooperation , or arms control , or the environment , '' he said .",1.0669393921759704,0.14070545028947867,0.8945358840787168,0.8267247190604432,0.8592945497105211
1618,"`` Those things will all come up , but in a fairly informal way . ''",0.672180468885216,0.09172994313397849,0.8987258231601957,0.9180191809971817,0.9082700568660215
1619,"Instead , this official said , `` This is vintage George Bush .",0.6153846153846168,0.09499897752827913,0.9050010224717209,0.9050010224717209,0.9050010224717209
1620,This was George Bush 's own idea .,0.25,0.043478260869565216,1.0,0.9166666666666666,0.9565217391304348
1621,It 's George Bush wanting to meet a foreign leader and talk to him directly . '',0.7058823529411793,0.0945077330248678,0.9349454589164965,0.8778381039203457,0.9054922669751324
1622,"Aside from the Soviet economic plight and talks on cutting strategic and chemical arms , one other issue the Soviets are likely to want to raise is naval force reductions .",0.9492232892006633,0.12377653642456841,0.9102886924233617,0.8446158722515766,0.8762234635754317
1623,"Western analysts say that , given the meeting 's setting at sea , Gorbachev is unlikely to pass up the opportunity to press once again for negotiated cuts in the navies of both the North Atlantic Treaty Organization and the Warsaw Pact .",1.3995537085438157,0.1773891525356837,0.8623969867358979,0.7863338336297023,0.8226108474643165
1624,That theme has been a recurring one for Soviet military officials for much of this year .,0.7214507356759077,0.10834574599755917,1.0,0.8044910689848987,0.8916542540024411
1625,They argue that as the Kremlin follows through on announced plans to cut land forces -- the Soviets ' area of greatest strength -- the U.S. should show more willingness to cut sea forces -- Washington 's area of greatest superiority .,1.1878646526650174,0.14565026070061177,0.8844341694501371,0.8262446520245312,0.8543497392993883
1626,"One of the reasons Bush administration aides are anxious to insist that the coming meeting will be informal is to avoid comparisons with the last such loosely structured superpower gathering , former President Reagan 's 1986 meeting with Mr. Gorbachev in Reykjavik , Iceland .",1.74767117586876,0.21718486597491207,0.841206151775221,0.7320042000488856,0.7828151340250882
1627,That meeting sent shivers through the Western alliance because Mr. Reagan was pulled into discussing the possible elimination of nuclear weapons without consulting American allies .,1.3028578069587375,0.177772545544063,0.9514192440880069,0.7239265552321918,0.8222274544559367
1628,"Mr. Bush said that he initiated talks with the Soviets on the informal meeting by sending a proposal to Mr. Gorbachev last July , which the Soviet leader readily accepted .",0.979500902470976,0.12905376851044661,0.9172369390442118,0.8291034079441904,0.8709462314895531
1629,"But word of the possible session was closely held by the president and a handful of top aides , and word of it did n't reach many second-level officials until the past few days .",1.2499601703386949,0.1661542184153205,0.9202775761262822,0.7622553212460658,0.8338457815846789
1630,"Indeed , many senior officials had been insisting for weeks that Mr. Bush was n't interested in such an informal get-together .",1.107478544390922,0.15242075301023594,0.9186363094332427,0.7867255591804347,0.8475792469897641
1631,"Though President Bush 's political critics at home have been urging him to open a more direct dialogue with Mr. Gorbachev , it actually was the arguments of leaders within the Soviet bloc itself that led the president to seek the December meeting .",1.0248541802227464,0.12435926865629401,0.9149631879558523,0.8395589304048704,0.875640731343706
1632,"Mr. Bush decided he wanted the meeting after talking in Europe in July with the leaders of Poland and Hungary , who urged him to support Mr. Gorbachev 's efforts to transform the Soviet system and to urge him to loosen his grip on Eastern Europe , a senior aide said .",1.136415075573094,0.14163555023860822,0.9185678117679863,0.8055672004275267,0.8583644497613918
1633,"While flying home from those discussions , Mr. Bush drafted a letter to Mr. Gorbachev suggesting an informal get-together to precede their formal summit next year .",1.2690615743144624,0.16277806431046307,0.9096243439606921,0.7754956290857744,0.8372219356895373
1634,Peter Gumbel in Moscow contributed to this article .,0.7505430557959407,0.13428195354110548,0.915876032857139,0.8207686211452081,0.8657180464588945
1635,"Banca Nazionale del Lavoro said its potential losses from lending to Iraq could reach 1.175 trillion lire -LRB- $ 872 million -RRB- , marking the bank 's first quantification of potential costs of unauthorized lending by its Atlanta branch .",1.3468575745231792,0.16307254085688486,0.8612902470805994,0.813905027784603,0.8369274591431148
1636,BNL previously reported that its Georgia branch had taken on loan commitments topping $ 3 billion without the Rome-based management 's approval .,0.9893429348766736,0.125489536759014,0.9005600172505727,0.8499255590367655,0.8745104632409858
1637,"State-owned BNL , Italy 's largest bank , has filed charges against the branch 's former manager , Christopher Drogoul , and a former branch vice president , alleging fraud and breach of their fiduciary duties .",1.293900080565602,0.16999293794872794,0.8912258050564853,0.7766580359818434,0.8300070620512722
1638,"BNL also said that its board had approved `` after an in-depth discussion , '' a letter to the Bank of Italy outlining measures the state-owned bank has taken or plans to take to improve controls on its foreign branches .",1.392526437312215,0.16562503507394405,0.8648965955684788,0.8059340824967103,0.8343749649260561
1639,The central bank had ordered BNL to come up with a suitable program by yesterday .,0.672180468885216,0.09496999265525848,0.9624378669482336,0.8540852082972753,0.9050300073447411
1640,"Bank of Italy has also ordered BNL to shore up its capital base to account for potential foreign loan losses , and the Rome bank has outlined a 3 trillion lire capital-raising operation .",1.4224861169588303,0.17175943641532146,0.8793447290290695,0.7827501094172417,0.8282405635846783
1641,BNL was unable to elaborate on what measures were planned by the bank to improve controls on its branches abroad .,0.4168994048649255,0.05677151912829035,0.9478683980123319,0.9386337682310989,0.9432284808717095
1642,Hardly a day passes without news photos of the police dragging limp protesters from some building or thoroughfare in one of our cities .,0.713308978281824,0.09968245580784466,1.0000000000000002,0.8187068361755101,0.9003175441921557
1643,"Of recent note are the activities of the pro- and anti-abortionists , anti-nuclear activists , animal rights protesters , college students concerned about racism , anti-apartheid groups , various self-styled `` environmentalists '' and those dissatisfied with the pace of the war against AIDS .",1.5747036232977925,0.22585586934901397,0.849877043900154,0.7108040705791333,0.7741441306509864
1644,"Maybe he did n't start it , but Mohandas Gandhi certainly provided a recognizable beginning to non-violent civil disobedience as we know it today .",1.050586500259616,0.1354350202134141,0.9332084645078823,0.8053279308132226,0.864564979786586
1645,"The Mahatma , or `` great souled one , '' instigated several campaigns of passive resistance against the British government in India .",1.1419418481082806,0.1598488005770013,0.8570785083165793,0.8238795698870077,0.840151199422999
1646,"Unfortunately , according to Webster 's Biographical Dictionary , `` His policies went beyond his control and resulted ... in riots and disturbances '' and later a renewed campaign of civil disobedience `` resulted in rioting and a second imprisonment . ''",1.3390197847030345,0.16013058359413657,0.8544671222925352,0.8257621066559224,0.8398694164058634
1647,"I am not a proponent of everything Gandhi did , but some of his law breaking was justified because India was then under occupation by a foreign power , and Indians were not able to participate fully in decisions that vitally affected them .",1.8147379870900995,0.2258401079297256,0.8123682631048751,0.7393842031915732,0.7741598920702746
1648,"It is difficult , however , to justify civil disobedience , non-violent or not , where citizens have full recourse to the ballot box to effect change .",1.2951665180889442,0.16833036459312473,0.929885840930075,0.7522189270649203,0.8316696354068752
1649,"Where truly representative governments are safeguarded by constitutional protections of human rights and an independent judiciary to construe those rights , there is no excuse for breaking the law because some individual or group disagrees with it .",1.166807800727299,0.14730756607081616,0.8875136518544187,0.8205004502604538,0.8526924339291839
1650,There may be a few cases where the law breaking is well pinpointed and so completely non-invasive of the rights of others that it is difficult to criticize it .,0.8088220835496811,0.10319713634083677,0.9397891253425976,0.8575770109520031,0.8968028636591636
1651,"The case of Rosa Parks , the black woman who refused to sit at the back of the bus , comes to mind as an illustration .",0.6694086637461876,0.0955387610760604,0.9595162414445532,0.8553812792020935,0.9044612389239401
1652,But most cases of non-violent civil disobedience are not nearly so benign .,0.36576057708949783,0.05802409896789303,1.0,0.8903161109005063,0.9419759010321069
1653,The public has a tendency to equate lawful demonstrations with non-violent civil disobedience .,0.6792696431662097,0.10215002119260033,1.0000000000000002,0.8146349966367245,0.8978499788073999
1654,"It is true that both are non-violent , but there is a fundamental difference between them .",0.9123397061368808,0.1343256786762704,0.8809333394142385,0.8509349185393255,0.86567432132373
1655,"Lawful demonstrations , such as peaceful picketing and other assemblages that do not disturb the peace or cause a public nuisance or interfere with the rights of others , are rights guaranteed by any truly free system of government .",1.3437151490463606,0.1740640546539862,0.9172129283521259,0.7511816613433594,0.8259359453460137
1656,"Civil disobedience , violent or non-violent , is intentional law breaking .",1.0629072918469573,0.18409515009462651,1.0,0.6890534513549618,0.8159048499053737
1657,"The subject of this discussion is non-violent civil disobedience ; but , before we get on with that , let me make just a few tangential remarks about lawful demonstrations .",1.3296542241572151,0.17143904564524293,0.8797900151049547,0.7829696226982131,0.8285609543547572
1658,"They are useful to call public attention to grievances , but they have little value in educating anyone about the issues in dispute .",1.0314536459234782,0.13921823864646946,0.9053582883955185,0.8203888198183227,0.8607817613535305
1659,"The delight of television in dramatic confrontation encourages overuse of slogans chanted through bullhorns , militant gestures , accusatory signs and other emotionally inspired tactics .",1.262650823973475,0.17881265973354032,0.93073846841807,0.7347094980899557,0.8211873402664592
1660,Civilized discourse and an environment where compromise can begin are lost in a hostile posture abetted by superficial media interviews .,0.7978517858173069,0.10759455762700364,0.9720216244100193,0.8248442404884417,0.8924054423729962
1661,"At best , demonstrations are overused and boringly uninformative ; at worst , they can become the stimuli that lead to law breaking .",0.9481203125901434,0.11770379476786438,0.8880155322131791,0.8766500782628841,0.8822962052321355
1662,Demonstrations are particularly apt to degenerate into criminal conduct when they leave the site of the grievance and become mobile .,0.5840315479281131,0.07851259802010775,0.9729634748852769,0.8751844719651247,0.9214874019798919
1663,"Petty criminals and street people looking for excitement attach themselves like remora to the fringes of the crowd and use the protest as an excuse for rock throwing , auto trashing , arson , window breaking , looting , pocket picking and general hooliganism .",1.6866696562197827,0.22970922877855815,0.9415494223906321,0.6517447598994207,0.770290771221442
1664,Soon the whole purpose of the demonstration is lost in mob mania .,0.6734528847818062,0.11602555460890207,0.9236994087988971,0.8475254479299285,0.883974445391098
1665,There are better ways to promote a cause .,0.0,0.0,1.0,1.0,1.0
1666,"Where non-violent civil disobedience is the centerpiece , rather than a lawful demonstration that may only attract crime , it is difficult to justify .",0.9101955000865347,0.12011791125842389,0.9250260038529926,0.8389394440091914,0.8798820887415757
1667,"Some find no harm in the misdemeanors of trespass , minor property destruction , blocking traffic and the like .",1.218226398830013,0.1784782410036632,0.9218317966042164,0.7408999942056057,0.8215217589963368
1668,They say these are small prices to pay for galvanizing action for the all-important cause .,0.75,0.10714285714285714,0.9259259259259259,0.8620689655172413,0.8928571428571429
1669,"The crimes may appear small , but the prices can be huge .",0.6153846153846141,0.0997364058156971,0.9475144363545469,0.8575015337075814,0.9002635941843025
1670,Here are two cases to illustrate .,0.0,0.0,1.0,1.0,1.0
1671,Assume a neighborhood demonstration to protest speeding on a certain road or a careless accident involving a police car .,1.3203185978283347,0.20879429886048007,0.913211514027545,0.6979579431863343,0.79120570113952
1672,"The protesters lie down in the street , blocking traffic , and will not move until the authorities carry them away .",0.9777170456512252,0.1290288060122463,0.9236619083382761,0.823967587582151,0.8709711939877537
1673,Assume that someone caught in the jam has a heart attack .,0.8333333333333313,0.13881350541022067,0.9999999999999998,0.7562138054198472,0.8611864945897788
1674,There is no way to get an ambulance in quickly to move him to a hospital .,0.7214507356759068,0.10691972368483996,0.9624217003009539,0.833059272815806,0.8930802763151601
1675,He dies .,4.440892098500626e-16,1.4009454786722165e-16,1.0,1.0,1.0
1676,"The demonstration was non-violent and involved only a simple misdemeanor , but its impact on that individual was violent and terminal .",1.4099795458479019,0.2079121838897468,0.8369667617370823,0.7517768345700135,0.792087816110253
1677,Assume that a TV network is airing a celebrity interview program with a live audience .,0.922180468885216,0.15659113209175438,0.9520789786278588,0.7570045183990946,0.8434088679082455
1678,The politician appearing is highly controversial and has recently generated a good deal of rancor amid certain groups .,0.605777631806677,0.08345770632459426,1.0,0.8459419212445167,0.9165422936754052
1679,"In a planned protest against his appearance , several members of the studio audience chain themselves in front of the TV cameras in such a way that the program can not continue .",1.1955076822479844,0.17376588380058433,0.8979882747146309,0.7650985695708196,0.8262341161994157
1680,The network must refund money to the advertisers and loses considerable revenue and prestige .,1.2503258334775635,0.19049810889674273,0.8550557801700246,0.7685563398769348,0.8095018911032571
1681,"The demonstrators have been non-violent , but the result of their trespasses has been to seriously impair the rights of others unconnected with their dispute .",1.1388323259398758,0.15641363374845732,0.8257035775926971,0.8622609001454641,0.8435863662515425
1682,"It might be alleged that TV has done more than its share to popularize and promote non-violent civil disobedience , so the second situation hypothesized above would be simply a case of `` chickens coming home to roost . ''",1.574842961492271,0.1904511358266844,0.8295480952395198,0.7904912386677537,0.8095488641733152
1683,Or maybe the TV network would lose nothing .,0.5283208335737175,0.09090909090909072,1.0,0.8333333333333333,0.9090909090909091
1684,Geraldo or Phil would probably pull up another camera and interview the chained protesters .,0.39999999999999947,0.05596664201000246,1.0,0.8939992234916216,0.9440333579899974
1685,"Let us look for a moment at another type of non-violent civil disobedience that only harms other people indirectly , yet does irreparable damage to the nation as a whole .",1.4270590631460474,0.1949522724556522,0.8673112822638408,0.7511250832971906,0.8050477275443476
1686,I am referring to those young men who chose to disobey their country 's call to arms during the Vietnam war and fled to Canada or some other sanctuary to avoid combat .,1.188463059056775,0.15072689033571376,0.8735086246737497,0.826346119348687,0.8492731096642859
1687,"Their cowardly acts of civil disobedience , which they tried to hide under the cloak of outrage at a war they characterized as `` immoral , '' weakened the national fabric and threw additional burdens on those who served honorably in that conflict .",1.2692834416355518,0.15631633264009537,0.9177360900796796,0.7806895725798016,0.8436836673599043
1688,"Even more at fault are those leaders in and out of government who urged and supported their defections , thereby giving great help and comfort to the enemy propagandists .",1.8909685317733524,0.24862125216848713,0.7647857748865587,0.7384336843772772,0.7513787478315128
1689,It is amazing that the ensuing mass executions in Vietnam and Cambodia do not weight more heavily on minds so morally fine-tuned .,1.369990217579435,0.18258695582763676,0.8269973030264192,0.8080483885751023,0.8174130441723635
1690,"Worse , it remained to a well-meaning but naive president of the United States to administer the final infamy upon those who fought and died in Vietnam .",1.0539205358688193,0.13524662207795438,0.9041606500382305,0.8286377249022225,0.8647533779220455
1691,"Under the guise of `` healing the wounds of the nation , '' President Carter pardoned thousands of draft evaders , thus giving dignity to their allegations of the war 's `` immorality . ''",1.3922587415200143,0.1776353229700789,0.8923334701512615,0.7625707160745321,0.8223646770299212
1692,"The precedent having been set , who can complain if future generations called upon to defend the U.S. yield to the temptation to avoid the danger of combat by simply declaring the war immoral and hiding until it is over ?",1.359722096630593,0.16226241850437273,0.8699693457887199,0.8078088217496054,0.8377375814956272
1693,"Finally , I think it important to point out the extraordinarily high visibility of non-violent civil disobedience in these days of intensive media coverage .",0.9247766191505491,0.12326172634826295,0.9453316613703048,0.8174257550525151,0.8767382736517374
1694,"Give television a chance to cover live any breaking of the law , and no second invitation will be required .",1.1602156179333454,0.17085561355719436,0.8710129104720862,0.7911163903027745,0.8291443864428053
1695,This brings into question the motives of those who lead civil disobedience demonstrations .,0.7682062501545346,0.11709052281086978,0.9529943552357749,0.8224267686930375,0.8829094771891305
1696,Do they want the spotlight for themselves or for their cause ?,0.5000000000000009,0.07890677294489694,0.9459744918689591,0.8974872852425803,0.921093227055103
1697,"Here is a good rule of thumb : If the movement produced the leader , the chance that he is sincere is much greater than if the leader produced the movement .",0.9615906229114675,0.13847694631086058,0.9340820745716821,0.7994241889341538,0.8615230536891393
1698,"In either case , ask yourself whether you have become better informed on the issues under protest by watching the act of civil disobedience .",0.9403910001730749,0.1312125206213616,0.9284280650761783,0.8163467971686954,0.8687874793786381
1699,"If you have not , it is probable that a thorough airing of the dispute by calm and rational debate would have been the better course .",1.1390699074875377,0.15039119021551392,0.8898370406368645,0.8128605724489523,0.8496088097844863
1700,Mr. Agnew was vice president of the U.S. from 1969 until he resigned in 1973 .,0.8749999999999991,0.1393170330806086,0.9557963304855165,0.782786214790133,0.8606829669193912
1701,Gov. George Deukmejian and key legislators agreed to back a temporary one-quarter-cent increase in the state sales tax to raise $ 800 million for repairs and relief associated with last month 's earthquake .,1.147633823783937,0.14271016853368299,0.9361018787002879,0.7907179134304786,0.8572898314663169
1702,"The tax increase , which will be considered at a special session of the state legislature that begins tomorrow , would cover only part of the estimated $ 4 billion to $ 6 billion in total damage caused by the Oct. 17 quake .",1.4585923978346669,0.18902428342843824,0.8749605914350412,0.7557113997345978,0.8109757165715615
1703,"Aside from as much as $ 3.45 billion in recently approved federal aid , the state is expected to draw from a gubernatorial emergency fund that currently stands at an estimated $ 700 million .",1.183140272406198,0.15173420253121747,0.9212090167171784,0.786026599278392,0.8482657974687823
1704,"`` I am not aware that there is anything but bipartisan agreement for the general outline '' of the revenue-raising plan , said a spokesman for the governor , after a Monday meeting with legislative leaders over the quake-relief question .",1.1622313281561771,0.15267093311527072,0.9247849991315323,0.781845149055599,0.8473290668847295
1705,"The tax increase -- on top of the current six-cent per dollar sales tax -- would become effective this Dec. 1 and expire Dec. 31 , 1990 .",1.0938996601103819,0.14650004374759398,0.9106432113706363,0.8031047839366845,0.853499956252406
1706,The sales-tax plan was preferred over an alternative that would have boosted the state gasoline tax .,1.0743919121464973,0.16205139340360555,1.0,0.7210942746190209,0.837948606596395
1707,Some legislators expressed concern that a gas-tax increase would take too long and possibly damage chances of a major gas-tax-increasing ballot initiative that voters will consider next June .,1.3671979479911922,0.18177976613744115,0.9036911501550027,0.7475199558298428,0.8182202338625589
1708,"Despite continuing problems in its newsprint business , Kimberly-Clark Corp. posted a 20 % gain in third-quarter net income .",1.1182263988300134,0.15693018464852912,0.9091927699289495,0.7859126654097536,0.8430698153514709
1709,"The consumer-products and newsprint company said net rose to $ 108.8 million , or $ 1.35 a share , from $ 90.5 million , or $ 1.12 a share , a year ago .",1.0888102943721751,0.1481324916666446,0.9572399507820407,0.7673932818255624,0.851867508333356
1710,Sales rose 6.2 % to $ 1.45 billion from $ 1.37 billion .,0.9511175366615605,0.17209548593746224,0.8621614956649492,0.7962658202760702,0.8279045140625378
1711,"After a flat second quarter tied largely to lower newsprint earnings , Kimberly-Clark attributed the gain to improved results in its consumer businesses in North America , Brazil and Korea .",1.3751351768738944,0.18022666775386909,0.8470236546543349,0.7942217452248508,0.8197733322461312
1712,"Those gains came from higher prices , particularly for disposable diapers and tissue products , and from increased sales , primarily for feminine-care products , the company said .",0.9655172413793114,0.13914179241417032,0.8895480885103376,0.8339611282985037,0.86085820758583
1713,"Newsprint results continued to be depressed , the company added , because of industrywide price discounting .",1.0588235294117672,0.15388069598191803,0.9252152887794686,0.7794819562753093,0.8461193040180822
1714,"The quarter-to-quarter comparison was also enhanced by charges taken in the year-earlier period , including $ 11 million related to the modernization of a pulp and newsprint mill in Alabama .",1.1974004993149592,0.15179841573963757,0.915195652893237,0.7903466974650102,0.8482015842603624
1715,"In the 1989 period also , interest expense and tax rates were lower than a year ago .",1.2005355819131553,0.17356073150654797,0.8955595571300715,0.7672240573230512,0.8264392684934518
1716,"In the first nine months , profit rose 10 % to $ 313.2 million , or $ 3.89 a share , from $ 283.9 million , or $ 3.53 a share .",1.3443609377704338,0.1925064665023846,0.8738966940548717,0.7504690402034987,0.8074935334976155
1717,Sales rose 6.7 % to $ 4.27 billion from $ 4 billion .,0.7392031134182169,0.13908467091946006,0.8621614956649492,0.8596727597103416,0.8609153290805401
1718,"In New York Stock Exchange composite trading , Kimberly-Clark closed at $ 66.50 a share , up $ 1.50 .",1.1559707739381864,0.1678266556642178,0.8841601118844674,0.7859605083346708,0.832173344335782
1719,"INTENSIVE AUDITS are coming to 55,500 taxpayers as research guinea pigs .",0.5629072918469564,0.08972515320930871,0.9448498934839928,0.8781408934467743,0.9102748467906915
1720,"This is the year : Unsuspecting filers of 1988 personal returns are being picked randomly for thorough audits to help the IRS update its criteria for enforcement , audit selection , and use of resources .",1.2159565975227027,0.14765706504353987,0.8954279037217908,0.8132138299580057,0.85234293495646
1721,The last Taxpayer Compliance Measurement Program survey covered 1985 returns .,0.7272727272727293,0.11746137379367967,1.0000000000000002,0.7897710354051726,0.8825386262063208
1722,"The 1988-return project starts Jan. 1 and is to be done by May 31 , 1991 .",0.39734632365667544,0.05437892518796934,0.9670684213871402,0.9251043935637095,0.9456210748120308
1723,Specially trained IRS agents will look for under-reported income and unsupported deductions and credits .,1.0339850002884612,0.15875394408122664,0.8725941094450615,0.8120722575608832,0.8412460559187729
1724,The agents will make more than routine inquiries about such items as marital status and dependents ; they want to look at living standards and business assets .,0.9649839288804953,0.13363291571489289,0.8975266917392556,0.837298432921384,0.866367084285107
1725,But they also are to see that taxpayers get all allowable tax benefits and to ask if filers who sought IRS aid were satisfied with it .,1.6394319446848327,0.22077219601808334,0.7593626801301551,0.800160201531328,0.779227803981917
1726,"Courts have ruled that taxpayers must submit to TCMP audits , but the IRS will excuse from the fullscale rigors anyone who was audited without change for either 1986 or 1987 .",1.3207707033278266,0.16495099901780794,0.8508383730776432,0.8198349722739269,0.835049000982192
1727,Rewards have been suggested -- but never adopted -- for filers who come through TCMP audits without change .,0.9870993422191265,0.14084836873253564,0.9050645645825934,0.8176720256604231,0.8591516312674637
1728,"PENALTY OVERHAUL is still likely , congressional sources say .",0.40000000000000036,0.0640629745212681,1.0,0.8795880017344075,0.9359370254787319
1729,Long-debated proposals to simplify the more than 150 civil penalties and make them fairer and easier to administer are in the House tax bill .,1.0007820003461534,0.13367053647594487,0.8756864243072313,0.8571703522849183,0.8663294635240548
1730,But they were stripped from the Senate bill after staffers estimated penalty revenue would fall by $ 216 million over five years .,0.761294565405521,0.10029997298800022,0.9515340385446427,0.8532215074174532,0.8997000270119998
1731,"Still , congressional aides say penalty reform is a strong candidate for enactment , even if not this time around , although some provisions may be modified .",1.4780027851876483,0.19536660648116635,0.8810133311221384,0.7404404955759419,0.8046333935188336
1732,"Sen. Pryor -LRB- D. , Ark. -RRB- , a leader on the issue who generally backs the House plan , wants some changes -- for one , separate sanctions for negligence and large misstatements of tax owed , not a single penalty .",1.147866196192818,0.14420388630320596,0.9069886977492342,0.8100736441451054,0.8557961136967939
1733,He would ease the proposed penalties for delayed payroll-tax deposits and for faulty Form 1099 and other reports that taxpayers correct voluntarily .,1.1091206523620434,0.15454447151181788,0.8454555284881824,0.8454555284881826,0.8454555284881825
1734,The General Accounting Office urges Congress to ensure that all penalties retain their force as deterrents .,0.9411764705882373,0.1344834621228688,0.9279108711221052,0.810984533950265,0.8655165378771315
1735,TAXPAYERS ' RIGHTS are defined by a growing number of states .,0.39624062518029035,0.06152469369124693,1.0000000000000002,0.8840824070190841,0.9384753063087534
1736,The 1988 tax act created a federal bill of rights spelling out IRS duties to protect taxpayers ' rights in the assessment and collection of taxes .,1.082195590699027,0.1428640386109076,0.9163642770102293,0.8050991586962275,0.857135961389093
1737,States are following suit .,0.0,0.0,1.0,1.0,1.0
1738,California enacted a rights law in 1988 .,0.0,0.0,1.0,1.0,1.0
1739,"In 1989 , Illinois , Kansas , Ohio , Oregon and South Carolina have adopted rights laws , the Federation of Tax Administrators , a state officials ' group , reports ; the features vary .",1.586205640215561,0.22105816426579217,0.813246869913124,0.7474138240935798,0.7789418357342074
1740,And taxpayer groups are urging legislation in many other states .,0.9777170456512243,0.1875222044294458,0.7268685223512302,0.9209450553875367,0.8124777955705542
1741,"One group is the Committee on State Taxation , which comprises 330 multistate corporations and advises the Council of State Chambers of Commerce .",1.2447626242053031,0.16907355284054992,0.9157374838846287,0.7604933477401322,0.8309264471594502
1742,"The group 's Mark Cahoon says its efforts begun in 1989 have led to the introduction of bills in Massachusetts , Minnesota and Colorado to establish evenhanded procedures affecting all kinds of taxpayers .",1.1024689251577664,0.13962396862738732,0.8816043806618277,0.8401459684737671,0.8603760313726129
1743,The group also seeks uniformity among states in provisions for taxpayers ' rights .,0.37465089270260954,0.06369967526028872,1.0000000000000002,0.8802299620055797,0.9363003247397114
1744,"This week , New York City announced a 10-point policy patterned on the federal bill of rights for taxpayers .",0.8132331253245182,0.11365728295368777,1.0,0.795884632205266,0.8863427170463118
1745,"THE MILEAGE RATE allowed for business use of a car in 1989 has risen to 25.5 cents a mile for the first 15,000 from 24 cents in 1988 , the IRS says ; the rate stays 11 cents for each added mile .",1.4395380123230268,0.198897127874578,0.8888170544032363,0.7291460511764979,0.801102872125422
1746,Also unaltered : 12 cents for charitable activities and nine cents for medical and moving costs .,1.0299867649604089,0.15995926648992517,0.9062743573724498,0.7828289233800099,0.840040733510075
1747,"IRA BALANCES could be used to qualify for bank services under a bill entered by Reps. Chandler -LRB- R. , Wash . -RRB- and Andrews -LRB- D. , Texas -RRB- .",1.1776205621508566,0.1565822519961143,0.8687437878358556,0.8195265139862302,0.8434177480038857
1748,The bill would thwart a recent Labor Department opinion that investing individual-retirement-account funds to earn free checking violates the law .,1.291400737083987,0.18656992459156957,0.8460820007928349,0.7832047053203411,0.8134300754084304
1749,HUGO FELLED vast timberlands .,0.0,0.0,1.0,1.0,1.0
1750,South Carolina 's congressional delegation has entered Senate and House bills to provide special casualty-loss treatment and other tax relief for timber growers in the hurricane disaster areas .,1.6296939630634508,0.2261384427629304,0.838200279536738,0.718695781876495,0.7738615572370697
1751,"HE RODE HIS HOBBY , but he could n't milk it , the Tax Court says .",0.6326404413037334,0.08387914552053385,0.9670684213871402,0.8702727253088351,0.9161208544794662
1752,The court often weighs deductions of sideline-business costs : Do they stem from a profit-seeking activity or a nondeductible hobby ?,1.0961690480311344,0.15000575237329553,0.881649132085591,0.8205336636240808,0.8499942476267041
1753,But it 's rare to see both functions in one case .,0.0,0.0,1.0,1.0,1.0
1754,"Charles O. Givens of Mount Vernon , Ind. - investment broker , ex-accountant , and son of a former stable owner - bred Tennessee Walking Horses for six years , raised cattle for four , and never made a profit on either .",2.0159778347455957,0.2736744398987737,0.7641212176749365,0.6920926451895562,0.7263255601012261
1755,"He claimed losses totaling $ 42,455 -- and the IRS denied them all .",0.7142857142857153,0.10351330597172509,0.9154387115169994,0.8783034747644117,0.8964866940282753
1756,"Special Judge Galloway noted that Givens managed horse-breeding in a businesslike way : He kept detailed accounts , practiced soil conservation , enhanced his experience by consulting experts , spent several hours a day doing chores , and dropped the sideline when his best brood mare died .",2.3137218755408657,0.2865379144304027,0.7979068635257623,0.6451807512765265,0.7134620855695971
1757,Yet he took little businesslike care with his cattle : He had no prior experience and did n't seek business counsel about them .,1.0629072918469564,0.14407528240267575,0.8964278077363209,0.8189234872316106,0.8559247175973244
1758,"The judge said Givens may deduct his $ 30,180 of losses from horse breeding , but rejected the $ 12,275 in deductions from the cattle operation .",0.676468981721869,0.09019619267274365,0.9509158653043871,0.8720993173660021,0.9098038073272566
1759,BRIEFS :,0.0,0.0,1.0,1.0,1.0
1760,"The IRS already is doing intensive TCMP audits of 19,000 returns for 1987 and fiscal 1988 filed by corporations with under $ 10 million in assets ... .",0.7237379466603713,0.09548976758726922,0.972097215783772,0.8457105333438089,0.9045102324127305
1761,"President Bush says he will name Donald E. Kirkendall to the new Treasury post of inspector general , which has responsibilities for the IRS ... .",1.1404417097847386,0.15342666909281316,0.8910735429822004,0.8063063903706635,0.8465733309071867
1762,"The U.S. and Finland signed an income-tax treaty , subject to ratification .",0.6734528847818071,0.10010557226100235,0.9999999999999998,0.8180073353228102,0.8998944277389975
1763,"An arbitrator awarded Eastern Airlines pilots between $ 60 million and $ 100 million in back pay , a decision that could complicate the carrier 's bankruptcy-law reorganization .",0.793777586505306,0.09976257273388522,0.956223272094012,0.8504447983828138,0.9002374272661146
1764,"Eastern , a unit of Texas Air Corp. , said it is examining the ruling to determine if it can appeal .",0.5454545454545432,0.07307493616049016,0.9743942628760535,0.8838660916897426,0.9269250638395095
1765,"It 's unclear whether Eastern will succeed in overturning the arbitrator 's decision , made in a long-simmering `` pay parity '' dispute that predates both the carrier 's Chapter 11 petition and its 1986 acquisition by Texas Air .",1.7132331253245203,0.21008030760870083,0.8280455884397199,0.7551501385349882,0.7899196923912991
1766,All Eastern 's previous court efforts to head off the pilots ' demands have failed .,0.547180468885216,0.07596753833988239,0.963797702465022,0.8874185416306087,0.9240324616601173
1767,An Eastern spokesman said he does n't expect that the arbitrator 's ruling `` will have any overall material effect on the company 's strategic plan . '',0.7682062501545337,0.09858172116071635,0.9800680229168035,0.8344539573291411,0.9014182788392836
1768,Bankruptcy experts said the law is n't clear on how such an arbitration ruling can affect a company 's case .,0.9290369049679494,0.1288132889519069,0.9428359132356233,0.8096581268884937,0.8711867110480931
1769,"Like any other creditor , the pilots will have to apply to the court for payment of their claim .",1.237744375108174,0.18389744355848578,0.8459851095568001,0.7882590487636719,0.8161025564415143
1770,"That may leave a lot of leeway for U.S. Bankruptcy Judge Burton R. Lifland to decide what , if anything , the pilots actually collect .",1.2990168273391287,0.1735150799156608,0.9095401196586401,0.7573289723857325,0.826484920084339
1771,"In August , he issued the ruling that let the pilots pursue their back-pay grievance before the arbitrator .",0.8023743419913929,0.11491317562842537,0.9179883949880978,0.8544620962672034,0.8850868243715742
1772,The pilots ' contract with Eastern calls for a mutually acceptable private arbitrator to resolve such grievances .,0.4863826390090802,0.06564733896739343,0.9999999999999998,0.87679350087618,0.9343526610326063
1773,"In a statement to employees , Eastern said the company was disappointed by the ruling .",0.5471804688852169,0.08280001473207456,0.9603883722013241,0.8777287764156874,0.9171999852679253
1774,"`` The obligation is totally unwarranted , '' the statement said .",0.5,0.07496336164077998,0.9487436426212901,0.9024855221679389,0.9250366383592199
1775,"James Linsey , a lawyer for the Air Line Pilots Association , said the pilots were extremely pleased .",0.7560277882421165,0.11088280198725342,0.9543485371794099,0.8322326842556338,0.8891171980127462
1776,"`` This is a blow not only to Eastern but to the creditors committee , '' he said .",0.566046710640177,0.07332893274356711,0.9714104927528915,0.8858712497997028,0.9266710672564319
1777,"Eastern 's creditors committee , along with the company , has consistently opposed the pilots ' claim , which if paid would have to come out of money both hope to use to pay off other bankruptcy claims .",1.371383165522155,0.17072922361448822,0.8551601077209308,0.8049029430439242,0.8292707763855119
1778,"Eastern and its creditors are in the final , delicate stages of negotiating a second reorganization plan to pay off the airline 's debts .",0.5705865002596147,0.07262387098949169,0.957928772348235,0.8987121686568196,0.9273761290105079
1779,"An earlier plan , which had received the creditors ' approval in July , fell apart when Eastern changed its business plan .",0.968028804630019,0.12809093650872144,0.8884968304150558,0.8559293148949076,0.8719090634912785
1780,It is n't known whether the pilot claim was figured into either plan .,0.6253491072973896,0.09328491767259692,0.9551046883087149,0.8629922771049006,0.9067150823274032
1781,The dispute between Eastern and its pilots is over a `` pay parity '' clause in the pilots ' contract .,0.9697394274571565,0.13521990986595095,0.9421290020236718,0.7991682724744389,0.8647800901340488
1782,The clause was part of an agreement in which pilots accepted a substantial pay cut as long as no other labor group got a raise .,1.6961486719273022,0.26047824486379717,0.8564791970648828,0.6506689533547094,0.7395217551362027
1783,"Shortly after Texas Air took control of Eastern , some Machinists union supervisors received a 20 % pay raise .",0.9182263988300132,0.12886249016148726,1.0,0.7716949738616026,0.8711375098385126
1784,The pilots argued that this triggered a pay raise for them .,0.7295739585136225,0.11946485063688528,1.0,0.7865679291870227,0.8805351493631146
1785,"Eastern has disputed the claim , but a federal district court , an appeals court and now the arbitrator have all sided with the pilots .",1.1828802885447471,0.16997386289946576,0.862214696745161,0.8001544370258905,0.8300261371005337
1786,The two sides do n't even agree about how much money is at issue .,0.6666666666666652,0.09689291750140801,0.8859388426599628,0.9209538638490986,0.9031070824985918
1787,"The pilots put the amount as high as $ 100 million , the company at $ 65 million .",0.7110407897014168,0.1056181666181166,0.9232534731009764,0.8672611643468849,0.8943818333818834
1788,"Another arbitrator is hearing another pay parity case between Eastern and its pilots , resulting from a similar set of circumstances involving a separate pay raise granted another union .",1.4373138492921251,0.19799143610497938,0.8903539271631998,0.7296127436321224,0.8020085638950207
1789,A decision on that case is n't expected before mid-November .,0.18181818181818166,0.03025375536532712,1.0,0.9412693131031604,0.969746244634673
1790,"Ironically , many of the pilots involved have left Eastern or are still striking the carrier , which filed for bankruptcy protection March 9 .",0.750195500086539,0.09310504852911274,0.9383613470388915,0.8774704320145742,0.9068949514708874
1791,About 800 have crossed the picket lines and returned to work .,0.16666666666666696,0.02379844619454642,1.0,0.9535095090581449,0.9762015538054536
1792,Few people in the advertising business have raised as many hackles as Alvin A. Achenbaum .,0.672180468885216,0.10367621836518685,0.958754573727417,0.8415264788807096,0.896323781634813
1793,"The general public may not know his name , but he 's famous -- make that infamous -- in advertising circles : A marketing consultant , he pioneered slashing ad agency commissions , to the delight of advertising clients and the dismay of agencies .",1.7948479104557435,0.22282156972816416,0.8190467317455925,0.739382434660233,0.7771784302718364
1794,"Now , after beating them , Mr. Achenbaum is joining them .",0.3962406251802886,0.06862872982967268,0.9213328697403966,0.9416308273977262,0.9313712701703273
1795,"Backer Spielvogel Bates Worldwide named Mr. Achenbaum , 62 , vice chairman of professional services , reporting directly to Carl Spielvogel , chairman and chief executive officer .",0.8126745536486961,0.12521403412900922,0.8931441499452885,0.8571672706820799,0.8747859658709907
1796,"He joins Nov. 13 , dissolving his consulting firm , Canter , Achenbaum Associates .",0.7673183336217955,0.11317719766391711,0.9575313698150203,0.8258390108235042,0.8868228023360827
1797,"In years past , the ad industry 's most distinguished executives did n't hesitate to excorciate Mr. Achenbaum .",0.6315789473684168,0.08030986463118499,0.9717157066072303,0.872952345567481,0.9196901353688146
1798,"They have since mellowed , although one senior Young & Rubicam executive , echoing others , said : `` I think ad agencies owe Carl -LCB- Spielvogel -RCB- a vote of thanks for getting him out of the consulting business . ''",1.7855647252307394,0.21277761242551774,0.8054455023189195,0.7698056211699226,0.7872223875744826
1799,"But industry executives also believe hiring Mr. Achenbaum is a shrewd move for Backer Spielvogel , a unit of Saatchi & Saatchi .",1.1419418481082806,0.15110335566780492,0.9485710878435263,0.7681776733549616,0.8488966443321955
1800,"Mr. Achenbaum has counted among his clients some of the most visible blue-chip advertisers in the country , including Nissan , Toyota , Seagram and Backer Spielvogel clients Hyundai and J.P. Morgan .",1.4537626803344592,0.19506746151331716,0.8979814685600389,0.7293565404237587,0.8049325384866829
1801,"At Backer Spielvogel , he will work with clients and potential clients on marketing strategies ; aside from agency compensation issues , he helped Nissan , for example , come up with its positioning and pricing for its new Infiniti line .",1.3847076638352354,0.17962255359903279,0.8670500232677851,0.7784729018254996,0.8203774464009673
1802,"His client contacts , meanwhile , could prove a gold mine for an agency that has had few new business wins of late .",0.6504016864348676,0.08461951734026811,0.9768597419146424,0.8611815033794253,0.9153804826597319
1803,"`` I 've done over 40 ad agency searches -LCB- for clients -RCB- , so I have a pretty good notion of what clients are interested in when they look for an agency , '' Mr. Achenbaum said .",0.9424330128759877,0.1124768241961106,0.9119559267280277,0.8643654495184899,0.8875231758038897
1804,"As a consultant , he has given seminars at agencies including Ogilvy & Mather on how to win new business .",0.6073755953411153,0.07604758897268352,0.9509104747016884,0.898480717286224,0.9239524110273161
1805,"Mr. Spielvogel said he hopes Mr. Achenbaum will do some strategic consulting at the agency for `` non-clients , in hopes that they become clients . ''",0.7407407407407414,0.0929134234557021,0.9606404100699936,0.8591884901368858,0.9070865765442979
1806,"At Backer Spielvogel , Mr. Spielvogel 's hallmark has been personal involvement with all major clients .",0.7502875001272642,0.11167060080387922,0.9143060755141618,0.8637880096813688,0.8883293991961211
1807,He pampers them ; he invites them to fabulous parties ; he strokes them .,0.5836591668108966,0.10751126535735969,0.9999999999999999,0.8058507055950004,0.8924887346426401
1808,"Mr. Achenbaum , too , delves into his clients ' business .",0.33333333333333304,0.051256357378709705,0.9487436426212901,0.9487436426212901,0.9487436426212901
1809,`` Carl has a much higher degree of intimacy with his clients than is ordinary for an agency his size .,0.7619047619047592,0.10886756474394975,0.9323038465679512,0.8534435677390585,0.89113243525605
1810,"And with Al 's record of being a delver and a detail guy , you can see how the two fit , '' said Alan Gottesman , an analyst with PaineWebber .",0.8392110303835434,0.10567507846425256,0.940063885970342,0.8528303207012176,0.8943249215357478
1811,"Mr. Achenbaum 's move follows the announcement last month that his consulting partner , Stanley Canter , 66 , would retire .",0.6929596589925673,0.0956045565153317,0.9321921700361677,0.8782084397325159,0.904395443484668
1812,"When the announcement came out , `` I picked up the phone and said , ` Why do n't you come to us ? ' '' Mr. Spielvogel said .",0.9169925001442314,0.11515007731575096,0.9076451828335108,0.8631716042784199,0.8848499226842492
1813,"Mr. Achenbaum , who had been considering paring down his firm or merging it with another small consulting outfit , soon agreed .",0.9352076088837817,0.11781396130505006,0.9096373464175799,0.8563430618220282,0.88218603869495
1814,"The two men are longtime friends and tennis partners , having met about 25 years ago .",0.7058823529411766,0.10215899273897348,0.8864474178073202,0.9095312959038191,0.8978410072610266
1815,"Before becoming a consultant in 1974 , Mr. Achenbaum was a senior executive at J. Walter Thompson Co .",0.8163039475961522,0.12467494869515114,0.9645678806564792,0.8011974272079133,0.8753250513048487
1816,"He spent most of his career formulating marketing strategies , but became best-known for chipping away at ad agency compensation .",1.2787977605844434,0.18131283917994437,0.8676890652899989,0.7749240701290023,0.8186871608200553
1817,"Ad agencies typically earned a straight 15 % commission ; if a client spent $ 100 million on TV time , the agency made $ 15 million .",1.1434290153929805,0.15835689119542823,0.9188920935731415,0.7763751692464026,0.8416431088045716
1818,"But Mr. Achenbaum pioneered negotiated fees , which often worked out to less than 15 % .",0.7058823529411784,0.09450773302486767,0.8778381039203459,0.9349454589164967,0.9054922669751326
1819,"More recently , he negotiated `` indemnification '' clauses in which an ad agency in some cases must pay a client if it drops the account .",0.9764639991333439,0.1262127228103652,0.9124663860978955,0.8382540034323415,0.873787277189635
1820,"He ultimately became so well-known for cutting compensation , however , that clients did n't seek him out for anything else .",1.1252221591892475,0.15923627290952777,0.867290592175836,0.8158113995475123,0.8407637270904719
1821,"`` I was very frustrated , '' he said .",0.5999999999999988,0.09927436741713123,0.9315520459418732,0.8718740509574638,0.9007256325828685
1822,"`` The fact of the matter is , I am a marketer .",0.3657605770894987,0.06100172581990684,0.9481810799010795,0.9299916270173645,0.9389982741800933
1823,That 's another reason -LCB- for the Backer Spielvogel job -RCB- .,0.3962406251802886,0.06488283545628412,1.0,0.8781408934467743,0.9351171645437157
1824,It struck me as a way to get back to what I really want to do . '',0.8616541669070514,0.11875100610531299,0.9350109973806346,0.8333333333333334,0.8812489938946868
1825,Mr. Spielvogel added pointedly : `` The pressure on commissions did n't begin with Al Achenbaum . '',0.8888888888888884,0.1192985542790201,0.9672446082717254,0.8083731358980073,0.8807014457209799
1826,"Mr. Spielvogel said Mr. Achenbaum will work with clients to determine the mix of promotion , merchandising , publicity and other marketing outlets , and to integrate those services .",1.0339850002884647,0.13177721210871277,0.9379955933479276,0.8081114173180292,0.8682227878912874
1827,"He will concentrate on , among others , J.P. Morgan and Hyundai .",0.7315211541789957,0.11498892854819176,0.9299916270173645,0.8441808914869713,0.8850110714518081
1828,"Mr. Achenbaum helped Morgan in its recent agency search , and he has a long relationship with Hyundai , which is having severe troubles , including declining sales .",1.1906663797579604,0.15467801099389664,0.8747493308725371,0.8178101321890702,0.8453219890061034
1829,"`` The trail of revenue is increasingly going away from pure advertising , and going towards other services , '' Mr. Spielvogel said .",0.7295739585136207,0.09461743615805299,0.9253845369862759,0.8862269724163735,0.9053825638419467
1830,"Instead of being just an ad agency , he said : `` We have redefined our mission here .",1.1320934212803628,0.15373846709246827,0.880953882760074,0.8141980567300479,0.8462615329075314
1831,"Our mission is to help our clients grow , and to use every tool of marketing communications to accomplish that . ''",0.7272727272727266,0.10178412221563174,0.9463790586693246,0.8547175404841276,0.898215877784368
1832,Industry executives are wishing Mr. Achenbaum well .,0.25,0.043478260869565216,0.9999999999999999,0.9166666666666666,0.9565217391304347
1833,"Leonard Matthews , then-president of the American Association of Advertising Agencies , called Mr. Achenbaum a `` quisling '' in an incendiary 1987 speech .",1.2162548782626663,0.17649733579934265,0.8764442818418647,0.7765925882043717,0.8235026642006571
1834,"Yesterday , Mr. Matthews , now a consultant with the Stamford , Conn. , firm Matthews & Johnston , quipped , `` I think he 'll be very good at that -LCB- new job -RCB- .",1.1604010419671464,0.1453324119205835,0.9143253702755872,0.8023180451839635,0.8546675880794163
1835,And much better at that than at -LCB- the price-cutting -RCB- he 's been doing recently . '',0.8197159723424159,0.11584962318767977,0.8491789964949463,0.922125898621379,0.8841503768123202
1836,Cotton Inc . Campaign,0.5,0.14285714285714285,1.0,0.75,0.8571428571428571
1837,"Cotton Inc. , the fiber company that represents cotton growers , will begin a new ad campaign , developed by Ogilvy & Mather , Thanksgiving Day .",1.0919979057542273,0.14795235933658119,0.9302613374241506,0.785965889967023,0.8520476406634194
1838,"J. Nicholas Hahn , Cotton Inc. 's president and chief executive , was an outspoken critic of WPP Group 's acquisition of Ogilvy Group earlier this year .",1.2906773388363453,0.18623210369303916,0.9347700663072389,0.7205018698445806,0.8137678963069611
1839,"During the takeover , Mr. Hahn said he would put his account up for review if WPP 's bid were successful , but he did n't .",0.7966583334935926,0.09878452655156365,0.9608293599814515,0.8485668257559158,0.9012154734484367
1840,Cotton Inc. 's new $ 9 million campaign calls cotton the `` Fabric of Our Lives . '',0.7086048612313025,0.09285573298694769,0.9396715985979786,0.8767935008761801,0.9071442670130521
1841,The campaign replaces its `` Take Comfort in Cotton '' ads and marks the end of its national cooperative advertising efforts .,1.0165694534818295,0.13818019132241566,0.9361741691286316,0.7984073875310782,0.861819808677584
1842,"For years , the company 's ads were tied in with pitches for Cannon sheets or Martex towels , for example , and an announcer at the end of the ads would tell customers where to `` find the true performance label . ''",1.2768365788041836,0.15802427704619312,0.8952635791851594,0.7946750921183792,0.8419757229538068
1843,"With the new TV spots , Ogilvy & Mather has opted for a family style with lots of laughter , hugs and tears .",1.0518796874098575,0.14565330034936777,0.9487436426212903,0.7770342857746779,0.8543466996506326
1844,"`` We 're making a fairly obvious plea for some emotional reaction , '' says Tom Rost , creative director at Ogilvy & Mather .",1.0505865002596142,0.1382873624779035,0.8838397343940444,0.8406663935005698,0.8617126375220963
1845,"Cotton Inc. will spend nearly $ 2 million on broadcasting on Thanksgiving Day alone , advertising on such programs as `` Good Morning America , '' `` Macy 's Thanksgiving Day Parade '' and the NFL holiday game .",1.8573990230191573,0.2364854033105475,0.8069567516941256,0.7245108783210074,0.7635145966894524
1846,Frank Mingo Dies at 49,0.40000000000000036,0.09425390072448082,1.0,0.8277293767706427,0.9057460992755192
1847,"Frank L. Mingo , one of the pioneers of advertising targeted at black audiences , died at the age of 49 after a stroke .",0.5705865002596155,0.08155495357751968,1.0,0.8491894409844717,0.9184450464224803
1848,"Mr. Mingo was chief executive officer of the Mingo Group , which he founded in 1977 and which created ads for the black market .",1.0505865002596142,0.14241890449849068,0.900322055795588,0.8187142977091781,0.857581095501509
1849,Clients include Miller Brewing Co. and General Motors .,0.7505430557959407,0.15967580893929892,0.8658072050385711,0.8162983545263646,0.8403241910607011
1850,"Mr. Mingo was hospitalized Sept. 23 and died Monday , according to Samuel J. Chisholm , the agency 's president and chief operating officer .",1.1598584968939845,0.17241654574022802,0.8650660236451573,0.7932141643555781,0.8275834542597718
1851,Ad Notes ... .,0.0,0.0,1.0,1.0,1.0
1852,EARNINGS :,0.0,0.0,1.0,1.0,1.0
1853,"Omnicom Group Inc. , New York , reported third-quarter net income rose 54 % to $ 5.6 million , or 22 cents a share , from $ 3.6 million , or 15 cents a share , a year earlier .",1.1783856977441785,0.1590371472539262,0.8918045513693525,0.7956054560418238,0.8409628527460732
1854,Revenue increased 20 % to $ 246.6 million from $ 204.8 million .,0.8930492672643702,0.17304056369413492,0.8536781018593115,0.8018625102121278,0.8269594363058649
1855,"Prime Minister Lee Kuan Yew , Singapore 's leader and one of Asia 's leading statesmen for 30 years , recently announced his intention to retire next year -- though not necessarily to end his influence .",1.1328688367809105,0.13807127356615942,0.9240412437627358,0.8076404753829783,0.8619287264338406
1856,"The prime minister , whose hair is thinning and gray and whose face has a perpetual pallor , nonetheless continues to display an energy , a precision of thought and a willingness to say publicly what most other Asian leaders dare say only privately .",1.4610801324856544,0.18187788786285408,0.8755463159346052,0.7677668116159002,0.8181221121371463
1857,"The 66-year-old Mr. Lee recently spent an hour discussing the state of Asia and the world with two Journal reporters in his plainly furnished , wood-paneled office .",1.3701617134500115,0.1882202938898587,0.8379445450643457,0.7871993859915405,0.8117797061101414
1858,The interview did not touch on Singapore 's domestic affairs .,0.0,0.0,1.0,1.0,1.0
1859,"Skipping personal pleasantries , Mr. Lee picked up exactly where he left off several months earlier -- before the government crackdown in China -- when he had warned that the orthodox leadership in Beijing feared a plurality of views .",1.409113199415006,0.17061022199391038,0.8954267645863127,0.772424134139111,0.8293897780060897
1860,Excerpts follow :,4.440892098500626e-16,1.4009454786722165e-16,1.0,1.0,1.0
1861,"On China 's turmoil : `` It is a very unhappy scene , '' he said .",0.35294117647058965,0.04652109924124803,0.938919051960173,0.9684974223250442,0.9534789007587521
1862,"`` It took Zhao Ziyang -LRB- former premier and party chief -RRB- 10 years to build a team of economists who understood how the Western economies work and now that team is part in exile , part being rusticated and part missing . ''",1.5695147733173087,0.17645301100615304,0.8598627582399908,0.7901744616475928,0.8235469889938472
1863,"Rebuilding that team , Mr. Lee predicted , will take another 10 years .",0.14285714285714413,0.02070266119434517,1.0,0.9594344915881372,0.9792973388056551
1864,"`` That 's very sad for China and for Asia because China could have been a good engine for growth , not just for Hong Kong and Taiwan but for Japan , Korea and the rest of Asia . ''",1.1744385237378472,0.15631154922688198,0.9158322226089082,0.7820808131024495,0.8436884507731179
1865,"On similarities between China and the Soviet Union : `` In important particulars , the Soviets are different from the Chinese .",0.9777170456512243,0.13683459799194722,0.9094491433877954,0.8213644711504738,0.8631654020080528
1866,They are already industrialized ... .,0.0,0.0,1.0,1.0,1.0
1867,Their problem is one of inefficiency of an industrial economy .,0.4322625001966802,0.07059693211210327,1.0,0.8681166926700835,0.9294030678878968
1868,The Chinese problem is much greater -- it 's how to industrialize to begin with . '',0.39734632365667544,0.05437892518796934,0.896851266866369,0.9999999999999998,0.9456210748120305
1869,"Asked if the Soviets , like Chinese officials , wo n't one day face a similar conflict between the desire to liberalize economically and yet retain political control , Mr. Lee said , `` I would think that the Soviets face a deeper dilemma because they have been more in blinkers than the Chinese -- I mean keeping their people cut off from the outside world . ''",1.4507687951381616,0.16362411865613527,0.8453582974988544,0.8275823448681223,0.8363758813438648
1870,"Mikhail Gorbachev , he said , is ahead of China 's leaders in his awareness of the world .",0.4607835527454407,0.06291392985618728,0.9702384706900188,0.9061244044218562,0.9370860701438123
1871,`` But I think the Soviet peoples are more introverted than the Chinese . '',0.39999999999999947,0.05596664201000246,0.9619796142199877,0.9267444333447415,0.9440333579899974
1872,"Regardless , he said , he still believes the Soviet Union , while falling far short of the efficiency of a Western economy , may well manage to improve considerably .",1.0164443549782876,0.1354496856923149,0.8933906991947725,0.8375137458713593,0.8645503143076851
1873,"On Asia-Pacific prosperity : `` If America can keep up the present situation -- her markets open for another 15 years , with adjustments , and Japan can grow and not cut back , and so too , Korea , Taiwan , Hong Kong , Singapore , ASEAN , Australia and New Zealand -- then in 15 years , the economies of these countries would be totally restructured to be able to almost sustain growth by themselves . ''",1.9181811638103357,0.2250284832286485,0.8352168060958342,0.7228326451374738,0.7749715167713516
1874,"In such an arrangement , `` all benefit , '' he said .",0.615384615384615,0.09069119226049506,0.909308807739505,0.909308807739505,0.909308807739505
1875,"`` And if the Europeans come in , they benefit too .",0.0,0.0,1.0,1.0,1.0
1876,It 's not a zero-sum game . '',0.0,0.0,1.0,1.0,1.0
1877,"Asked about the possibility of greater economic cooperation among Asia-Pacific nations , which will be discussed Nov. 6 and 7 at a ministerial meeting in Canberra , Mr. Lee said the goal `` is to have a free and open world trading system . ''",1.2053073546117163,0.13978073300473726,0.9149703588901223,0.811650738270997,0.8602192669952624
1878,"An Asian bloc is n't intended , he said .",0.20000000000000018,0.03103731587265484,1.0,0.9397940008672038,0.9689626841273452
1879,`` That 's not possible . '',0.0,0.0,1.0,1.0,1.0
1880,On U.S.-Japan relations : `` I 'm encouraged .,0.22222222222222232,0.036324900793189584,1.0,0.9298966940476159,0.9636750992068105
1881,I think the earlier strident notes struck by -LCB- U.S. Commerce Secretary Robert -RCB- Mosbacher and -LCB- U.S. Trade Representative -RCB- Carla Hills have been more rounded .,1.5471123721065547,0.2078823893384775,0.9031067195620076,0.7054232122780907,0.7921176106615225
1882,"I believe the U.S. is becoming more patient and circumspect , '' he said .",0.850325833477565,0.12211262796888293,0.8396639387564935,0.9197568173086429,0.8778873720311169
1883,`` It 's the total relationship that is important . '',0.18181818181818077,0.028527620086804616,1.0,0.9445272649374314,0.9714723799131952
1884,"The total relationship , as Mr. Lee sees it , is `` the flow of dollars to the U.S. to fund the deficits , the investments the Japanese are making in the U.S. in order to satisfy American demand that American products consumed in America should be made as much as possible in America by Americans with Japanese technology and capital . ''",1.6895009825039242,0.2079500125392021,0.8099355644516617,0.7749372679104641,0.7920499874607978
1885,"Japan 's recent political turbulence , Mr. Lee said , may mean Japan will slow market adjustments .",0.5555555555555554,0.08056894563301487,1.0,0.8508768071512247,0.919431054366985
1886,"`` They 'll be more timorous in tackling their own voters , like opening up more to agricultural imports from America , hurting their farmers . ''",1.2327486116720126,0.16042152795460513,0.8426443219999298,0.8365348505947979,0.8395784720453949
1887,"On U.S. military presence in Asia : Asked if his offer to allow the American military to use facilities in Singapore would help preserve America 's presence in the region at bases in the Philippines , he said , `` What we have done is make it easier for the Philippines to continue to host American bases without it being said they are lackeys of the imperialists and the only ones in Asia or in Southeast Asia .",1.5042062012139246,0.17561536584925874,0.8474797253594683,0.8025149016999025,0.8243846341507411
1888,"We are willing to share the political burden of being host to America , an imperial power .",0.9035923614716896,0.12525477197796414,0.9227461509167776,0.8314913471960385,0.8747452280220357
1889,"We think it is n't such a great burden , that it carries no stigma , and we are prepared to do it . ''",1.2145811190640083,0.16124027606039396,0.8801441818719803,0.8010922928784094,0.8387597239396059
1890,On U.S.-Philippine relations : `` It 's such a mixed-up relationship going back into history ... .,0.8679345589507932,0.11878138953166437,0.9318940048406843,0.8357703188265418,0.8812186104683356
1891,I really do not understand how it is that Filipinos feel so passionately involved in this father figure that they want to dispose of and yet they need .,1.5818725165837,0.22228202991211327,0.7678398645721468,0.7878535476130377,0.7777179700878872
1892,I just do n't understand it .,0.5714285714285721,0.11330491807453026,1.0,0.7964530359382731,0.8866950819254699
1893,My relationships with the British are totally different .,0.0,0.0,1.0,1.0,1.0
1894,They lorded it over me .,0.7924812503605785,0.18103744911964753,0.9999999999999998,0.6934264036172707,0.8189625508803525
1895,They did me some good .,0.6666666666666679,0.14804095548293286,0.8519590445170675,0.8519590445170675,0.8519590445170675
1896,They did themselves even more good .,0.9649839288804962,0.20753565833176318,0.7306239305568805,0.865741148370179,0.7924643416682369
1897,They let me down when the Japanese came down -LCB- during World War II -RCB- ... .,0.7946926473133527,0.11122455439926067,0.8604398045360281,0.9190409136986409,0.8887754456007398
1898,I do n't feel down or done in because I show British serials on my television network or read their books .,1.1938482957495626,0.15826821621924117,0.9118134658740567,0.7816541070544152,0.8417317837807586
1899,I mean it is a normal adult relationship .,0.6666666666666679,0.11751192005564601,0.918464939457502,0.8492234537424981,0.8824880799443541
1900,"`` But the Filipinos and the Americans , when I talk to them , there 's so much passion about Filipino manhood being diminished as a result of being squatted upon by the Americans and so on .",1.9433808271569522,0.24992355018988302,0.7349053407112426,0.7658871354114849,0.7500764498101167
1901,The occasional Englishman tries to put on airs but we let it pass ... .,0.13333333333333286,0.018655547336667442,0.9633722166723707,0.9999999999999998,0.9813444526633324
1902,It 's just comic when they try to pretend they 're still the master race . '',0.6326404413037352,0.08946090885619996,0.9318940048406845,0.890140973369016,0.9105390911438004
1903,Mr. Lee added that the Filipinos are `` making it very difficult '' for the U.S. military presence to last beyond five or 10 years .,0.6734528847818044,0.07998505241148987,0.9437684462343975,0.8974277867211209,0.9200149475885098
1904,On military alternatives if the U.S. pulls back : `` The Soviets already are present .,0.875,0.12280701754385964,0.8928571428571429,0.8620689655172415,0.8771929824561405
1905,"I suppose sooner or later , the Japanese would have to fill up a large part of the gap on the naval side .",0.5629072918469555,0.07565601254552937,0.9243439874544703,0.9243439874544703,0.9243439874544703
1906,"Maybe the Chinese , maybe even the Indians . ''",0.4754887502163472,0.08857231841333547,1.0,0.8372688393501769,0.9114276815866647
1907,On economic consequences of a diminished U.S. presence : `` America is the only major power in recent history that has used its military might to sustain a system that enables all participants to equally benefit without her as the provider of the security taking royalties . '',1.668352999943214,0.20053002599612785,0.8569147889822273,0.7492431217474131,0.7994699740038724
1908,"Asked why so few nations seem to share his views of America , he said , `` Many people see it that way .",0.9795739585136216,0.12208530552518737,0.868890468736868,0.8871283372315836,0.8779146944748123
1909,But they have just taken it for granted . '',0.5999999999999988,0.09927436741713123,0.9315520459418732,0.8718740509574638,0.9007256325828685
1910,On Cambodia : `` Let 's assume that -LCB- former Cambodian leader Prince Norodom -RCB- Sihanouk does what the press wants him to do and joins up with -LCB- Vietnamese-backed Cambodian leader -RCB- Hun Sen .,1.4591479170272441,0.18196024413060785,0.8535185543058342,0.7853927884493431,0.8180397558693918
1911,Is the trouble over ?,0.0,0.0,1.0,1.0,1.0
1912,Can Sihanouk and Hun Sen knock off the Khmer Rouge still supported by China ?,0.9836591668108952,0.15875361745263653,0.9071787575961197,0.7842483993347262,0.8412463825473631
1913,He ca n't .,0.0,0.0,1.0,1.0,1.0
1914,`` What is the way forward ?,0.0,0.0,1.0,1.0,1.0
1915,To get the Khmer Rouge as part of a process for elections .,0.6734528847818053,0.11018459817862249,0.9464536648194255,0.8395731484939801,0.8898154018213775
1916,"And when they lose , then we can expect China to stop aid .",0.4824919644402481,0.0735417556899433,0.8629922771049005,1.0,0.9264582443100567
1917,Let 's put it bluntly .,0.666666666666667,0.1480409554829327,1.0000000000000002,0.7420981285103058,0.8519590445170675
1918,The Chinese can not be seen to have made use of the Khmer Rouge and then discard them . '',0.7377443751081723,0.09573496892480465,0.945713890725301,0.8662968699535555,0.9042650310751951
1919,Ms. House is vice president of Dow Jones International Group .,0.8645250003933578,0.1879486840610134,0.9999999999999998,0.6835744058935118,0.8120513159389865
1920,Mr. Wain is editor of The Asian Wall Street Journal .,1.4099795458479054,0.2559465083719617,1.0,0.5924245074677015,0.7440534916280386
1921,Everything looked good as neurosurgeon Walter Levy and colleagues carefully cut away a woman 's spinal tumor at the Cleveland Clinic in 1978 .,1.3647869792568113,0.18844842564039832,0.8468510763688358,0.7790771112329375,0.8115515743596017
1922,"Using small electrical shocks applied to her feet , they were able to monitor sensory nerves .",0.8679345589507914,0.11878138953166414,1.0,0.7876593396295453,0.8812186104683357
1923,"The shocks generated nerve impulses that traveled via spine to brain and showed up clearly on a brain-wave monitor , indicating no damage to the delicate spinal tissue .",1.8113560349303768,0.23743830726434692,0.8281028019112068,0.7066343389690932,0.7625616927356538
1924,"Then , says Dr. Levy , `` she woke up paralyzed . ''",0.15384615384615508,0.022170138980933524,1.0,0.9566214309429227,0.9778298610190665
1925,"The damage was to her motor nerves , which could n't be monitored along with the sensory nerves , he explains .",0.8181818181818192,0.10332061479867279,0.8865022784864772,0.9070928733517939,0.896679385201327
1926,"The tragedy , he adds , `` galvanized me '' to look for a way to prevent similar cases .",0.3999999999999986,0.050995325554468965,1.0000000000000002,0.9029580354649708,0.949004674445531
1927,"Dr. Levy 's answer may come with a new kind of magnetic brain probe , a device that he and dozens of U.S. researchers are studying with great hope .",1.37946926617514,0.17759169224260962,0.8990885999513205,0.75777977752939,0.8224083077573907
1928,"Besides holding the promise of safer spinal surgery , the probe could improve the diagnosis of brain and nerve disorders such as strokes and multiple sclerosis .",1.4255638887286333,0.20125171125976718,0.892030499795033,0.7231286345639841,0.7987482887402332
1929,"Perhaps most exciting , the device is thrusting open a window to the workings of the brain .",0.4863826390090802,0.07213837726383246,0.9036976298548874,0.9533533614305025,0.9278616227361673
1930,"The probe , which is painless , non-invasive and apparently harmless , employs strong magnetic fields to induce small whirlwinds of electricity within the brain .",1.3759399042622045,0.18192079085059107,0.9018421044520242,0.748553706374679,0.8180792091494086
1931,"If positioned over the brain 's motor-control area , the hand-held electromagnets generate nerve impulses that zip down motor nerves and activate muscles , making , say , a finger twitch .",1.3977829985375196,0.1820021288451413,0.8807486759781861,0.7635939993953004,0.8179978711548589
1932,"In principle , they will enable doctors to check the body 's motor system the way an electrician tests a home 's electrical circuits by running current through them .",1.2503258334775662,0.16980150930953794,0.895024935486922,0.7741285430586115,0.8301984906904625
1933,"`` Until now , we 've had no objective way of measuring motor function , '' says Keith Chiappa , a neurologist conducting clinical tests with the devices at Boston 's Massachusetts General Hospital .",1.3002792858379104,0.15664910796411252,0.9245313522921801,0.7752761088636169,0.8433508920358873
1934,"`` All we could do was tell a patient , ` squeeze my fingers as hard as you can ' or ` raise your arm . '",1.2084885364107683,0.1663611014337808,0.8044388961314997,0.8650385846058776,0.8336388985662195
1935,"`` Under the best circumstances such tests are subjective ; when a patient is unconscious , they do n't work at all .",0.761294565405521,0.09590504570154418,0.9322280098131851,0.8776101722116478,0.9040949542984561
1936,"Magnetic brain tweaking started in the early 1900s , when researchers produced flashes of light in the visual field with magnets .",1.0343130682801593,0.15643387376030615,0.9387935674518384,0.7658784941490864,0.8435661262396942
1937,"In the 1960s , Mayo Clinic researchers developed magnetic devices to stimulate motor nerves in the hand and other limbs .",1.2195066892588944,0.16974900495111006,0.8867321196314241,0.7805342314497857,0.8302509950488898
1938,"But for brain tests , the unwieldy machines `` would have required patients to stand on their heads , '' says Reginald Bickford , a researcher at the University of California at San Diego .",0.9574221429807643,0.11997719443214251,0.9388826441470743,0.8281076058259171,0.8800228055678567
1939,"The field took off in 1985 after scientists at Britain 's Sheffield University developed a handy , compact magnet for brain stimulation .",0.9893429348766736,0.13763400653653476,0.9223673180512609,0.8096942166564667,0.8623659934634651
1940,"Since then , at least two commercial versions have been put on the U.S. market , and an estimated 500 have been sold .",0.765188665691678,0.09888624662412233,0.9766558507108769,0.8364186805582109,0.9011137533758774
1941,"In August , a Chicago conference on such devices attracted more than 100 researchers , who reported studies on everything from brain mapping to physical therapy .",1.2438447750175552,0.16861024869174107,0.8960083338503836,0.7754645774943313,0.8313897513082594
1942,"`` We do n't feel we can use -LCB- the devices -RCB- routinely in surgery yet , but we 're getting close , '' says Dr. Levy , who is now with the University of Pittsburgh .",1.0953871625129965,0.1284767239012588,0.8898304840776222,0.8539541805601072,0.8715232760987413
1943,"A problem , he adds , is that anesthetized brains are more resistant to magnetic stimulation than awake ones .",1.0999999999999996,0.14978506816780987,0.9123301274365689,0.7960186977821234,0.8502149318321901
1944,"The devices could help indicate when surgery would help , says Charles Tator , a University of Toronto neurosurgeon .",0.9377443751081733,0.1249307761810675,1.0000000000000002,0.7778871752354675,0.8750692238189326
1945,"For example , paralyzed car-crash victims occasionally have some intact spinal tissues that , if preserved by emergency surgery , enable partial recovery .",2.0262162701287787,0.29041193264345505,0.7723628859196258,0.6562504417844538,0.7095880673565449
1946,But such operations typically are n't performed because there is no sign right after an injury that surgery would be beneficial .,1.5008886367569945,0.20233132594606995,0.8152008523666591,0.7808747330034809,0.7976686740539302
1947,"`` The cost -LCB- of magnetic stimulators -RCB- would seem like peanuts if we could retrieve limb function '' in such people , Dr. Tator says .",1.046839352092241,0.12818483913227138,0.9343370869933919,0.8171358507891079,0.871815160867729
1948,Scientists caution there is a chance the magnet technique might spark seizures in epileptics .,0.5006516669551289,0.0738446485493185,0.9999999999999998,0.8624667941511335,0.9261553514506813
1949,But no significant problems have been reported among hundreds of people tested with the devices .,0.9693609377704338,0.14843278407113392,1.0,0.7415037499278844,0.8515672159288661
1950,"The main sensation , besides feeling like a puppet jerked with invisible strings , is `` like a rap on the head , '' says Sam Bridgers , a neurologist who has studied the brain stimulators at Yale University .",1.5954070372695925,0.21012994146592762,0.8854954788532525,0.7128849933819928,0.7898700585340721
1951,One apparent side effect is a minor increase in a brain hormone .,0.8930492672643684,0.15155834010442862,1.0,0.7367769659144061,0.848441659895571
1952,And some doctors who have conducted hours of tests on themselves report temporary headaches .,0.5333333333333332,0.07904613615090145,0.9999999999999998,0.853488866689483,0.9209538638490983
1953,"At least two companies , Cadwell Laboratories Inc. of Kennewick , Wash. , and Novametrix Medical Systems Inc. of Wallingford , Conn. , now sell versions of the magnetic devices .",1.2335106760492733,0.17876816696047662,0.8900074237031088,0.7623230877418823,0.8212318330395234
1954,"The machines , which at $ 12,500 are inexpensive by medical standards , have n't been approved in the U.S. for marketing as brain stimulators but are sold for stimulating nerves in the hand , legs and other non-brain areas .",1.3269177559489762,0.1721073400136278,0.8894419979061642,0.7743104209362552,0.8278926599863723
1955,Researchers can apply for permission to use the probes for brain studies .,0.9811451924741137,0.1605265805976516,0.8929073296388508,0.7920736597298406,0.8394734194023483
1956,"At the University of Kentucky , a team led by Dean Currier , a physical therapy researcher , is testing the stimulators in conjunction with electric shocks to induce muscle contractions to help prevent wasting of thigh muscles after knee surgery .",1.385257368271052,0.18054863380292446,0.9378145480949223,0.7276175125195441,0.8194513661970757
1957,"Similarly , a Purdue University team led by heart researcher W.A. Tacker hopes to develop ways to magnetically induce cardiac muscle contractions .",1.2173913043478262,0.15548312635099606,0.9500261893934439,0.7601005778071122,0.8445168736490039
1958,"The devices might someday serve as temporary pacemakers or restarters for stopped hearts , says Dr. Tacker , whose prototype was dubbed the `` Tacker whacker . ''",1.0983888393629826,0.13117496623606312,0.9105953858117796,0.8307187411017715,0.8688250337639373
1959,"The devices ' most remarkable possibilities , though , involve the brain .",0.615384615384615,0.09499897752827885,0.9050010224717211,0.9050010224717211,0.9050010224717211
1960,"Probing with the stimulators , National Institutes of Health scientists recently showed how the brain reorganizes motor-control resources after an amputation .",0.39794943191652177,0.05324044041863625,0.9749507886649432,0.920152842726724,0.9467595595813638
1961,Similar studies are expected to reveal how stroke patients ' brains regroup -- a first step toward finding ways to bolster that process and speed rehabilitation .,0.9023899250592722,0.1177658295523202,0.9239688320991171,0.8441067899015341,0.8822341704476802
1962,Scientists also are exploring memory and perception with the new machines .,0.5000000000000009,0.07496336164078012,0.9487436426212901,0.9024855221679389,0.9250366383592199
1963,"At the State University of New York at Brooklyn , researchers flash two groups of different letters on a computer screen in front of human guinea pigs .",1.1878973188871438,0.17604887284897947,0.9338918066601223,0.7371692459569265,0.8239511271510205
1964,"Between flashes , certain areas in subjects ' brains are jolted with a magnetic stimulator .",0.7971804688852169,0.11465571130067871,1.0000000000000002,0.7942760080296216,0.8853442886993216
1965,"When the jolt is timed just right , the subjects do n't recall seeing the first group of letters .",0.575488750216345,0.07784366204277103,0.9348009516583299,0.9098492344234572,0.9221563379572288
1966,`` Where does that first stimulus go ? '' exclaims SUNY neurologist Paul Maccabee .,0.850325833477565,0.12697516267925502,0.9164027631334557,0.8335678998535679,0.873024837320745
1967,"`` Trying to answer that is suggesting all kinds of theories , '' such as precisely where and how the brain processes incoming signals from the eyes .",1.2951665180889442,0.16715892305549537,0.8534754737141874,0.8131808788297646,0.8328410769445048
1968,He and others say that the machines are weak enough that they do n't jeopardize the memory .,0.8197159723424132,0.11960602258983766,0.9005037206819033,0.8611627826070011,0.8803939774101622
1969,"Both the SUNY team and researchers at the National Magnet Laboratory in Cambridge , Mass. , are working with more potent magnetic brain stimulators .",0.8905865002596158,0.11816609109168845,1.0,0.7886430432238907,0.8818339089083115
1970,"Among other things , the stronger devices may be able to summon forth half-forgotten memories and induce mood changes , neurologists say .",1.2660615425549473,0.16643048378376163,0.9011399912288031,0.7754255298244462,0.8335695162162385
1971,"Du Pont Co. , Hewlett-Packard Co. and Los Alamos National Laboratory said they signed a three-year , $ 11 million agreement to collaborate on superconductor research .",0.9364523153757167,0.12771743438424976,0.9690801675594998,0.7930662961852543,0.8722825656157505
1972,"The collaboration will include at least 25 researchers and will be aimed primarily at developing thin films of high-temperature superconductors for use in electronics , the companies said .",0.7451600163598924,0.0960710375127298,0.9442701171963638,0.8668934956363176,0.9039289624872705
1973,"The materials , discovered during the past three years , conduct electricity without resistance and promise smaller , faster computers and other new technologies .",1.009804499913458,0.13725529731060312,0.916325274241664,0.815084041116675,0.8627447026893966
1974,"Joint-research programs have proliferated as U.S. companies seek to spread the risks and costs of commercializing new superconductors and to meet the challenges posed by foreign consortia , especially in Japan .",1.2110902344426098,0.15487980970704743,0.8980764802185112,0.7980614229990384,0.8451201902929528
1975,The latest research pact bolsters Du Pont 's growing portfolio of investments in superconductors .,0.5836591668108966,0.08381746371967383,0.9999999999999996,0.845329187754529,0.9161825362803258
1976,"The Wilmington , Del. , chemicals concern previously signed research superconductor agreements with Oak Ridge National Laboratory and with Argonne National Laboratory .",1.47996087031773,0.22916555529877508,0.8840327318954833,0.6833350216185348,0.7708344447012252
1977,"Last year , Du Pont agreed to pay $ 4.5 million for rights to superconductor work at the University of Houston .",0.8524948864619768,0.1143937169832181,0.9477791249090683,0.8310881858965772,0.8856062830167817
1978,"Hewlett-Packard is a Palo Alto , Calif. , computer maker .",0.9090909090909101,0.1610111614029819,0.9999999999999999,0.7226363246871568,0.838988838597018
1979,The Los Alamos laboratory is one of three U.S. Department of Energy national laboratories designed as pilot centers to foster joint industry-government programs to speed the transfer of new superconductors to the marketplace .,1.4554101016283552,0.19600432388960093,0.8760121518362955,0.7429205846954705,0.8039956761103991
1980,"J.C. PENNEY Co. , Dallas , said it issued $ 350 million of securities backed by credit-card receivables .",0.7368421052631557,0.10338111975847714,0.9681074766583005,0.8349622167263839,0.8966188802415225
1981,The offering was priced with an 8.95 % coupon rate at 99.1875 % to yield 9.19 % .,0.7505430557959416,0.12327789613345996,0.945763511850543,0.8170750453249712,0.87672210386654
1982,The retailer said the securities are expected to be rated triple-A by Standard & Poor 's Corp. and Aaa by Moody 's Investors Service Inc .,0.8853673080251472,0.11661177001827888,0.9207007016634647,0.848982233036936,0.8833882299817208
1983,"They pay interest only for 115 months , with principal payments beginning thereafter .",0.571428571428573,0.084561288483001,0.9154387115169992,0.9154387115169991,0.9154387115169992
1984,"The expected average life of the certificates is 10 years , with the final scheduled payment in October , 2001 .",0.4168994048649255,0.06156193782397517,1.0,0.8840163053506475,0.9384380621760245
1985,First Boston Corp. is sole underwriter .,0.39355535745192416,0.08464054970690846,1.0,0.8439288486314106,0.9153594502930916
1986,"As part of the transaction , J.C. Penney will sell a portion of its credit-card receivables to its JCP Receivables Inc. unit , which will then transfer them to a master trust .",1.5033224386192954,0.1954592959407777,0.8881760067134518,0.735300919923121,0.8045407040592222
1987,The trust will issue the certificates .,0.2857142857142865,0.053615035438314584,1.0,0.8982265179691366,0.9463849645616855
1988,"Credit support will be provided by a letter of credit facility from Credit Suisse in favor of the trustee , Fuji Bank & Trust Co. , for the benefit of the certificate holders .",1.214241544563067,0.18118990072599117,0.9395667857916585,0.7255585613634401,0.8188100992740087
1989,J.C. Penney will continue to service the receivables .,0.44444444444444464,0.07538827312875093,0.9999999999999999,0.8597933880952315,0.924611726871249
1990,"Battle-tested Japanese industrial managers here always buck up nervous newcomers with the tale of the first of their countrymen to visit Mexico , a boatload of samurai warriors blown ashore 375 years ago .",1.212331792613929,0.15197817820241188,0.9055114897265839,0.797396240982739,0.8480218217975878
1991,"`` From the beginning , it took a man with extraordinary qualities to succeed in Mexico , '' says Kimihide Takimura , president of Mitsui group 's Kensetsu Engineering Inc. unit .",1.2658199195836435,0.1604371274801033,0.9298147031822563,0.765281358827367,0.8395628725198966
1992,"Here in this new center for Japanese assembly plants just across the border from San Diego , turnover is dizzying , infrastructure shoddy , bureaucracy intense .",1.2266450177319923,0.17418919032633837,0.9515196525936669,0.7294415418839099,0.8258108096736617
