id,sentence,VI,normalized-VI,homogeneity,completeness,V-score
0,-,4.244366642506233,0.4457327154307137,0.6063405203382288,0.5104308812124723,0.5542672845692854
1,"In an Oct. 19 review of `` The Misanthrope '' at Chicago 's Goodman Theatre -LRB- `` Revitalized Classics Take the Stage in Windy City , '' Leisure & Arts -RRB- , the role of Celimene , played by Kim Cattrall , was mistakenly attributed to Christina Haag .",1.829865066927491,0.2114458935023572,0.912660290272555,0.6941601968687922,0.7885541064976425
2,Ms. Haag plays Elianti .,0.9509775004326935,0.25751658270749517,1.0,0.5904362833084087,0.7424834172925047
3,"Rolls-Royce Motor Cars Inc. said it expects its U.S. sales to remain steady at about 1,200 cars in 1990 .",0.9377443751081724,0.1249307761810674,0.9425977456743656,0.8165694767029804,0.8750692238189324
4,"The luxury auto maker last year sold 1,214 cars in the U.S.",1.0000000000000009,0.16207652439312242,0.9394298226512525,0.7562138054198472,0.8379234756068777
5,"Howard Mosher , president and chief executive officer , said he anticipates growth for the luxury auto maker in Britain and Europe , and in Far Eastern markets .",1.3074533434790911,0.17815461006704228,0.9282999916145589,0.7372946914427193,0.8218453899329579
6,BELL INDUSTRIES Inc. increased its quarterly to 10 cents from seven cents a share .,0.5836591668108975,0.08715508189603591,0.9582013815667277,0.8715882856335804,0.912844918103964
7,The new rate will be payable Feb. 15 .,0.22222222222222232,0.036324900793189584,1.0,0.9298966940476159,0.9636750992068105
8,A record date has n't been set .,0.75,0.14285714285714285,0.8999999999999999,0.8181818181818181,0.8571428571428571
9,"Bell , based in Los Angeles , makes and distributes electronic , computer and building products .",0.7946926473133509,0.12514359498768746,0.8748564050123129,0.874856405012313,0.8748564050123129
10,Investors are appealing to the Securities and Exchange Commission not to limit their access to information about stock purchases and sales by corporate insiders .,0.9403910001730749,0.12459930522407127,0.8919930444808568,0.859414355404189,0.8754006947759283
11,"A SEC proposal to ease reporting requirements for some company executives would undermine the usefulness of information on insider trades as a stock-picking tool , individual investors and professional money managers contend .",1.518177741518481,0.20340925047038816,0.9074934709956223,0.7098425049157541,0.7965907495296117
12,"They make the argument in letters to the agency about rule changes proposed this past summer that , among other things , would exempt many middle-management executives from reporting trades in their own companies ' shares .",1.251527202336673,0.1625050783577054,0.9093143350273167,0.7761899323045862,0.8374949216422948
13,The proposed changes also would allow executives to report exercises of options later and less often .,0.7502875001272651,0.10789216439873081,0.9503506399531091,0.8405916747308466,0.8921078356012696
14,Many of the letters maintain that investor confidence has been so shaken by the 1987 stock market crash -- and the markets already so stacked against the little guy -- that any decrease in information on insider-trading patterns might prompt individuals to get out of stocks altogether .,1.7599512898969802,0.22577410270456613,0.8522083622492638,0.709318738316316,0.7742258972954341
15,"`` The SEC has historically paid obeisance to the ideal of a level playing field , '' wrote Clyde S. McGregor of Winnetka , Ill. , in one of the 92 letters the agency has received since the changes were proposed Aug. 17 .",1.5861465895868383,0.19499415221234606,0.8916271712186029,0.7337247036955282,0.8050058477876538
16,`` Apparently the commission did not really believe in this ideal . '',0.519606730935652,0.08292627054225125,0.9491751493099762,0.8870726372581196,0.9170737294577488
17,"Currently , the rules force executives , directors and other corporate insiders to report purchases and sales of their companies ' shares within about a month after the transaction .",1.1748370832612176,0.16009679264036122,0.902393154282682,0.7855074916684726,0.8399032073596389
18,"But about 25 % of the insiders , according to SEC figures , file their reports late .",0.37527152789797125,0.04846993804553741,1.0,0.9075415778999052,0.9515300619544628
19,"The changes were proposed in an effort to streamline federal bureaucracy and boost compliance by the executives `` who are really calling the shots , '' said Brian Lane , special counsel at the SEC 's office of disclosure policy , which proposed the changes .",1.4037210650640732,0.16519964724901728,0.8835155617972398,0.7911765259389202,0.8348003527509833
20,"Investors , money managers and corporate officials had until today to comment on the proposals , and the issue has produced more mail than almost any other issue in memory , Mr. Lane said .",1.1504189287568671,0.13992173731831004,0.9482405340998138,0.7869151519378148,0.8600782626816897
21,"The SEC will probably vote on the proposal early next year , he said .",0.3999999999999986,0.055966642010002336,0.9619796142199877,0.9267444333447415,0.9440333579899974
22,Not all those who wrote oppose the changes .,0.7505430557959416,0.13428195354110564,0.8207686211452081,0.915876032857139,0.8657180464588945
23,"The Committee on Federal Regulation of Securities for the American Bar Association argues , for example , in its lengthy letter to the SEC , that the proposed changes `` would substantially improve the -LCB- law -RCB- by conforming it more closely to contemporary business realities . ''",1.2983858107804247,0.15086369152793933,0.8929816467655237,0.8093950656428147,0.8491363084720609
24,What the investors who oppose the proposed changes object to most is the effect they say the proposal would have on their ability to spot telltale `` clusters '' of trading activity -- buying or selling by more than one officer or director within a short period of time .,1.815656075164216,0.22328219463530027,0.7994548817552497,0.7552382811495703,0.7767178053646997
25,"According to some estimates , the rule changes would cut insider filings by more than a third .",0.9035923614716896,0.1292357698949207,0.9319658324131308,0.8171054367819487,0.8707642301050793
26,The SEC 's Mr. Lane vehemently disputed those estimates .,0.8754887502163449,0.15177409542471376,0.9244267583903902,0.7836309070274349,0.848225904575286
27,"The rules will eliminate filings policy-making divisions , such as sales , marketing , finance and research and development , Mr. Lane said .",1.1037593748197114,0.1553055613368599,0.8781069027099233,0.81373149526154,0.8446944386631399
28,"The proposed rules also would be tougher on the insiders still required to file reports , he said .",0.7765730264296513,0.10060171741149306,0.9428209855057834,0.8597992414107672,0.8993982825885063
29,Companies would be compelled to publish in annual proxy statements the names of insiders who fail to file reports on time .,0.9599734308528971,0.12949103850778887,0.9725982654098677,0.7878154825042374,0.8705089614922109
30,"Considered as a whole , Mr. Lane said , the filings required under the proposed rules `` will be at least as effective , if not more so , for investors following transactions . ''",0.8995412415818276,0.11322874872710285,0.916588593070318,0.8588327520294132,0.886771251272897
31,"But Robert Gabele , president of Invest/Net , a North Miami , Fla. , company that packages and sells the insider-trading data , said the proposal is worded so vaguely that key officials may fail to file the reports .",1.465729762077265,0.17573892332932486,0.9030864512828077,0.7580915017319595,0.8242610766706747
32,"Many investors wrote asking the SEC to require insiders to report their purchases and sales immediately , not a month later .",0.5231715911057702,0.06988105943926276,0.9652829621123608,0.8974268309282332,0.9301189405607373
33,"But Mr. Lane said that while the SEC regulates who files , the law tells them when to do so .",1.0602220241185867,0.1407261669498678,0.8633933822416954,0.8551934087751581,0.8592738330501315
34,"Investors who want to change the required timing should write their representatives in Congress , he added .",0.33333333333333215,0.042821264738733614,0.9437084718251956,0.9710391095214266,0.9571787352612663
35,"The SEC would likely be amenable to legislation that required insiders to file transactions on a more timely basis , he said .",0.9565217391304355,0.11822627273956006,0.9111524992280019,0.8542303269998168,0.8817737272604396
36,"The nation 's largest pension fund , which oversees $ 80 billion for college employees , plans to offer two new investment options to its 1.2 million participants .",1.033592015553003,0.12931676421847071,0.9438766005727524,0.8080245811516548,0.8706832357815294
37,"The Teachers Insurance and Annuity Association-College Retirement Equities Fund said it will introduce a stock and bond fund that will invest in `` socially responsible '' companies , and a bond fund .",1.1358770744049744,0.1380898374149581,0.9158037537328096,0.8140071399010061,0.8619101625850423
38,"Both funds are expected to begin operation around March 1 , subject to Securities and Exchange Commission approval .",0.4607835527454398,0.05888950008213322,0.9722051342681642,0.9119432581886385,0.9411104999178658
39,"For its employees to sign up for the options , a college also must approve the plan .",0.33333333333333215,0.04593916007376638,0.9999999999999998,0.9121571085061454,0.9540608399262333
40,"Some 4,300 institutions are part of the pension fund .",1.075488750216346,0.1931425614222114,0.8488535167807805,0.7688208852920502,0.8068574385777884
41,"The new options carry out part of an agreement that the pension fund , under pressure to relax its strict participation rules and to provide more investment options , reached with the SEC in December .",1.3893336786389856,0.1817448667536236,0.852311999711066,0.7868153942500687,0.8182551332463763
42,"The new `` social choice '' fund will shun securities of companies linked to South Africa , nuclear power and in some cases , Northern Ireland .",1.2266450177319923,0.1606687758742401,0.8640630493693044,0.8159757866120474,0.8393312241257601
43,"Also excluded will be investments in companies with `` significant '' business stemming from weapons manufacture , alcoholic beverages or tobacco .",0.7958988638330435,0.10599429909159008,0.9395034936697766,0.8527110481320811,0.8940057009084099
44,"Sixty percent of the fund will be invested in stocks , with the rest going into bonds or short-term investments .",0.6666666666666643,0.09152267511641508,0.9553806959127517,0.8659637796262908,0.9084773248835847
45,"The bond fund will invest in high-grade or medium-grade bonds , mortgages or asset-backed securities , including as much as 15 % in foreign securities .",0.9661313645678362,0.12961937739649426,0.9466294775673553,0.8054994693464878,0.8703806226035056
46,"The fund also might buy and sell futures and options contracts , subject to approval by the New York State Insurance Department .",0.9723707815913167,0.13495425703182254,0.8995951135461447,0.8330519920563757,0.8650457429681775
47,"Under two new features , participants will be able to transfer money from the new funds to other investment funds or , if their jobs are terminated , receive cash from the funds .",1.287483456200512,0.16385501165551442,0.9065759700811243,0.7758685365815744,0.8361449883444857
48,"The investment choices offered by the pension fund currently are limited to a stock fund , an annuity and a money-market fund .",0.7328153466205798,0.11566587560735028,0.9698941559122178,0.8126458820626101,0.8843341243926497
49,"New Brunswick Scientific Co. , a maker of biotechnology instrumentation and equipment , said it adopted an anti-takeover plan giving shareholders the right to purchase shares at half price under certain conditions .",1.1032233926232333,0.1413817231755288,0.9547030606948825,0.7801056141756239,0.8586182768244712
50,"The company said the plan , under review for some time , will protect shareholders against `` abusive takeover tactics .",0.8152102608935108,0.12068833137362948,0.9291576191054647,0.8345415296281652,0.8793116686263704
51,"W. Ed Tyler , 37 years old , a senior vice president at this printing concern , was elected president of its technology group , a new position .",1.1174611019505765,0.15297082367722628,0.9252813908064526,0.7809806569407244,0.847029176322774
52,"Solo woodwind players have to be creative if they want to work a lot , because their repertoire and audience appeal are limited .",0.7966423116151553,0.10565618864920395,0.9758802748571683,0.8253817560979088,0.8943438113507959
53,"The oboist Heinz Holliger has taken a hard line about the problem : He commissions and splendidly interprets fearsome contemporary scores and does some conducting , so he does n't have to play the same Mozart and Strauss concertos over and over again .",1.5322502702066654,0.18099955446586927,0.922274270208654,0.7365261970396378,0.8190004455341303
54,"Richard Stoltzman has taken a gentler , more audience-friendly approach .",0.18181818181818166,0.026987823344141793,1.0,0.9474427588512931,0.9730121766558583
55,"Years ago , he collaborated with the new music gurus Peter Serkin and Fred Sherry in the very countercultural chamber group Tashi , which won audiences over to dreaded contemporary scores like Messiaen 's `` Quartet for the End of Time . ''",1.5960276856532705,0.18905590785794874,0.8978019690637346,0.7394098639181416,0.8109440921420511
56,"Today , the pixie-like clarinetist has mostly dropped the missionary work -LRB- though a touch of the old Tashi still survives -RRB- and now goes on the road with piano , bass , a slide show , and a repertoire that ranges from light classical to light jazz to light pop , with a few notable exceptions .",1.6712578104636044,0.221276023118527,0.8513802577282319,0.717493510764128,0.7787239768814734
57,"Just the thing for the Vivaldi-at-brunch set , the yuppie audience that has embraced New Age as its very own easy listening .",1.32019686854784,0.18953007823583143,0.8439988492789025,0.7795031672313457,0.8104699217641689
58,But you ca n't dismiss Mr. Stoltzman 's music or his motives as merely commercial and lightweight .,1.125814583693912,0.15605892101652702,0.8902516496070952,0.8022103833647536,0.843941078983473
59,"He believes in what he plays , and he plays superbly .",0.459147917027245,0.07596616959196625,1.0,0.858794501650968,0.9240338304080338
60,"His recent appearance at the Metropolitan Museum , dubbed `` A Musical Odyssey , '' was a case in point .",1.0476190476190448,0.15175809327860945,0.8601081220500965,0.8366986528840749,0.8482419067213902
61,"It felt more like a party , or a highly polished jam session with a few friends , than a classical concert .",0.6415168479201512,0.09006812773182309,0.9738671917567663,0.8538742077935512,0.909931872268177
62,"Clad in his trademark black velvet suit , the soft-spoken clarinetist announced that his new album , `` Inner Voices , '' had just been released , that his family was in the front row , and that it was his mother 's birthday , so he was going to play her favorite tune from the record .",1.5755875514699023,0.19477658820038096,0.868941225369601,0.7502118018831299,0.8052234117996195
63,"He launched into Saint-Saens 's `` The Swan '' from `` Carnival of the Animals , '' a favorite encore piece for cellists , with lovely , glossy tone and no bite .",1.43588115106831,0.18398301720053598,0.9071540398809295,0.7415202888320117,0.8160169827994641
64,"Then , as if to show that he could play fast as well , he offered the second movement from Saint-Saens 's Sonata for Clarinet , a whimsical , puckish tidbit that reflected the flip side of the Stoltzman personality .",1.4797813283672454,0.18892485012364812,0.8814852988119747,0.7510812479873291,0.8110751498763518
65,"And so it went through the first half : an ingeniously chosen potpourri of pieces , none longer than five minutes , none that would disturb or challenge a listener .",1.003852112218186,0.12226179848808702,0.9121768034620042,0.845805405610394,0.8777382015119127
66,"Mr. Stoltzman introduced his colleagues : Bill Douglas , pianist/bassoonist/composer and an old buddy from Yale , and jazz bassist Eddie Gomez .",1.0824607370539052,0.15544080662431684,0.9343160855628369,0.7705361402217543,0.8445591933756836
67,"An improvisational section was built around pieces by Mr. Douglas , beginning with `` Golden Rain , '' a lilting , laid-back lead in to the uptempo `` Sky , '' which gave Mr. Stoltzman the opportunity to wail in a high register and show off his fleet fingers .",1.8210314974132142,0.21817432858977875,0.8511543709795781,0.7229403330231866,0.7818256714102209
68,Bach 's `` Air '' followed .,0.0,0.0,1.0,1.0,1.0
69,"Mr. Stoltzman tied the composer in by proclaiming him `` the great improviser of the 18th century , '' and then built on the image by joining with Mr. Douglas in some Bach two-part inventions , cleverly arranged for clarinet and bassoon by Mr. Douglas .",1.1197777174853671,0.1440404371803759,0.9079855643194557,0.8095724617839772,0.8559595628196242
70,"Keeping the mood light , the two then chanted and chortled their way through some murderous polyrhythms , devised by Mr. Douglas as an alternative to Hindemith 's dry theory-teaching techniques , and then , with Mr. Gomez , soared and improvised on the composer 's tight `` Bebop Etudes . ''",1.7103018647989883,0.20977295269281018,0.8163896005971712,0.7656892698640042,0.7902270473071894
71,"The end of the first half , however , brought what the standing-room-only crowd seemed to be waiting for : the pop singer Judy Collins , who appears on `` Inner Voices . ''",1.17277361708609,0.14012449826911877,0.9191965945344235,0.8077469044681796,0.8598755017308807
72,"Glamorous and pure-voiced as ever , Ms. Collins sang Joni Mitchell 's `` For Free '' -- about an encounter with a street-corner clarinetist , to which Mr. Stoltzman contributed a clarinet obligatto -- and Mr. Douglas 's lush setting of a Gaelic blessing , `` Deep Peace . ''",1.4823175580222667,0.18335046968962024,0.8938108155078944,0.7517519629457597,0.8166495303103796
73,"`` Deep Peace '' also featured a slide show of lovely but predictable images of clouds , beaches , deserts , sunsets , etc .",1.1949721192370877,0.1675333848739863,0.8734376494729893,0.7951670805912417,0.8324666151260138
74,"It was all too mellow to be believed , but they probably would have gotten away with it , had they not felt compelled to add Ms. Collins 's signature tune , `` Amazing Grace , '' and ask for audience participation .",1.4564928019323418,0.17468823168535602,0.8691929583162875,0.7856483274180598,0.825311768314644
75,That went over the permissible line for warm and fuzzy feelings .,0.5629072918469555,0.08519839307066586,1.0000000000000002,0.84298098188371,0.9148016069293343
76,Was this why some of the audience departed before or during the second half ?,0.6666666666666643,0.10672706808078536,0.9999999999999998,0.807130283230779,0.8932729319192141
77,Or was it because Ms. Collins had gone ?,0.44444444444444464,0.07538827312875093,1.0,0.8597933880952316,0.924611726871249
78,"Either way it was a pity , because Mr. Stolzman offered the most substantial music of the evening just after intermission : Steve Reich 's `` New York Counterpoint , '' one of a series of Reich works that juxtapose a live performer with recorded tracks of his or her own playing .",1.7527110926491956,0.21158047472260888,0.8474265175095438,0.737095005272633,0.788419525277391
79,-LRB- Mr. Reich 's new `` Different Trains '' for string quartet uses the technique magisterially . -RRB-,1.1949875002403854,0.16725129417090012,0.8076295067329637,0.8594805971979723,0.8327487058290999
80,Mr. Stoltzman must have worried that his audience might not be able to take it : He warned us in advance that `` New York Counterpoint '' lasts 11 1/2 minutes .,1.0554511722130435,0.12498609383843695,0.9166161421914325,0.8370240951947524,0.8750139061615633
81,"He also unfortunately illustrated this intricate , jazzy tapestry with Mr. Pearson 's images , this time of geometric or repeating objects , in a kitschy mirroring of the musical structure that was thoroughly distracting from Mr. Reich 's piece and Mr. Stoltzman 's elegant execution of it .",1.3960484072768695,0.1748330745090175,0.9034835173342624,0.7593447069944005,0.825166925490982
82,"The rest of the concert was more straight jazz and mellow sounds written by Charlie Parker , Ornette Coleman , Bill Douglas and Eddie Gomez , with pictures for the Douglas pieces .",1.3604197875630648,0.1894122660932167,0.8984741322085417,0.7383629902790203,0.8105877339067836
83,"It was enjoyable to hear accomplished jazz without having to sit in a smoke-filled club , but like the first half , much of it was easy to take and ultimately forgettable .",0.9214052108050517,0.12089812124786067,0.9650804029329486,0.8071897526192674,0.8791018787521394
84,Is this the future of chamber music ?,0.8443609377704333,0.18136305810744538,0.8840251114481912,0.7622556248918266,0.8186369418925546
85,"Managers and presenters insist that chamber music concerts are a hard sell , but can audiences really enjoy them only if the music is purged of threatening elements , served up in bite-sized morsels and accompanied by visuals ?",1.8214246779399321,0.2278854929510167,0.8322002735905888,0.7201209871155562,0.7721145070489833
86,What 's next ?,0.0,0.0,1.0,1.0,1.0
87,Slides to illustrate Shostakovich quartets ?,0.33333333333333304,0.06891905627080991,1.0,0.8710490642551528,0.93108094372919
88,"It was not an unpleasant evening , certainly , thanks to the high level of performance , the compositional talents of Mr. Douglas , and the obvious sincerity with which Mr. Stoltzman chooses his selections .",0.9965084161368658,0.1279578576177592,0.9081438576912527,0.8387010094588291,0.8720421423822405
89,But it was neither deep nor lasting : light entertainment that was no substitute for an evening of Brahms .,1.075488750216345,0.14596024954488485,0.912953639975162,0.8022684935944447,0.8540397504551148
90,Ms. Waleson is a free-lance writer based in New York .,0.7272727272727293,0.11746137379367967,1.0000000000000002,0.7897710354051726,0.8825386262063208
91,One of Ronald Reagan 's attributes as President was that he rarely gave his blessing to the claptrap that passes for `` consensus '' in various international institutions .,1.2110143268539222,0.1559935911427653,0.8351393083883533,0.8530638230507498,0.8440064088572348
92,"In fact , he liberated the U.S. from one of the world 's most corrupt organizations -- UNESCO .",0.7765730264296522,0.10342233241325449,0.9142314782586751,0.8795927311527546,0.896577667586745
93,"This is the U.N. group that managed to traduce its own charter of promoting education , science and culture .",0.8804820237218394,0.11641391849602736,0.917615146802386,0.8519906511089382,0.8835860815039724
94,"Ever since , the remaining members have been desperate for the United States to rejoin this dreadful group .",0.3157894736842044,0.04112082469713302,0.9722051342681645,0.9459135929579789,0.958879175302866
95,Now UNESCO apologists are lobbying President Bush to renege on President Reagan 's decision to depart .,0.44762591026098875,0.06927028811060387,0.94886731160299,0.9132725069070405,0.9307297118893963
96,But we can think of many reasons to stay out for the foreseeable future and well beyond .,0.8197159723424141,0.10900284077560674,0.967899209951629,0.825415778999051,0.8909971592243932
97,"The U.S. , along with Britain and Singapore , left the agency when its anti-Western ideology , financial corruption and top leadership got out of hand .",1.328677888182491,0.18361311828015045,0.9010832786229224,0.7462444055892564,0.8163868817198499
98,"The personal antics of agency Director Amadou-Mahtar M'Bow drew much attention , such as when several of his top aides were uncovered as KGB plants and ejected from France and when a mysterious office fire was set just before Congress sent accountants to trace U.S. funds .",1.7562837754039187,0.21519381390145476,0.8749650595726959,0.7114920352300522,0.7848061860985449
99,"Mr. M'Bow was an extreme case , but even his replacement , the more personally genial Spanish biochemist Federico Mayor , has had little success at achieving reforms .",1.3363754311090865,0.17496702610411963,0.8450437404837469,0.8059480004832664,0.8250329738958804
100,"Several ridiculous projects continue , including the `` New International Economic Order , '' which means redistributionism from the West to pay for everyone else 's statism .",0.843201445515601,0.10282844353803061,0.9449522585055443,0.8539902695249791,0.8971715564619696
101,"The Orwellian `` New World Information Order '' would give government officials rights against the press ; journalists would be obliged to kowtow to their government , which would have licensing and censorship powers and , indeed , duties to block printing of `` wrong '' ideas .",1.8574690728348253,0.22375294952877317,0.8307425705292217,0.7284610512482913,0.7762470504712271
102,UNESCO somehow converted the founding U.N. ideals of individual rights and liberty into `` peoples ' rights . '',0.736842105263154,0.09761454762251526,0.9700197672066062,0.8435679496663859,0.9023854523774841
103,Million-dollar conferences were held to chew on subjects such as `` ethical responsibilities of scientists in support of disarmament '' and `` the impact of the activities of transnational corporations . '',1.3251991236427099,0.1777492856972697,0.9245879578200189,0.7403101099896967,0.8222507143027306
104,The agency was so totally subverted from the high principles of its founding that even the Soviets now wonder about an agency that seemed so congenial to them .,1.1849837233310456,0.15881650532681577,0.870740786369255,0.8135669679608263,0.8411834946731841
105,"Glasnost may be partly responsible , but Soviet Foreign Minister Eduard Shevardnadze last year admitted , `` The exaggerated ideological approach undermined tolerance intrinsic to UNESCO . ''",1.3526536778902551,0.16958321222355316,0.9392292043991299,0.7441991646691672,0.8304167877764468
106,UNESCO is now holding its biennial meetings in Paris to devise its next projects .,0.5333333333333314,0.07604077156002453,0.960476931924549,0.8901166500171122,0.923959228439975
107,Mr. Mayor 's hope that references to `` press freedom '' would survive unamended seems doomed to failure ; the current phrasing is `` educating the public and media to avoid manipulation . '',1.3060697634284333,0.1608743926306848,0.8736122759405253,0.8072583236489049,0.8391256073693154
108,He has n't been able to replace the M'Bow cabal .,0.18181818181818166,0.026987823344141793,0.9474427588512931,1.0,0.9730121766558583
109,"Soviets remain in charge of education programs , a former head of an African military tribunal for executions is in charge of culture , and a hard-line Polish communist in exile directs the human-rights and peace division .",1.4112013922484294,0.2045240562649519,0.9065123297661412,0.7086724594440674,0.7954759437350482
110,"Of the agency 's 2,750 staff members , 230 are in the field working on actual projects , such as literacy and oceanographic research .",1.0243856189774707,0.13837559208027936,0.9522284683634397,0.786764190407865,0.8616244079197204
111,"The position of the United States , which once contributed 25 % of the budget , is that nothing has changed .",0.7393028412041076,0.09920481791108529,0.9640343409649883,0.8453420533517904,0.9007951820889145
112,"John Bolton , the assistant secretary of state for international organizations , told Congress that the continuing `` statist , restrictive , nondemocratic '' programs make rejoining any time soon `` extremely unlikely . ''",1.5888468706981893,0.1955190180549344,0.896239326514733,0.729766389693001,0.8044809819450652
113,"This has n't much bothered the UNESCO delegates , who last week could n't even agree to raise funds by selling off a fancy 19th-century French chateau the agency somehow owns .",1.5892110303835434,0.20331678663306463,0.8191317085877079,0.7754323103314278,0.7966832133669357
114,"Other countries , including West Germany , may have a hard time justifying continued membership .",0.797180468885216,0.11465571130067859,0.9609718878052136,0.8207518749639419,0.885344288699321
115,We see an even stronger argument against UNESCO than its unsurprising failure to reform .,0.9006516669551283,0.13550841797391666,0.8311447327111338,0.900626135801967,0.864491582026083
116,This is that the Reagan Revolution spanning Eastern Europe and Tiananmen Square shows the power of ideas unencumbered by international civil servants or government functionaries .,1.5878543275055481,0.2206076184220814,0.8928175612369579,0.6915381121134299,0.7793923815779181
117,"Free markets , free minds and free elections have an appeal that seems to get muddled only when delivered through U.N. organizations -- which of course are made up largely of governments that fear these principles at home .",1.2317717953155842,0.15072863571803993,0.8740056877126818,0.8258984729628398,0.8492713642819604
118,The Babelists of the United Nations are experts at obfuscation .,0.5454545454545459,0.0855828602604144,1.0000000000000002,0.8423282765538795,0.9144171397395859
119,"This can have its purposes at times , but there 's no reason to cloud the importance and allure of Western concepts of freedom and justice .",1.3286778881824919,0.17639064777995922,0.8746772574838846,0.7781756777423381,0.8236093522200412
120,"We can see plenty of reasons to stay out , and none to rejoin UNESCO .",0.5471804688852169,0.07596753833988251,0.963797702465022,0.8874185416306087,0.9240324616601173
121,Researchers at Plant Genetic Systems N.V. in Belgium said they have developed a genetic engineering technique for creating hybrid plants for a number of key crops .,0.9718085539825019,0.13216883774135413,0.9690106986639373,0.7857833619722657,0.8678311622586462
122,The researchers said they have isolated a plant gene that prevents the production of pollen .,0.9221804688852169,0.13506222076942503,0.9219437756104277,0.8145709051351127,0.8649377792305749
123,The gene thus can prevent a plant from fertilizing itself .,0.3636363636363642,0.055472735062568695,1.0,0.8948855177025863,0.9445272649374314
124,"Such so-called male-sterile plants can then be fertilized by pollen from another strain of the plant , thereby producing hybrid seed .",1.0343130682801585,0.13752491984993764,0.972734439148241,0.7746666830456574,0.8624750801500624
125,"The new generation of plants will possess the flourishing , high-production trait known as `` hybrid vigor , '' similar to that now seen in hybrid corn .",1.5903330361778858,0.2055048959185057,0.8820555277969796,0.722748833978635,0.7944951040814944
126,"`` The development could have a dramatic effect on farm production , especially cotton , '' said Murray Robinson , president of Delta & Pine Land Co. , a Southwide Inc. subsidiary that is one of the largest cotton seed producers in the U.S. .",1.7976411775462466,0.22417981873595308,0.8615688836739506,0.7055949739797396,0.7758201812640468
127,"On a commercial scale , the sterilization of the pollen-producing male part has only been achieved in corn and sorghum feed grains .",1.2288983698474132,0.16596066005355728,0.9466825730186322,0.7453519057115909,0.8340393399464435
128,"That 's because the male part , the tassel , and the female , the ear , are some distance apart on the corn plant .",0.7896949606015173,0.13362711580570835,0.9708284493788993,0.7822114272643571,0.8663728841942915
129,"In a labor-intensive process , the seed companies cut off the tassels of each plant , making it male sterile .",0.5480845240155663,0.0772636354871473,1.0,0.8565557530358697,0.9227363645128523
130,"They sow a row of male-fertile plants nearby , which then pollinate the male-sterile plants .",0.375,0.05263157894736842,1.0,0.8999999999999999,0.9473684210526315
131,The first hybrid corn seeds produced using this mechanical approach were introduced in the 1930s and they yielded as much as 20 % more corn than naturally pollinated plants .,1.2591479170272457,0.15697554340460215,0.937562950987593,0.7658050483491475,0.8430244565953982
132,The vast majority of the U.S. corn crop now is grown from hybrid seeds produced by seed companies .,1.0923625001138637,0.15186537348747733,0.966642056985014,0.7555112078550248,0.8481346265125222
133,"A similar technique is almost impossible to apply to other crops , such as cotton , soybeans and rice .",0.8377443751081728,0.11311527506905336,0.9704507768252828,0.8165694767029804,0.8868847249309465
134,"The male part , the anthers of the plant , and the female , the pistils , of the same plant are within a fraction of an inch or even attached to each other .",0.8706086720810662,0.13373437282441047,0.8912512946748781,0.8426426717391355,0.8662656271755893
135,The anthers in these plants are difficult to clip off .,0.3636363636363642,0.055472735062568695,1.0,0.8948855177025863,0.9445272649374314
136,"In China , a great number of workers are engaged in pulling out the male organs of rice plants using tweezers , and one-third of rice produced in that country is grown from hybrid seeds .",1.3365521639198166,0.17209478751605886,0.9260283724401164,0.7485842594575496,0.827905212483941
137,"At Plant Genetic Systems , researchers have isolated a pollen-inhibiting gene that can be inserted in a plant to confer male sterility .",0.9023864131375436,0.11321117635642862,0.9312612711723266,0.8463703481182244,0.8867888236435713
138,"Jan Leemans , research director , said this gene was successfully introduced in oil-producing rapeseed plants , a major crop in Europe and Canada , using as a carrier a `` promoter gene '' developed by Robert Goldberg at the University of California in Los Angeles .",1.424907039859292,0.1835204537381062,0.9394039530576919,0.722002859318332,0.8164795462618938
139,The sterilizing gene is expressed just before the pollen is about to develop and it deactivates the anthers of every flower in the plant .,0.8945811190640072,0.12299807153546402,0.9522284683634394,0.8127910189526634,0.8770019284645354
140,Mr. Leemans said this genetic manipulation does n't hurt the growth of that plant .,0.31699250014422997,0.04805729459306254,1.0,0.9082926194188223,0.9519427054069373
141,The researchers also pulled off a second genetic engineering trick in order to get male-sterile plants in large enough numbers to produce a commercial hybrid seed crop .,1.0005718725358408,0.14136912721429123,0.9686356655781516,0.7710636853016898,0.8586308727857089
142,"They attached a second gene , for herbicide resistance , to the pollen-inhibiting gene .",0.7169925001442312,0.11890182275620571,0.8933962011877692,0.8691341322272095,0.8810981772437941
143,"Both genes are then inserted into a few greenhouse plants , which are then pollinated and allowed to mature and produce seed .",0.641516847920153,0.08320630367485664,0.9530995551275566,0.8831522971361971,0.9167936963251436
144,The laws of heredity dictate that half of the plants springing from these greenhouse-produced seeds will be male sterile and herbicide resistant and half will be male fertile and herbicide susceptible .,1.48830165329501,0.199383493703911,0.9331075321223139,0.7010719813703151,0.8006165062960892
145,"The application of herbicide would kill off the male-fertile plants , leaving a large field of male-sterile plants that can be cross-pollinated to produce hybrid seed .",0.884233443738049,0.11214404319665207,0.9792762563224924,0.8120473095652757,0.8878559568033486
146,Mr. Leemans said the hybrid rapeseeds created with this genetic engineering yield 15 % to 30 % more output than the commercial strains used currently .,0.8272990386279586,0.10896359550931894,0.9777646268306553,0.8184403288459378,0.8910364044906809
147,"`` This technique is applicable to a wide variety of crops , '' he said , and added that some modifications may be necessary to accommodate the peculiarities of each type of crop .",1.2682181023165802,0.15863894710596219,0.8943346232995043,0.7943120573632539,0.8413610528940376
148,"He said the company is experimenting with the technique on alfalfa , and plans to include cotton and corn , among other crops .",0.7337350197682007,0.09520845693662772,0.9766558507108771,0.8427782214412408,0.9047915430633725
149,"He said that even though virtually all corn seeds currently planted are hybrids , the genetic approach will obviate the need for mechanical emasculation of anthers , which costs U.S. seed producers about $ 70 million annually .",1.703396209294751,0.20347790699019008,0.8477394944763263,0.7511408383592785,0.7965220930098099
150,"In recent years , demand for hybrid seeds has spurred research at a number of chemical and biotechnology companies , including Monsanto Co. , Shell Oil Co. and Eli Lilly & Co .",1.3036227275349663,0.17711469597260157,0.9545815103159644,0.7231217987151791,0.8228853040273986
151,One technique developed by some of these companies involves a chemical spray supposed to kill only a plant 's pollen .,0.8026072843939689,0.10936633789572844,0.9716830299078562,0.8220641990431291,0.8906336621042715
152,"But there have been problems with chemical sprays damaging plants ' female reproductive organs and concern for the toxicity of such chemical sprays to humans , animals and beneficial insects .",1.9123939521014268,0.2601600135698769,0.8099896368767003,0.680872596629455,0.7398399864301229
153,"However , Paul Johanson , Monsanto 's director of plant sciences , said the company 's chemical spray overcomes these problems and is `` gentle on the female organ . ''",1.1698278227900136,0.1431203800316532,0.9539116679629764,0.7777652172197389,0.8568796199683468
154,"Biosource Genetics Corp. , Vacaville , Calif. , is developing a spray containing a gene that spreads from cell to cell and interferes with the genes that are responsible for producing pollen .",1.4758552849769009,0.20191444052897417,0.8193662348968292,0.7778823093970973,0.7980855594710259
155,"This gene , called `` gametocide , '' is carried into the plant by a virus that remains active for a few days .",1.083333333333334,0.15563396445475589,0.8676878674298565,0.8222650833948759,0.8443660355452439
156,"Robert Erwin , president of Biosource , called Plant Genetic 's approach `` interesting '' and `` novel , '' and `` complementary rather than competitive . ''",1.3796139458246666,0.1921153399266686,0.8573889806967087,0.7637848953261853,0.8078846600733314
157,"`` There is a large market out there hungry for hybrid seeds , '' he said .",0.912339706136879,0.125621880292516,0.8604398045360279,0.8887754456007396,0.874378119707484
158,"Mr. Robinson of Delta & Pine , the seed producer in Scott , Miss. , said Plant Genetic 's success in creating genetically engineered male steriles does n't automatically mean it would be simple to create hybrids in all crops .",1.4395012197232635,0.17018818399577512,0.9069914280215895,0.76473719848236,0.8298118160042249
159,"That 's because pollination , while easy in corn because the carrier is wind , is more complex and involves insects as carriers in crops such as cotton .",1.5389376028651958,0.2191745832345707,0.8617390216049627,0.7138024249989687,0.7808254167654293
160,"`` It 's one thing to say you can sterilize , and another to then successfully pollinate the plant , '' he said .",0.5314536459234782,0.07015367323893798,0.9337231333698811,0.9260015799441458,0.9298463267610617
161,"Nevertheless , he said , he is negotiating with Plant Genetic to acquire the technology to try breeding hybrid cotton .",0.7026136905792093,0.0935497010073648,0.9136630536023451,0.8993505321030836,0.9064502989926346
162,"A bitter conflict with global implications has erupted between Nomura Securities Co. and Industrial Bank of Japan , two of the world 's most powerful financial companies .",1.2273045705928665,0.1570251060579661,0.9317662611284614,0.7696337211750095,0.8429748939420338
163,The clash is a sign of a new toughness and divisiveness in Japan 's once-cozy financial circles .,0.8616541669070523,0.12250278961298915,1.0,0.7817327658397625,0.8774972103870109
164,Not only are Japan 's financial institutions putting their enormous clout to work ; increasingly they 're squaring off against one another in unprecedented public fashion .,0.7225842594195182,0.08817812002354267,0.9372380277115856,0.8877478145428871,0.9118218799764575
165,"Already , the consequences are being felt by other players in the financial markets -- even governments .",0.7086048612313052,0.10174411326920443,0.9656968965050299,0.8396196836947993,0.8982558867307956
166,What triggered the latest clash was a skirmish over the timing of a New Zealand government bond issue .,1.0268302633856257,0.16546121357418356,0.9609381467720525,0.7375264346051664,0.8345387864258161
167,"Nomura was attempting to organize the 50 billion-yen -LRB- $ 352 million -RRB- borrowing in Japan at a time when many Japanese banks , led by Industrial Bank of Japan , were pressuring the Wellington government to help them recover loans made to a defunct investment bank that had been owned by New Zealand 's civil-service pension fund .",1.2675747858333954,0.1448389195225908,0.9230456596419134,0.7965774912471562,0.8551610804774091
168,"Unwilling to put up new money for New Zealand until those debts are repaid , most banks refused even to play administrative roles in the new financing , forcing an embarrassed Nomura to postpone it this week .",1.0294583020727313,0.12632043815752683,0.9062179382723665,0.8433968207124167,0.8736795618424733
169,The dispute shows clearly the global power of Japan 's financial titans .,0.4615384615384617,0.06651041694280006,1.0000000000000002,0.8752746979566217,0.9334895830572001
170,"Aside from Nomura 's injured pride , the biggest victim so far has been the New Zealand government .",0.6455085529731761,0.0868869325500109,1.0,0.8401178081216587,0.9131130674499887
171,"Barred by its budget law from making any new domestic bond issues , Wellington 's Debt Management Office had been casting abroad to raise the 3 billion New Zealand dollars -LRB- US$ 1.76 billion -RRB- to NZ$ 4 billion it needs to come up with by the end of its fiscal year next June 30 .",1.5070813006894177,0.1710170547522797,0.8873259397138475,0.7778388866464505,0.8289829452477206
172,"With Japan 's cash-flush banks aligned against it , though , raising money may be difficult .",0.7058823529411775,0.09450773302486756,0.9054922669751325,0.9054922669751327,0.9054922669751326
173,"Not only can they block Wellington from raising money in Japan , bankers here say , but as the largest underwriters in the Eurobond market , they might be able to scuttle borrowings there , too .",0.9022723779798429,0.11123744426132658,0.9334401146583393,0.848166477657031,0.8887625557386736
174,"New Zealand 's finance minister , David Caygill , lashed out at such suggestions .",0.6666666666666652,0.09689291750140804,1.0,0.8233320391527028,0.9031070824985918
175,"He told reporters in Wellington Tuesday that the government had n't guaranteed the loans to DFC New Zealand Ltd. , an investment bank 80%-owned by the National Provident Fund , and would n't bail it out .",1.298354054521834,0.16232130632566696,0.9067015977516766,0.7784211716865851,0.8376786936743332
176,"`` It may very well be what the Japanese banks want , '' he told Radio New Zealand .",0.6057776318066779,0.08110531843017807,0.9061244044218562,0.9320300546488564,0.9188946815698217
177,`` I think it would be irresponsible and I am not about to be blackmailed by Japanese banks or any other international interests . '',0.719999999999998,0.09616758317934504,0.9062058582201304,0.9014713754925412,0.9038324168206547
178,No less significant than the Japanese banks ' attempt to cut off funds to pressure a foreign government are the implications of a confrontation between Japan securities and banking industries .,0.9267437404258247,0.12125989122999478,0.9286326911401809,0.8339353250350856,0.8787401087700053
179,Anxiety is rising over recent government proposals to eventually lower the strict barriers that now separate -- and protect -- the two industries from each other .,0.8986912039440913,0.11500413021430216,0.8967041260501377,0.8735894219673404,0.8849958697856982
180,"Both sides are jealously guarding their turf , and relations have been at a flashpoint for months .",0.6813701392494655,0.09745256631640187,0.9115659346861696,0.893705632084536,0.9025474336835977
181,The banks badly want to break into all aspects of the securities business .,0.8221267860233521,0.12103301188845535,1.0000000000000002,0.7840687819093443,0.8789669881115448
182,"Meanwhile , the securities companies -- most of them smaller than the banks -- are seeking access only to limited kinds of banking that would n't open them to the full brunt of competition from the banks .",1.4273376567770404,0.18043303579852105,0.8354347675766655,0.8042906947709673,0.8195669642014789
183,"Nomura , the world 's biggest securities company largely by virtue of its protected home field , and Industrial Bank of Japan , Japan 's most innovative and aggressive bank in capital markets abroad , captain the opposing sides .",1.6447612485455192,0.20822148116750863,0.8445740536194364,0.7451952928410545,0.7917785188324908
184,And their suspicions of each other run deep .,0.22222222222222232,0.036324900793189584,0.9298966940476159,1.0,0.9636750992068105
185,"In the past year , both have tried to stretch the limits of their businesses .",0.4221804688852169,0.05761338241104178,1.0,0.8910502015780085,0.9423866175889583
186,"Nomura started a credit-card venture with American Express Co. that allowed cardholders to use their Nomura securities accounts like a bank account , attracting the wrath of banks .",1.2573928774727667,0.16705409630530016,0.9261850650466353,0.7567625292948275,0.8329459036947007
187,"And Industrial Bank of Japan started up a London securities subsidiary that sells Japanese stocks to non-Japanese institutions overseas , a move that stirred the anger of the stock brokerage firms .",1.2224817337113683,0.15718146738531885,0.9011105812264546,0.7916099812243622,0.8428185326146814
188,The New Zealand bond issue simply has brought the two institutions face-to-face .,0.76923076923077,0.11599389651816218,0.9501317970921511,0.8264857237716906,0.8840061034818376
189,"ITEL CORP. reported third-quarter earnings , which were mistakenly shown in the Quarterly Earnings Surprises table in yesterday 's edition to be lower than the average of analysts ' estimates .",0.9795009024709769,0.12011491805847002,0.9589991441688998,0.8128295019751534,0.8798850819415298
190,"On a pretax basis , Itel 's third-quarter earnings of 30 cents a share were actually 7.14 % higher than the average of estimates .",0.9101955000865392,0.121082913164217,0.9538034912317388,0.8149338196966245,0.878917086835783
191,"Raymond E. Ross , 53 years old , formerly group vice president , U.S. plastics machinery , at this machine tool , plastics machinery and robots concern , was named senior vice president , industrial systems , succeeding David A. Entrekin , who resigned Monday .",1.6594439726631345,0.2304060130741134,0.8528278113171519,0.7011623278162976,0.7695939869258869
192,"John A. Conlon Jr. , 45 , was named a managing director at this investment-banking company .",0.6770455884898219,0.099682834756537,0.9285421988815655,0.8737574322067918,0.9003171652434635
193,"He will be in charge of research , equity sales and trading , and the syndicate operation of Rothschild .",1.0509775004326931,0.15029254004284476,0.9556906108650655,0.7648841581117494,0.8497074599571551
194,Mr. Conlon was executive vice president and director of the equity division of the international division of Nikko Securities Co .,1.0903141405828434,0.1733658707931585,0.9438875362228368,0.7352931357009599,0.8266341292068412
195,"As Yogi Berra might say , it 's deja vu all over again .",0.4824919644402472,0.07354175568994317,0.9551046883087146,0.899480146556335,0.926458244310057
196,"Crouched at shortstop , Bert Campaneris , once Oakland 's master thief , effortlessly scoops up a groundball and flips it to second .",0.6981203125901452,0.08827024521199324,0.9774086157360091,0.8543219408458423,0.9117297547880069
197,"In the outfield , Paul Blair , the Orioles ' eight-time Gold Glove winner , elegantly shags a fly .",0.8559707739381857,0.12383125786103695,0.9999999999999998,0.7796265996432195,0.8761687421389626
198,"On the mound , former Red Sox great Luis Tiant , the wily master of 1,001 moves , throws an off-speed strike .",0.8154298913984102,0.11555021496910134,1.0,0.7928372682491893,0.8844497850308984
199,"`` Babies , kiddies , '' growls their manager -- a fellow named Earl Weaver , who , in a different time , handled four World Series teams and now handles the Gold Coast Suns .",1.7016216935050386,0.21764008549865244,0.7713973662848443,0.7936385383644246,0.7823599145013475
200,"`` Old-time kiddies , '' he says .",0.25,0.043478260869565216,0.9166666666666666,1.0,0.9565217391304348
201,Perhaps .,0.0,0.0,1.0,1.0,1.0
202,"But for the next few months , these boys of summers long past are going to be reveling in an Indian summer of the soul .",0.8601741529461631,0.12118505660684377,0.9352995014702028,0.8287642562186437,0.878814943393156
203,"Now that the baseball season is officially over , you see , it 's time for a new season to begin .",0.6706767046437925,0.08917489576412736,0.964729537406778,0.8626257388310236,0.9108251042358724
204,"Today is the debut of the Senior Professional Baseball Association , a new eight-team pro sports circuit , modeled after the highly successful senior tennis and golf tours and complete with good salaries , a cable television contract and even expansion plans .",2.0036041376376996,0.2719923208577146,0.8161436751178308,0.6570521065134439,0.728007679142285
205,"One hundred and ninety two former greats , near greats , hardly knowns and unknowns begin a 72-game , three-month season in spring-training stadiums up and down Florida .",1.8317039820263359,0.24691349468965273,0.8350636970583613,0.6857657155808687,0.7530865053103474
206,"For everyone involved , it 's one more swig of that elixir of youth , baseball .",1.2423185575743396,0.1922492921782598,0.8678681871904502,0.7554223817899519,0.8077507078217403
207,"`` Someone always makes you quit , '' says legendary St. Louis Cardinals centerfielder Curt Flood , the league 's commissioner .",1.3636363636363624,0.18493975047784358,0.8463655772563201,0.7859881587312951,0.8150602495221562
208,"`` You feel you want one more -- one more at-bat , one more hit , one more game . ''",0.6900107140796674,0.10857534724373087,0.9083742546813462,0.8750959988449436,0.8914246527562688
209,"Until the baby-faced heroes of today reclaim these ballparks for spring training , there is one more .",0.8616541669070523,0.11522219875035063,0.9675054986903174,0.8150831557998103,0.8847778012496496
210,And not just for the players .,0.2857142857142856,0.05361503543831442,1.0,0.8982265179691366,0.9463849645616855
211,"It 's one more for the baseball-loving lawyers , accountants and real estate developers who ponied up about $ 1 million each for the chance to be an owner , to step into the shoes of a Gene Autry or have a beer with Rollie Fingers .",0.976939297040289,0.11604191423552075,0.9484270533917123,0.8276957804217718,0.8839580857644792
212,"`` Nothing can be better than this , '' says Don Sider , owner of the West Palm Beach Tropics .",1.1242685940207995,0.15050671225825013,0.917388399931959,0.7909553731552886,0.8494932877417497
213,"Early in the morning Mr. Sider , an estate lawyer , pores over last wills and testaments .",0.7505430557959398,0.10841861275365666,0.9211510641597691,0.8638510849357627,0.891581387246343
214,"Midmorning , he dons an orange-and-blue uniform and , for fun , may field a bunt from Dave Kingman .",0.5,0.06879123876962112,1.0000000000000002,0.8712728243378703,0.931208761230379
215,"It 's one more , too , for the fans who dream of a season that never ends .",1.2373565791750973,0.17047004805313715,0.8089427800536538,0.8511923534500926,0.8295299519468622
216,"`` I feel like a little kid , '' says a gleeful Alex de Castro , a car salesman , who has stopped by a workout of the Suns to slip six Campaneris cards to the Great Man Himself to be autographed .",1.0378881507695512,0.11900799205823835,0.9322762479477754,0.8350558340795311,0.8809920079417616
217,The league 's promoters hope retirees and tourists will join die-hard fans like Mr. de Castro and pack the stands to see the seniors .,1.3509775004326938,0.1851482235292925,0.8535214949957063,0.7795341356352027,0.8148517764707076
218,The league is the brainchild of Colorado real estate developer James Morley -- once a minor-leaguer himself -- who says he had the idea last January while lying on a beach in Australia .,1.4739964088562756,0.1970569329917445,0.8948318358945548,0.7281686581678071,0.8029430670082554
219,"When he sent letters offering 1,250 retired major leaguers the chance of another season , 730 responded .",0.9308270834535257,0.1336516038690065,0.8611627826070011,0.8715968398065165,0.8663483961309933
220,"Eventually , about 250 made the trip to Florida to compete for the available slots .",0.5,0.06896551724137931,0.9310344827586207,0.9310344827586207,0.9310344827586207
221,"-LRB- Players have to be 35 or older , except for catchers , who are eligible at 32 because life behind the plate is so rough . -RRB-",0.771772874087028,0.09664322209882031,0.9099069046503218,0.8969002816419782,0.9033567779011796
222,"For some players , the lure is money -- up to $ 15,000 a month .",0.7193609377704329,0.10231800145096741,0.926592338344765,0.8705211206150529,0.8976819985490326
223,"Others , just released from the majors , hope the senior league will be their bridge back into the big-time .",0.6666666666666634,0.09398019478342669,0.8940169640140405,0.9183493264420375,0.906019805216573
224,"But as they hurl fireballs that smolder rather than burn , and relive old duels in the sun , it 's clear that most are there to make their fans cheer again or recapture the camaraderie of seasons past or prove to themselves and their colleagues that they still have it -- or something close to it .",2.241162705506585,0.2693935130148613,0.7791097920484905,0.6877883761515025,0.7306064869851387
225,`` My fastball is good .,0.0,0.0,1.0,1.0,1.0
226,"Real good , '' says 39-year-old Pete Broberg , working in the midday heat of the Tropics camp .",0.8818361843243903,0.11911083601900047,0.9393532649641412,0.829276118552542,0.8808891639809993
227,"Mr. Broberg , who started with the now-defunct Washington Senators , says that when he left baseball in 1978 , he `` never looked back . ''",0.7505430557959443,0.09425885298925657,0.9240715943532349,0.8881237823758654,0.905741147010744
228,"For a long time , he ignored baseball altogether , even the sports pages .",0.6666666666666679,0.10079962541730095,0.9177011612423492,0.8814307957736478,0.8992003745826991
229,"Now Mr. Broberg , a lawyer , claims he 'd play for free .",0.28571428571428736,0.04056550841186305,1.0000000000000002,0.9220318027381575,0.9594344915881373
230,"`` You ca n't give it up that easily , '' he says .",0.6253491072973913,0.09328491767259718,0.9140673497355114,0.899480146556335,0.9067150823274029
231,`` I tried . '',0.0,0.0,1.0,1.0,1.0
232,"The nagging memory of one afternoon fourteen years ago drove Jim Gideon , a lean 36-year-old righthander to take a four-month leave from selling insurance in Texas to try out for Mr. Weaver 's team .",1.4063664023080733,0.1733308700404762,0.9129649564872778,0.7552782607816194,0.8266691299595238
233,"`` It does n't replace pitching in the majors , but it proves to me that I would have been able to play if I 'd stayed healthy , '' he says .",1.1793843799558807,0.15039038282590222,0.8677495277662757,0.8322125901564255,0.8496096171740978
234,"Back in 1975 , late in the season , a then-21 Mr. Gideon made his only major league appearance , five and two-thirds innings for the Texas Rangers against the Chicago White Sox .",1.2201159839812936,0.1601982697495981,0.892335246236853,0.7931098092287473,0.8398017302504017
235,"He gave up seven hits , walked five and did n't get a decision .",0.31699250014423175,0.04552229947046522,0.9614260566461558,0.9476290571936051,0.9544777005295348
236,Arm troubles forced him back to the minors the next year .,0.666666666666667,0.10805101626208158,0.8919489837379184,0.8919489837379184,0.8919489837379184
237,"`` There 's a satisfaction in going against the rules , '' offers Will McEnaney , once a stopper with Cincinnati 's Big Red Machine .",0.7503759617048811,0.09475661535094058,0.9588442996431206,0.8573179532202595,0.9052433846490592
238,He means the rule that a player ca n't cut it after a certain age .,0.4221804688852169,0.06269890325048094,0.9999999999999998,0.882000624901929,0.9373010967495188
239,These days he hustles to house-painting jobs in his Chevy pickup before and after training with the Tropics .,0.6315789473684177,0.08829276848581702,0.9287236828893705,0.8953031251308442,0.9117072315141825
240,"While sipping a beer after practice , he vividly recounts getting the Red Sox 's Carl Yastrzemski to pop out to end the 1975 World Series , and repeating the feat against the Yankees ' Roy White in 1976 .",1.010159298914167,0.12447328838249755,0.9467044084238818,0.8143035360599564,0.8755267116175026
241,Some of the game 's reigning philosophers dislike the idea of middle-aged men attempting a young man 's sport .,0.7622556248918251,0.11199575405876137,0.9999999999999998,0.7985680185378776,0.8880042459412383
242,"`` I personally do n't enjoy seeing players who I remember vividly from their playing days running about and being gallant about their deficiencies , '' says Roger Angell , New Yorker magazine 's resident baseball sage .",1.2244559213942292,0.14001649580070544,0.9254556436903714,0.8031630568341085,0.8599835041992943
243,`` I feel people should be allowed to remember players as they were . '',0.5836591668108957,0.08381746371967372,0.9096086714135925,0.9228521132923113,0.9161825362803256
244,"Worse , says baseball author Lawrence Ritter , `` Someone will get a heart attack and that will be the end of the whole story . ''",1.24635127608901,0.16367241322815987,0.9271556920628953,0.7617074893728686,0.8363275867718403
245,But the ballplayers disagree .,0.0,0.0,1.0,1.0,1.0
246,Most are trim .,0.0,0.0,1.0,1.0,1.0
247,Some have been training for months ; others only recently left active status .,0.7142857142857171,0.10351330597172533,0.8783034747644115,0.9154387115169991,0.8964866940282749
248,"-LRB- No one has worked out the players ' average age , but most appear to be in their late 30s . -RRB-",0.7284733696592811,0.0875710989350343,0.9356823824443279,0.8903031789376228,0.9124289010649654
249,And there 's pride .,0.0,0.0,1.0,1.0,1.0
250,"`` I 'm not going to look stupid , '' vows former Pittsburgh Pirate second baseman Rennie Stennett , sweat dotting his brow as he prepares for some practice swings .",1.2988600808545288,0.15552476249140454,0.8900081155078076,0.803374539378101,0.8444752375085952
251,"`` It 's going to be a tough league , '' promises the 47-year-old Mr. Campaneris .",0.5882352941176494,0.08001681210673725,0.9349454589164965,0.9054922669751325,0.9199831878932628
252,`` There will be a lot of malice . '',0.1999999999999993,0.0310373158726547,1.0,0.9397940008672038,0.9689626841273452
253,"Men who have played hard all their lives are n't about to change their habits , he says .",0.3555203948507035,0.04734744474062896,0.9714104927528919,0.9346053255772936,0.9526525552593706
254,"Nonetheless , one ca n't help wonder whether the game will be just a little bit slower .",0.8344194449252154,0.12611111463648247,0.8738888853635176,0.8738888853635174,0.8738888853635175
255,"At the weatherbeaten Pompano Beach municipal stadium , Mr. Blair , the 45-year-old former Oriole , knows his power is n't what it used to be .",0.8003570546087726,0.09928870023127646,1.0000000000000002,0.819358281022288,0.9007112997687239
256,So he adjusts .,0.0,0.0,1.0,1.0,1.0
257,He no longer crowds the plate .,0.0,0.0,1.0,1.0,1.0
258,"He 's not thinking about home runs anymore , just base hits .",1.1930596157174573,0.19218657277474333,0.8283419256373168,0.7882778229819997,0.8078134272252567
259,"Still , `` how sweet it is , '' he says , savoring the fat sound of the well-hit line drive that bounces off the center field wall .",1.4699720856238176,0.19955250349571,0.8464487351905267,0.7591885156982927,0.8004474965042903
260,"And do n't expect many complete games by pitchers -- perhaps three out of 288 , laughs Mr. Fingers , the former Oakland reliever .",1.2905865002596144,0.16138129119635947,0.8934262568135154,0.7901468710449187,0.8386187088036404
261,"Expect `` tricky '' stuff from pitchers , says Mr. Weaver , the manager .",0.5333333333333306,0.07604077156002441,0.9239592284399752,0.9239592284399752,0.9239592284399752
262,"Expect brushbacks but no beanballs , says Mr. McEnaney .",0.5999999999999996,0.09927436741713137,0.9315520459418732,0.8718740509574638,0.9007256325828685
263,"Even expect stolen bases , says the wiry and fit Mr. Campaneris : `` If you know how to slide , it 's no problem , '' he says .",0.9006516669551319,0.10812832368740787,0.8918716763125928,0.8918716763125927,0.8918716763125928
264,And expect slower fastballs .,0.0,0.0,1.0,1.0,1.0
265,"`` I 'm not so young anymore , '' concedes the cigar-chomping , 48-year-old Mr. Tiant .",0.9567448533229657,0.1370127989822774,0.915056548632468,0.8165246042335478,0.8629872010177226
266,"`` I wo n't be throwing 90 mph , but I will throw 80-plus , '' he says .",0.42105263157894335,0.057179014494216085,0.9428209855057834,0.9428209855057834,0.9428209855057835
267,"White-haired Pedro Ramos , at 54 the league 's oldest player and a pitcher-coach with the Suns , has lost even more speed .",0.7610276044371007,0.10129939747696434,0.8875527079253984,0.9101321002047045,0.8987006025230355
268,"Stuffing a wad of Red Man into his cheek , he admits the fastball he brought into the majors in 1955 has become a slowball .",0.7542169413244899,0.10554525329878481,0.917112290803488,0.8728897345906668,0.8944547467012148
269,Its maximum velocity is 72 mph .,0.2857142857142865,0.053615035438314584,1.0,0.8982265179691366,0.9463849645616855
270,But he is n't worried .,0.0,0.0,1.0,1.0,1.0
271,He will compensate with the guile learned from his years in the majors .,0.33963482158310576,0.053824075840173215,0.9381592334579723,0.9543308029927586,0.9461759241598271
272,He has good control .,0.0,0.0,1.0,1.0,1.0
273,"He will keep the ball down , move it around .",0.7958988638330426,0.12998587208595652,0.8603710954403706,0.879875768611275,0.8700141279140434
274,"After all , he says , `` Even to make love , you need experience .",0.4221804688852169,0.06269890325048094,0.96189766761021,0.9139310739506653,0.9373010967495192
275,Alltel Corp. said it will acquire the 55 % of Pond Branch Telephone Company Inc. 's cellular franchise that it does n't own already .,0.8358638780895902,0.11010584962741453,0.9768638805693691,0.8171441889327866,0.8898941503725856
276,Terms were n't disclosed .,0.0,0.0,1.0,1.0,1.0
277,"Alltel holds 45 % of the franchise , which has operations in Aiken , S.C. , and Augusta , Ga .",1.0883215701082545,0.15024871282572563,0.9699830518625232,0.7560384745688552,0.8497512871742745
278,"Alltel , which provides local telephone service in 25 states , said it exercised its right of first refusal following an offer from an undisclosed third party to acquire the majority position in the franchise .",0.9727652780181621,0.12665939957403127,0.9316699487771731,0.8218846163063246,0.8733406004259685
279,Stewart & Stevenson Services Inc. said it received two contracts totaling $ 19 million to build gas-turbine generators .,1.0268302633856248,0.13747849229304715,0.9107154120700557,0.819171966367455,0.8625215077069525
280,"The separate contracts were from Paragould Light & Water Commission , a utility in Paragould , Ark. , and PSE Inc. , a cogeneration-plant operator in Houston .",1.5013964291895618,0.21877904929263345,0.9174339753844386,0.6802265297763185,0.7812209507073665
281,Stewart & Stevenson makes equipment powered with diesel and gas turbines .,0.7295739585136225,0.11946485063688529,0.941630827397726,0.8268845360680643,0.8805351493631146
282,"Liberty National Bancorp said its acquisition of Florence Deposit Bank , Florence , Ky. , first announced in April , has been completed in a transaction valued at $ 13.1 million .",1.4068609377704338,0.18761202350841752,0.9420125557240954,0.7141220185556084,0.8123879764915825
283,"Liberty National exchanged about 78.64 shares of its common stock for each of Florence Deposit 's 5,600 shares outstanding .",1.037744375108172,0.15247242527986796,0.895173211455552,0.8046975114202224,0.8475275747201317
284,"Liberty National , a bank holding company , has assets exceeding $ 3 billion .",0.5333333333333314,0.07604077156002453,0.9999999999999998,0.858665631322162,0.9239592284399749
285,"Hani Zayadi was appointed president and chief executive officer of this financially troubled department store chain , effective Nov. 15 , succeeding Frank Robertson , who is retiring early .",1.3958100993642395,0.17816626561710136,0.9061715894021395,0.7518579307894303,0.8218337343828989
286,"Mr. Zayadi was previously president and chief operating officer of Zellers Inc. , a retail chain that is owned by Toronto-based Hudson 's Bay Co. , Canada 's largest department store operator .",1.447710227600525,0.18871572403769682,0.8837372196563822,0.7498112173395023,0.8112842759623031
287,"Tuesday , October 31 , 1989",1.0000000000000009,0.23981246656813168,1.0000000000000002,0.6131471927654586,0.7601875334318687
288,The key U.S. and foreign annual interest rates below are a guide to general levels but do n't always represent actual transactions .,0.6573658903810333,0.09165257665752614,1.0000000000000002,0.832084715197298,0.9083474233424741
289,PRIME RATE : 10 1/2 % .,0.5714285714285721,0.11330491807453026,1.0,0.7964530359382731,0.8866950819254699
290,The base rate on corporate loans at large U.S. money center commercial banks .,0.660365178416896,0.12188509532020925,0.9112097715409296,0.8473397769537048,0.8781149046797908
291,"FEDERAL FUNDS : 9 % high , 8 13/16 % low , 8 7/8 % near closing bid , 8 15/16 % offered .",1.2354785189334674,0.20896426872877724,0.8585683633216316,0.7333522547976817,0.7910357312712225
292,Reserves traded among commercial banks for overnight use in amounts of $ 1 million or more .,0.8235294117647056,0.12560113420756086,0.9241447042310071,0.829735012101711,0.8743988657924392
293,Source : Fulton Prebon -LRB- U.S.A . -RRB- Inc .,0.6000000000000005,0.11441961378917534,1.0,0.7946561378256197,0.8855803862108248
294,DISCOUNT RATE : 7 % .,0.7924812503605785,0.18103744911964753,0.9999999999999998,0.6934264036172707,0.8189625508803525
295,The charge on loans to depository institutions by the New York Federal Reserve Bank .,1.0406426982957866,0.1742204202244849,0.9487096876368056,0.7310526265232121,0.8257795797755149
296,CALL MONEY : 9 3/4 % to 10 % .,0.7509775004326915,0.13671838445837736,1.0,0.7594507376186739,0.8632816155416223
297,The charge on loans to brokers on stock exchange collateral .,0.9090909090909092,0.17209483724980082,0.9232356122056502,0.7504192006293402,0.8279051627501993
298,COMMERCIAL PAPER placed directly by General Motors Acceptance Corp. : 8.55 % 30 to 44 days ; 8.25 % 45 to 59 days ; 8.40 % 60 to 89 days ; 8 % 90 to 119 days ; 7.90 % 120 to 149 days ; 7.80 % 150 to 179 days ; 7.55 % 180 to 270 days .,0.9808184243394811,0.1606898245896001,0.904264956212574,0.783061621664752,0.8393101754103999
299,"COMMERCIAL PAPER : High-grade unsecured notes sold through dealers by major corporations in multiples of $ 1,000 : 8.62 % 30 days ; 8.55 % 60 days ; 8.45 % 90 days .",1.1143528453280496,0.16192872489793772,0.9999999999999999,0.7212759760076309,0.8380712751020621
300,CERTIFICATES OF DEPOSIT : 8.09 % one month ; 8.04 % two months ; 8.03 % three months ; 7.96 % six months ; 7.92 % one year .,1.1498268264809104,0.20653435234203568,1.0,0.657640328365079,0.7934656476579643
301,"Average of top rates paid by major New York banks on primary new issues of negotiable C.D.s , usually on amounts of $ 1 million and more .",1.1698174107915529,0.1606201287310195,0.9344880812144765,0.7618427650205378,0.8393798712689807
302,"The minimum unit is $ 100,000 .",0.0,0.0,1.0,1.0,1.0
303,Typical rates in the secondary market : 8.53 % one month ; 8.50 % three months ; 8.30 % six months .,1.2327007035801705,0.19640929940494511,0.9327485880530088,0.7058513236694426,0.8035907005950548
304,BANKERS ACCEPTANCES : 8.49 % 30 days ; 8.44 % 60 days ; 8.27 % 90 days ; 8.12 % 120 days ; 8.05 % 150 days ; 7.98 % 180 days .,0.739101803804946,0.1512653874513135,0.9999999999999999,0.7372189086893567,0.8487346125486865
305,"Negotiable , bank-backed business credit instruments typically financing an import order .",0.833333333333333,0.13881350541022094,0.9394298226512525,0.7949745704851608,0.8611864945897789
306,LONDON LATE EURODOLLARS : 8 3/4 % to 8 5/8 % one month ; 8 3/4 % to 8 5/8 % two months ; 8 11/16 % to 8 9/16 % three months ; 8 9/16 % to 8 7/16 % four months ; 8 1/2 % to 8 3/8 % five months ; 8 7/16 % to 8 5/16 % six months .,0.9460043473997097,0.19458515993970013,0.8814161055643185,0.7414797695779296,0.8054148400602996
307,LONDON INTERBANK OFFERED RATES -LRB- LIBOR -RRB- : 8 3/4 % one month ; 8 11/16 % three months ; 8 7/16 % six months ; 8 7/16 % one year .,1.2040414066556506,0.20664570952549377,0.8860704671933487,0.7182033093553922,0.7933542904745062
308,The average of interbank offered rates for dollar deposits in the London market based on quotations at five major banks .,0.993083474870156,0.15099796978617985,0.9670124995960964,0.7566619314725223,0.8490020302138198
309,FOREIGN PRIME RATES : Canada 13.50 % ; Germany 9 % ; Japan 4.875 % ; Switzerland 8.50 % ; Britain 15 % .,0.4512050593046011,0.08079475947305616,1.0,0.8504900976528644,0.9192052405269437
310,These rate indications are n't directly comparable ; lending practices vary widely by location .,0.5836591668108957,0.09076953199263746,0.9563780440757365,0.8665130607049908,0.9092304680073621
311,"TREASURY BILLS : Results of the Monday , October 30 , 1989 , auction of short-term U.S. government bills , sold at a discount from face value in units of $ 10,000 to $ 1 million : 7.78 % 13 weeks ; 7.62 % 26 weeks .",1.820529520268897,0.23602325178938782,0.8744956899734246,0.6782583243179603,0.7639767482106125
312,FEDERAL HOME LOAN MORTGAGE CORP . -LRB- Freddie Mac -RRB- : Posted yields on 30-year mortgage commitments for delivery within 30 days .,0.9085476935756418,0.13511494186336795,0.9435671213008823,0.7983152414928272,0.8648850581366319
313,"9.78 % , standard conventional fixed-rate mortgages ; 7.875 % , 2 % rate capped one-year adjustable rate mortgages .",1.2987084225518544,0.20714179495712487,0.9126973201892752,0.700836826932366,0.7928582050428751
314,Source : Telerate Systems Inc .,0.33333333333333304,0.06891905627080991,1.0000000000000002,0.8710490642551529,0.9310809437291903
315,"FEDERAL NATIONAL MORTGAGE ASSOCIATION -LRB- Fannie Mae -RRB- : Posted yields on 30 year mortgage commitments for delivery within 30 days -LRB- priced at par -RRB- 9.75 % , standard conventional fixed-rate mortgages ; 8.75 % , 6/2 rate capped one-year adjustable rate mortgages .",1.6787066636963086,0.21882524012562207,0.8685521264111229,0.709770965110908,0.7811747598743778
316,Source : Telerate Systems Inc .,0.33333333333333304,0.06891905627080991,1.0000000000000002,0.8710490642551529,0.9310809437291903
317,MERRILL LYNCH READY ASSETS TRUST : 8.63 % .,0.8888888888888893,0.17754637556585942,0.9025783848842869,0.7553948183725063,0.8224536244341407
318,Annualized average rate of return after expenses for the past 30 days ; not a forecast of future returns .,0.7132331253245194,0.10291039040673887,1.0,0.813383949771682,0.8970896095932611
319,"Canada 's gross domestic product rose an inflation-adjusted 0.3 % in August , mainly as a result of service-industry growth , Statistics Canada , a federal agency , said .",1.1006516669551285,0.14748500865891725,0.959771615559647,0.7668210268720927,0.8525149913410828
320,The August GDP was up 2.4 % from its year-earlier level .,0.3333333333333339,0.04875723891603064,1.0,0.90701901811629,0.9512427610839694
321,GDP is the total value of a nation 's output of goods and services .,0.31699250014423175,0.049298053589194195,0.9582013815667277,0.9433189894159955,0.9507019464108057
322,Statistics Canada said service-industry output in August rose 0.4 % from July .,0.7315211541789965,0.12083322367265957,0.9999999999999999,0.7843867916821335,0.8791667763273404
323,Output of goods-producing industries increased 0.1 % .,0.25,0.043478260869565216,1.0,0.9166666666666666,0.9565217391304348
324,"Separately , Statistics Canada reported that its industrial-product price index dropped 0.2 % in September , its third consecutive monthly decline .",1.050882521761987,0.1435136587232784,0.9355208007657049,0.7897655447914614,0.8564863412767212
325,It also reported a 2.6 % decline in its raw-materials price index for September .,0.533333333333335,0.07604077156002503,1.0,0.8586656313221622,0.9239592284399751
326,"Columbia Pictures Entertainment Inc. was dropped , effective today , from the recreational products and services industry group of the Dow Jones Equity Market Index .",1.0140203067923172,0.14481362599446246,0.93278369643695,0.7895080095436011,0.855186374005537
327,"Columbia Pictures is being acquired by Sony Corp. , which is based in Japan .",0.666666666666667,0.10079962541730084,0.9999999999999998,0.8168610833618537,0.899200374582699
328,People 's Savings Financial Corp. said it will buy back as much as 10 % of its 2.4 million shares outstanding because the stock is undervalued .,1.0929546297898893,0.1321801856290541,0.8897790127158188,0.8469183898170584,0.8678198143709465
329,The holding company said it has been `` unfairly associated '' with other banks in New England that have had major loan losses in recent quarters .,0.8525759262464403,0.10645636728626579,0.9169069187929922,0.8713413812681231,0.8935436327137345
330,The company said its People 's Savings Bank unit does n't have a `` large exposure to construction and commercial loans that have caused the loan-loss problems in many of the banks .,1.287582575626458,0.15888934021025292,0.8411106597897472,0.8411106597897472,0.8411106597897472
331,"A seat on the Chicago Mercantile Exchange was sold for $ 410,000 , down $ 6,000 from the previous sale Oct .",0.4888585228256135,0.06723892091165402,1.0000000000000002,0.8739946237076562,0.9327610790883463
332,"Seats currently are quoted at $ 400,000 bid , $ 425,000 asked .",0.4615384615384617,0.06959633791089725,0.9525005112358603,0.9093088077395045,0.9304036620891025
333,"The record price for a full membership on the exchange is $ 550,000 , set March 9 .",0.9308270834535266,0.13365160386900662,0.9313937930100599,0.8097950451250444,0.8663483961309933
334,"In a surprise move , the British government cleared the way for a bidding war for Jaguar PLC by agreeing to remove an obstacle to a takeover of the auto maker .",1.3199634674227338,0.19835239885842199,0.9060100279981692,0.7188445825746022,0.801647601141578
335,Trade and Industry Secretary Nicholas Ridley told the House of Commons yesterday that he will relinquish the government 's so-called golden share in the company as long as Jaguar shareholders agree .,1.3251991236427072,0.1655956494456946,0.9242615042857387,0.7604709903807212,0.8344043505543052
336,The golden share restricts any individual holding to 15 % and expires at the end of 1990 .,1.1949875002403854,0.17834521515832752,0.9124390782299905,0.7473011053309424,0.8216547848416725
337,"It was in Jaguar 's best interests `` for the company 's future to be assured and the present climate of uncertainty resolved as quickly as possible , '' Mr. Ridley said .",1.0562046355234358,0.1260271255857177,0.903861030694081,0.8459980839467758,0.8739728744142824
338,Mr. Ridley 's decision fires the starting pistol for perhaps a costly contest between the world 's auto giants for Britain 's leading luxury-car maker .,1.2463989214064108,0.18466519379662458,0.9080400389250305,0.7398052932527157,0.8153348062033753
339,Both General Motors Corp. and Ford Motor Co. have been trying to amass 15 % stakes in Jaguar .,0.7110407897014115,0.0965594525982511,0.9693255522131423,0.8459419212445168,0.9034405474017481
340,"Ford , which already has an unwelcome 13.2 % holding , is prepared to bid for the entire company and had lobbied the government to lift the takeover restrictions early .",0.6812714670568978,0.08446389235278928,0.9601152098259951,0.8749130273694586,0.9155361076472109
341,GM has been negotiating a friendly transaction with Jaguar that likely would involve joint ventures and an eventual stake of just under 30 % .,0.680782000346154,0.08376865170252551,0.9712528705225333,0.8671095502190104,0.9162313482974742
342,"But the government 's action , which caught Jaguar management flat-footed , may scuttle the GM minority deal by forcing it to fight for all of Jaguar .",0.8526536778902569,0.10410114097141465,0.9809035731837977,0.8244521620394619,0.8958988590285853
343,"`` I ca n't believe they -LRB- GM -RRB- will let Ford have a free run , '' said Stephen Reitman , a European auto industry analyst at UBS-Phillips & Drew .",1.3207707033278266,0.15668937892688026,0.9342836668077045,0.7684820100912809,0.8433106210731198
344,`` I am sure they will be going for a full bid . '',0.2857142857142865,0.04056550841186293,0.9594344915881372,0.9594344915881372,0.9594344915881372
345,Many investors certainly believe a bidding war is imminent .,0.6754887502163474,0.11317814411679877,0.9297367778539066,0.847693881548703,0.8868218558832013
346,"Jaguar shares skyrocketed yesterday after Mr. Ridley 's announcement , following their temporary suspension on London 's Stock Exchange .",1.113233125324519,0.16062525908164219,0.9356643215374313,0.7610543415125569,0.8393747409183577
347,"In late trading , the shares were up a whopping 122 pence -LRB- $ 1.93 -RRB- -- a 16.3 % gain -- to a record 869 pence on very heavy volume of 9.7 million shares .",1.6608458317172454,0.22609859172603017,0.8029019103643456,0.7469228479616259,0.7739014082739697
348,"In the U.S. over-the-counter market , Jaguar shares trading as American Depositary Receipts closed at $ 13.625 , up $ 1.75 .",0.6706767046437951,0.08917489576412771,0.949592079008126,0.8750992880936614,0.9108251042358724
349,"Analysts expect Ford will make the first move , perhaps today , with an initial offer of about 900 pence -LRB- $ 14.25 -RRB- a share .",0.828315850985196,0.10505222261291666,0.9407480833433847,0.8534000109887859,0.8949477773870835
350,Such a proposal values Jaguar at more than # 1.6 billion -LRB- $ 2.53 billion -RRB- .,0.5882352941176476,0.08266257024743665,0.932758268938566,0.9024181883747451,0.9173374297525635
351,Speculation about a takeover fight has sent Jaguar shares soaring in the past six weeks .,0.547180468885216,0.07869907545226959,0.9624378669482337,0.8835364223764919,0.9213009245477303
352,The share price was languishing at about 400 pence before Ford 's Sept. 19 announcement of its interest in a minority stake .,1.5002711924641998,0.2103168905158605,0.970051272249075,0.6658728822843347,0.7896831094841394
353,"Ford is `` in the driving seat at the moment , '' observed Bob Barber , an auto analyst at brokers James Capel & Co .",0.9811451924741128,0.13576717411080466,0.9311862547665218,0.8062616300838298,0.8642328258891954
354,An aggressive Ford bid for Jaguar would put pressure on GM to make a better offer as the British company 's `` white knight . '',0.8703534801188706,0.11768635075555982,0.9469215395150071,0.8259589632056039,0.8823136492444397
355,Such a countermove could end Jaguar 's hopes for remaining independent and British-owned .,0.482491964440249,0.06764963894544367,0.9588037273142102,0.9073174983183624,0.9323503610545567
356,But it is n't clear how long GM would be willing to fight Ford for Jaguar .,0.7502875001272651,0.10928788186314937,0.8965108518070908,0.8849879161189833,0.890712118136851
357,"Because of their longstanding rivalry , GM just `` wants to make sure Ford pays a huge packet for -LRB- Jaguar -RRB- , '' said John Lawson , an auto analyst at London 's Nomura Research Institute .",1.4945786189334562,0.17942192346882302,0.9185910288449249,0.7414643986631347,0.8205780765311774
358,People close to the GM-Jaguar talks agreed that Ford now may be able to shut out General Motors .,0.9473684210526283,0.12550441837180557,0.9126772577603223,0.839380270737629,0.8744955816281941
359,"`` It 's either going to be a shootout , or there only may be one player in town , '' one person said .",1.0203910001730767,0.1283943295436666,0.8650323651600778,0.8782796406404979,0.8716056704563334
360,"Another person close to the talks said , `` It is very hard to justify paying a silly price for Jaguar if an out-and-out bidding war were to start now . ''",1.0738914992687612,0.13010671950680686,0.9348961430223548,0.8133420158024645,0.8698932804931933
361,"In a statement , Jaguar 's board said they `` were not consulted about the -LRB- Ridley decision -RRB- in advance and were surprised at the action taken . ''",0.7203213491478921,0.0930349360016293,0.9461073398428286,0.8709328990007253,0.9069650639983705
362,The statement emphasized that holders representing 75 % of the shares voting at a special shareholders ' meeting must agree to lift the takeover restrictions .,1.0769230769230749,0.1379901116937303,0.977642776208154,0.7708373724833958,0.8620098883062692
363,"Jaguar officials in the U.S. noted that Ford , as Jaguar 's largest shareholder , now has the power to call for such a meeting .",0.5674956731601322,0.0742763869976524,0.970909828085158,0.884556297603752,0.9257236130023474
364,U.S. auto analysts also noted that Ford is in the best position to benefit from the large number of Jaguar shares that have moved over the past month into the hands of arbitragers waiting for the highest takeover bid .,1.3541199259095107,0.17606488415445326,0.8740392607268815,0.7792639488311854,0.8239351158455464
365,"Jaguar 's own defenses against a hostile bid are weakened , analysts add , because fewer than 3 % of its shares are owned by employees and management .",0.9611828614112836,0.12125135225990813,0.9550416406511194,0.8137432051117856,0.8787486477400921
366,Ford officials in the U.S. declined to comment on the British government 's action or on any plans to call a special Jaguar shareholders meeting .,1.0101793271727058,0.14034867788966776,0.9018421044520243,0.8212317264285655,0.8596513221103317
367,"But GM officials said they , too , were surprised by the move , which left them to `` consider all our options and explore matters further . ''",0.7417163794595494,0.08861118216980082,0.9325559202367397,0.8911612884729644,0.9113888178301992
368,"Although GM has U.S. approval to buy up to 15 % of Jaguar 's stock , it has n't yet disclosed how many shares it now owns .",0.8315790183980107,0.10491802683717523,0.9297044880698991,0.8629455828479068,0.8950819731628249
369,"In a prepared statement , GM suggested its plans for Jaguar would be more valuable in the long run than the initial windfalls investors might reap from a hostile Ford bid .",0.8270122952096921,0.11166114785953128,0.9525398149207567,0.8322456857863956,0.8883388521404685
370,"`` Our intensive discussions with Jaguar , at their invitation , '' GM said , `` have as their objectives to create a cooperative business relationship with Jaguar that would provide for the continued independence of this great British car company , to ensure a secure future for its employees and to provide an attractive long-term return for its shareholders . ''",1.0684124987126795,0.13128021462384112,0.9102513763337345,0.8308127035908289,0.8687197853761588
371,"Jaguar was shocked by Mr. Ridley 's decision , because management had believed the government would n't lift the golden share without consulting the company first .",0.8842334437380481,0.11294502907870285,0.9714542087723977,0.8161485740939702,0.8870549709212978
372,"Indeed , the government is taking a calculated risk .",0.20000000000000018,0.03309145580571051,1.0,0.9359370254787319,0.9669085441942895
373,"Mr. Ridley 's announcement set off a howl of protests from members of the opposition Labor Party , who accused the Thatcher administration of backing down on promised protection for a privatized company .",1.3048390581353004,0.16896691916809858,0.9218796911138825,0.7564852604368829,0.8310330808319011
374,The British government retained the single golden share after selling its stake in Jaguar in,0.4503258334775646,0.07387858506597933,0.9999999999999999,0.8624079368126327,0.9261214149340206
375,"The Conservative government 's decision may reflect its desire to shed a politically sensitive issue well before the next election , expected in late 1991 .",1.0140203067923172,0.13413747554147737,0.9264549249145659,0.8127093599917906,0.8658625244585223
376,"`` It 's now a very good time politically to get this over and done with , '' observed Daniel Jones , professor of motor industry management at the University of Cardiff in Wales .",1.6556667686306872,0.20044289654895897,0.914867699413525,0.7100605507486506,0.7995571034510406
377,"The government , already buffeted by high interest rates and a slowing economy , has been badly hurt by last week 's shake-up in Mrs. Thatcher 's cabinet .",1.0696396554708247,0.1377216976856373,0.9349627960113066,0.8000796912827925,0.8622783023143629
378,"At the same time , the government did n't want to appear to favor GM by allowing a minority stake that might preclude a full bid by Ford .",0.7451600163598924,0.09883505446026208,0.9609820509084522,0.8483582027339032,0.9011649455397384
379,Mr. Ridley hinted at this motive in answering questions from members of Parliament after his announcement .,0.8449722339176651,0.137316094493829,0.9185706549491839,0.8132075517340793,0.8626839055061714
380,He said he was giving up the golden share `` to clear the way so the playing field is level between all contestants . '',0.7698044999134588,0.09649675601379441,0.9782836256686526,0.8393434996924373,0.9035032439862056
381,Bradley A. Stertz in Detroit contributed to this article .,1.075488750216346,0.1931425614222114,0.8488535167807805,0.7688208852920502,0.8068574385777884
382,"Dow Chemical Co. , Midland , Mich. , and Eli Lilly & Co. , Indianapolis , said they completed the formation of Dow Elanco , a joint venture combining their plant-sciences businesses as well as Dow 's industrial pest-control business .",1.52266974494807,0.2025873177205067,0.8879152450569295,0.7236528929955467,0.7974126822794931
383,"The companies said Dow Elanco will be the largest research-based agricultural concern in North America , with projected first-year revenue of $ 1.5 billion .",0.8603910001730775,0.1082617600448156,0.9567972177923428,0.8349635405034175,0.8917382399551844
384,"Dow will own 60 % of the venture , with Eli Lilly holding the rest .",0.594360937770432,0.08606892604933447,0.9999999999999998,0.8415037499278842,0.9139310739506651
385,The venture will be based in Indianapolis .,0.0,0.0,1.0,1.0,1.0
386,"William A. Wise , 44 years old , president of the El Paso Natural Gas Co. unit of this energy and natural-resources concern , was named to the additional post of chief executive officer , succeeding Travis H. Petty , 61 , who continues as a vice chairman of the parent .",1.7434058988295753,0.22098538247437322,0.8993937290629158,0.687055816703767,0.7790146175256265
387,"Erwin Tomash , the 67-year-old founder of this maker of data communications products and a former chairman and chief executive , resigned as a director .",1.1011227108881014,0.16058202959564738,0.9087923633902016,0.7798840394272213,0.8394179704043521
388,"Dataproducts is fighting a hostile tender offer by DPC Acquisition Partners , a group led by New York-based Crescott Investments Associates .",0.852494886461975,0.12342775208811327,0.9333607049797542,0.8262978171741123,0.8765722479118866
389,"Under the circumstances , Dataproducts said , Mr. Tomash said he was unable to devote the time required because of other commitments .",0.84825108714465,0.10804305660767817,0.9526807256090079,0.8385103692366324,0.891956943392322
390,Mr. Tomash will remain as a director emeritus .,0.44444444444444464,0.07538827312875093,1.0,0.8597933880952316,0.924611726871249
391,The company had no comment on whether a replacement would be named .,1.1930596157174564,0.20220912397478455,0.836047392642574,0.7628823052381183,0.7977908760252151
392,"Robert Q. Marston , president emeritus , University of Florida , and a director of this maker of medical devices , was named chairman .",0.6887712379549438,0.10252380502956625,0.964736192499412,0.8389834919553503,0.8974761949704336
393,"Dr. Marston , 66 years old , succeeds Alexander T. Daignault , 72 , who did n't stand for re-election due to mandatory board retirement policy .",0.7542417769111252,0.10037244765017969,0.9706981208919695,0.8382540034323415,0.899627552349821
394,SFE Technologies said William P. Kuehn was elected chairman and chief executive officer of this troubled electronics parts maker .,1.275488750216347,0.18303982407351088,0.8939306256073709,0.752193750476023,0.8169601759264892
395,"The 45-year-old Mr. Kuehn , who has a background in crisis management , succeeds Alan D. Rubendall , 45 .",0.9182263988300132,0.13404488949506063,0.9673837599379752,0.783777305907928,0.8659551105049391
396,"Jerome J. Jahn , executive vice president and chief financial officer , said Mr. Rubendall was resigning by `` mutual agreement '' with the board .",0.7832510760230873,0.11005545522297076,0.9762856525075744,0.8176343031286954,0.8899445447770291
397,"`` He is going to pursue other interests , '' Mr. Jahn said .",0.2857142857142865,0.03898409863092139,0.9610159013690787,0.9610159013690787,0.9610159013690788
398,Mr. Rubendall could n't be reached .,0.5714285714285712,0.1133049180745301,0.8866950819254699,0.8866950819254699,0.88669508192547
399,"Mr. Kuehn , the company said , will retain the rest of the current management team .",0.5882352941176485,0.08660710979933368,1.0000000000000002,0.8405916747308467,0.9133928902006667
400,"For the nine months ended July 29 , SFE Technologies reported a net loss of $ 889,000 on sales of $ 23.4 million .",0.931855332358345,0.12307564820692203,0.9665788479332361,0.8024898422652479,0.8769243517930781
401,That compared with an operating loss of $ 1.9 million on sales of $ 27.4 million in the year-earlier period .,0.8337988097298528,0.12738293010155308,1.0000000000000002,0.7740201191620337,0.872617069898447
402,"In national over-the-counter trading , SFE Technologies shares closed yesterday at 31.25 cents a share , up 6.25 cents .",0.6754887502163447,0.09167414027018585,0.9709845466583873,0.8532638191489139,0.9083258597298138
403,Sales of new cars in Europe fell 4.2 % in September from a year earlier and analysts say the market could continue to soften in the months ahead .,0.7022251026413899,0.08936176907031981,0.981089622276689,0.849627077249912,0.9106382309296802
404,"After a stronger-than-expected pace early this year , analysts say the market , after a series of sharp swings in recent months , now shows signs of retreating .",1.0470526888482876,0.14571791900746728,0.9492877092063902,0.7765629163974269,0.8542820809925329
405,"Statistics from 12 countries which normally account for 94 % of non-communist Europe 's passenger car sales showed new car registrations totaled 911,606 in September , down 21 % from August and down 4.2 % for the year to date .",1.205119744737,0.15529857063684271,0.9139292388352014,0.78522280413904,0.8447014293631573
406,Tokyo stocks rebounded Tuesday from two consecutive daily losses in relatively active dealings .,0.4824919644402499,0.07823474320738148,1.0000000000000002,0.8548836536751553,0.921765256792619
407,"London shares also rose , while trading in Frankfurt , West Germany , ended higher .",0.8278195311147831,0.13082224090688388,0.9313132655153455,0.814814814814815,0.8691777590931163
408,"In Tokyo , the Nikkei index of 225 selected issues was up 132.00 points to 35549.44 .",0.750287500127266,0.10105374587929392,0.9659470024203421,0.8406373303002512,0.8989462541207065
409,The index fell 109.85 Monday .,0.0,0.0,1.0,1.0,1.0
410,"Volume on the First Section was estimated at 900 million shares , up from 582 million shares Monday .",0.5660467106401805,0.08327014583375814,0.9256534619868865,0.9079766566394275,0.9167298541662416
411,"Advancing issues outnumbered decliners 542 to 362 , while 208 issues were unchanged .",0.6792696431662097,0.10215002119260033,1.0000000000000002,0.8146349966367245,0.8978499788073999
412,Small-lot buying targeted at incentive-backed issues pushed up the Nikkei .,0.5454545454545459,0.0855828602604144,0.9412693131031604,0.8890545298748629,0.9144171397395857
413,"But other sectors failed to attract investor interest and remained sluggish , making overall trading appear mixed .",1.125814583693912,0.17194916404546548,0.8666203701546099,0.7927681456780472,0.8280508359545344
414,"Individuals and corporations , as well as dealers trading for their own account , actively bought Tuesday .",0.7924812503605771,0.11157112422824597,0.9227461509167776,0.8565726190740136,0.8884288757717539
415,"An official at Wako Securities said these investors feel the need to make quick profits , despite destabilizing external factors , such as political uncertainty tied to the ruling party 's fate at next year 's Lower House elections - an event which could directly affect the stock market .",1.4485891908574198,0.1774329233417935,0.8659026881250197,0.7833623409410087,0.8225670766582065
416,"The Tokyo Stock Price Index of all issues listed in the First Section , which declined 5.16 on Monday , was up 16.05 , or 0.60 % , at 2692.65 on Tuesday .",1.4011766956826532,0.19371822108919787,0.8397380633632465,0.7753892375063127,0.8062817789108024
417,"The Second Section index , which fell 21.44 points Monday , was up 6.84 points , or 0.19 % , to close at 3642.90 .",0.8603910001730766,0.11280382160105394,0.9260480041704151,0.8514731009574821,0.8871961783989459
418,"Second Section volume was estimated at 14 million shares , unchanged from Monday .",0.4285714285714288,0.06210798358303499,1.0000000000000002,0.8830477041072361,0.9378920164169651
419,Institutional investors mostly remained on the sidelines Tuesday .,0.22222222222222232,0.036324900793189584,1.0,0.9298966940476159,0.9636750992068105
420,A fund manager at a life-insurance company said three factors make it difficult to read market direction .,1.1949875002403854,0.16725129417090012,0.930493862851424,0.7535870017523603,0.8327487058291
421,"First , he said , domestic interest rates are likely to stay at higher levels as increased anticipation of inflation followed rising consumer prices reported last week .",1.1383679636045434,0.14145134610918678,0.9531475964238129,0.781032010550654,0.8585486538908131
422,"Second , the dollar is showing persistent strength despite a slowdown in the U.S. economy shown by economic indicators .",0.39999999999999947,0.05639459202947476,1.0,0.8932319562122458,0.9436054079705251
423,"Third , oil prices have n't declined although supply has been increasing .",0.6153846153846159,0.0906911922604952,0.9093088077395048,0.9093088077395047,0.9093088077395047
424,"The topic that attracted participants ' attention was Mitsubishi Estate 's purchase of 51 % of Rockefeller Center Properties , announced late Monday in New York .",1.5524498874405062,0.2107951486791248,0.8794574899264425,0.7157521584632156,0.7892048513208751
425,"Mitsubishi Estate ended the day at 2680 , up 150 .",0.545454545454545,0.08558286026041424,0.9412693131031604,0.8890545298748629,0.9144171397395857
426,"The gains also sparked buying interest in other real-estate companies , traders said .",1.1078410717376386,0.17025717138181043,0.9042906361944436,0.7665500626216637,0.8297428286181898
427,Sumitomo Realty & Development rose 40 to 2170 .,0.8344194449252145,0.16487289753610726,0.8734806581894542,0.7999999999999999,0.8351271024638925
428,Heiwa Real Estate gained 40 to 2210 .,0.8443609377704338,0.1637742533134754,1.0,0.7185463540765221,0.8362257466865246
429,"Investor focus shifted quickly , traders said .",0.75,0.14285714285714285,0.9,0.8181818181818181,0.8571428571428571
430,Many of the morning-session winners turned out to be losers by afternoon .,0.7692307692307692,0.11599389651816205,0.9050010224717211,0.8639632116092572,0.884006103481838
431,"In other stock-market news , the Tokyo Stock Exchange said that for the week ended Friday , the balance of margin buying rose 189.8 billion yen -LRB- $ 1.34 billion -RRB- , to 7.160 trillion yen -LRB- $ 50.46 billion -RRB- .",1.1335628684389736,0.14412948549706955,0.9217516754840923,0.7987787076460404,0.8558705145029308
432,"The balance of short positions outstanding fell 159.7 billion yen , to 779.8 billion yen .",0.672180468885216,0.10218894965202815,0.959386832549365,0.8436627231756523,0.8978110503479717
433,"In London , prices finished at intraday peaks , comforted by a reassuring early performance on Wall Street and news that the British government will waive its `` golden share '' in auto maker Jaguar .",1.4409528605813104,0.1860290688602891,0.8764365310971289,0.7598170626162336,0.8139709311397108
434,"But trading was very sketchy , as investment decision makers remain wary from gyrations and upsets of recent weeks .",1.5132331253245184,0.2183401277565455,0.8713286430748622,0.7087247332534317,0.7816598722434542
435,"`` Volume has been appalling , '' said a dealer at a British brokerage concern .",0.75,0.10714285714285714,0.9615384615384615,0.8333333333333333,0.8928571428571427
436,`` The market was dragged up by the scruff of its neck by Wall Street and by market makers getting caught short .,0.8367440216450666,0.10731736933102969,0.9756222199776444,0.8227398742600756,0.89268263066897
437,No one wants stock on their books . '',0.44444444444444464,0.07538827312875093,0.924611726871249,0.924611726871249,0.924611726871249
438,"Meanwhile , the broad-based Financial Times 100-share index added 30.4 points to end at 2142.6 , while reaching its minimum of 2120.5 a half hour into the session .",0.9225823276608107,0.11657992697667491,0.950804064938618,0.8249550668216742,0.8834200730233253
439,"At the close , the narrower 30-share index was up 19.7 points to 1721.4 .",0.2666666666666666,0.036627783327629226,1.0,0.929332815661081,0.9633722166723707
440,"Volume totaled a modest 334.5 million shares , up from 257.8 million shares Monday .",0.5836591668108966,0.0907695319926376,0.90216957003717,0.9164027631334556,0.9092304680073621
441,The market also moved at early afternoon on news that Jaguar shares were being temporarily suspended at 746 pence -LRB- $ 11.80 -RRB- each .,1.024385618977469,0.1343751423952618,0.8956567251337306,0.8375416217741972,0.8656248576047378
442,"Secretary of State for Trade and Industry Nicholas Ridley said later in the day that the government would abolish its golden share in Jaguar , the luxury auto maker being stalked by General Motors and Ford Motor .",1.4299656954641407,0.19033868753964941,0.8999065600075595,0.7358664811881361,0.8096613124603506
443,The golden share dates from Jaguar 's public offering in 1984 and was designed to protect the company from takeover .,0.6666666666666634,0.08697404795387659,0.9735042410035101,0.8596224894600315,0.9130259520461228
444,The golden share was scheduled to expire at the beginning of,0.5454545454545459,0.0855828602604144,1.0,0.8423282765538795,0.9144171397395857
445,"But although the golden share has been waived , a hostile bidder for Jaguar would still have to alter the British concern 's articles of association which ban shareholdings of more than 15 % .",1.0634080271106718,0.12455794268469342,0.9289751791293711,0.8277425658703849,0.8754420573153063
446,"Jaguar shares closed at 869 pence , up 122 pence , on hefty turnover of 9.7 million shares .",0.8163039475961513,0.11938726383323761,0.9662166999971247,0.8089427800536539,0.880612736166762
447,"As the London trading session drew to a close , the market was still listening to the parliamentary debate on the economy , with new Chancellor of the Exchequer John Major expected to clarify his approach to the British economy and currency issues .",1.5133487841619164,0.1984600717674846,0.8637931799580365,0.7476565966704044,0.8015399282325153
448,"On the Frankfurt Stock Exchange , share prices closed higher in fairly thin trading , as selective buying by foreigners helped propel prices .",1.0943609377704346,0.1444593337964589,0.9510849585547944,0.7774403957788663,0.8555406662035411
449,"The DAX index closed at 1472.76 , up from 1466.29 .",0.18181818181818166,0.03025375536532712,0.9412693131031602,0.9999999999999998,0.9697462446346726
450,"Despite the modest gains , traders said the market remains dull , with investors remaining cautiously on the sidelines .",0.6377443751081726,0.09201833214381627,0.96919702191136,0.8540397504551149,0.9079816678561837
451,"Contributing to the market 's reserved stance was the release later in the day of new data on the health of the U.S. economy , in the form of the U.S. index of leading indicators .",1.191572137562213,0.16987051941497103,0.912902858898904,0.7611184718074017,0.8301294805850284
452,"Additionally , the end of the month position-squaring might have also played a minor role , traders said .",0.7368421052631549,0.10454668257352405,0.9374567427899937,0.8570524637644585,0.8954533174264756
453,"Elsewhere , share prices closed higher in Amsterdam , Brussels , Milan and Paris .",0.21634083318910236,0.03417992675081058,1.0,0.9338994581761084,0.9658200732491895
454,Prices were mixed in Zurich and lower in Stockholm .,-8.881784197001252e-16,-1.519849891676345e-16,1.0,1.0,1.0
455,"Stocks closed higher in Hong Kong , Manila , Singapore , Sydney and Wellington , but were lower in Seoul .",1.3400814023845848,0.20872636822357452,0.9104733771047689,0.6996721192790357,0.7912736317764256
456,Taipei was closed for a holiday .,0.0,0.0,1.0,1.0,1.0
457,"Here are price trends on the world 's major stock markets , as calculated by Morgan Stanley Capital International Perspective , Geneva .",0.8810722828908899,0.11898733142727053,1.0,0.7873303332657009,0.8810126685727299
458,"To make them directly comparable , each index is based on the close of 1969 equaling 100 .",0.7086048612313034,0.09564079757033787,0.8992689608343094,0.909507397896968,0.9043592024296621
459,The percentage change is since year-end .,0.6792696431662097,0.1376310147645185,1.0,0.7580392711198944,0.8623689852354814
460,"French consumer prices rose 0.2 % in September from the previous month and were up 3.4 % from a year earlier , according to definitive figures from the National Statistics Institute .",1.0699634674227365,0.14017865114898945,0.8889368206085975,0.8325526361565314,0.8598213488510108
461,"The state agency 's figures confirm previous estimates and leave the index at 178.9 , up from 178.5 in August and 173.1 a year earlier .",0.7794100964034767,0.10410904794939642,0.9482865195414527,0.848982233036936,0.8958909520506034
462,The index is based on 1980 equaling 100 .,0.22222222222222232,0.036324900793189584,1.0,0.9298966940476159,0.9636750992068105
463,A breakdown showed that food prices were the most active part of growth with a rise of 0.6 % .,1.313233125324519,0.1894826934190939,1.0,0.6814031940650807,0.8105173065809058
464,An official linked the gain essentially to higher prices for beef and pork .,0.9110633930116769,0.1419559087777334,0.8901948845083353,0.8281346994710228,0.858044091222267
465,He said summer drought problems that had hit several southern agricultural regions had stopped being a major source of price pressure in September .,1.269349726946258,0.17701150383520126,0.8888635012968849,0.7662039723989325,0.822988496164799
466,"Japan 's index of leading indicators rose to 63.6 in August , above the so-called boom-or-bust line of 50 for the first time since May , the Economic Planning Agency said .",1.3015231403670207,0.1758506985335748,0.8977203243796333,0.7617236376209823,0.8241493014664255
467,"The leading index recovered from July 's revised level of 36.6 on strong performances in consumer durables and machinery orders , among other factors , according to an agency spokeswoman .",1.1044784179847573,0.14956592039293065,0.9037699952365555,0.8030425842632368,0.8504340796070693
468,The index is intended to measure future economic performance .,0.1999999999999984,0.03309145580571021,1.0,0.9359370254787319,0.9669085441942895
469,A figure above 50 indicates the economy is likely to expand ; one below 50 indicates a contraction may be ahead .,0.8988380686735145,0.1264022470003021,0.9100403207456971,0.8399614921823699,0.8735977529996976
470,"Metromedia Co. said its Metromedia Long Distance unit has been renamed Metromedia-ITT Long Distance , reflecting acquisitions from ITT Corp. , which licenses its name to closely held Metromedia .",1.6521174269779069,0.22042936180896017,0.8839190092138912,0.6972579687462664,0.7795706381910401
471,"Metromedia said its unit is the fifth-largest provider of long-distance communications service in the U.S. , with projected 1989 revenue of more than $ 550 million .",1.0821955906990262,0.141817164577461,0.9170191572779915,0.8064412378239053,0.8581828354225395
472,"Metromedia , headed by John W. Kluge , has interests in telecommunications , robotic painting , computer software , restaurants and entertainment .",0.6458588248814499,0.09740818998924877,0.9999999999999998,0.8224759193929414,0.9025918100107511
473,"South Korean consumer prices rose 5 % in the first 10 months of this year , matching the government 's target for the entire year , according to the Bank of Korea and the Economic Planning Board .",1.3124816573928193,0.17054608428082008,0.9133248220164952,0.7596912305531914,0.8294539157191798
474,"According to reports released by the two government agencies , domestic consumer and wholesale prices each rose by 0.2 % in October from the previous month .",0.8101593696639737,0.10781380905857954,0.9416375566999236,0.8476696751645226,0.8921861909414208
475,"As a result , consumer prices for the first 10 months of 1989 surged by 5 % and wholesale prices by 1.3 % .",1.1504016864348685,0.16149881122614587,0.9728535918892757,0.7367544043135452,0.8385011887738544
476,The South Korean government had been projecting a 5 % consumer price increase for the entire year .,1.1677527782585475,0.17357506643305406,0.9999999999999999,0.7041943521165364,0.8264249335669457
477,Martin Marietta Corp. said it won a $ 38.2 million contract from the U.S. Postal Service to manufacture and install automated mail-sorting machines .,1.0943609377704329,0.14134956395475176,0.9219352803093039,0.8034956967468413,0.8586504360452479
478,"Under terms of the three-year contract , Martin Marietta said it will make and install 267 of the new machines at 156 postal offices .",0.7803910001730774,0.0991939902466445,0.9779216866138031,0.8349635405034175,0.9008060097533553
479,"The new machines are capable of sorting by zip code up to 10,000 large flat mail pieces , including magazines and parcels , an hour .",1.3076923076923048,0.1762451679160345,0.9085260001467618,0.7534529510879663,0.8237548320839649
480,"Thomas A. Donovan , 37 years old , formerly vice president , West Coast operations , at this hazardous-waste-site remediation concern , was named executive vice president and chief operating officer , both newly created posts , and a director , filling a vacancy .",1.5147732674751255,0.19967839248113026,0.9146024570580016,0.7114277236106222,0.8003216075188702
481,"Canonie said it anticipates naming Mr. Donovan to succeed Richard F. Brissette , 55 , as president and chief executive officer , effective March 1 .",1.0344844981630663,0.13828106903410442,0.9410993565919931,0.7946880924308505,0.8617189309658955
482,Mr. Brissette will remain a Canonie board member and will be a consultant to the company .,0.7502875001272624,0.11733047685510829,1.0,0.7899807097621605,0.8826695231448917
483,Yields on savings-type certificates of deposit dropped slightly in the week ended yesterday .,1.1078410717376403,0.17807644451083718,0.8564359542916655,0.790084949543377,0.8219235554891634
484,"The average yield on a six-month CD of $ 50,000 or less was 7.90 % , compared with 7.94 % a week earlier .",0.9947626242053005,0.13248494273025804,0.9513173506869504,0.7972818704229371,0.8675150572697418
485,"The average one-year savings-type CD was down to 7.99 % from 8.01 % , according to Banxquote Money Markets , a New York information service that tracks CD yields .",1.379469266175139,0.17759169224260948,0.8927651537850028,0.7623307114695127,0.8224083077573907
486,"`` This week was uneventful for the CD market , '' said Norberto Mehl , chairman of Banxquote .",1.1976256580086018,0.16409811167563057,0.9666420569850136,0.7363140224839326,0.835901888324369
487,`` The major banks have n't even reacted to sharp rises in the three-month Treasury bill rates '' in the past two weeks .,0.8962406251802895,0.12045676608660509,0.920795569274161,0.8418286749243012,0.8795432339133951
488,"Banks that adjusted payouts on CDs in the most recent week made only fractional moves , he said .",0.9215671054908894,0.13273883565311487,0.8943818333818834,0.841736867946745,0.867261164346885
489,The CD trend runs counter to the direction of short-term interest rates at the Treasury bill auction Monday .,1.567075658464069,0.24885275260170447,0.7960921392148069,0.7110060520323928,0.7511472473982954
490,"The average six-month bill was sold with a yield of 8.04 % , up from 7.90 % .",0.7086048612313034,0.10174411326920417,0.9999999999999998,0.81530354999166,0.8982558867307956
491,The average three-month issue rose to 8.05 % from 7.77 % .,0.5629072918469555,0.09475993721230204,0.9416308273977262,0.8715573932948418,0.905240062787698
492,"Typically , banks offer CD yields higher than those on Treasury bills , which are considered the safest short-term investments ; banks need a competitive edge to sell their products .",1.0736842746820745,0.13401265830964645,0.8920081937060228,0.8414415731543995,0.8659873416903535
493,"But when market interest rates move up rapidly , increases in bank CD yields sometimes lag .",0.6326404413037334,0.09714549227315773,1.0000000000000002,0.8229122883750203,0.9028545077268425
494,"Most yields on short-term jumbo CDs , those with denominations over $ 90,000 , also moved in the opposite direction of Treasury bill yields .",0.4145811190640103,0.05700173752073046,1.0,0.892144477161538,0.9429982624792694
495,"The average six-month yield on a jumbo CD was at 7.90 % , down from 7.93 % , Banxquote said .",0.6073755953411171,0.08968882708840618,0.9700279747826821,0.8575205463541579,0.9103111729115938
496,"For longer-term CDs , yields were up .",0.25,0.043478260869565216,1.0,0.9166666666666666,0.9565217391304348
497,"The average two-year and five-year jumbos were up 0.02 of a percentage point to 7.91 % and 7.96 % , respectively .",0.9777170456512234,0.13220089376734742,0.9463790586693248,0.8012680432794466,0.8677991062326523
498,"However , CDs sold through major broker-dealer networks were up slightly almost across the board .",0.922180468885216,0.1350622207694249,0.9219437756104277,0.8145709051351123,0.8649377792305748
499,"The average six-month CD in that category added 0.05 percentage point to 8.35 % , for example .",1.083876389129272,0.15912379763601944,0.9999999999999999,0.7254412376649578,0.8408762023639802
500,Mr. Mehl attributed the rise specifically to the Treasury bill increase .,0.6258145836939111,0.10647734120445321,0.9999999999999998,0.8075381442722583,0.8935226587955465
501,"Among the major banks surveyed by Banxquote in six regions of the country , 8.33 % is the highest yield available .",0.8868079547421317,0.12255234732771592,0.936259614053133,0.8255876470840698,0.8774476526722836
502,It is offered by the flagship banks of New York 's Manufacturers Hanover Corp. in the one-year maturity only .,0.6377443751081744,0.08611055180739097,0.971298872837183,0.8628877526313706,0.9138894481926092
503,The yield is offered across a range of maturities at San Francisco 's BankAmerica Corp. and Wells Fargo & Co .,1.3526843788841285,0.19716931153906875,0.9353088855952898,0.7032250986091118,0.8028306884609311
504,"Just two weeks ago , BankAmerica 's yields in many of those maturities was 8.61 % .",0.5149933824802053,0.06936275813450865,1.0,0.8702727253088353,0.9306372418654916
505,"Still , on average , the major California banks have the highest yields on CDs , according to Banxquote .",0.5754887502163477,0.08567148184511254,0.8659250295847213,0.9684637155259123,0.9143285181548876
506,The average yield there on six-month issues is 8.32 % .,0.3636363636363642,0.055472735062568695,1.0,0.8948855177025863,0.9445272649374314
507,I had to reach back to French 101 when the monsieur avec clipboard leaned over my shoulder during the coffee phase of dinner and asked whether I wanted to ride in a montgolfiere .,1.2604339109492182,0.16076758377474035,0.9142567010266767,0.7755873925045614,0.8392324162252598
508,"I was a last-minute -LRB- read interloping -RRB- attendee at a French journalism convention and so far the festivities had been taken up entirely by eating , drinking , smoking , sleeping and drinking .",1.2075617858997258,0.14789975666437347,0.9275502255617951,0.7880016043569018,0.8521002433356267
509,The man with the clipboard represented a halfhearted attempt to introduce a bit of les sportif into our itinerary .,0.980482023721839,0.1444458713805505,0.9667077459352037,0.7673257724989055,0.8555541286194491
510,"But as the French embody a Zen-like state of blase when it comes to athletics -LRB- try finding a Nautilus machine in Paris -RRB- , my fellow conventioners were having none of it .",1.0444051471860858,0.12462722012631233,0.8815607359438005,0.8692710887582182,0.8753727798736877
511,"The diners at my table simply lit more Gauloises and scoffed at the suggestion of interrupting a perfectly good Saturday morning to go golfing or even montgolfing -LRB- ballooning to you ; the brothers Montgolfier , French of course , were the world 's first hot-air balloonists -RRB- .",1.8570146624426744,0.21913110273407224,0.8056144107507206,0.7575982633357807,0.7808688972659279
512,Back in the U.S.A. this kind of chi-chi airborne activity wins heartwarmingly covetous responses .,0.7169925001442303,0.10497506451307814,0.9999999999999998,0.8099955955850695,0.8950249354869214
513,As in : `` You went ballooning ? ? ! !,1.3413534092875894,0.2404932399324342,0.8305079401435885,0.6996894215281875,0.759506760067566
514,In France ? ? ! ! '',1.1428571428571432,0.2930084280109053,0.8283480523167006,0.6166497805700455,0.7069915719890949
515,Americans it seems have followed Malcolm Forbes 's hot-air lead and taken to ballooning in a heady way .,0.25025723695596724,0.03286795608608371,1.0000000000000002,0.9363559380607892,0.9671320439139157
516,"During the past 25 years , the number of balloonists -LRB- those who have passed a Federal Aviation Authority lighter-than-air test -RRB- have swelled from a couple hundred to several thousand , with some estimates running as high as 10,000 .",1.5364321575534374,0.18592321806518475,0.887339565453593,0.7519891437915642,0.8140767819348155
517,"Some 30 balloon shows are held annually in the U.S. , including the world 's largest convocation of ersatz Phineas Foggs -- the nine-day Albuquerque International Balloon Fiesta that attracts some 800,000 enthusiasts and more than 500 balloons , some of which are fetchingly shaped to resemble Carmen Miranda , Garfield or a 12-story-high condom .",1.7790295161685794,0.19835127762484794,0.8856245752736324,0.7322189518939863,0.8016487223751525
518,-LRB- The condom balloon was denied official entry status this year . -RRB-,1.0468954211105226,0.1647620482851088,1.0,0.7170889135206802,0.8352379517148909
519,"But in Epinal , a gray 16th-century river town adjacent to France 's Vosges mountain region , none of these Yankee-come-lately enthusiasms for things aloft was evident .",1.5529979805487164,0.19971688069605426,0.908686146942654,0.7149876356150106,0.8002831193039458
520,Ballooning at the de rigueur hour of 6 a.m. held all the attraction for most people of sunrise root-canal work .,1.1554601193566834,0.17305613420131583,0.895643391830866,0.7680326107012955,0.826943865798684
521,"Feeling the naggings of a culture imperative , I promptly signed up .",0.3076923076923084,0.04534559613024766,1.0,0.9132428618858452,0.9546544038697523
522,"The first thing anybody will tell you about ballooning is that it requires zip in the way of athletic prowess , or even a measure of derring-do .",1.6114076956701355,0.22107340684792662,0.9007848183983299,0.6861096392515759,0.7789265931520738
523,-LRB- So long as you do n't look down . -RRB-,0.909090909090911,0.15126877682663603,0.9334525592955639,0.7781090597497254,0.8487312231733644
524,"They will also tell you that even if you hate heights , you can still balloon .",1.1764705882352953,0.18696177805132827,0.8787557142740484,0.7564661215038883,0.8130382219486719
525,-LRB- I still say do n't look down .,0.972765278018163,0.18124649188249334,0.9081491772631821,0.745380348016457,0.8187535081175065
526,At least not when you are ascending . -RRB-,0.22222222222222232,0.036324900793189584,0.9298966940476159,1.0,0.9636750992068105
527,What they wo n't tell you is not to go aloft in anything you do n't want to get wet .,0.8571428571428559,0.1290713201828993,0.8740009868956202,0.8678778967568125,0.8709286798171008
528,I 'm not referring to the traditional champagne drenching during the back-on-terra-firma toast .,0.6253491072973905,0.09328491767259703,0.9551046883087149,0.8629922771049006,0.9067150823274032
529,I 'm talking about landing in a canal .,0.2222222222222232,0.03917064001854877,1.0,0.9246117268712492,0.9608293599814515
530,In a porous wicker basket .,0.3333333333333339,0.06891905627081008,1.0000000000000002,0.8710490642551529,0.9310809437291903
531,With a pilot who speaks no English .,0.25,0.043478260869565216,0.9999999999999999,0.9166666666666666,0.9565217391304347
532,"To wit , my maiden voyage -LRB- and novitiates are referred to as virgins -RRB- began at dawn on a dew-sodden fairway and ended at noon in a soggy field .",0.9393359831859271,0.12604650462021835,0.9037213002954271,0.8460842069107648,0.8739534953797815
533,"-LRB- Balloon flights almost always occur at dawn or dusk , when the winds are lightest . -RRB-",0.8197159723424141,0.1123219893405531,0.9066928626800109,0.8694443222645545,0.8876780106594468
534,In between came lots of coffee drinking while watching the balloons inflate and lots of standing around deciding who would fly in what balloon and in what order -LRB- the baskets hold no more than four passengers -RRB- .,1.8748568071477871,0.23614927514178433,0.8002940910686341,0.7305818763634631,0.7638507248582159
535,"When it was n't my turn in the balloon I followed its progress from the `` chase car , '' listening to the driver holler into a walkie-talkie .",0.926025964561151,0.12439171696427077,0.8865106904447679,0.8649707758997013,0.8756082830357289
536,After long stretches of this attendant ground activity came 20 or so lovely minutes of drifting above the Vosges watching the silver mists rise off the river and the French cows amble about the fields .,1.6869182209222355,0.22619077820902345,0.8418830323193737,0.7159206056842253,0.7738092217909761
537,"It 's hard not to feel that God 's in his heaven with this kind of bird's-eye view of the world , even if your pilote in silly plaid beret kept pointing out how `` belle '' it all was .",1.7325746936501778,0.20723735633833723,0.8336115786190958,0.7557300856846654,0.7927626436616629
538,Eventually little French farmers and their little French farmwives came out of their stone houses and put their hands above their tiny eyes and squinted at us .,1.427648873251325,0.1962134893498344,0.9237870624671203,0.7113780326216141,0.8037865106501657
539,No wonder .,4.440892098500626e-16,1.4009454786722165e-16,1.0,1.0,1.0
540,We were coming down straight into their canal .,0.0,0.0,1.0,1.0,1.0
541,"See , the other rule of thumb about ballooning is that you ca n't steer .",0.9693609377704329,0.13787664665906313,0.9237953352204199,0.8081704165945509,0.8621233533409366
542,And neither can your pilot .,0.0,0.0,1.0,1.0,1.0
543,"You can go only up or down -LRB- by heating the balloon 's air with a propane burner , which does make the top of your head feel hot -RRB- and ride the air currents .",1.2991916648101949,0.16797228422989388,0.8336206516818653,0.830440856016247,0.8320277157701065
544,Which makes the chase car necessary .,0.2857142857142856,0.05361503543831442,1.0,0.8982265179691366,0.9463849645616855
545,"Most balloonists seldom go higher than 2,000 feet and most average a leisurely 5-10 miles an hour .",0.8197159723424159,0.10900284077560697,0.937795241786674,0.8486477367887778,0.8909971592243932
546,When the balloon is cruising along at a steady altitude there is little sense of motion .,0.5882352941176476,0.08851614809541226,0.9626076443897346,0.8655165378771317,0.9114838519045879
547,"Only when one is ascending -- or in our case descending a tad trop rapidement -- does one feel , well , airborne in a picnic basket .",1.2542648385272743,0.16102993864881254,0.8550438156324098,0.8234894889448722,0.8389700613511873
548,"`` What 's he doing ? '' hissed my companion , who was the only other English-speaking member of the convention and whose knuckles were white .",0.9825675930733668,0.1238330549786135,0.8680630898141203,0.8844235341410939,0.8761669450213869
549,"`` Attention , '' yelled our pilot as our basket plunged into the canal .",0.7673183336217955,0.11781100479630809,0.9006261358019673,0.8644915820260831,0.8821889952036918
550,"`` You bet attention , '' I yelled back , leaping atop the propane tanks , `` I 'm wearing alligator loafers ! ''",1.0110276044371007,0.1320069393843079,0.9300490895175695,0.8137002226329495,0.867993060615692
551,"Our pilot simply laughed , fired up the burner and with another blast of flame lifted us , oh , a good 12-inches above the water level .",1.260150446969437,0.16807795595267108,0.9017904816697389,0.7721015738317386,0.8319220440473288
552,We scuttled along for a few feet before he plunged us into the drink again .,0.9693609377704329,0.14843278407113378,0.9175091474548338,0.7944683034941619,0.8515672159288662
553,Eventually we came to rest in a soggy patch of field where we had the exquisite pleasure of scrambling out of the basket into the mud while the French half of our ballooning tag team scrambled in .,1.5634186719530803,0.221940478198428,0.8551768971112821,0.7137001130493851,0.7780595218015721
554,I looked at my watch .,0.0,0.0,1.0,1.0,1.0
555,Barely half-an-hour aloft .,0.5,0.14285714285714285,1.0,0.75,0.8571428571428571
556,"Back in the chase car , we drove around some more , got stuck in a ditch , enlisted the aid of a local farmer to get out the trailer hitch and pull us out of the ditch .",1.2799012041254771,0.1677198753499669,0.9149690222390043,0.7632982375474985,0.832280124650033
557,"We finally rendezvoused with our balloon , which had come to rest on a dirt road amid a clutch of Epinalers who watched us disassemble our craft -- another half-an-hour of non-flight activity -- that included the precision routine of yanking the balloon to the ground , punching all the air out of it , rolling it up and cramming it and the basket into the trailer .",1.6168648114647004,0.20499913973757217,0.8224271865403506,0.7693447293458412,0.7950008602624278
558,It was the most exercise we 'd had all morning and it was followed by our driving immediately to the nearest watering hole .,0.8443609377704346,0.11626061430385727,0.919368154500694,0.8507690739725517,0.8837393856961426
559,"This meant returning to the golf course , where we watched a few French duffers maul the first tee while we sat under Cinzano umbrellas , me nursing an espresso and my ego .",1.0436453957460028,0.1292847304256757,0.9372498785783857,0.8130009885392384,0.8707152695743247
560,A whole morning of ballooning and I had been off the ground barely 30 minutes .,0.5471804688852169,0.07596753833988251,0.963797702465022,0.8874185416306087,0.9240324616601173
561,"Still , I figured the event 's envy-quotient back in the U.S.A. was near peerless .",0.844360937770432,0.12227122358431229,0.9603883722013242,0.8081704165945509,0.8777287764156874
562,"As for the ride back to camp , our pilot and all the other French-speaking passengers clambered into the chase car .",0.9211210230222902,0.1312133505079509,0.884565394726058,0.8535609567856455,0.868786649492049
563,My American companion and I were left to ride alfresco in the wicker basket .,0.31699250014423175,0.04228377151962509,1.0,0.9188632257835574,0.957716228480375
564,"As we streaked by a blase gendarme , I could n't resist rearing up on my soggy loafers and saluting .",0.6073755953411153,0.07790555265796666,0.9496752660515421,0.8960704397336244,0.9220944473420332
565,Ms. de Vries is a free-lance writer .,0.34436093777043375,0.06679306553735245,1.0,0.8747778408107513,0.9332069344626476
566,"Treasury Undersecretary David Mulford defended the Treasury 's efforts this fall to drive down the value of the dollar , saying it helped minimize damage from the 190-point drop in the stock market Oct. 13 .",1.3837855969662156,0.17107296057836544,0.952640818257626,0.7336520280981482,0.8289270394216348
567,"Testifying before a House subcommittee , Mr. Mulford said that if the Treasury had n't intervened in foreign-exchange markets in September and early October to reduce the dollar 's value , the plunge in the stock market might have provoked a steep fall in the currency that might have `` unhinged financial markets . ''",1.6378353454049837,0.19782949643537925,0.8548129131171841,0.7556357738377631,0.8021705035646206
568,"Mr. Mulford , responding to critics of intervention , also said intervention is `` highly visible , '' is taken seriously by financial markets and works better than `` was recognized some time ago . ''",1.3899750004807698,0.1678063552360313,0.8551352450166478,0.8104508394117338,0.8321936447639684
569,Differences between the Treasury and the Federal Reserve on the usefulness of intervention to help restrain the dollar resurfaced at the hearing .,1.0106570651233282,0.15281809983686662,0.9247228983470825,0.7816389524331089,0.8471819001631334
570,"Fed Vice Chairman Manuel Johnson , who had dissented from the Treasury 's policy , told lawmakers , `` I became convinced about what looked to me like an attempt to push the dollar down against the fundamentals in the market . ''",1.1621899639776068,0.14260171701582994,0.9058783866435286,0.8138436250031464,0.8573982829841701
571,"Intervention , he added , is useful only to smooth disorderly markets , not to fundamentally influence the dollar 's value .",0.614080682014861,0.08178055583894463,0.9743072043981232,0.8682377635466194,0.9182194441610553
572,"Rep. John LaFalce -LRB- D. , N.Y . -RRB- said Mr. Johnson refused to testify jointly with Mr. Mulford and instead asked to appear after the Treasury official had completed his testimony .",1.1137844697625292,0.15097753576536127,0.9125782935226189,0.793742840730455,0.8490224642346388
573,A Fed spokesman denied Mr. LaFalce 's statement .,0.972765278018163,0.18124649188249334,0.9081491772631822,0.7453803480164573,0.8187535081175066
574,"Mr. Mulford said reports of tension between the Treasury and Fed have been exaggerated , insisting that they involved `` nuances . ''",0.9023864131375428,0.11321117635642851,0.9312612711723266,0.8463703481182245,0.8867888236435713
575,"Mr. Johnson also said that `` in the scheme of things , these things are minor . ''",0.5974937501201918,0.07945254003366638,0.9688976208933371,0.8767935008761801,0.9205474599663337
576,"On other matters , Mr. Mulford said West Germany is contributing to imbalances in the world economy because of its success as an exporter .",1.1843856189774709,0.15536335463188342,0.9526553060166895,0.758619148913279,0.8446366453681166
577,"`` The solution is stronger domestic growth -LCB- in Germany -RCB- , '' he said .",0.25,0.03225806451612903,0.9677419354838709,0.9677419354838709,0.9677419354838709
578,"But because the growth of the German economy has been stronger than expected , Mr. Mulford said , it 's difficult for the U.S. to argue that Germany ought to adopt more stimulative monetary and fiscal policies .",1.1572149592378196,0.13578612048812222,0.9363669387757884,0.8023849862957614,0.8642138795118778
579,"Germany 's trade surplus is largely with other European countries rather than with the U.S. , Mr. Mulford acknowledged .",0.8377443751081746,0.11311527506905357,0.9704507768252828,0.8165694767029804,0.8868847249309465
580,"But nonetheless U.S. companies might be more successful in European markets if not for the German export push , he said .",0.9777170456512279,0.12600537629234407,0.9031450269894185,0.8466671318848554,0.8739946237076562
581,"Five officials of this investment banking firm were elected directors : E. Garrett Bewkes III , a 38-year-old managing director in the mergers and acquisitions department ; Michael R. Dabney , 44 , a managing director who directs the principal activities group which provides funding for leveraged acquisitions ; Richard Harriton , 53 , a general partner who heads the correspondent clearing services ; Michael Minikes , 46 , a general partner who is treasurer ; and William J. Montgoris , 42 , a general partner who is also senior vice president of finance and chief financial officer .",1.6012366741506394,0.20092251208622036,0.8567340182682551,0.7486919764855694,0.7990774879137801
582,The board increased by one to 26 members .,0.44444444444444464,0.07538827312875093,0.924611726871249,0.924611726871249,0.924611726871249
583,"In the past year , one inside director resigned , while three others retired .",0.8503258334775641,0.12697516267925493,0.9563780440757365,0.8030361554288644,0.873024837320745
584,"Some U.S. allies are complaining that President Bush is pushing conventional-arms talks too quickly , creating a risk that negotiators will make errors that could affect the security of Western Europe for years .",1.735109366461499,0.22098853232452056,0.836897141989613,0.7286153231774042,0.7790114676754792
585,"Concerns about the pace of the Vienna talks -- which are aimed at the destruction of some 100,000 weapons , as well as major reductions and realignments of troops in central Europe -- also are being registered at the Pentagon .",1.321092610643424,0.16904026681768544,0.8933094853115288,0.7767457085975437,0.8309597331823142
586,Mr. Bush has called for an agreement by next September at the latest .,0.5364125003090674,0.08774496969179053,0.9340828674530142,0.8914240529582133,0.9122550303082095
587,But some American defense officials believe the North Atlantic Treaty Organization should take more time to examine the long-term implications of the options being considered .,0.8461538461538431,0.10950008266200235,0.9371441739343737,0.8482787391310562,0.8904999173379972
588,"For one thing , Pentagon officials , who asked not to be identified , worry that the U.S. will have a much tougher time persuading Europeans to keep some short-range nuclear weapons on their soil once Soviet armored forces are thinned out .",1.215457267592801,0.14073301901628413,0.869248961142597,0.8495116532848699,0.8592669809837162
589,"At the same time , they contend that a reduction of NATO forces under a treaty will increase the possibility of a conventional Soviet attack unless the West retains a residual force of nuclear weapons in Europe .",1.0751250782177175,0.1498455966809932,0.9507774933149485,0.7687913487482829,0.8501544033190067
590,"Allies concerned about the deadline include the British , French and smaller NATO allies , some of whom do n't have adequate staffs to provide quick answers to the questions being raised by what generally are considered the most complex arms-control talks ever attempted .",1.2919770108315038,0.1541704893924687,0.881157802836732,0.813224856496904,0.8458295106075316
591,"So far , no ally has complained openly , preserving the impression that NATO is in line with the Bush position that a quick agreement bringing Soviet conventional forces down to parity with NATO is the West 's top bargaining priority .",1.2584464993398452,0.16295526555945478,0.9265893837409914,0.7632819484723222,0.8370447344405457
592,"But even though NATO negotiators have only 10 months left under the Bush timetable , they are still wrestling over such seemingly fundamental questions as `` What is a tank ? ''",1.1568609377704346,0.13866015286832373,0.8896309328004245,0.8347926689239374,0.8613398471316764
593,Five of the six categories of weapons under negotiation have n't even been defined .,0.7673183336217946,0.11781100479630796,0.9399132094021603,0.8311447327111338,0.8821889952036918
594,Tanks currently are defined as armored vehicles weighing 25 tons or more that carry large guns .,0.5882352941176467,0.08266257024743652,0.965209445929127,0.873989689300177,0.9173374297525636
595,"The Soviets complicated the issue by offering to include light tanks , which are as light as 10 tons .",0.3999999999999977,0.04972739325057477,0.9745023372227652,0.9272185265987279,0.9502726067494248
596,"Oleg A. Grinevsky , the chief Soviet negotiator in the conventional-arms talks , argued that this would mean the Soviets would have to destroy some 1,800 tanks , while the U.S. would lose none because it has no light tanks in Europe .",1.3339765209058134,0.1671071818244932,0.8987739949652204,0.7760103584036095,0.8328928181755072
597,But the issue is stickier than it seems .,0.22222222222222232,0.036324900793189584,1.0,0.9298966940476159,0.9636750992068105
598,"France , Britain and Italy all have light tanks they would like to keep out of the talks .",0.736842105263154,0.1015143986832996,0.9117072315141824,0.8856419710115666,0.8984856013166996
599,"And some U.S. Army analysts worry that the proposed Soviet redefinition is aimed at blocking the U.S. from developing lighter , more transportable , high-technology tanks .",0.7785018521723686,0.10267220889521361,0.9061804591553254,0.8886464168124365,0.8973277911047867
600,Defining combat aircraft is even tougher .,0.2857142857142865,0.053615035438314584,1.0,0.8982265179691366,0.9463849645616855
601,"The Soviets insisted that aircraft be brought into the talks , then argued for exempting some 4,000 Russian planes because they are `` solely defensive . ''",1.343135648388536,0.16750478532465438,0.8373106860408903,0.8277348152589824,0.8324952146753458
602,NATO has n't budged from its insistence that any gun-carrying plane has offensive capability .,0.983659166810896,0.14986910296433847,0.8746041447001834,0.8269899926295401,0.850130897035661
603,"The dispute over that issue , according to one U.S. official , is a `` potential treaty stopper , '' and only President Bush and Soviet leader Mikhail Gorbachev may be able to resolve it .",1.3927490413171553,0.169053796269968,0.8882043192446463,0.7806233014438938,0.8309462037300319
604,Accounting problems raise more knotty issues .,0.2857142857142856,0.05361503543831442,1.0,0.8982265179691366,0.9463849645616855
605,"Greece and Turkey , for example , are suspected of overstating their arsenals in hopes that they can emerge from the arms-reduction treaty with large remaining forces to deter each other .",1.1804511722130435,0.14628465573542823,0.896285242873473,0.8150058841567818,0.853715344264572
606,Other nations are n't sure how many weapons they have in their own arsenals .,0.9836591668108978,0.14986910296433878,0.9543883758159454,0.7664083721012351,0.850130897035661
607,"`` It 's just going to be sloppy , both on our side and theirs -LCB- the Warsaw Pact 's -RCB- , '' says one NATO analyst .",0.9824919644402472,0.11381686353788398,0.8935771737619953,0.8789104610590897,0.8861831364621162
608,"So far , neither the Bush administration nor arms-control experts in Congress seem moved by arguments that these problems may take more time to thrash out than President Bush has allowed .",1.2582707033278258,0.153549723086785,0.8914792305596965,0.8057514651719337,0.8464502769132151
609,They argue that the bigger danger would be that the West would delay action so long that the Soviets might back away from the current conciliatory attitude .,1.1078410717376386,0.14482101502896097,0.9385160150435533,0.7854350260637004,0.855178984971039
610,"`` So what if you miss 50 tanks somewhere ? '' asks Rep. Norman Dicks -LRB- D. , Wash. -RRB- , a member of the House group that visited the talks in Vienna .",1.3060697634284324,0.15943603559185096,0.874788301810149,0.8089167204811551,0.8405639644081488
611,"`` The bottom line is that if we can get that -LCB- Warsaw Pact -RCB- superiority brought down to parity , we ought to keep pressing ahead as quickly as possible .",1.484680468885216,0.18632712824037828,0.8073403054357084,0.820105565446327,0.8136728717596216
612,I worry more about things becoming so unraveled on the other side that they might become unable to negotiate .,0.9132331253245178,0.1212692651735041,0.9073769386561276,0.8518379171186415,0.8787307348264954
613,"International Lease Finance Corp. announced a leasing contract with charter carrier American Trans Air Inc. , in a transaction involving six Boeing Co. 757-200s .",1.3353631194101645,0.208925771275289,0.8783324199336648,0.7195866795356669,0.7910742287247107
614,"The value of the jets , including spares , is in excess of $ 250 million .",0.6326404413037352,0.08946090885619998,1.0000000000000002,0.8357703188265422,0.9105390911438005
615,"Two of the 757-200s are new aircraft to be delivered to American Trans Air , the main subsidiary of Amtran Inc. , in December 1991 and January 1992 .",1.238487826237714,0.16189620464766025,0.9139316633816051,0.7738946395201023,0.8381037953523403
616,Four of the planes were purchased by International Lease from Singapore Airlines in a previously announced transaction .,0.5555555555555562,0.07898424675974555,0.9668345735606343,0.8793431971959573,0.9210157532402546
617,"Delivery of the first aircraft is set for early November , a second for December and two for April 1990 .",0.9930834748701578,0.14832363963887532,0.8711640350998361,0.8330414756918121,0.8516763603611246
618,"Norway 's unemployment rate for October was 3.6 % , unchanged from September but up from 2.6 % in the same month last year .",0.8407820003461524,0.11999291484921983,0.9506640950362619,0.819126458073601,0.8800070851507799
619,"The figure excludes a record number employed by extraordinary government work programs , the Labor Directorate announced Tuesday .",1.0062850251980882,0.14236154097226333,0.9664380016549322,0.7708570100559102,0.8576384590277362
620,"Including those in the state programs , there were 143,800 Norwegians , or about 6.5 % of the work force , without permanent employment in October , up from September 's 136,800 .",1.0345141056793246,0.13398808934255152,0.9206432987653895,0.8175010311749679,0.8660119106574488
621,"The number of people registered as jobless at the end of October declined by 900 from September to 78,600 .",0.7132331253245194,0.1092136413762788,0.924440184899534,0.8594967680278977,0.890786358623721
622,"Those employed in state-funded special programs increased by 7,400 to 65,200 in the same period , the Directorate said .",0.4754887502163463,0.06519904834167004,1.0,0.8775833522510674,0.9348009516583298
623,"In October 1988 , there were 40,800 fewer employed by government programs .",0.6153846153846159,0.0906911922604952,0.9093088077395047,0.9093088077395047,0.9093088077395047
624,"Coca-Cola Co. , aiming to boost soft-drink volume in Singapore , said it is discussing a joint venture with Fraser & Neave Ltd. , its bottling franchisee in that country .",1.0525545317126026,0.13623228912545457,0.9387011594428087,0.799913248106402,0.8637677108745452
625,The venture would be the latest in Coke 's rapid expansion of overseas investment .,0.7169925001442312,0.1010305549954095,1.0,0.8164800158596314,0.8989694450045906
626,"So far this year , it has put nearly $ 700 million into bottling operations in Australia , New Zealand and France .",0.7284733696592793,0.09139247435775393,0.9765497775637783,0.8495043064100172,0.9086075256422457
627,The move also reflects Coke 's eagerness to have a hand in developing the soft-drink markets in Pacific Basin countries .,0.8697458336423995,0.1184381451620884,0.9610500395507389,0.8142180995397985,0.8815618548379115
628,"Aside from Europe , the Pacific division is where Coke will be focusing much of its attention for years to come .",0.7049897729239518,0.08777202697510231,0.9757862567473544,0.8564431566608555,0.9122279730248977
629,"That 's because when Coke looks to the Pacific area , it sees an economic and demographic gold mine .",1.0132331253245193,0.14013081809037195,0.9119897782938101,0.8133839497716818,0.8598691819096279
630,"In countries such as Taiwan , South Korea and Singapore , economies are growing , resulting in a rise in disposable income that consumers can use for soft drinks .",1.1169925001442307,0.15000309831733344,0.9290995860870631,0.7833068746648308,0.8499969016826665
631,"And unlike Europe and the U.S. , where populations are aging , the Pacific Basin countries have growing proportions of youths -- the heaviest consumers of Coca-Cola and other sodas .",1.3751351768738935,0.18138444293084502,0.9058345014795034,0.7467173273605998,0.8186155570691551
632,"A Coca-Cola spokesman said it is too early to say how the joint venture would be structured , or how much the company would invest in the transaction .",0.8796474139423083,0.11055475816588452,0.9213903571781529,0.8596410106253216,0.8894452418341154
633,"In the past , however , Coke has typically taken a minority stake in such ventures .",0.7502875001272633,0.10436105065668752,0.9647465156014436,0.8357703188265422,0.8956389493433127
634,"By acquiring stakes in bottling companies in the U.S. and overseas , Coke has been able to improve bottlers ' efficiency and production , and in some cases , marketing .",0.9551496927237677,0.12285076900802884,0.9010390947232355,0.8544934633150719,0.8771492309919712
635,Coke has tended to increase its control when results were sluggish in a given country .,0.625,0.0847457627118644,0.9,0.9310344827586209,0.9152542372881357
636,"That does n't appear to be the case in Singapore , a country of about three million people with a relatively high soft-drink consumption rate -- a key indicator of Coke 's success in a market .",1.0849110662182833,0.13788762759385287,0.9843123289305831,0.7669032221671268,0.8621123724061477
637,"In Singapore , per-capita consumption is about one-third that of the U.S. .",1.0769230769230784,0.17029261679348742,0.9446071092622237,0.7397285856575361,0.8297073832065125
638,"And combining Fraser & Neave 's own soft drinks with Coca-Cola 's gives the Singapore company more than half the share of the soda market there , Coke said .",1.145484265886676,0.1440624336125656,0.9107838284371317,0.807321666233994,0.8559375663874345
639,"Fraser & Neave , which also has interests in packaging , beer and dairy products , holds the Coke licenses for Malaysia and Brunei , where per-capita consumption is n't as high as in Singapore .",1.4828910551459487,0.1870888701496123,0.9234827978438455,0.7259863666705086,0.8129111298503876
640,Coke could be interested in more quickly developing some of the untapped potential in those markets .,0.7946926473133509,0.11122455439926042,0.9310072345380604,0.8502087871274187,0.8887754456007397
641,A Coke spokesman said he could n't say whether that is the direction of the talks .,0.8235294117647065,0.11572759834641128,0.9304188918582538,0.8424871116252209,0.8842724016535888
642,"Coke said the joint-venture arrangement , which needs approval from both companies ' boards , should be completed early next year .",0.8004382033834894,0.1032185707979062,0.9745215968443272,0.8305280110912209,0.8967814292020935
643,"AMERICAN BRANDS Inc. , Old Greenwich , Conn. , said it increased its quarterly 11 % to 68 cents a share from 61 cents , payable Dec. 1 to stock of record Nov. 10 .",1.5573210693336161,0.19927404064636103,0.8956773017089052,0.723976710121945,0.8007259593536391
644,"The increase follows the company 's report of strong earnings for the third quarter , and reflects what American Brands called its `` tradition of sharing earnings growth '' with shareholders .",1.0707707033278266,0.13372850926197904,0.9024235152754408,0.8329044713977641,0.8662714907380212
645,"American Brands is a consumer products company with core businesses in tobacco , distilled spirits and life insurance .",0.8752205517416121,0.1376679159839462,0.8911040566449423,0.8353599765485844,0.8623320840160535
646,"As of Sept. 30 , American Brands had 95.2 million shares outstanding .",0.8272990386279595,0.12585212145928573,0.9491751493099759,0.8101127539502293,0.8741478785407141
647,Giovanni Agnelli & Co. announced a transaction that will strengthen its indirect control of Fiat S.p . A. and will admit Prince Karim Aga Khan as its first non-family shareholder .,1.6607723695278729,0.2222236780475259,0.9114335224276638,0.6783061003631851,0.7777763219524744
648,"Giovanni Agnelli , a limited partnership that is the master holding company for Fiat 's Agnelli family , owns approximately 75 % of the shares in Istituto Finanziario Industriale , which in turn owns approximately 40 % of Fiat , Italy 's biggest private-sector industrial group .",1.5964429463191214,0.20553589793473856,0.8794675784447765,0.7244441567320343,0.7944641020652615
649,"The company said Maria Sole Agnelli Teodorani , sister of Fiat Chairman Giovanni Agnelli , agreed to trade her shares in IFI for new ordinary shares in the limited partnership , which will give her control of 4.67 % of Giovanni Agnelli & Co .",1.6030881219426112,0.1951819820604315,0.9444079942618004,0.7011789603799297,0.8048180179395684
650,"The Aga Khan , meanwhile , agreed to trade some of his stake in Luxembourg-based Ifint S.A. , another Agnelli family company , for 7.45 % of Giovanni Agnelli & Co. 's capital .",1.5401331757823593,0.19533669830824948,0.9249211309695992,0.7120790977980104,0.8046633016917503
651,"His new stake would be in the form of preferred shares , which receive higher dividends but have voting rights only in extraordinary shareholders assemblies .",0.9661313645678353,0.12448068799064384,0.9098289668370052,0.8437032579885818,0.8755193120093561
652,"The Aga Khan owns 10 % of Ifint 's capital , while IFI owns 23 % .",0.7502875001272633,0.11167060080387908,1.0000000000000002,0.7990940828638863,0.8883293991961212
653,"As a result of the transaction , which is expected to be approved at a shareholders meeting Nov. 24 , Giovanni Agnelli & Co. will control 79.18 % of IFI 's ordinary shares .",1.1061658963069618,0.12931916118573614,0.9693742880606779,0.7902266764293979,0.8706808388142636
654,Its capital will also be raised to 232.4 billion lire -LRB- $ 172.5 million -RRB- from the current 204.3 billion lire .,0.5797676137347034,0.0794991491071512,0.9161900925807783,0.9248523659948295,0.9205008508928488
655,"IFI also has nonvoting preferred shares , which are quoted on the Milan stock exchange .",0.625,0.0847457627118644,0.9310344827586206,0.8999999999999999,0.9152542372881355
656,"The value of the two transactions was n't disclosed , but an IFI spokesman said no cash would change hands .",0.9883279762934958,0.12994346285539576,0.9205127230105303,0.8248442404884417,0.870056537144604
657,"The move strengthens the existing links between the Agnellis and the Aga Khan , the head of the world 's Ismaili Moslems who is a longtime family friend and frequently goes sailing with Mr. Agnelli .",1.3757163176480667,0.17707432514332913,0.9145329311527265,0.7479997707434952,0.8229256748566707
658,"Mr. Agnelli and the Aga Khan also have some business ties , and a spokesman for the Agnelli company did n't rule out that the current agreement could lead to further collaboration .",1.57116580096862,0.20168103607157675,0.8631855758933581,0.7425201121667591,0.7983189639284237
659,"For instance , Ifint earlier this year bought an 18 % stake in Alisarda , the Aga Khan 's airline , which flies between Italy and Sardinia .",1.5494313566162186,0.20825887954520264,0.884631270803822,0.7165049669290611,0.7917411204547972
660,"Giovanni Agnelli & Co. , which was formed in January 1987 as a way of keeping the Agnellis ' controlling stake in Fiat together despite an ever-growing family tree , has been playing a more active role in the Agnelli group of late .",1.2857083862033445,0.16075443262827513,0.8939954258613688,0.7908146799569916,0.8392455673717247
661,"It raised financing of 300 billion lire for the purchase this summer by another Agnelli-related group of the food concern Galbani S.p . A. , by selling a chunk of its IFI shares to Mediobanca S.p . A.",1.4675621672504366,0.19094777306379818,0.9302769104072717,0.7157788541777648,0.8090522269362017
662,Mediobanca said during the weekend that it agreed to sell the shares back to Giovanni Agnelli for 333 billion lire .,0.7385607144917579,0.0963534224985837,0.9999999999999998,0.824229266728616,0.9036465775014161
663,Your Oct. 2 page-one article on people riding so-called `` railbikes '' on railroad tracks was a disservice to your readers .,1.159535227469406,0.15302325616084897,0.8896710806245495,0.8081924757017478,0.8469767438391508
664,It unfortunately encourages others to engage in a highly dangerous and illegal activity that only a very few are doing now .,0.9256603625727395,0.1213254201572546,0.9485484009452646,0.8183888269692355,0.8786745798427453
665,"And it treats such activities in a frivolous , cavalier fashion , with total indifference to common sense and public safety .",1.1029392048404727,0.16129070192994577,0.9196799112903815,0.7708426408157355,0.8387092980700543
666,Saul Resnick,1.0,1.0,1.0,0.0,0.0
667,Vice President,-0.0,0.0,1.0,1.0,1.0
668,Public Affairs,0.0,0.0,1.0,1.0,1.0
669,Conrail,-0.0,0.0,1.0,1.0,1.0
670,"MCI Communications Corp. said it received a three-year contract valued at more than $ 15 million to provide network , credit-card and other telecommunications services to Drexel Burnham Lambert Inc .",1.0566092742633373,0.1275027643073101,0.9333723719140362,0.8190765455315951,0.8724972356926899
671,"Congressional Democrats and the Bush administration agreed on a compromise minimum-wage bill , opening the way for the first wage-floor boost in more than nine years .",0.7966583334935908,0.10961255045208168,0.9483822528506229,0.8390768153437727,0.8903874495479183
672,The agreement ended a long impasse between the congressional leaders and the White House over the wage issue .,1.2168113409875652,0.20226636329683004,0.8274118788693969,0.7701107164604133,0.7977336367031699
673,President Bush in June vetoed a measure passed by Congress and said he would n't accept any minimum-wage rise that went beyond limits he set early in this year 's debate on the issue .,0.9789903573282945,0.1271105381216533,0.9457026575277606,0.8104870250681617,0.8728894618783464
674,The compromise was a somewhat softened version of what the White House had said it would accept .,0.7505430557959407,0.10504653595757407,0.8949534640424258,0.8949534640424258,0.8949534640424258
675,"Under the agreement with the House and Senate leaders , the minimum wage would rise from the current $ 3.35 an hour to $ 4.25 an hour by April 1991 .",0.7616013056269946,0.10469376384018238,0.9438994877770075,0.8514713147731804,0.8953062361598179
676,"Employers could also pay a subminimum `` training wage '' for 90 days to new workers who are up to 19 years old , and then for another 90 days if the company institutes a specific training program for the newcomers .",1.3327182964532671,0.16598124394562241,0.877622167103194,0.7945430147103176,0.834018756054378
677,"White House officials were delighted that the compromise includes the concept of a training wage , which Mr. Bush has fought for throughout the year .",1.2447895375615463,0.1720983415560325,0.9201566854941341,0.7524599296015776,0.827901658443967
678,"`` For the first time in history , we have a training wage that will be part '' of the nation 's labor laws , said Roger Porter , assistant to the president for economic and domestic policy .",1.4545911782871936,0.18537541568463348,0.8572582204269186,0.7760306045578214,0.8146245843153667
679,"White House aides said that although they made a small compromise on the length of a training wage , the final minimum-wage increase will meet the standards set by Mr. Bush .",1.4724817337113674,0.19498121868176715,0.9067781113622224,0.723794060751039,0.805018781318233
680,"The bill vetoed by the president in June , which the House failed to override , would have lifted the minimum wage to $ 4.55 an hour by late 1991 , with a training wage for up to two months , generally for a worker 's first job .",1.1086228350502108,0.13568073468375558,0.9407537413122569,0.7993718062191197,0.8643192653162443
681,"Mr. Bush had been holding out for a bill boosting the wage floor to $ 4.25 an hour by the end of 1991 , coupled with a six-month training wage for workers newly hired by any employer .",1.100007080520533,0.1444908105395904,0.9399899272157985,0.7849614910700776,0.8555091894604097
682,"Under the compromise , the $ 4.25 level would be reached nine months earlier , while the training subminimum would be shorter , unless it is tied to a training plan .",0.6599817337113674,0.08335378301482792,0.9450288462698834,0.8899187431313219,0.9166462169851721
683,"Democrats argued that the training wage was a way of allowing employers to pay less than the minimum wage , while new workers need far less than six months to be trained for their jobs .",1.0656813326833428,0.12902546438365273,0.9366703002129843,0.813890262644293,0.8709745356163475
684,Democrats had been negotiating with some Republican congressional leaders on a compromise lately .,0.14285714285714324,0.020702661194345037,1.0,0.9594344915881372,0.9792973388056551
685,"With congressional elections next year , GOP leaders have worried about opposing a minimum-wage rise for low-paid workers at a time when Congress is moving toward a capital-gains tax cut that would directly benefit wealthier taxpayers .",1.3347048104122772,0.16849118133821087,0.8743609407575965,0.7926607921081918,0.8315088186617893
686,Republicans have been imploring the White House to compromise on the wage issue .,0.7682062501545355,0.11709052281086992,0.8571995023148347,0.9102093766174291,0.8829094771891306
687,"In the Senate , Edward Kennedy -LRB- D. , Mass. -RRB- , chairman of the Labor Committee , and Pete Domenici , -LRB- R. , N.M . -RRB- ranking minority member of the Budget Committee , have been working on a compromise , and their soundings showed that the Senate appeared to be heading toward enough strength to override another Bush veto , a Democratic staff official said .",1.7283425652684423,0.20888766356759234,0.89725909333374,0.7074233596965599,0.7911123364324072
688,"The House is scheduled to vote this week on the compromise , as a substitute to a new Democratic bill , itself watered down from last spring 's version .",0.9664572819896984,0.12862103994250892,0.9215169634554258,0.8264152612645588,0.8713789600574913
689,The Senate will probably vote not long afterward .,0.8888888888888893,0.16307012108499602,0.9999999999999999,0.7195867761904633,0.836929878915004
690,Some Democrats thought they might have compromised too much .,0.40000000000000036,0.0640629745212681,0.9359370254787319,0.9359370254787319,0.9359370254787319
691,"Rep. Austin Murphy -LRB- D. , Pa. -RRB- , chairman of the House labor standards subcommittee , said they might have done better `` if we 'd held their feet to the fire . ''",1.364983928880494,0.16401811422639873,0.8742658018093473,0.80091019631219,0.835981885773601
692,"Mr. Kennedy suggested Democrats `` yielded a great deal '' on the size of the increase , but he cited concessions from the White House on the training wage , which he said make it `` less harsh . ''",1.1402410118609172,0.1423539629398023,0.8985645832064739,0.8202918495839446,0.8576460370601973
693,"With only 16-year-olds to 19-year-olds eligible , 68 % of workers getting less than $ 4.25 an hour , who are adults , wo n't be subject to the training wage , he said .",1.07170785726648,0.1260663119009818,0.9235995871278652,0.8293367071843522,0.873933688099018
694,"The AFL-CIO , which previously opposed the administration 's subminimum idea , said the compromise has `` adequate safeguards , so the youth are not exploited and older workers are not displaced . ''",0.7869084559459836,0.0954941557308356,0.9217621304003979,0.887883793645564,0.9045058442691644
695,Gerald F. Seib contributed to this article .,0.34436093777043375,0.06679306553735245,1.0,0.8747778408107513,0.9332069344626476
696,Moody 's Investors Service Inc. said it lowered the ratings on about $ 3.2 billion of Houston Lighting & Power Co. 's securities because of the company 's low levels of interest coverage and internal cash generation .,1.5068717086536862,0.19276462373621528,0.9005178328379004,0.7314647211999104,0.8072353762637848
697,"Houston Lighting is a unit of Houston Industries Inc. , a utility holding company in Houston .",1.1979134103882503,0.17768666428079818,0.9592853274745918,0.719569305221332,0.8223133357192014
698,"Downgraded by Moody 's were Houston Lighting 's first-mortgage bonds and secured pollution-control bonds to single-A-3 from single-A-2 ; unsecured pollution-control bonds to Baa-1 from single-A-3 ; preferred stock to single-A-3 from single-A-2 ; a shelf registration for preferred stock to a preliminary rating of single-A-3 from a preliminary rating of single-A-2 ; two shelf registrations for collateralized debt securities to a preliminary rating of single-A-3 from a preliminary rating of single-A-2 , and the unit 's rating for commercial paper to Prime-2 from Prime-1 .",1.8287861353182437,0.2453415793460472,0.883199110473882,0.6587797036744417,0.7546584206539527
699,"Moody 's said Houston Lighting 's current situation has some positive aspects , including managing `` very well '' the construction and commercial operation risks of Units 1 and 2 of the South Texas Project nuclear power plant .",1.4713866150065185,0.17636695257980753,0.8962567237529413,0.7618965731892051,0.8236330474201928
700,"Capital requirements will be declining and no new generating facilities will be required for several years , Moody 's said .",0.5121375001030195,0.066502133032541,0.949675266051542,0.9178623895461148,0.9334978669674587
701,"Scott C. Smith , formerly vice president , finance , and chief financial officer of this media concern , was named senior vice president .",0.9566458784357437,0.14212396776609768,0.9144248423472212,0.8079139465226898,0.8578760322339022
702,"Mr. Smith , 39 , retains the title of chief financial officer .",0.76923076923077,0.11599389651816218,0.9501317970921511,0.8264857237716906,0.8840061034818376
703,Armstrong World Industries Inc. agreed in principle to sell its carpet operations to Shaw Industries Inc .,0.9626192927411941,0.14794905577840603,0.9083434543180171,0.8023284705116531,0.8520509442215942
704,The price was n't disclosed but one analyst estimated that it was $ 150 million .,0.8443609377704329,0.11799937509807061,1.0,0.7889097655573916,0.8820006249019292
705,"Armstrong , which has faced a takeover threat from the Belzberg family of Canada since July , said that disposing of the carpet business would improve `` total financial performance . ''",1.2224817337113674,0.158140790965434,0.8966636988363643,0.7933681874880424,0.8418592090345661
706,"The move also would allow the company to concentrate on core businesses , which include ceramic tile , floor coverings and furniture .",1.0051919773375557,0.13683007046540963,0.8846353093294296,0.8427215725392417,0.8631699295345904
707,"Moreover , such a sale could help Armstrong reassure its investors and deter the Belzbergs , who own a 9.85 % stake in the Lancaster , Pa. , company .",0.9169925001442332,0.11588240750169763,0.9229980395106909,0.8483803474205944,0.8841175924983027
708,"Analysts expect Armstrong to use proceeds of the sale to reduce debt , buy back stock or perhaps finance an acquisition .",0.6140806820148619,0.0873259178636196,0.9276053566056178,0.8982158777843683,0.9126740821363807
709,"The carpet division had 1988 sales of $ 368.3 million , or almost 14 % of Armstrong 's $ 2.68 billion total revenue .",1.0780959575386353,0.1498273518164768,0.9301850351209145,0.7828349759575882,0.8501726481835232
710,The company has been manufacturing carpet since 1967 .,0.22222222222222232,0.036324900793189584,1.0,0.9298966940476159,0.9636750992068105
711,Recently it upgraded its plants so that it could make stain-resistant products with higher quality dyes .,1.1187970593325822,0.16988690273506393,0.8301130972649364,0.8301130972649362,0.8301130972649363
712,"For the past year or two , the carpet division 's operating profit margins have hovered around 5 % , high by industry standards , but disappointing compared with the 13 % to 19 % margins for two of Armstrong 's chief businesses , flooring and building products .",1.477396821074441,0.18861530541430208,0.9222913281129461,0.7242881764807076,0.8113846945856978
713,"Analysts hailed the planned transaction as being beneficial to Armstrong and Shaw , the market leader in the U.S. carpet industry , with an estimated 17 % to 20 % share .",1.0707707033278266,0.1394372614699563,0.9569655369753329,0.7818052389523579,0.8605627385300442
714,"Shaw , based in Dalton , Ga. , has annual sales of about $ 1.18 billion , and has economies of scale and lower raw-material costs that are expected to boost the profitability of Armstrong 's brands , sold under the Armstrong and Evans-Black names .",1.5840874226221322,0.18694178782986026,0.8787020080284846,0.7565405392149858,0.8130582121701396
715,"Yesterday , in composite trading on the New York Stock Exchange , Shaw 's shares closed ex-dividend at $ 26.125 , up $ 2.25 .",0.7345811190640124,0.10045760848272453,0.9536081826099024,0.8512782978838603,0.8995423915172759
716,"Armstrong 's shares , also listed on the Big Board , closed at $ 39.125 , up 12.5 cents .",0.7754887502163452,0.10781340596851956,0.9310173917681793,0.8564652125295801,0.8921865940314802
717,"Yesterday , Armstrong reported flat earnings for the third quarter and nine months , worsened by the stock dilution of an employee stock ownership plan adopted earlier this year .",0.9761404171714751,0.1300773488937482,1.0,0.7697903616578402,0.8699226511062518
718,"For the quarter , earnings were $ 47 million , or 92 cents a share , including a one-time gain of $ 5.9 million .",0.8749721192370892,0.11836184796558212,0.9672902071489349,0.8099209057090738,0.8816381520344179
719,"In the year-ago quarter , earnings were $ 42.9 million , or 93 cents a share .",0.750287500127266,0.1043610506566879,0.9647465156014439,0.8357703188265422,0.8956389493433127
720,"Yesterday , Armstrong announced an agreement to sell its small Applied Color Systems unit to a subsidiary of the Swiss company , Brauerei Eichof Ltd .",1.2738236722601428,0.17825911190828278,0.9051426100302976,0.7524120751717261,0.821740888091717
721,The price was n't disclosed .,0.0,0.0,1.0,1.0,1.0
722,"Armstrong expects to close the sale of the color unit in late November and the carpet sale in December , with the gains to be applied to fourth quarter or first-quarter results .",1.3066489539019326,0.17579579245951407,0.8813360099180322,0.7740285155380475,0.8242042075404861
723,"The government 's primary economic-forecasting gauge rose a slight 0.2 % in September , but economists said the report offered little new information on the degree to which the U.S. economy is slowing .",1.1876629531648177,0.1506415301126661,0.9381137734068051,0.775945928322314,0.8493584698873341
724,"The small increase in the index of leading indicators , which had climbed 0.5 % in August but was unchanged in July , does lend support to the view that the economy has slowed noticeably .",1.245965360340925,0.1555510707257771,0.8759325542917898,0.8151500099448464,0.8444489292742228
725,"However , it does n't give much of a clue as to whether a recession is on the horizon .",0.9377443751081724,0.13881950106191604,0.9356643215374312,0.7976808866473183,0.8611804989380839
726,"`` I do n't think it provides much new information on the economy , '' said Richard Rippe , economist at Dean Witter Reynolds Inc .",0.9332562502496309,0.12122741992377448,0.9361340470837817,0.8280348730164294,0.8787725800762253
727,"So far this year , the index of leading indicators has risen in four months , fallen in four months and remained unchanged in the other month .",0.8665950895175145,0.11558582678363204,0.9070778141525329,0.8628554429361109,0.8844141732163681
728,"In another report yesterday , the Commerce Department said sales of new single-family houses plunged 14 % in September to an annual rate of 618,000 from 719,000 in August .",1.4088220835496816,0.18773512341812737,0.9384187665731673,0.7160099396809108,0.8122648765818729
729,"The declines were particularly pronounced in the Northeast and in the South , where Hurricane Hugo was a factor .",0.6622556248918281,0.09319521591610418,0.969897000433602,0.8514195751244777,0.9068047840838962
730,"Although September 's weakness followed two strong months for home sales , the decline supports other indications that the drop in mortgage rates earlier this year has had only a limited beneficial effect on the housing market .",1.5723317358382731,0.21464136167490208,0.8429543190650889,0.7351301497246235,0.7853586383250978
731,"The September drop was the largest since a 19 % drop in January 1982 , but monthly changes in this measure are even less reliable than those in other economic indicators .",1.3741927640949099,0.17448278289875985,0.9063005739023733,0.7579565469087485,0.8255172171012402
732,"Because the figures are based on a small sample , the department said it is 90 % confident only that new-home sales fell somewhere between 5 % and 23 % during the month .",1.2682181023165802,0.16344967738842228,0.9019163470655507,0.7800187756146999,0.8365503226115778
733,The department also said it takes four months to establish a trend .,0.46153846153846256,0.06651041694280019,0.9546544038697523,0.9132428618858452,0.9334895830571998
734,"So far this year , 534,000 newly built homes have been sold , down 4.5 % from the like months of 1988 .",1.1091206523620425,0.14955247453735931,0.9477343835135327,0.7712746202635502,0.8504475254626408
735,The index of leading indicators got a major boost in September from a surge in consumer expectations as measured by the University of Michigan .,1.266059378176128,0.1894940473743867,0.9185778622561118,0.7251867634865824,0.8105059526256132
736,This measure had dropped sharply in August .,0.0,0.0,1.0,1.0,1.0
737,"The Commerce Department said that as a result of a new adjustment to the formula used to calculate the index , the influence of this component has been reduced .",0.9883828151467746,0.13712770808924302,0.9790115645130899,0.7713658464651411,0.8628722919107571
738,"Of the 11 components to the index , only three others rose in September : the money supply , the length of the average work week and stock prices .",1.0638715653631232,0.1439166762286051,0.9266879968773646,0.7954757558571929,0.8560833237713952
739,Several components that track the health of the manufacturing sector of the economy turned down in September .,0.5283208335737193,0.07482252833814465,0.9671020098926816,0.8867368197750242,0.9251774716618554
740,"These include new orders for manufactured consumer goods , lead times on vendor deliveries , orders for new plant and equipment , and backlogs of orders for durable goods .",0.9985137352458304,0.1705449306538835,0.8546609757938084,0.8056933307212459,0.8294550693461163
741,"Meanwhile , the National Association of Manufacturers said yesterday a recent poll of 53 executives on its board found that 61 % do n't expect a recession to occur until 1991 or later .",1.175710836795207,0.14252893588951787,0.9092591101503594,0.8112644334992919,0.8574710641104817
742,The remainder expect a downturn to begin sometime in,0.44444444444444464,0.07538827312875093,0.9999999999999999,0.8597933880952316,0.924611726871249
743,"Although manufacturers often are quick to call for lower interest rates , 60 % of the executives said they would prefer that the Fed keep inflation-fighting as its top priority even if that means higher rates .",1.5074172300220905,0.18095931934044426,0.8661240311085868,0.7768123980390941,0.8190406806595557
744,The other 40 % said the Fed ought to worry less about inflation and bring interest rates down .,0.5660467106401779,0.07332893274356721,0.9444102685363287,0.9095859831837273,0.9266710672564321
745,All the figures are adjusted to remove usual seasonal patterns .,0.3636363636363624,0.05547273506256843,1.0,0.8948855177025863,0.9445272649374314
746,Here are the net contributions of the components of the Commerce Department 's index of leading indicators .,0.37527152789797036,0.05432469032897165,1.0,0.8969488416096539,0.9456753096710282
747,"After various adjustments , they produced a 0.5 % rise in the index for August and a 0.2 % rise for September .",0.678680020627688,0.0957855652513576,0.9735720297083678,0.844081768997594,0.9042144347486427
748,"September , and the change from August , are : from 1.11 in the previous month .",0.16205220600961656,0.023704308926556304,1.0000000000000002,0.9536891488687544,0.9762956910734439
749,Boston Edison Co. said it will take a previously reported $ 60 million charge against earnings in the fourth quarter .,0.32166130962683237,0.040760245436569746,1.0000000000000004,0.9216721706746747,0.9592397545634306
750,The charge resulted from a settlement approved yesterday by the Massachusetts Department of Public Utilities .,1.0637218755408666,0.16526971876782526,0.9555362385128477,0.7410422412301056,0.8347302812321746
751,"As expected , the settlement limits rate increases for three years and ties future charges to customers for operation of the troubled Pilgrim Nuclear Power Station to that plant 's performance .",1.4253012648261523,0.1832591343441864,0.894399171435404,0.7514909052630319,0.816740865655814
752,"In its order , the state regulatory agency said the company `` must be held accountable for the mistakes made in the management of the plant 's operation . ''",1.1435502162152247,0.14988360770483647,0.9359759096671617,0.7786855324707173,0.8501163922951632
753,Pilgrim had been closed for 32 months .,0.0,0.0,1.0,1.0,1.0
754,"The average interest rate rose to 8.3875 % at Citicorp 's $ 50 million weekly auction of 91-day commercial paper , or corporate IOUs , from 8.337 % at last week 's sale .",1.4705882352941213,0.19575742896078951,0.9052131853085627,0.7235367730990565,0.8042425710392109
755,Bids totaling $ 515 million were submitted .,0.25,0.043478260869565216,0.9999999999999999,0.9166666666666666,0.9565217391304347
756,Accepted bids ranged from 8.38 % to 8.395 % .,0.0,0.0,1.0,1.0,1.0
757,Citicorp also said that the average rate rose to 8.0087 % at its $ 50 million auction of 182-day commercial paper from 7.962 % at last week 's sale .,1.5502079142225522,0.21054249879678755,0.8901952892478182,0.7092016249499622,0.7894575012032125
758,Bids totaling $ 475 million were submitted .,0.25,0.043478260869565216,0.9999999999999999,0.9166666666666666,0.9565217391304347
759,Accepted bids ranged from 8 % to 8.019 % .,0.0,0.0,1.0,1.0,1.0
760,The bank holding company will auction another $ 50 million in each maturity next Tuesday .,0.7971804688852169,0.11893210986580648,1.0,0.7874185416306089,0.8810678901341935
761,"An imaginative novelist writing a thriller about amateur spy-chasing might invent a Clifford Stoll , but it 's unlikely .",1.1132331253245198,0.15186064206781202,0.8859974995062517,0.8133839497716818,0.8481393579321879
762,It 's also unnecessary .,0.0,0.0,1.0,1.0,1.0
763,"Amateur spy-chaser Clifford Stoll is a real person , or as he might waggishly put it , a surreal person .",0.738560714491757,0.09880879415606778,0.9464731785362247,0.8600442397575853,0.9011912058439319
764,"He is 37 , an astronomer with impressive credentials , and something of a genius at making computers do his bidding .",0.5797676137347034,0.07616672400759895,0.9747960395040629,0.8779344773370189,0.9238332759924011
765,"He once described himself as a `` Berkeley Hippie , '' and played the role well ; obligatory ragged jeans , a thicket of long hair and rejection of all things conventional , including , for a time at least , formal marriage to his `` sweetheart , '' Martha Matthews .",1.5452828626661717,0.18367988322634538,0.8734336290250799,0.7662174331777648,0.8163201167736549
766,"He also is an entertaining writer , combining wisecracks and wordplay with programmatic detail and lucid explanations of how computers work .",1.012030113931381,0.13100688109887226,0.9248523659948292,0.8194971195639168,0.8689931189011275
767,"In `` The Cuckoo 's Egg '' -LRB- Doubleday , 326 pages , $ 19.95 -RRB- , he spins a remarkable tale of his efforts over 18 months to catch a computer spy .",0.84203501420855,0.09678285017556577,0.9709280476439943,0.844334662885394,0.9032171498244345
768,"The result last spring was the arrest by West German authorities of five young West Germans , accused of stealing information from computers in the U.S. and Europe and selling it to the Soviet KGB .",1.703309622749539,0.21599165618437222,0.8296241283506582,0.7431473694031968,0.7840083438156275
769,"One of them , 25-year-old Markus Hess of Hannover , allegedly used the international telecommunications network to break into more than 30 high-security computers in the U.S. , searching for secrets .",0.7971804688852178,0.10044764767358082,0.9600363967146759,0.8462378255258881,0.8995523523264192
770,"He probably did n't penetrate any top-secret files , but the KGB in East Berlin was willing to pay two of his associates , Peter Carl and Dirk Brezinski , $ 15,000 for some of the material Hess collected .",1.4188721875540873,0.17121167619096192,0.9075097759734503,0.7626340401829309,0.8287883238090384
771,They promised yet more for really good stuff .,0.44444444444444464,0.07538827312875093,0.9246117268712492,0.9246117268712492,0.9246117268712492
772,"Mr. Stoll draws his title from the cuckoo 's habit of laying eggs in the nests of other birds , making them surrogate parents .",1.1003910001730768,0.15018444876948997,0.8911196495710555,0.8121707945649196,0.8498155512305099
773,The computer spy had discovered that a popular editing/electronic mail program called Gnu-Emacs could do tricks with the widely used Unix operating system created by AT&T .,0.9401510364908967,0.12927296585502754,0.9192478943064649,0.8270715384828858,0.8707270341449727
774,"Using Gnu-Emacs , the spy could substitute a bogus `` atrun '' program for the one that routinely cleans up the Unix system every five minutes .",0.8283158509851996,0.1043124573805259,0.9164389284495741,0.875855116380204,0.8956875426194746
775,"Once his cuckoo 's egg was laid , he could enter Unix and become a `` super-user , '' with access to everything .",0.9837350197682015,0.1201700695892014,0.9152806757686884,0.8470229503024904,0.8798299304107985
776,Mr. Stoll was scanning the heavens at the Keck observatory of the Lawrence Berkeley Laboratory in 1986 when his grant ran low and he was asked to switch to helping run the lab 's computers .,1.059415707983824,0.12624798612480037,0.9403993347068126,0.8159262612392674,0.8737520138751999
777,"He discovered a 75-cent discrepancy in the charges made to various departments for computer time and traced it to a user named `` Hunter , '' who had no valid billing address .",1.6066530305652709,0.19790025980612155,0.8703881007248243,0.7437472849007523,0.8020997401938786
778,Mr. Stoll suspected the intruder was one of those precocious students who has fun breaking into computers .,0.7777777777777759,0.10596644038667037,0.9365669896460963,0.8551955476071332,0.8940335596133292
779,"But after much tracking , it became evident to Mr. Stoll , through various clues , that the hacker was not on the Berkeley campus or even in California .",1.024301865106687,0.13350324195280802,0.9467434551800858,0.7987906532193667,0.8664967580471922
780,Finding him became an obsession for Mr. Stoll .,0.2222222222222232,0.03632490079318972,1.0,0.9298966940476159,0.9636750992068105
781,He made a midnight requisition of all the printers he could lay hands on so that he could monitor all the telephone lines coming into the lab 's computers .,1.0251629167387835,0.1327595624533208,0.9617048357507915,0.7896739421429556,0.8672404375466796
782,"After discovering that the hacker had taken over the dormant account of a legitimate user named Joe Sventek , he rigged up an alarm system , including a portable beeper , to alert him when Sventek came on the line .",1.2174669990461844,0.15177903534329706,0.9331008913643859,0.7774957289412262,0.848220964656703
783,Some nights he slept under his desk .,0.0,0.0,1.0,1.0,1.0
784,His boss complained about neglect of other chores .,0.44444444444444464,0.07538827312875093,0.9999999999999999,0.8597933880952316,0.924611726871249
785,The hacker was pawing over the Berkeley files but also using Berkeley and other easily accessible computers as stepping stones to the network of computers used by the military and national security agencies .,1.5767541316010831,0.20833980355903967,0.8587387295112326,0.7343017880231779,0.7916601964409602
786,The White Sands missile range and CIA contractor Mitre Inc. were among the targets .,1.167318333621795,0.1829711010645769,0.8915609291069313,0.7539968460034455,0.8170288989354227
787,"When the hacker moved , Mr. Stoll moved too , calling up other systems managers to alert them but keeping his own system open to avoid arousing suspicion .",0.8627431037466868,0.10568216699982778,0.9236160096544647,0.8668212522662672,0.8943178330001726
788,"Sometimes , if the hacker seemed to be into a sensitive file , he would drag his keychain across the terminal to create static or slow the system down to frustrate his quarry .",0.677045588489821,0.09349982096350463,0.9120934455740627,0.900975094003896,0.9065001790364955
789,"The FBI initially showed little interest , and he had the impression other federal security agencies were tangled up in legal red tape .",1.4318553323583458,0.19337019813186845,0.8775628723831465,0.7463061610093241,0.8066298018681316
790,The CIA told him it does not do domestic counterespionage .,0.18181818181818166,0.026987823344141793,1.0,0.9474427588512931,0.9730121766558583
791,"One learns a lot from this book , or seems to , about crippling federal bureaucracy .",0.6326404413037334,0.08946090885619971,1.0,0.8357703188265421,0.9105390911438003
792,`` Seems to '' because it 's possible that the CIA and the National Security Agency were more interested than they let on to Mr. Stoll .,1.00072407439459,0.1288213330856614,0.9311549798191676,0.8184610454383152,0.8711786669143391
793,"Finally , he got help .",0.0,0.0,1.0,1.0,1.0
794,Tymnet is a major network linking computers .,0.0,0.0,1.0,1.0,1.0
795,"One of its international specialists , Steve White , took a quick interest in Mr. Stoll 's hunt , ultimately tracing the hacker to West Germany .",0.7785018521723677,0.10192057975756652,0.9511630065685426,0.8506077367242183,0.8980794202424336
796,The West Germans then took over and finally found Markus Hess .,0.7295739585136225,0.11946485063688529,0.9999999999999999,0.7865679291870227,0.8805351493631145
797,"Eventually , Mr. Stoll was invited to both the CIA and NSA to brief high-ranking officers on computer theft .",0.9000000000000012,0.11622116655373774,0.9447807922298855,0.8301765620636987,0.8837788334462623
798,He savored the humor of his uncombed appearance among these buttoned-up chaps .,0.46153846153846256,0.07298255005435181,0.9501317970921513,0.9050010224717211,0.9270174499456484
799,"Back in Berkeley , he was violently scolded by a left-wing lady friend for consorting with such people .",0.5263157894736805,0.07384365697034051,0.9400395344132128,0.9126772577603219,0.9261563430296589
800,He became angry in return .,0.0,0.0,1.0,1.0,1.0
801,He had developed a hatred for the hacker and a grudging appreciation of the federal `` spooks '' who make national security their business .,1.0691622381280217,0.14412010672521597,0.8844944700819716,0.8290587364509907,0.8558798932747841
802,"At several different levels , it 's a fascinating tale .",0.2504443183784977,0.03972291132698394,1.0,0.9235894277326522,0.9602770886730161
803,Mr. Melloan is deputy editor of the Journal .,0.5283208335737166,0.09090909090909056,1.0,0.8333333333333333,0.9090909090909091
804,Mips Computer Systems Inc. today will unveil a new general-purpose computer that will compete with more expensive machines from companies such as Sun Microsystems Inc. and Digital Equipment Corp .,1.149674166522436,0.15720686509220128,0.9203598384335621,0.7772846205229732,0.8427931349077987
805,"The closely held Sunnyvale , Calif. , company also will announce an agreement to supply computers to Control Data Corp. , which will sell Mips machines under its own label .",1.25869516156948,0.1582103398863029,0.9284472642022067,0.7699276512014882,0.8417896601136969
806,"The new Mips machine , called the RC6280 , will cost $ 150,000 for a basic system .",0.41720972246260946,0.05931539220519299,0.9675054986903173,0.9153106465915251,0.9406846077948071
807,"The computer processes 55 million instructions per second and uses only one central processing chip , unlike many rival machines using several processors .",1.3443609377704338,0.17552930507935866,0.9266274378321915,0.7426019780453234,0.8244706949206413
808,"The machine employs reduced instruction-set computing , or RISC , technology .",0.3962406251802886,0.06488283545628412,1.0,0.8781408934467743,0.9351171645437157
809,"At that price , an analyst familiar with the machine said , the computer offers up to 10 times the performance of similar machines .",0.8643856189774715,0.12322742562810048,0.9746441058730105,0.7967634149324679,0.8767725743718995
810,"`` In the price range it 's a tremendously high-performing product , '' said Sandy Gant , an analyst at the market-research firm InfoCorp .",1.3247766191505503,0.1809078575172953,0.8745520580250856,0.7702467702352226,0.8190921424827049
811,"The machine is part of an effort by Mips to establish itself as a supplier of computers , not just of integrated-circuit technology .",0.8841367062030674,0.11964693181227065,0.9750202746586426,0.8024419332593995,0.8803530681877291
812,Mips also wants to wedge into markets other than traditional RISC applications such as engineering ; Mips said the new machine will also be used by businesses and for communications .,1.0196658217560257,0.12641795285612115,0.9479236995192383,0.8100530106273195,0.8735820471438788
813,"`` This clearly demonstrates that Mips is a systems company rather than just a chip company , '' said Mips Vice President John Hime .",1.1109775004326927,0.1539446188673989,0.9271154443749172,0.7780302186654049,0.8460553811326013
814,"The Control Data deal is a boon for Mips because it gives the the five-year-old company one more ally as it battles more established electronic concerns such as Sun , Hewlett-Packard Co. , Motorola Inc. and Intel Corp. for the emerging market for RISC machines .",1.6527807881749421,0.2090916651031718,0.9069363293223378,0.7012008976557246,0.7909083348968283
815,RISC technology speeds up a computer by simplifying the internal software .,0.5629072918469564,0.08972515320930873,0.9448498934839928,0.8781408934467743,0.9102748467906915
816,"For Mips , which expects revenue of $ 100 million this year , big-name allies such as Control Data are essential to attract software developers to the company 's RISC architecture .",1.159981733711371,0.13703239582257257,0.9669094915792923,0.7792038968082415,0.8629676041774276
817,"`` The thing it says about Mips is that they 're on a roll right now , '' said Ms. Gant at InfoCorp .",1.281453645923479,0.17343961751523804,0.8720251942256817,0.7856014489402149,0.826560382484762
818,"`` They 're getting some major wins , '' she added .",0.16666666666666696,0.024987787213593373,0.9512427610839695,1.0,0.9750122127864067
819,"Last month , for example , Mips agreed to supply its computers to Nixdorf Computer AG of West Germany and France 's Groupe Bull .",1.1909775004326928,0.16458276725878115,0.9497279526469531,0.7456675387125217,0.8354172327412189
820,"Sony Corp. , Tandem Computers Inc. and Digital Equipment have agreed to sell MIPS computers and companies such as Japan 's NEC Corp. and West Germany 's Siemens A.G. have agreed to make Mips chips under license .",1.2617983395282657,0.17670599268010953,0.9362185825075361,0.7346787164997364,0.8232940073198903
821,"Today 's agreement gives Control Data a machine to compete against Digital and other general-purpose computer makers , said John Logan , a computer-market analyst at Aberdeen Group Inc. of Boston .",1.364023140367017,0.1797416968559111,0.9364851198434646,0.7296960057707381,0.8202583031440891
822,"The machine is essentially a mainframe computer , he said .",0.4322625001966802,0.07059693211210326,1.0,0.8681166926700835,0.9294030678878968
823,"`` Suddenly CDC -LRB- Control Data -RRB- has a competitive product to fight back against the VAX9000 , '' a machine Digital announced last month , he added .",0.6206896551724146,0.07683995752768485,0.9643260263080665,0.8853648228158293,0.9231600424723149
824,"Control Data , based in Minneapolis , Minn. , expects its sales of Mips systems , including the new RC6280 , to amount to more than $ 100 million by the end of 1991 , Mips said .",1.3393119207784467,0.16608158797718545,0.8870801003248038,0.7867682946535428,0.8339184120228142
825,"Nixdorf , Bull and others will also sell versions of the machine , said Mips President Robert Miller .",0.9215671054908876,0.1342756697824619,0.9223068359853249,0.8156830744611725,0.8657243302175377
826,"Mips will start shipping its new machine in the first quarter of 1990 , he said .",0.23529411764705976,0.031502577674955935,0.9684974223250442,0.9684974223250442,0.9684974223250442
827,"The machine uses a single processor , which makes it easier to program than competing machines using several processors .",0.6999999999999984,0.09039424065290681,0.9462644105686161,0.8756815168735622,0.9096057593470929
828,The computer can process 13.3 million calculations called floating-point operations every second .,0.6153846153846159,0.0906911922604952,0.9999999999999998,0.8336995972754953,0.9093088077395046
829,"The machine can run software written for other Mips computers , the company said .",0.7169925001442303,0.10103055499540937,0.9228521132923113,0.8762917220841226,0.8989694450045903
830,Another fight is brewing between Congress and the Bush administration over how to pay for the savings-and-loan bailout without adding to the federal budget deficit .,0.9370972298692424,0.1334687475008976,0.9337717746154602,0.8083241614989093,0.8665312524991025
831,"In a hearing before the House Ways and Means Committee , the General Accounting Office and the Congressional Budget Office , which both are arms of Congress , advised the new S&L bailout agency to abandon plans to raise temporary working capital through debt issued from an agency that would n't be counted on the federal budget .",1.5024569493977262,0.17984175730561439,0.9105933946713974,0.7460633174581363,0.820158242694386
832,Officials of the Resolution Trust Corp. have said privately that such a plan was the most likely alternative to raise short-term cash for the bailout .,0.8272990386279577,0.10600486626264581,0.9577620909862968,0.8381892322093678,0.8939951337373538
833,"Instead , the GAO and the Congressional Budget Office said , the RTC should consider using Treasury debt , which is less expensive and subject to oversight by Congress .",1.1632198984079896,0.14510183100150456,0.9174878426214679,0.8003026941593935,0.8548981689984951
834,The spending could be exempted from meeting deficit-reduction targets in the Gramm-Rudman budget law .,0.7169925001442303,0.10497506451307814,0.9197568173086431,0.8715882856335804,0.8950249354869219
835,The RTC has projected that it will require between $ 50 billion to $ 100 billion in temporary working capital .,0.5121375001030213,0.06818869408849887,0.9735042410035104,0.8935429288807584,0.9318113059115011
836,The borrowing to raise these funds would be paid off as assets of sick thrifts are sold .,0.8616541669070514,0.12250278961298902,0.8915813872463431,0.8638510849357627,0.8774972103870108
837,The new S&L law allows the RTC to issue notes for as much as 85 % of the value of the assets it holds .,0.8799999999999981,0.11328946760655433,1.0000000000000004,0.796477967495527,0.8867105323934458
838,"But higher interest rates paid on off-budget debt could add billions to the bailout costs , and would n't be subject to congressional scrutiny , Ways and Means members argued .",1.2745088711073205,0.15795025537717894,0.8919721017465078,0.7974193641475043,0.8420497446228213
839,"`` To allow this massive level of unfettered federal borrowing without prior congressional approval would be irresponsible , '' said Rep. Fortney Stark -LRB- D. , Calif. -RRB- , who has introduced a bill to limit the RTC 's authority to issue debt .",1.392823011707823,0.1660338799363359,0.9084542372813553,0.770767534894806,0.8339661200636638
840,The RTC will have to sell or merge hundreds of insolvent thrifts over the next three years .,0.8616541669070523,0.11875100610531311,0.966414143016583,0.8098785299271647,0.881248993894687
841,"The new S&L bailout law allows $ 50 billion to be spent to sell or merge sick S&Ls and their assets , but that is a net cost .",1.0267047417523223,0.12834447663605209,0.9550840523945372,0.8016313951672063,0.8716555233639481
842,"In the meantime , the agency must raise cash to maintain assets , such as real estate , until they can be sold .",0.7610276044371025,0.10359768983390256,0.9663111409136986,0.8359263117323948,0.8964023101660976
843,Then the short-term debt is paid off through the proceeds of selling the assets .,0.8503258334775632,0.12697516267925477,0.9164027631334554,0.8335678998535677,0.8730248373207448
844,"David Mullins , assistant secretary of the Treasury , said that the working capital is necessary to reduce the final costs of the bailout , by allowing the agency to sell savings and loans without their bad assets , then hold the assets until they can be sold under favorable conditions .",1.3351138839465504,0.1629863024875794,0.8923314311381266,0.7881541591076159,0.8370136975124204
845,"He said it has n't yet been determined how the RTC will raise the cash , but the administration does n't want it to be included on the federal budget , because it would `` distort '' the budget process by requiring either exemptions from Gramm-Rudman or big increases in the budget deficit .",1.4708504067633434,0.1727164506777587,0.8578901921978999,0.7987855613143076,0.8272835493222412
846,"But the worst possibility would be raising no working capital , he said .",0.2857142857142865,0.04056550841186293,0.9594344915881372,0.9594344915881372,0.9594344915881372
847,"`` If working capital financing is not provided , '' he said , `` the RTC may have to slow -LCB- S&L sales -RCB- or dump acquired assets through fire sales .",1.0707707033278266,0.12517442146943444,0.8902902608525031,0.8598889781167002,0.8748255785305658
848,"Panhandle Eastern Corp. said it applied , on behalf of two of its subsidiaries , to the Federal Energy Regulatory Commission for permission to build a 352-mile , $ 273 million pipeline system from Pittsburg County , Okla. , to Independence , Miss .",1.5940673974413082,0.20386141504826516,0.9218554657095779,0.7005957235077418,0.7961385849517346
849,The natural gas pipeline concern said the 500 million cubic feet a day capacity pipeline would be built by a proposed joint venture between two Panhandle Eastern units - Texas Eastern Transmission Corp. and Trunkline Gas Co .,1.5402453950784425,0.19787871039859015,0.9404633609498153,0.6992601829051674,0.8021212896014098
850,"Texas Eastern Transmission will build and operate the system , which will connect the Arkoma Basin with several interstate pipelines .",1.0649775226952505,0.14898481284355253,0.9141313198248502,0.7960518436160223,0.8510151871564474
851,Now was that a quarter cup or a half cup ?,0.2504443183784977,0.04215420901973559,1.0,0.9191017823372102,0.9578457909802645
852,"Not a gripping question , unless you 're the pastry chef of this city 's Chez Panisse restaurant and you 've just lost your priceless personal dessert notebook .",1.1434917054734566,0.14602574915504457,0.953255223665904,0.7734227271340217,0.8539742508449562
853,Chez Panisse was listed among the top 30 restaurants in the world this year by Connoisseur magazine .,0.7233083338141055,0.10887005992378611,0.9508399046145882,0.8384760941402047,0.891129940076214
854,"The tattered black binder , bulging with 18 years ' worth of recipes held together by rubber bands , was in chef Lindsey Shere 's purse when it was stolen from her house recently .",1.296687942435832,0.15887127054660746,0.8989172159325592,0.7903215103820279,0.8411287294533923
855,The Berkeley police do n't have any leads but doubt the crime was driven by a passion for sweets .,1.037744375108172,0.1440089193448342,0.9113523304758483,0.8069706292760812,0.8559910806551656
856,"Instead , they figure the culprit probably took money from Ms. Shere 's wallet and discarded all the tips in the five-by-eight-inch looseleaf .",0.7814536459234773,0.09701306715927074,0.9775996232294623,0.8389558589090431,0.9029869328407292
857,"Chez Panisse , whose founder , Alice Waters , is considered the inventor of the cooking style known as California cuisine and whose patrons make reservations a month in advance , has n't exactly subjected diners to vanilla ice cream because of the theft .",1.5093890078469192,0.1895453908736222,0.912214317629228,0.7291195624150841,0.8104546091263781
858,"For one thing , Ms. Shere can draw on her cookbook , published by Random House four years ago , which is teeming with recipes for such specialties as kiwi sherbet , gooseberry fool -LRB- a creamy dish made with crushed stewed berries -RRB- and hazelnut `` oeufs a la neige . ''",1.9390735836446584,0.22668262084480423,0.811839436742155,0.7382854817662915,0.7733173791551957
859,"For another , sympathetic fans have sent Ms. Shere copies of her recipes clipped from magazines over the years .",1.2804820237218388,0.18388815438990935,0.9342418062591662,0.7245023372227654,0.8161118456100903
860,"Still , the restaurant 's ever-changing menu of five-course dinners -- it supposedly has n't repeated a meal since opening in 1971 -- requires constant improvisation .",1.0007240743945918,0.1264105780326603,0.9325302670101949,0.8216563922246652,0.8735894219673401
861,And that puts added pressure on Chez Panisse dessert-menu planners .,0.3636363636363624,0.05547273506256843,1.0,0.8948855177025863,0.9445272649374314
862,"`` We make what we know how to make , '' says business manager Richard Mazzera .",0.8235294117647074,0.1157275983464114,0.8698909178329935,0.8991374034078484,0.8842724016535888
863,"Many in the Bay Area 's pastry community express disbelief that Ms. Shere kept only one copy of such valuable notes , but she has received moral support from Baker 's Dozen , a group of California pastry chefs that meets regularly to discuss issues like how to keep meringues from weeping and how bovine eating habits affect butter texture .",2.140305014956212,0.24200753490044327,0.823743644195093,0.7019618991863651,0.7579924650995564
864,Ms. Shere has offered a $ 500 reward for the book 's return but figures she 'll have to reinvent many recipes from scratch .,0.7199999999999971,0.08729693360613153,0.9592237859234118,0.8704859793153354,0.9127030663938683
865,"`` It 's an overwhelming job , '' she says .",0.3636363636363642,0.058730686896839766,0.9412693131031604,0.9412693131031604,0.9412693131031604
866,`` There are so many possible proportions when you consider how many things are made out of eggs and butter and milk .,0.7612945654055219,0.10117496795910776,0.9510866483108277,0.852007739803924,0.8988250320408927
867,"Newport Electronics Inc. named a new slate of officers , a move that follows replacement of the company 's five incumbent directors last week .",1.0047766191505474,0.1353682128715083,0.901605037724649,0.8305714981396004,0.8646317871284913
868,"Milton B. Hollander , 60 years old , was named chief executive officer , succeeding Barrett B. Weekes .",0.9215671054908885,0.13852484284138264,0.9645678806564794,0.7782915875563883,0.8614751571586172
869,"Mr. Hollander 's Stamford , Conn.-based High Technology Holding Co. acquired most of its 49.4 % stake in Newport in August .",1.3311005688701938,0.18901481526096983,0.9999999999999999,0.6820648273932834,0.8109851847390301
870,"Mr. Hollander was named chairman last week , succeeding Mr. Weekes , who was among the ousted directors .",0.7368421052631549,0.10338111975847702,0.9381863466973903,0.8585785330361505,0.8966188802415226
871,"The company has declined requests to discuss the changes , but Mr. Weekes has said that Mr. Hollander wanted to have his own team .",0.7200000000000006,0.09269138258718108,0.9362356084028904,0.8801155742741581,0.9073086174128189
872,"Scott Wakeman was named president and chief operating officer of U.S. operations , titles that had been held by Mr. Weekes .",1.0165694534818304,0.13818019132241577,0.9457575396221617,0.791566791798453,0.8618198086775841
873,"Mr. Wakeman was vice president of the instrument and controls division of closely held Omega Engineering Inc. , another company controlled by Mr. Hollander .",1.1206404972401387,0.15549178855713877,0.9743853746024572,0.7451818945422892,0.8445082114428609
874,A company spokesman did n't know Mr. Wakeman 's age .,0.43226250019667845,0.07059693211210298,1.0,0.8681166926700835,0.9294030678878968
875,"James R. Lees , 51 , vice president of Newport 's European operations , was named executive vice president and chief operating officer of European operations , assuming some former duties of Mr. Weekes .",1.1259974152633436,0.15076414732933552,0.9173523532673121,0.7905359006241621,0.8492358526706645
876,"Arthur B. Crozier , 34 , an attorney , was named secretary , succeeding John Virtue , who was another of the ousted directors .",0.6887712379549438,0.09702984753686944,0.9756460601869602,0.8403708962359941,0.9029701524631302
877,UNIFIRST Corp. declared a 2-for-1 stock split .,0.5,0.09090909090909091,0.9999999999999999,0.8333333333333333,0.9090909090909091
878,"The Wilmington , Mass. , garment service company also boosted its quarterly dividend 20 % to three cents a share adjusted for the split .",1.4562548782626665,0.1898276667788879,0.9066402504500052,0.7322588637663091,0.8101723332211122
879,The dividend had been five cents a share .,0.44444444444444464,0.07538827312875093,0.9999999999999999,0.8597933880952316,0.924611726871249
880,"The split and quarterly dividend will be payable Jan. 3 to stock of record Nov. 16 , the company said .",0.7792632369809649,0.10482502126891836,0.9620690559064711,0.836978623402624,0.8951749787310814
881,The split will raise the number of shares outstanding to about 10.2 million .,0.7142857142857162,0.1035133059717252,0.9558527829814878,0.844063605476315,0.8964866940282752
882,"Separately , UniFirst reported that net income rose 21 % to $ 3 million , or 29 cents a share adjusted for the split , for the fourth quarter ended Aug. 26 .",1.4537626803344583,0.184909984347694,0.8775434895316545,0.7609353694318145,0.815090015652306
883,"A year earlier UniFirst earned $ 2.4 million , or 24 cents a share adjusted for the split .",1.0665611845521212,0.1435615829965475,0.9097010566553454,0.809067814182368,0.8564384170034518
884,Sales rose to $ 52.4 million from $ 50.1 million .,0.545454545454545,0.10325690234988039,0.9287082776283172,0.8669051185911277,0.8967430976501195
885,"Fibreboard Corp. said it completed the previously reported sale of approximately 27,500 acres of timberland near Truckee , Calif. , to closely held Sierra Pacific Industries Corp. , Arcata , Calif. , for $ 32.5 million .",1.686584540375895,0.21851069757833186,0.8643715355573923,0.7131110275632326,0.7814893024216684
886,"The lumber , insulation and fireproofing concern said the transaction , which includes a swap of other timber interests , would result in a $ 13.5 million after-tax gain , to be recorded in the fourth quarter .",1.201282644519595,0.14763797914253188,0.9564499462416852,0.7687057962180447,0.8523620208574683
887,Healthcare International Inc. said it reached a 120-day standstill agreement with its HealthVest affiliate calling for Healthcare to pay HealthVest $ 5 million right away and additional amounts in the future .,1.1599817337113674,0.14650233604075258,0.8882030414943202,0.8214024332275135,0.8534976639592475
888,"Under the agreement , Healthcare , a manager of health-care facilities , said it would pay HealthVest $ 3.9 million in overdue rent and mortgage payments and repay $ 1.1 million in funds that HealthVest advanced for construction work on facilities .",1.540167783191917,0.19236775620676042,0.8953328314365654,0.7355799401730211,0.8076322437932392
889,"In return , HealthVest agreed that it wo n't exercise its rights and remedies against Healthcare during the 120-day period .",0.9883279762934958,0.12994346285539574,0.8881002455259702,0.8527314241050659,0.870056537144604
890,"After the payment , Healthcare still will be $ 6.5 million in arrears on rent and mortgage payments to HealthVest , a real estate investment trust whose portfolio consists largely of properties operated by Healthcare .",1.2572534702455567,0.15293301112123872,0.9126296722038276,0.7902928948745734,0.8470669888787615
891,"Healthcare has given HealthVest a 12 % note for that overdue amount , to be repaid over three years .",0.6754887502163456,0.08925157976417714,0.9615688296478676,0.865030226282342,0.9107484202358227
892,"In addition , Healthcare agreed to make monthly rent and mortgage payments of $ 2.7 million to $ 3 million to HealthVest during the standstill period , to be paid when Healthcare successfully completes asset sales .",1.0236298102953318,0.11999769806707299,0.9536162133620291,0.816939109033412,0.8800023019329273
893,"Because Healthcare actually owes HealthVest $ 4.2 million in rent and mortgage payments each month , the amount due above the amount paid will be added to the three-year note .",1.2830463713166873,0.16342140067430255,0.8677942371732588,0.807530715299989,0.8365785993256973
894,"The funds should help ease a cash bind at HealthVest , which has been unable to pay its debts because Healthcare has n't made complete rent and mortgage payments since July .",1.2665414066556497,0.15620002150535278,0.8621065289537071,0.8262547292873446,0.8437999784946474
895,A spokesman said HealthVest has paid two of the three banks it owed interest to in October and is in negotiations with the third bank .,1.1059572116216705,0.14511076044547488,0.8944052274657429,0.8187172452797921,0.8548892395545249
896,"Healthcare , which has been in a severe liquidity bind , said it is able to make the payments because it completed a transaction with Greenery Rehabilitation Group Inc. in which Greenery purchased stock and warrants for $ 500,000 and loaned Healthcare $ 9 million .",1.3809953790289216,0.16077099634170552,0.9144585370187923,0.7754363722046155,0.8392290036582946
897,The loan is backed by Healthcare 's 5.4 % stake in HealthVest and interest in certain facilities .,0.6666666666666661,0.09630237014511245,0.9336691471212688,0.8755904835733481,0.9036976298548876
898,I was pleased to note that your Oct. 23 Centennial Journal item recognized the money-fund concept as one of the significant events of the past century .,1.4353662037838344,0.1932919203672198,0.8592701608468435,0.760205824457133,0.8067080796327805
899,"Actually , about two years ago , the Journal listed the creation of the money fund as one of the 10 most significant events in the world of finance in the 20th century .",0.975331160550887,0.13576386578368618,0.963486263845209,0.7835241637995083,0.8642361342163137
900,"But the Reserve Fund , America 's first money fund , was not named , nor were the creators of the money-fund concept , Harry Brown and myself .",0.9091216543655278,0.11671473722415206,0.9803463046720692,0.8037122134833288,0.8832852627758482
901,"We innovated telephone redemptions , daily dividends , total elimination of share certificates and the constant $ 1 pershare pricing , all of which were painfully thought out and not the result of some inadvertence on the part of the SEC .",1.2831027479031114,0.16427730518891082,0.8933502393159521,0.785079401551964,0.835722694811089
902,President,-0.0,0.0,1.0,1.0,1.0
903,The Reserve Fund,0.666666666666667,0.26631956334878915,1.0,0.5793801642856952,0.7336804366512111
904,"The crowning moment in the career of Joseph F. O'Kicki came as 300 local and state dignitaries packed into his elegant , marble-columned courtroom here last year for his swearing in as President Judge of Cambria County .",1.8128099430073767,0.252845677544963,0.8142440599840943,0.6902787237560534,0.747154322455037
905,Baskets of roses and potted palms adorned his bench .,0.6754887502163465,0.11317814411679862,0.9297367778539066,0.847693881548703,0.8868218558832013
906,The local American Legion color guard led the way .,0.8754887502163449,0.15177409542471376,1.0,0.7364516253185088,0.848225904575286
907,"As the judge marched down the center aisle in his flowing black robe , he was heralded by a trumpet fanfare .",1.1863575213686284,0.1727374566863621,0.8961169456407713,0.7682341917388098,0.8272625433136377
908,"To many , it was a ceremony more befitting a king than a rural judge seated in the isolated foothills of the southern Allegheny Mountains .",0.947276557041949,0.1306072896337457,0.9160753739481636,0.827237188587684,0.8693927103662541
909,"But then Judge O'Kicki often behaved like a man who would be king -- and , some say , an arrogant and abusive one .",1.1607820003461526,0.14868609606643016,0.8853811381344899,0.8197711756886553,0.8513139039335696
910,"While his case may be extreme , it reflects the vulnerability of many small communities to domineering judges .",0.736842105263154,0.100415112120841,0.9400395344132125,0.8624685139386534,0.8995848878791584
911,"Last March , nine months after the judge 's swearing-in , the state attorney general 's office indicted him on a sweeping array of charges alleging more than 10 years of `` official oppression '' in Cambria County , a depressed steel and mining community in western Pennsylvania .",1.616105626832196,0.19795668753785864,0.9099566021975951,0.7170116860784,0.8020433124621412
912,"The allegations , ranging from theft and bribery to coercion and lewdness , paint a disquieting picture .",0.978313359690933,0.13703183555232898,0.9651865190433571,0.7803273708586674,0.8629681644476709
913,"According to testimony in a public , 80-page grand-jury report handed up to the state attorney general , Judge O'Kicki extorted cash from lawyers , muscled favorable loans from banks and bullied local businesses for more than a decade .",1.4289628874017852,0.1920802770414666,0.86809993926447,0.7555424493588395,0.807919722958533
914,"Prosecutors , in an indictment based on the grand jury 's report , maintain that at various times since 1975 , he owned a secret and illegal interest in a beer distributorship ; plotted hidden ownership interests in real estate that presented an alleged conflict of interest ; set up a dummy corporation to buy a car and obtain insurance for his former girlfriend -LRB- now his second wife -RRB- ; and maintained 54 accounts in six banks in Cambria County .",1.7220165027433483,0.20947127211239916,0.8194345984692135,0.7635927016893779,0.7905287278876009
915,"In testimony recorded in the grand jury report , court employees said the judge , now 59 years old , harassed his secretaries , made imperial demands on his staff and hounded anyone who crossed him .",1.8454236469592962,0.23939746325831884,0.8218671353544102,0.7078380313739728,0.7606025367416812
916,"Bailiffs claimed they were required to chauffeur him to and from work , mow his lawn , chop his wood , fix his car and even drop by his house to feed his two grown mutts , Dixie and Husky .",1.1646001454110824,0.14293384329854017,0.9210873807798912,0.8013662834107222,0.8570661567014599
917,One former bailiff charged that the judge double-crossed him by reneging on a promise of a better paying job after pocketing a $ 500 bribe .,0.8930492672643675,0.1253716607310313,0.97590133574702,0.792398165310569,0.8746283392689683
918,Some of the allegations are simply bizarre .,0.25,0.043478260869565216,0.9999999999999999,0.9166666666666666,0.9565217391304347
919,"Two former secretaries told the grand jury they were summoned to the judge 's chambers on separate occasions to take dictation , only to find the judge in his bikini underwear .",0.9540414066556506,0.1211669152439047,0.9267193601851271,0.8356524980501129,0.8788330847560951
920,One secretary testified that the judge once called her to his office while wearing nothing at all .,1.3060986113514952,0.19174822259237684,0.8498400939632337,0.7705439476157737,0.808251777407623
921,"The judge , suspended from his bench pending his trial , which began this week , vehemently denies all the allegations against him , calling them `` ludicrous '' and `` imaginative , political demagoguery . ''",1.4217124036250768,0.1780832030244127,0.8200982217932866,0.8237434554964079,0.8219167969755873
922,"He blames the indictment on local political feuding , unhappiness with his aggressive efforts to clear the courthouse 's docket and a vendetta by state investigators and prosecutors angered by some of his rulings against them .",1.4269386887062154,0.18430495262477783,0.892993871221753,0.7507123178338982,0.8156950473752224
923,"`` I do n't know whose toes I 've stepped on , '' says the judge .",0.27969926483314644,0.037671770389723636,0.9273917408862824,1.0,0.9623282296102764
924,"`` I 'll find out , eventually , who pushed the state police buttons into action . ''",0.6394319446848309,0.08550617805547779,0.9282863095370064,0.9011051916823766,0.9144938219445219
925,"Even if only some of the allegations stand up , however , they provide ample testimony to the awesome power of judges in rural communities .",1.317871634865015,0.17786110632721422,0.8878821737872481,0.7654603440822928,0.8221388936727856
926,"That power can sometimes be abused , particularly since jurists in smaller jurisdictions operate without many of the restraints that serve as corrective measures in urban areas .",1.3971219813844193,0.1950288752446055,0.8635644242286349,0.7538237852408882,0.8049711247553945
927,Lawyers and their clients who frequently bring business to a country courthouse can expect to appear before the same judge year after year .,1.3443609377704355,0.18351637172040317,0.8491069519340801,0.7862743790325164,0.816483628279597
928,"Fear of alienating that judge is pervasive , says Maurice Geiger , founder and director of the Rural Justice Center in Montpelier , Vt. , a public interest group that researches rural justice issues .",1.7730816117419925,0.2333244174915268,0.9006636447510605,0.6673906009299825,0.7666755825084725
929,"As a result , says Mr. Geiger , lawyers think twice before appealing a judge 's ruling , are reluctant to mount , or even support , challenges against him for re-election and are usually loath to file complaints that might impugn a judge 's integrity .",1.3473629041512911,0.16234276806637576,0.8647538036783322,0.8122071789785011,0.8376572319336243
930,"Judge O'Kicki , a stern and forbidding-looking man , has been a fixture in the local legal community for more than two decades .",0.5629072918469555,0.07461546301372397,1.0,0.8611308592108523,0.925384536986276
931,"The son of an immigrant stonemason of Slovenian descent , he was raised in a small borough outside Ebensburg , the Cambria County seat , and put himself through the University of Pittsburgh Law School .",1.232792789100106,0.1660173364061797,0.9758823406671725,0.7281106162979153,0.8339826635938205
932,"He graduated near the top of his class , serving on the school law review with Richard Thornburgh , who went on to become governor of Pennsylvania and , now , U.S. Attorney General .",1.1824022281501145,0.14985763209858766,0.9398716361268772,0.7760528325904044,0.8501423679014117
933,It was also in law school that Mr. O'Kicki and his first wife had the first of seven daughters .,0.7754887502163443,0.10383644839282317,0.9436054079705252,0.8532638191489139,0.8961635516071764
934,He divorced his first wife three years ago and married the daughter of his court clerk .,0.8679345589507932,0.12273356143883399,0.9172874146275316,0.8405916747308465,0.8772664385611663
935,"Last year , Pennsylvania Supreme Court Justice John P. Flaherty called Mr. O'Kicki one of the finest judges `` not only in Pennsylvania but in the United States . ''",1.2521174269779065,0.16414042867165476,0.9526396582397817,0.7445841354407485,0.8358595713283453
936,"Clearly , the judge has had his share of accomplishments .",0.3636363636363633,0.05547273506256857,0.9445272649374314,0.9445272649374314,0.9445272649374314
937,"After practicing law locally , he was elected to his first 10-year term as judge in 1971 ; in 1981 , he was effectively re-elected .",0.8272990386279586,0.11035572298871897,0.9082840523233144,0.8717541668029472,0.8896442770112808
938,"Six years ago , Judge O'Kicki was voted president of the Pennsylvania Conference of State Trial Judges by the state 's 400 judges .",1.1835988315236126,0.15465829601530295,1.0,0.732114173432911,0.8453417039846971
939,He has been considered several times for appointments to federal district and appellate court vacancies in Pennsylvania .,0.5702590281383566,0.08287802916369089,0.9537373711734674,0.8832140654048408,0.9171219708363092
940,"And when he ran unsuccessfully for a state appellate court seat in 1983 , the Pennsylvania Bar Association rated him `` one of the best available , '' after interviewing local lawyers .",1.2658920457823477,0.1526587932580561,0.8820060009334528,0.8152981781018862,0.8473412067419444
941,"`` He probably was the smartest guy who ever sat on our bench , '' says a former president of Cambria County 's 150-member bar association , who , like most lawyers in Cambria County , refuses to talk about the judge publicly .",1.2981685336082656,0.1492220861921778,0.9169140356890404,0.7935405985313416,0.8507779138078222
942,`` He 's sharp as a tack .,0.0,0.0,1.0,1.0,1.0
943,He could grasp an issue with the blink of an eye . '',0.3657605770894987,0.06100172581990684,1.0000000000000002,0.8850110714518084,0.9389982741800935
944,"For more than a decade , virtually no one complained about Judge O'Kicki .",0.9110633930116778,0.13590564473484448,0.9529943552357751,0.7903652024255984,0.864094355265156
945,"`` What about those institutions that are supposed to be the bedrock of society , the banks and the bar association ... ? '' wrote a columnist for the Tribune-Democrat , a newspaper in nearby Johnstown , shortly after the scandal became public .",1.2832816692434115,0.16336040943713737,0.8495311742958217,0.8241334162583922,0.8366395905628623
946,"`` If only a banker or a lawyer had spoken out years ago , the judicial process would n't be under the taint it is today . ''",0.9685505528129887,0.12210867248558692,0.9006398058011209,0.8562637065599419,0.8778913275144128
947,"Officials with the Pennsylvania Judicial Inquiry and Review Board , the arm of the state that investigates judicial misconduct , counter that they had no inkling of anything amiss in Ebensburg .",1.4602829985375188,0.18860524485655,0.919879089738496,0.7257989258648144,0.8113947551434503
948,"`` Nobody told us ; nobody called us , '' says an official close to the case who asked not to be named .",0.7814536459234773,0.09906274748361309,0.9342712191442242,0.8698999939828933,0.9009372525163869
949,`` Nobody had the guts to complain . '',0.0,0.0,1.0,1.0,1.0
950,Certainly not the lawyers .,0.40000000000000036,0.09425390072448082,1.0,0.8277293767706427,0.9057460992755192
951,"Johnstown attorney Richard J. Green Jr. shelled out $ 500 in loans to the judge over five years , he said in testimony to the grand jury .",1.2003443026584568,0.16113341550820834,0.8727582989665321,0.807508699594084,0.8388665844917917
952,"`` The judge never made a pretense of repaying the money , '' said Mr. Green .",1.0299867649604098,0.1441561330121202,0.9285421988815654,0.7937025337327381,0.85584386698788
953,"Eventually , Mr. Green testified , he began ducking out of his office rather than face the judge when he visited .",0.5231715911057702,0.06988105943926276,0.9745539694460922,0.889559266159632,0.9301189405607373
954,"When Mr. Green won a $ 240,000 verdict in a land condemnation case against the state in June 1983 , he says Judge O'Kicki unexpectedly awarded him an additional $ 100,000 .",1.1241927640949116,0.14593032581844592,0.9293728849236509,0.7900548250766698,0.8540696741815543
955,"Mr. Green thought little of it , he told the grand jury , until the judge walked up to him after the courtroom had cleared and suggested a kickback .",0.9291434326975745,0.12386962865413738,0.9470658295695904,0.8150806358491023,0.8761303713458626
956,`` Do n't you think I ought to get a commission ... or part of your fee in this case ? '' Mr. Green said the judge asked him .,1.0951584324091108,0.13773317858893003,0.8859038652358634,0.8398583311020323,0.8622668214110698
957,"Appalled , Mr. Green never paid the money , he testified .",0.16666666666666696,0.02630225764829898,1.0,0.9487436426212901,0.9736977423517009
958,"But he did n't complain to the state 's Judicial Inquiry and Review Board , either , saying later that he feared retribution .",0.864786979256813,0.11079714116505343,0.9249782872011713,0.8560917579733647,0.8892028588349467
959,Mr. O'Kicki said he will respond to Mr. Green 's allegation at his trial .,0.40000000000000124,0.060479775250380646,0.9588505806211746,0.9209538638490986,0.9395202247496195
960,"Like most of Cambria County 's lawyers and residents who had dealings with the judge , Mr. Green declined to be interviewed for this article .",1.029034134698592,0.1276059786412908,0.9580961159562488,0.8007652389093255,0.8723940213587085
961,And no one with a complaint about the judge would allow his name to be printed .,0.4994249997454743,0.07900532298835786,0.938460257918239,0.9041673182432397,0.9209946770116423
962,"`` I do n't have anything much to say , and I think that 's what you 're going to find from everyone else you talk to up here , '' says local attorney Edward F. Peduzzi .",1.4902418548181746,0.19183736234734983,0.7930913253680173,0.8238178538219164,0.8081626376526503
963,Says another lawyer : `` The practice of law is a matter of biting one 's lip when you live in a small community .,1.0203910001730767,0.13776165670978435,0.9522853767174521,0.7877496253295784,0.8622383432902156
964,One had best not dance on top of a coffin until the lid is sealed tightly shut . '',0.6057776318066779,0.08345770632459437,0.9693255522131425,0.8692106511545868,0.9165422936754054
965,"The judge was considered imperious , abrasive and ambitious , those who practiced before him say .",0.7502875001272651,0.10436105065668777,0.9318940048406845,0.8620992382137977,0.8956389493433126
966,"He sipped tea sweetened with honey from his high-backed leather chair at his bench , while scribbling notes ordering spectators to stop whispering or to take off their hats in his courtroom .",1.3219894819830413,0.180059381733673,0.8678938537128336,0.7770089913765478,0.8199406182663271
967,"Four years ago , he jailed all nine members of the Cambria County School Board for several hours after they defied his order to extend the school year by several weeks to make up for time lost during a teachers ' strike .",0.9585879290435724,0.11630068327322673,0.9399761087502261,0.8337805033209817,0.8836993167267734
968,"Visitors in his chambers say he could cite precisely the years , months , weeks and days remaining until mandatory retirement would force aside the presiding president judge , giving Judge O'Kicki the seniority required to take over as the county 's top court administrator .",1.3268600530360288,0.15408639958527132,0.911015457215346,0.7894956419489355,0.8459136004147287
969,"The judge , they say , was fiercely proud of his abilities and accomplishments .",0.2666666666666657,0.0366277833276291,0.9633722166723707,0.9633722166723707,0.9633722166723707
970,"`` My name is judge , '' Judge O'Kicki told a car salesman in Ebensburg when he bought a new red Pontiac Sunbird in October 1984 , according to the grand-jury report .",1.3752750904622504,0.17319776849819837,0.8747553367557829,0.7838333665534386,0.8268022315018019
971,The dealership dutifully recorded the sale under the name `` Judge O'Kicki . '',0.6792696431662106,0.10215002119260048,1.0000000000000004,0.8146349966367246,0.8978499788073999
972,"Yet , despite the judge 's imperial bearing , no one ever had reason to suspect possible wrongdoing , says John Bognato , president of Cambria County 's 150-member bar association .",1.336090234442608,0.16882808548784414,0.9813511315022365,0.7208569349166887,0.8311719145121558
973,"`` The arrogance of a judge , his demeanor , the way he handles people are not a basis for filing a complaint , '' says Mr. Bognato .",0.8787566708746253,0.11782904879634648,0.9261251206448692,0.8421998974335211,0.8821709512036542
974,"`` Until this came up and hit the press , there was never any indication that he was doing anything wrong . ''",1.120627717861626,0.15133889041916404,0.8425016768629962,0.8549112673856162,0.8486611095808364
975,"State investigators dispute that view now , particularly in light of the judge 's various business dealings in Cambria County .",1.2554537131714412,0.1710729240525524,0.9410673914445896,0.7406670459379892,0.8289270759474476
976,"The judge came under scrutiny in late 1987 , after the state attorney general 's office launched an unrelated investigation into corruption in Cambria County .",1.3328854627712907,0.19854086199862508,0.9222099497189663,0.7086686466900349,0.8014591380013747
977,The inquiry soon focused on the judge .,0.75,0.14285714285714285,0.9,0.8181818181818181,0.8571428571428571
978,"Even his routine business transactions caused trouble , according to the grand jury report .",0.7999999999999998,0.12344825813647592,0.8765517418635239,0.8765517418635239,0.8765517418635239
979,"When the judge bought his new Sunbird from James E. Black Pontiac-Cadillac in Ebensburg five years ago , the dealership had `` certain apprehensions '' about the judge 's reputation , according to the grand-jury report .",1.260248391434887,0.15681026020132002,0.8821079464686336,0.8075605316120897,0.8431897397986803
980,"The dealership took the extra step of having all the paper work for the transaction pre-approved by Ebensburg 's local lender , Laurel Bank .",0.9403910001730758,0.12941387242555333,0.9753320475181307,0.7861567182445877,0.8705861275744462
981,"Then , as an additional precaution , the car dealership took the judge 's photograph as he stood next to his new car with sales papers in hand -- proof that he had received the loan documents .",1.6087548407133845,0.21510442311277336,0.8384879848518811,0.7377423782462564,0.7848955768872269
982,"But when the judge received his payment book , he disavowed the deal .",0.5714285714285721,0.09401128952845068,0.9333004969147368,0.8802299620055797,0.9059887104715495
983,"`` There was no loan , there is no loan , there never shall be a loan , '' the judge wrote the bank on his judicial stationery , according to the report .",0.8174468795435139,0.11201730577213966,0.8951986871366595,0.8808821040375919,0.8879826942278602
984,"Later , the judge went a step farther .",0.2222222222222232,0.03917064001854877,1.0,0.9246117268712492,0.9608293599814515
985,"After Laurel Bank tried to repossess the car , a vice president asked him to intervene in an unrelated legal dispute involving a trust account .",0.8272990386279586,0.1160161292989735,0.945158055450253,0.8302471518904656,0.8839838707010265
986,The judge wrote again .,0.0,0.0,1.0,1.0,1.0
987,"`` I find myself in an adversary relationship with Laurel Bank , and I am not inclined to extend myself as far as any favors are concerned , '' the judge wrote back in a letter attached to the grand jury 's report .",1.2049897729239527,0.1461876827630182,0.8880939658929838,0.8220789394069563,0.8538123172369819
988,"`` Perhaps if my personal matters can be resolved with Laurel bank in the near future , I may be inclined to reconsider your request ... . ''",0.822126786023353,0.10000137904682888,0.9220688257462154,0.8789602428802418,0.8999986209531712
989,The judge now says it was `` unfortunate '' that he chose to write the letter but says `` there was certainly no intent to extort there . '',1.2765362071949635,0.16770403454014174,0.8399057599900955,0.8248228267643932,0.8322959654598586
990,The bank acquiesced .,0.0,0.0,1.0,1.0,1.0
991,"It refinanced the judge 's loan , lowered its interest rate and accepted a trade-in that had n't originally been part of the deal -- a beat up 1981 Chevy Citation the dealer had to repair before it could be resold .",1.6387838434121527,0.19546688354780317,0.8571347032170276,0.7580144505527813,0.8045331164521968
992,The incident was n't the only time the judge got special treatment from his local bank .,1.2867237047604254,0.20049877671041913,0.9405857485268821,0.695220599840514,0.7995012232895811
993,"Two years later , he wrote to complain that the interest he was paying on an unsecured $ 10,000 loan was `` absolutely onerous . ''",0.7213418270062846,0.0861628232511461,0.9613364239696353,0.8708107659888968,0.9138371767488533
994,"Paul L. Kane , Laurel 's president at the time , quickly responded .",0.4285714285714297,0.0677155521151467,1.0,0.8731580672754988,0.9322844478848534
995,"The bank , he wrote back , was `` immediately '' lowering the rate by 3.5 % , `` as a concession to you . ''",1.182880288544748,0.16004982898531872,0.8705524766012079,0.8114263121627712,0.8399501710146812
996,"The judge says he ca n't discuss in detail how he will defend himself at his trial , although he contends that if he were as corrupt as state prosecutors believe , he would be far wealthier than he is .",1.1840995465034858,0.15599165023343792,0.8678447106092908,0.8214463730425844,0.844008349766562
997,His seven-bedroom cedar and brick house outside of Johnstown is up for sale to pay for his lawyers .,0.8421052631578902,0.11313717357107901,1.0,0.7967237529079696,0.8868628264289204
998,The judge says he is confident he will return to his old bench .,0.7142857142857162,0.10798443637269772,0.9117055659629751,0.8731580672754988,0.8920155636273026
999,"Already , he notes , the 76 charges originally filed against him have been trimmed to 27 .",0.7086048612313034,0.09564079757033787,0.9678992099516293,0.8486477367887779,0.9043592024296622
1000,Most of the allegations no longer pending were ethics charges withdrawn by state prosecutors as part of a pre-trial agreement .,1.2147511906822333,0.18033490055542895,0.8590805785752781,0.7837077990822154,0.8196650994445709
1001,The heart of the case -- `` official oppression '' -- remains intact .,0.9110633930116769,0.1419559087777334,0.9059887104715496,0.8149188580733343,0.8580440912222669
1002,"`` If I lose , I lose my position , my career , my pension , my home and my investments , '' says the judge .",0.9051319221387892,0.12976776723015143,0.9150264426759487,0.8296190565510612,0.8702322327698488
1003,`` My God and I know I am correct and innocent .,0.4999999999999991,0.07890677294489666,0.9999999999999998,0.8537282832519082,0.921093227055103
1004,"Many thanks for Alexander Cockburn 's comic masterpiece -LRB- `` U.S. . Economy : A House Built on Junk-Bond Sand , '' Viewpoint , Oct. 19 -RRB- .",1.464983928880498,0.18628964425499422,0.8689594778731576,0.7650668105308263,0.8137103557450062
1005,The use of the abominable construction practices in the Soviet Union -- as evidenced by the collapse of sand apartment blocks during the Armenian earthquake -- as a metaphor for the U.S. economic system was a sublime example of Mr. Cockburn 's satirical muse .,1.714993177916634,0.24400801070080655,0.8910809575631907,0.6564702870158685,0.7559919892991934
1006,I await his sequel : the economic and social resiliency of the San Francisco Bay area and the outstanding work of the local governments and the private charitable organizations there as metaphors for the supremacy of whatever failed system Mr. Cockburn now believes in .,1.545017498562899,0.19824754065071262,0.8907383466293062,0.7289313005937752,0.8017524593492874
1007,It should be a scream .,0.0,0.0,1.0,1.0,1.0
1008,William S. Smith,0.9182958340544896,1.0,1.0,0.0,0.0
1009,"As a money manager and a grass-roots environmentalist , I was very disappointed to read in the premiere issue of Garbage that The Wall Street Journal uses 220,000 metric tons of newsprint each year , but that only 1.4 % of it comes from recycled paper .",1.8048706685810743,0.2143266688167109,0.9154263593888085,0.6881364919465423,0.7856733311832892
1010,"By contrast , the Los Angeles Times , for example , uses 83 % recycled paper .",0.8679345589507914,0.13327622530169586,0.9599816662382223,0.7899807097621605,0.8667237746983041
1011,"With newspapers being the largest single component of solid waste in our landfills , and with our country overflowing with trash , all sectors of our society and all types of businesses must become more responsible in our use and disposal of precious natural resources .",1.889692996773654,0.2570081423456864,0.7989134690873267,0.6943868075008431,0.7429918576543137
1012,The Wall Street Journal is an excellent publication that I enjoy reading -LRB- and must read -RRB- daily .,0.9215671054908867,0.12167046130997897,0.8545766942167109,0.9034405474017482,0.8783295386900204
1013,"Please make me and thousands of other readers more comfortable with our daily purchase of your newspaper by raising your environmental standards to your overall impeccable quality levels , and increase your use of recycled paper .",1.4795964428163284,0.1974611859667359,0.9007026350881459,0.7236691352630347,0.8025388140332642
1014,Virginia M.W. Gardiner,1.584962500721156,1.0,1.0,0.0,0.0
1015,"FIRST AMERICAN FINANCIAL Corp. declared a special dividend of one share of Class B common stock for each share of Class A common stock , payable to holders of record on Nov. 10 if the Securities and Exchange Commission approves this as the effective date of the registration statement .",1.8859897767732994,0.2547686039138207,0.873121565039669,0.6500199555821684,0.7452313960861793
1016,"Shareholders of the Santa Ana , Calif. , title-insurance company approved the creation of this second class of stock , which will be traded on the national over-the-counter market and which the company said would be used for acquisitions and other general corporate purposes .",1.3731211098182454,0.1705799380852598,0.9245196664652733,0.752060284459978,0.8294200619147407
1017,"The following were among yesterday 's offerings and pricings in the U.S. and non-U.S. capital markets , with terms and syndicate manager , as compiled by Dow Jones Capital Markets Report :",1.6866927640949099,0.21938415210800916,0.872757153452916,0.7060722908011979,0.780615847891991
1018,Continental Cablevision Inc. --,1.1887218755408673,0.42284036758887655,1.0,0.4056390622295664,0.5771596324111234
1019,"$ 350 million of senior subordinated debentures , due Nov. 1 , 2004 , was priced at par to yield 12 7/8 % .",1.4591479170272459,0.19778502774938744,0.8902544753013605,0.7300213279477203,0.8022149722506126
1020,"Rated single-B-1 by Moody 's Investors Service Inc. and single-B by Standard & Poor 's Corp. , the issue , which is non-callable for five years , will be sold through underwriters led by Morgan Stanley & Co .",1.3014073718503436,0.16736004229390042,0.8677325455754245,0.8002754501210873,0.8326399577060996
1021,Beatrice Co. --,0.666666666666667,0.26631956334878915,1.0,0.5793801642856952,0.7336804366512111
1022,"$ 251 million of notes , due Nov. 1 , 1997 , was priced in a two-part offering through underwriters at Salomon Brothers Inc .",0.7999999999999998,0.1057231875951567,0.9769017456158696,0.8245385383493663,0.8942768124048434
1023,The size of the issue was scaled back from an originally planned $ 350 million .,0.6721804688852169,0.09496999265525861,0.9999999999999998,0.8265340725457503,0.9050300073447411
1024,"The first part , consisting of $ 151 million of 13 3/4 % senior subordinated reset notes , was priced at 99.75 .",1.0593273033304467,0.14188576854684606,0.9735720297083676,0.7671378621462526,0.858114231453154
1025,The rate on the notes will be reset annually to give the issue a market value of 101 .,0.9473684210526274,0.13855589448581643,0.9654909045453385,0.7776410741453152,0.8614441055141828
1026,"However , the maximum coupon at which the notes can be reset is 16 1/4 % .",0.6326404413037343,0.08658015735981686,0.9659470024203421,0.8663107928464555,0.9134198426401833
1027,The minimum coupon is 13 3/4 % .,0.5,0.09090909090909091,0.9999999999999999,0.8333333333333333,0.9090909090909091
1028,"The second part , consisting of $ 100 million of senior subordinated floating-rate notes , was priced at 99 3/4 to float 4.25 % above the three-month London interbank offered rate .",1.4724817337113683,0.1834292598118424,0.9291286448069822,0.728337392508585,0.8165707401881577
1029,The initial coupon on the floating-rate notes will be 12.9375 % .,0.5,0.07496336164077998,1.0,0.860528527174435,0.9250366383592199
1030,The issue is rated single-B-3 by Moody 's and single-B-plus by S&P .,0.3076923076923084,0.04534559613024766,1.0,0.9132428618858452,0.9546544038697523
1031,New Jersey Wastewater Treatment Trust --,0.6016067457394687,0.316360130955631,1.0000000000000002,0.5193410625009365,0.6836398690443692
1032,"$ 75.1 million , two-part offering of bonds apparently was won by a Merrill Lynch Capital Markets group .",0.4607835527454407,0.058889500082133325,1.0,0.8887712078029556,0.9411104999178661
1033,"The group 's bid for $ 40.9 million of wastewater treatment insured bonds , Series 1989 A , produced a 7.0826 % true interest cost .",1.6923076923076934,0.2286630537461938,0.9026899332608644,0.6733551218116559,0.7713369462538062
1034,The Series 1989 A bonds are insured and rated triple-A by Moody 's and S&P .,0.797180468885216,0.11067616860891086,0.9275954049300443,0.8540852082972755,0.8893238313910892
1035,"The group 's bid for $ 34.2 million of wastewater treatment bonds , Series 1989 B , produced a 7.0808 % true interest cost .",1.6799999999999988,0.23052501423002952,0.8975625059029763,0.6733796898798324,0.7694749857699704
1036,The Series 1989 B bonds are uninsured and rated double-A by Moody 's and S&P .,0.672180468885216,0.09172994313397849,0.963797702465022,0.8587921370618794,0.9082700568660212
1037,"Both the Series 1989 A and Series 1989 B bonds were priced to yield from 6 % in 1991 to 7.15 % in 2008-2009 , according to a Merrill Lynch official .",1.3085719681539771,0.16842969123451246,0.9345020828297149,0.749063837079053,0.8315703087654877
1038,"Matagorda County Navigation District No. 1 , Texas --",1.7233083338141042,0.37328989043026867,1.0,0.45635674880951416,0.6267101095697314
1039,"$ 70.3 million of pollution control revenue bonds -LRB- Houston Lighting & Power Co . Project -RRB- , due Oct. 1 , 2019 , were tentatively priced by a Goldman , Sachs & Co. group at 98 1/4 to yield 7.649 % with a coupon of 7 1/2 % .",1.6500698692803573,0.20203006731763007,0.9049205776543248,0.7136277782063284,0.7979699326823702
1040,Interest on the bonds will be treated as a preference item in calculating the federal alternative minimum tax that may be imposed on certain investors .,0.812285210721682,0.11617244381576688,0.9441206395262193,0.8307730356299052,0.883827556184233
1041,The bonds are insured and rated triple-A by Moody 's and S&P .,0.46153846153846256,0.06651041694280019,1.0,0.8752746979566215,0.9334895830571999
1042,Federal Home Loan Mortgage Corp. --,1.1424588287122237,0.46774088481617887,1.0000000000000002,0.3626383380677455,0.5322591151838213
1043,$ 500 million of Remic mortgage securities is being offered in 11 classes by a Morgan Stanley group .,0.8560348687626496,0.11522425777327931,0.9999999999999998,0.7933612778413858,0.8847757422267202
1044,"The offering , Series 109 , is backed by Freddie Mac 10 % securities .",0.8503258334775641,0.12211262796888284,0.9582013815667277,0.8099955955850698,0.8778873720311171
1045,Complete details were n't immediately available .,0.2857142857142865,0.06005470579745028,1.0,0.8866950819254699,0.9399452942025498
1046,Lomas Mortgage Funding Corp. II --,1.2682734124061352,0.4938147402838364,0.9999999999999998,0.33885410691555,0.5061852597161637
1047,$ 100 million issue of collateralized mortgage obligations is being offered in four classes by a Morgan Stanley group .,0.8132331253245173,0.10657493083536447,1.0,0.807378736196544,0.8934250691646349
1048,The securities yield from 9.35 % to 10.48 % for a 30-year issue with an average life of 21.18 years .,1.0835660715315925,0.16228838395163883,0.9362335290124473,0.7579507879558111,0.8377116160483609
1049,The 10.48 % yield represents a spread to the 20-year Treasury of 2.45 percentage points .,1.0471804688852169,0.15622984686133337,0.9187736650987297,0.7800881465144229,0.8437701531386667
1050,The collateral consists of collateralized whole loans with a weighted average coupon rate of 11.08 % and weighted average remaining term to maturity of 28 years .,1.750412034401486,0.2513982892858297,0.8465500605395075,0.6709686502068971,0.7486017107141704
1051,"The issue is rated triple-A by S&P , Moody 's and Fitch Investors Service Inc .",0.8506025296523001,0.11897541480665957,0.9618250376956448,0.8127477342832773,0.8810245851933404
1052,"The issue is 6 % to 7 % overcollateralized , and 75 % of the loans are covered by a General Electric pool policy covering losses of as much as 10 % of the original principal balance of the loans .",1.0701049507543203,0.1346105140301345,0.9591921242269865,0.7882990579866849,0.8653894859698654
1053,J.C. Penney Co. --,1.1887218755408673,0.42284036758887655,1.0,0.4056390622295664,0.5771596324111234
1054,"$ 350 million of JCP Master Credit Card Trust asset-backed certificates , Series B , with a final stated maturity of Oct. 15 , 2001 , was priced at 99.1875 to yield 9.192 % with a coupon of 8.95 % .",1.6868599867982956,0.21503449095004332,0.9114454396489845,0.6893108637804753,0.784965509049957
1055,"The certificates , which have an average life of 10.05 years , were priced at 1.31 percentage points over the benchmark Treasury 10-year note .",1.1909775004326928,0.15971836463813818,0.8867778842203901,0.7984183257036988,0.8402816353618617
1056,"Rated triple-A by Moody 's and S&P , the issue will be sold through First Boston Corp .",0.8672022485798214,0.11960708302464701,0.9663577237856824,0.8084731349460698,0.8803929169753529
1057,The issue is backed by a 12 % letter of credit from Credit Suisse .,0.9836591668108969,0.1498691029643386,0.9999999999999998,0.7393284112461508,0.8501308970356612
1058,Keio Teito Electric Railway Co . -LRB- Japan -RRB- --,1.3509775004326938,0.2761109739702879,0.9999999999999998,0.5672618140548698,0.7238890260297122
1059,"$ 300 million of bonds due Nov. 16 , 1993 , with equity-purchase warrants , indicating a 3 3/4 % coupon at par via Nomura International Ltd .",1.6792696431662115,0.2236977485666576,0.9107007192090409,0.6764707383838646,0.7763022514333429
1060,"Each $ 5,000 bond carries one warrant , exercisable from Nov. 30 through Nov. 2 , 1993 , to buy company shares at an expected premium of 2 1/2 % to the closing share price when terms are fixed Tuesday .",1.6688386435992717,0.2071098791529309,0.8611405243452626,0.7346637394005537,0.7928901208470691
1061,Diesel Kiki Co . -LRB- Japan -RRB- --,1.0,0.2,1.0,0.6666666666666666,0.8
1062,"$ 200 million of bonds due Nov. 16 , 1994 , with equity-purchase warrants , indicating a 4 1/2 % coupon at par via Yamaichi International Europe Ltd .",1.6768686373479555,0.22395965648306765,0.9132812557560633,0.6746579187348986,0.7760403435169326
1063,"Each $ 5,000 bond carries one warrant , exercisable from Nov. 30 through Nov. 2 , 1994 , to buy company shares at an expected premium of 2 1/2 % to the closing share price when terms are fixed Monday .",1.6688386435992717,0.2071098791529309,0.8611405243452626,0.7346637394005537,0.7928901208470691
1064,Chugoku Electric Power Co . -LRB- Japan -RRB- --,1.0677378304929794,0.22117053009093443,0.9999999999999997,0.6377728996220291,0.7788294699090654
1065,"$ 150 million of 8 7/8 % bonds due Nov. 29 , 1996 , priced at 101 7/8 to yield 8 7/8 % less full fees via Nikko Securities Ltd .",1.7496397083073374,0.2343825421663809,0.861307538170241,0.6890634574573955,0.765617457833619
1066,Fees 1 7/8 .,0.5,0.14285714285714285,1.0,0.75,0.8571428571428571
1067,"Monte dei Paschi di Siena , Singapore branch -LRB- Italian parent -RRB- , via the Law Debenture Trust Corp. --",1.7622556248918277,0.28395486216139215,0.7873794158373304,0.6565624915400098,0.7160451378386081
1068,"10 billion yen -LRB- $ 70 million -RRB- of 6 % bonds due Feb. 24 , 1993 , priced at 101 1/4 , via Daiwa Europe Ltd .",1.8410312507726685,0.2627990177654264,0.8352179325367467,0.6597733234884838,0.7372009822345739
1069,Okobank -LRB- Finland -RRB- --,0.8000000000000003,0.20812433153147844,0.7918756684685216,0.7918756684685216,0.7918756684685216
1070,"10 billion yen of 6 % bonds due Nov. 30 , 1992 , priced at 101.225 to yield 6.056 % via IBJ International .",1.163172790037235,0.17163083906505955,0.8997063089920176,0.76751349783299,0.8283691609349403
1071,"EG&G Inc. said it acquired Laboratorium Prof. Dr. Berthold , a German maker of scientific instruments .",0.7502875001272642,0.11316646511794708,1.0,0.7966764744283666,0.8868335348820533
1072,Terms were n't disclosed .,0.0,0.0,1.0,1.0,1.0
1073,"The Wellesley , Mass. , maker of scientific instruments and electronic parts said Berthold expects 1989 sales of more than 100 million Deutsche marks -LRB- $ 54.5 million -RRB- and employs about 400 people .",1.174840442250388,0.1445725537660415,0.9240413655419354,0.7962989343874713,0.8554274462339582
1074,"Berthold is based in Wildbad , West Germany , and also has operations in Belgium .",0.6006025296523001,0.09385298107130506,1.0,0.8283992772421999,0.9061470189286949
1075,"John M. Kucharski , EG&G 's chairman and chief executive , said the acquisition `` will extend EG&G 's core technologies , strengthen its position in the European Economic Community and assure a strength and presence in the Eastern European market . ''",1.5144050111340412,0.18710885371914204,0.9166951800665885,0.7302047719385153,0.812891146280858
1076,"He said it especially will strengthen the company 's efforts in the rapidly growing field of bio-analytical instrumentation , and in applied nuclear physics .",0.5705865002596173,0.07064226914212525,1.0,0.8680375860767598,0.929357730857875
1077,"Separately , EG&G said it sold most of its Mason Research Institute subsidiary to Transgenic Sciences Inc. , a closely held biotechnology company based in Worcester , Mass .",1.5693025863561054,0.20805101266404172,0.8544476287985552,0.7379701039253972,0.791948987335959
1078,"The sale , for $ 7 million in cash and securities , will leave EG&G with a 12 % stake in Transgenic , executives said .",0.8751879808524388,0.11841746626597904,0.9338490590546241,0.8348565144400408,0.8815825337340206
1079,"Mason is the largest toxicology lab in New England , with annual revenue of $ 8 million and 140 employees .",1.0961690480311352,0.14257318389629914,0.9453694577913456,0.7844533366486494,0.8574268161037005
1080,"Mason serves commercial and government customers , including the National Institutes of Health .",0.3396348215831049,0.046684717412700194,1.0,0.9107950720287573,0.9533152825872997
1081,"The combined companies will become profitable by January 1990 , said James P. Sherblom , Transgenic 's chairman and chief executive officer .",1.0051919773375557,0.13064441758653045,0.9505699956144015,0.8009263612647123,0.8693555824134697
1082,The Internal Revenue Service said it is willing to let the U.S. Tax Court decide how much oil man William Herbert Hunt will owe the government after his assets are liquidated .,1.7359023444260835,0.21660608829975253,0.8719260637142769,0.7111830151284276,0.7833939117002475
1083,The surprise announcement came after the IRS broke off negotiations with Mr. Hunt on a settlement of the one-time tycoon 's personal bankruptcy case .,1.3101955000865377,0.18566596627625134,0.947251640514175,0.7141281343606165,0.8143340337237485
1084,"Although the action removes one obstacle in the way of an overall settlement to the case , it also means that Mr. Hunt could be stripped of virtually all of his assets if the Tax Court rules against him in a 1982 case heard earlier this year in Washington , D.C .",1.766058420854729,0.2218008297154459,0.8511071108988214,0.7167966002720082,0.778199170284554
1085,The IRS has been seeking more than $ 300 million in back taxes from Mr. Hunt .,0.5593985296662902,0.07579686535631068,1.0000000000000002,0.8590870306520065,0.9242031346436894
1086,"Separately , a federal judge hearing Mr. Hunt 's bankruptcy case yesterday turned down a proposed $ 65.7 million settlement between Mr. Hunt and Minpeco S.A. , another major creditor in the case .",0.9975337341439294,0.13196339661035394,0.9157338989636138,0.8250620778857558,0.868036603389646
1087,The Peruvian minerals concern had been seeking a claim of $ 251 million against Mr. Hunt .,0.5882352941176494,0.07753516540208005,1.0,0.8560879164010435,0.9224648345979203
1088,"In addition to turning down the compromise , Judge Harold C. Abramson said he would allow a claim of only $ 19.7 million .",0.5,0.06296950818632595,0.9780904063814081,0.8992790520600176,0.9370304918136741
1089,Minpeco attorneys said they would appeal the decision to a federal district court .,0.3396348215831049,0.04859311664856734,1.0,0.9073174983183622,0.9514068833514328
1090,"Regarding Mr. Hunt 's taxes , he and the IRS have apparently agreed on a basic formula for liquidating his estate in which the IRS would get 70 % of the proceeds from a liquidating trust and 30 % would go to other creditors .",1.1966326984880924,0.1412607790639093,0.8857141666434671,0.8333587890364696,0.8587392209360905
1091,But they have been at odds over how much Mr. Hunt would owe the government after his assets are sold .,0.5480845240155672,0.07403794699052424,0.9055181427236164,0.9473504116872513,0.9259620530094755
1092,The IRS had demanded $ 90 million but Mr. Hunt would agree to no more than $ 60 million .,0.6377443751081726,0.08611055180739073,0.971298872837183,0.8628877526313706,0.9138894481926092
1093,"Grover Hartt III , a government lawyer , warned that Mr. Hunt stood to lose certain oil and gas properties , $ 200,000 in English pottery , a Colorado condominium and other assets he might have kept if he had settled with the IRS .",1.1282422207370422,0.13686112514338925,0.9323870961916522,0.8034656277145875,0.8631388748566107
1094,"`` But they wanted to roll the dice and we 're going to let them , '' Mr. Hartt said .",0.7026136905792111,0.09354970100736505,0.9225644370248767,0.8908894183829483,0.9064502989926346
1095,"Stephen McCartin , Mr. Hunt 's attorney , said his client welcomed the gamble .",0.5836591668108975,0.09897915584028025,0.95220852921112,0.8550557801700246,0.9010208441597196
1096,The Tax Court is n't expected to rule before early next year .,0.3076923076923084,0.043378569057077376,1.0,0.9168497986377478,0.9566214309429227
1097,Japan has found another safe outlet for its money : U.S. home mortgages .,0.6253491072973922,0.08947157413170048,0.9570336748677557,0.8683333996874409,0.9105284258682999
1098,An increasing number of big Japanese investors are buying up U.S. home mortgages that have been pooled and packaged for sale as interest-bearing instruments known as mortgage-backed securities .,1.1724137931034475,0.15686755953261544,0.9125617879656469,0.7835207667137168,0.8431324404673843
1099,"As much as 10 % of new U.S. mortgage securities issued by the Federal National Mortgage Association , or Fannie Mae , and Federal Home Loan Mortgage Corp. , or Freddie Mac , now flow into Japanese hands .",1.2422619470905945,0.16965186116370898,0.9772920027935532,0.7218170311222462,0.8303481388362912
1100,That may not come as a surprise to Americans who have watched the Japanese snap up properties in the U.S. from golf courses to a stake in Rockefeller Center .,1.4793513469201267,0.20735382913642134,0.7705355260730661,0.8160632409888944,0.7926461708635787
1101,"But it marks a big change for the Japanese , who shunned mortgage securities after getting burned by a big downturn in interest rates a few years back .",0.672750862218173,0.08778178126889152,0.9441193400026735,0.882402466729476,0.9122182187311086
1102,"`` You ca n't say it 's a `` tsunami '' -LRB- tidal wave -RRB- , but we 're making some headway , '' says Fannie Mae 's chairman , David O. Maxwell , who visits Tokyo at least once a year to explain and drum up investor interest in mortgage securities .",1.5948929247732222,0.18452118662612,0.822662051995658,0.8084199326720196,0.8154788133738798
1103,`` Interest is a great deal higher than it was a year ago . '',0.4503258334775637,0.0659323262261509,0.9228521132923115,0.9455591968558922,0.9340676737738489
1104,The steady growth of the mortgage securities market in the U.S. has even triggered talk of building up a similar market here .,1.1960771741011733,0.16870507529479725,0.9442720457476719,0.7424631617863945,0.831294924705203
1105,Evidence of the growing Japanese demand for mortgage securities abounds .,1.0463431822115412,0.17817617860826634,0.8480811295952848,0.7971435826713271,0.8218238213917338
1106,"Earlier this year , Blackstone Group , a New York investment bank , had no trouble selling out a special $ 570 million mortgage-securities trust it created for Japanese investors .",1.0841819507882846,0.1341536299117974,0.9644320099203959,0.7855466512534357,0.8658463700882024
1107,"Industrial Bank of Japan , which claims to be the biggest Japanese buyer of U.S. mortgage securities , says it will more than double its purchases this year , to an amount one official puts at several billion dollars .",1.2968575745231803,0.14955383718725854,0.9320377380162569,0.7819899321723075,0.8504461628127411
1108,"And a Fannie Mae seminar this week promises to draw hundreds of prospective investors , who can be expected to channel tens of billions of dollars into the market in the next few years .",0.8535515137407765,0.10740126932609398,0.9841447052637222,0.8166346805546826,0.892598730673906
1109,"`` Last year , there were only several big investors who were interested , '' says Kinji Kato , a vice president at the international arm of Nomura Securities Co .",1.0440170315032367,0.12702151246219137,0.9652824663461589,0.7967867131603837,0.8729784875378088
1110,"`` This year , some investors are changing their policies and investing a lot . ''",0.797180468885216,0.11067616860891086,0.9624378669482337,0.8265340725457504,0.8893238313910891
1111,"Ultimately , he says , strong demand could help to drive down interest rates on mortgage securities .",0.37527152789797036,0.05303674268516522,0.937795241786674,0.9563122981378562,0.9469632573148347
1112,"At the moment , Nomura is the only Japanese institution authorized to act as a primary seller of Fannie Mae instruments .",0.773615909484267,0.10272192156552788,0.9999999999999998,0.8136938795599633,0.8972780784344719
1113,But other Japanese institutions say privately that they are considering asking to join the 59-dealer selling group .,0.63943194468483,0.08550617805547768,0.9685281604226806,0.8661700581019693,0.9144938219445224
1114,These securities are attractive to Japanese investors for three reasons .,0.7958988638330426,0.13819300836452345,0.8721998193769318,0.8516589220365601,0.8618069916354766
1115,"First , they are safe .",0.0,0.0,1.0,1.0,1.0
1116,"While they are n't backed by the full faith and credit of the U.S. government , as Treasury bonds are , it is widely assumed that the government would support them if necessary .",1.0077841913673655,0.12682487879831483,0.9218470277042108,0.8293850452314553,0.8731751212016854
1117,-LRB- U.S. Treasury bonds are still the dollar-denominated investment of choice for long-term Japanese investors -RRB- .,0.9123397061368808,0.12982806527456278,0.916186823812795,0.8285581394821974,0.8701719347254376
1118,"Second , they are liquid .",0.0,0.0,1.0,1.0,1.0
1119,"The secondary market in federally backed mortgage securities now exceeds $ 900 billion , or nearly half of the $ 2.2 trillion in U.S. residential mortgages issued .",1.2156821434752771,0.16119075916725095,0.8718376517812787,0.8081919622599748,0.8388092408327492
1120,"Third , they offer high yields .",0.0,0.0,1.0,1.0,1.0
1121,"At the moment , some offer as much as 1.6 to 1.8 percentage points over Treasury securities of similar maturities .",0.9290369049679468,0.12754191423681224,0.9334829857881827,0.8189223941722018,0.8724580857631873
1122,"But there is a risk , which the Japanese discovered when they first dipped their toes into the market nearly five years ago .",0.6981203125901443,0.08827024521199311,0.9153701774671358,0.9081181732936925,0.9117297547880069
1123,"Since most mortgages can be prepaid or refinanced at any time , issuers of mortgage securities retain the right to buy back their bonds before maturity .",1.037037037037039,0.13509982784326038,0.9110112537451639,0.8232320583411101,0.86490017215674
1124,"That 's a headache for long-term investors , since it forces them to reinvest their money -- usually at lower rates than the original mortgage securities carried .",1.3046187504635993,0.1655288327508509,0.8658595877775934,0.8052788684933916,0.834471167249149
1125,"`` Two or three years ago , the problem was that people did n't understand the prepayment risk , '' says Nomura 's Mr. Kato .",0.6923076923076907,0.08394627117391665,0.9800421973154225,0.8599089458408569,0.9160537288260832
1126,`` So they were surprised and very disappointed by prepayment . '',0.33333333333333304,0.051256357378709705,0.9487436426212901,0.9487436426212901,0.9487436426212901
1127,"Compounding the trouble to Japanese investors , mortgage securities pay interest monthly , since most mortgages require homeowners to make monthly payments .",1.1462838250695784,0.16456277712950249,0.8399183710766973,0.8310036367218012,0.8354372228704977
1128,"But Japanese institutional investors are used to quarterly or semiannual payments on their investments , so the monthly cash flow posed administrative problems .",1.3129072918469582,0.18861504626926076,0.8416118910706444,0.7832539719990887,0.8113849537307393
1129,"As a result , Japanese investors steered clear of the mortgage securities .",0.4615384615384617,0.06959633791089725,1.0,0.869864292828768,0.9304036620891026
1130,But they did n't lose touch with the U.S. issuers .,0.0,0.0,1.0,1.0,1.0
1131,"Since 1985 , Japanese investors have bought nearly 80 % of $ 10 billion in Fannie Mae corporate debt issued to foreigners , money that Fannie Mae uses to buy mortgages from U.S. banks .",1.4738231121563938,0.19108212264535207,0.8560217809156987,0.7667275262898345,0.8089178773546475
1132,"And Japanese investors took up nearly all of two $ 200 million Real Estate Mortgage Investment Conduits , a kind of collateralized mortgage obligation , that were offered to foreigners this year .",0.8416496215399212,0.09932005978324214,0.9785929339203708,0.8342584761470796,0.900679940216758
1133,"In addition , further packaging of mortgage-backed securities , such as Blackstone 's fund , have reduced the effects of prepayment risk and automatically reinvest monthly payments so institutions do n't have to .",1.4920310574470745,0.18808835909176946,0.9105583095727148,0.7325497864260904,0.8119116409082304
1134,Freddie Mac for years has offered a so-called participation certificate that guarantees it wo n't be prepaid for a set number of years and offers semiannual payments .,0.9649839288804936,0.12383364048695633,0.9160937272804236,0.8395740535033791,0.8761663595130436
1135,"As Georgia-Pacific 's bid for Great Northern Nekoosa has shown , uninvited takeovers are still alive despite premature reports of their demise .",1.1419418481082806,0.15839338563219366,0.8800588935376928,0.806373844807151,0.8416066143678066
1136,"Therefore , the debate about poison pills will continue to rage in the boardrooms of corporations and the halls of academia .",0.9777170456512243,0.14040740921687486,0.9326481441416394,0.7971507278978286,0.8595925907831251
1137,"Although poison pills come in different colors and shapes , they usually give current shareholders the right to buy more stock of their corporation at a large discount if certain events occur -- typically , if a hostile bidder acquires more than a specified percentage of the corporation 's stock .",1.6593958918253122,0.2098990114268657,0.8504915815218569,0.7377180695451765,0.7901009885731349
1138,"However , these discount purchase rights may generally be redeemed at a nominal cost by the corporation 's directors if they approve of a bidder .",1.0807640565426864,0.1424195344247518,0.9337761444394104,0.7928817044341563,0.8575804655752478
1139,"Supporters of poison pills argue that their adoption forces bidders to negotiate with a corporation 's directors , who are thereby put in a better position to pursue the long-term interests of the corporation .",1.1741023979943055,0.14784192581482228,0.9061588419537082,0.8042314692747033,0.8521580741851772
1140,Recent studies by Georgeson & Co. conclude that corporations with poison pills have experienced greater stock-price appreciation than corporations without poison pills during the past few years .,1.322126786023353,0.18264793834004014,0.9539337684381004,0.7149827306809446,0.8173520616599598
1141,Critics of poison pills argue that they harm shareholders by letting corporate management defeat takeover bids at premium prices and by deterring premium bids from ever being made to shareholders .,1.5046839649707788,0.20775988015888464,0.8705947905041929,0.7268249252322574,0.7922401198411152
1142,"These critics are backed by several academic studies showing that the adoption of poison pills reduces shareholder values not merely in the short run , but also over longer periods .",1.6449586599900314,0.21232656713088408,0.8750207478866195,0.7161819088630959,0.7876734328691158
1143,Institutional investors that must evaluate poison pills on a regular basis are interested less in this general debate than in the answers to specific questions about the corporation issuing the pill .,1.4869940289210604,0.21659806751631158,0.8151808524488966,0.7540077769123705,0.7834019324836887
1144,Does this corporation have a high-quality management team with a good track record ?,0.9721171767454875,0.1712194731129291,0.9427564611746484,0.7393907861381976,0.8287805268870712
1145,"Does this team have a viable strategy for improving shareholder values , and does this strategy require implementation over an extended period ?",0.9352076088837826,0.13230753432075734,0.9724260207313026,0.7833256562801949,0.867692465679243
1146,Will the adoption of this particular form of a poison pill significantly improve the chances for management to carry out this strategy ?,0.7071592394126291,0.1076487414696075,0.960738479895552,0.8330529405719177,0.8923512585303929
1147,"If the answers to these questions are affirmative , then institutional investors are likely to be favorably disposed toward a specific poison pill .",1.2133089782818232,0.16643585832335284,0.9239733403005477,0.7592708024690227,0.833564141676647
1148,"However , the problem is that once most poison pills are adopted , they survive forever .",0.7502875001272642,0.10436105065668763,0.9318940048406843,0.8620992382137977,0.8956389493433125
1149,"Although the current management team may be outstanding , who will be the CEO in 10 years ?",0.33333333333333215,0.045414188737144395,1.0,0.91311732856428,0.9545858112628555
1150,"Although the five-year strategy may be excellent , what will be the strategy in 25 years ?",0.35294117647058965,0.04959754214846214,1.0000000000000002,0.9054922669751327,0.9504024578515383
1151,The solution to this problem is a time-limited poison pill .,0.7958988638330444,0.1475063654532903,0.9999999999999999,0.7429097216466911,0.8524936345467099
1152,"The limit could range from three years to seven years , depending on the composition of the management team and the nature of its strategic plan .",0.9350041665865403,0.1311439439066244,0.9004533785483154,0.8394010865925126,0.8688560560933761
1153,"At the end of this period , the poison pill would be eliminated automatically , unless a new poison pill were approved by the then-current shareholders , who would have an opportunity to evaluate the corporation 's strategy and management team at that time .",0.9895405558440187,0.13058131504344822,0.9689211712257856,0.7884495673642565,0.869418684956552
1154,One rare example of a time-limited poison pill is the shareholder rights plan adopted by Pennzoil last year after it received a huge litigation settlement from Texaco .,1.419119196196771,0.20593890343986446,0.8719979731891837,0.7289127953578205,0.7940610965601356
1155,Pennzoil 's poison pill covers five years in order to give current management enough time to put these proceeds to work in a prudent manner .,1.1640254810188608,0.1583387873602634,0.9305852778797482,0.7682494905325737,0.8416612126397361
1156,"Another interesting example is the poison pill adopted recently by Pittsburgh-based National Intergroup Inc. , a diversified holding company .",1.2509775004326942,0.17391889318060047,0.925906208797228,0.745686143865706,0.8260811068193994
1157,"The State of Wisconsin Investment Board , which owned about 7 % of the company 's voting stock , worked with management to devise a time-limited poison pill .",1.2553921364333354,0.1587326623290868,1.0000000000000002,0.7260236679442015,0.8412673376709133
1158,This pill automatically expires after three years unless continued by a vote of the shareholders .,1.047180468885216,0.15622984686133323,0.9576675788402114,0.7540852082972753,0.8437701531386664
1159,"The attitude of the Wisconsin Investment Board reflects a growing receptivity to time-limited poison pills on the part of institutional investors , as shown by the discussions at recent meetings of the Council of Institutional Investors and my informal survey of several retirement plans with large stock positions .",1.8265297119666872,0.24156352186784777,0.8561361939807205,0.680751178554826,0.7584364781321524
1160,More widespread time limits on poison pills would allow shareholders to evaluate a specific poison pill within the context of a specific management team 's strategy .,1.4172097224626086,0.19827329965561713,0.9280251156788614,0.7056870988308752,0.8017267003443831
1161,Such concrete analysis is likely to lead to more fruitful dialogue between management and shareholders than the abstract debate about poison pills .,1.4558236284940893,0.20592842991932747,0.8957956322625557,0.7130945365227142,0.7940715700806726
1162,Mr. Pozen is the general counsel and a managing director of Fidelity Investments in Boston .,0.75,0.1111111111111111,0.9600000000000001,0.8275862068965517,0.888888888888889
1163,"Michael Blair , former president and chief executive officer of Enfield Corp. , failed to win election to the company 's board at a special shareholder meeting .",1.5983888393629844,0.21065387349901363,0.9332228173300682,0.6839069282287555,0.7893461265009868
1164,"Mr. Blair said after the meeting that he had filed separate lawsuits in the Ontario Supreme Court for unjust dismissal against Enfield and for libel against its largest shareholder , Canadian Express Ltd. , and two executives of Hees International Bancorp Inc. , which controls Canadian Express .",1.7905903521265465,0.23093902343347267,0.8794884091299375,0.6832704219051563,0.7690609765665275
1165,Holders at the meeting elected a full slate of Canadian Express nominees to Enfield 's 11-member board .,0.7505430557959416,0.10841861275365693,0.9652469314257119,0.8283625602383741,0.8915813872463432
1166,Mr. Blair and Hees have been feuding for months .,0.4754887502163454,0.07708502369151794,1.0,0.8568636235841013,0.9229149763084817
1167,Yesterday 's election was a sequel to Enfield 's annual meeting in June when Mr. Blair disallowed proxies in favor of two Hees nominees .,1.1189667380414816,0.15310788719977883,0.9420998779772681,0.7691613586330291,0.8468921128002207
1168,The Ontario Supreme Court overturned Mr. Blair 's decision .,1.16096404744368,0.21174300301849414,1.0,0.6505149978319906,0.7882569969815056
1169,"He later resigned from his executive positions with Enfield , saying that actions by its board `` amounted to -LCB- my -RCB- dismissal . ''",0.7698044999134597,0.10132838551642111,0.9022577237052901,0.8951138990729914,0.8986716144835788
1170,Mr. Blair said his libel suit seeks 10 million Canadian dollars -LRB- US$ 8.5 million -RRB- from Canadian Express and Hees executives Manfred Walt and Willard L'Heureux .,1.331579018398008,0.1793133821429619,0.9266384014744768,0.7364777882474707,0.820686617857038
1171,"He said his suit against Enfield seeks two years severance pay , equivalent to C$ 720,000 .",0.5149933824802044,0.06723210627838418,0.9681183349461695,0.8999081203174193,0.932767893721616
1172,Hees and Canadian Express executives could n't be reached for comment .,0.5629072918469573,0.08519839307066611,0.9477324542020783,0.8840824070190839,0.9148016069293341
1173,Enfield is a holding company with interests in manufacturing concerns .,0.3636363636363633,0.06239519984266492,0.9376048001573352,0.9376048001573352,0.9376048001573352
1174,"It is 38.5 % owned by Canadian Express , another holding company .",0.3076923076923084,0.043378569057077376,1.0,0.9168497986377478,0.9566214309429227
1175,Hees is a merchant bank controlled by Toronto financiers Peter and Edward Bronfman .,1.1688948554714482,0.1897525563040833,0.8802094031991958,0.7505882063534424,0.8102474436959167
1176,All the concerns are based in Toronto .,0.0,0.0,1.0,1.0,1.0
1177,Buying 51 % of Rockefeller Group Inc. is right up Mitsubishi Estate Co. 's alley in one sense : The huge Japanese real estate company is entering a long-term relationship with a similarly conservative U.S. owner of tony urban property .,1.6247076334856994,0.21523688985863565,0.9141123312539003,0.6874825761107348,0.7847631101413644
1178,"But in another sense , the $ 846 million purchase is uncharacteristically nervy , industry analysts say .",0.37527152789797125,0.04990223929172627,1.0,0.9049392649635825,0.9500977607082739
1179,The usually cautious giant will become the majority owner of the company that owns New York 's beloved Rockefeller Center at a time when tensions over Japanese purchases of U.S. property are at an all-time high .,1.655007929185869,0.21354607340851992,0.879084342836519,0.7114838246177589,0.78645392659148
1180,"Officials of Rockefeller Group and Mitsubishi Estate prefer to focus on the affinities , nearly dismissing the threat of a backlash from the U.S. public .",0.7832510760230864,0.10603303275355376,0.9772331192892643,0.8237762642179569,0.8939669672464462
1181,"`` We think there will be positive as well as negative reactions , '' says Raymond Pettit , senior vice president and chief financial officer of Rockefeller Group .",1.2539492405724246,0.1531793500364159,0.9095161182542524,0.7922113262911991,0.8468206499635843
1182,"`` On balance , we think it will be positive . ''",0.16666666666666607,0.024987787213593238,0.9512427610839695,1.0000000000000002,0.9750122127864068
1183,But some Japanese government officials and businessmen worry that the prominent purchase is just the sort of deal that should be avoided for the time being .,0.7081264992134759,0.09297313851176582,0.9514893700039185,0.8665342529368861,0.9070268614882347
1184,"In particular , they criticize the timing , coming as it does on the heels of Sony Corp. 's controversial purchase of Columbia Pictures Entertainment Inc .",0.874431128682847,0.11076315221177384,0.9595028251274768,0.8285600278590921,0.8892368477882264
1185,"`` Officially , yes , we encourage the free flow of direct investment , '' says a Foreign Ministry official .",0.8697458336423987,0.11544374159824285,0.9119642233164349,0.8587476521868049,0.8845562584017567
1186,`` But they did n't have to choose this particular moment . '',0.3076923076923075,0.04337856905707725,0.9566214309429225,0.9566214309429225,0.9566214309429225
1187,"During the past year , government officials and leading business organizations have repeatedly urged Japanese companies to refrain from flashy real estate purchases in the",0.8799999999999963,0.12010486717572508,0.9442840055366161,0.8237268180719396,0.8798951328242746
1188,"Since the mid-1980s , Japan 's other major real estate purchases in the U.S. include Dai-Ichi Seimei America Corp. 's $ 670 million purchase of an office building at 153 East 53rd St. in Manhattan in 1987 and Mitsui Fudosan Inc. 's $ 610 million purchase of the Exxon Building , part of Rockefeller Center , in 1986 .",1.9688948650233975,0.2591810766525095,0.8794584677840158,0.6399378718082162,0.7408189233474904
1189,"In Los Angeles , Arco Plaza was sold to Shuwa Corp. for $ 620 million in 1986 , and Sumitomo Life Insurance Co. paid $ 300 million for Atlanta 's IBM Tower last year .",1.6985912658223024,0.23537412404189154,0.9126249700127336,0.6579302608326559,0.7646258759581084
1190,"Altogether , annual Japanese investment in U.S. commercial real estate grew from about $ 1.3 billion in 1985 to about $ 7.1 billion in 1988 .",1.2511278851146477,0.18924111371761793,0.8745013116014165,0.7556775297787679,0.8107588862823818
1191,Many Japanese companies have taken the warnings by the country 's leaders to heart and sought development partnerships rather than landmark properties .,1.1134626293233394,0.15022589369336825,0.923500889498353,0.7869488227596927,0.8497741063066315
1192,Critics say Mitsubishi Estate 's decision to buy into Rockefeller reflects the degree to which companies are irritated by the pressure to act for the good of Japan .,1.1068919127624115,0.149549686462979,0.9003679717805686,0.8057769155996232,0.8504503135370216
1193,"`` Those who have no money and are n't buying think it 's right to refrain , but those with money who want to buy for themselves pay no attention , '' says an official of the Japan-U.S . Business Council .",1.7448622027415306,0.20604526552446276,0.8469746124101516,0.7471818002419328,0.7939547344755373
1194,"But to Mitsubishi Estate , the acquisition has just the elements that should win support from both sides .",0.8163039475961522,0.11246182023410878,0.8748510401546399,0.9005987136039566,0.8875381797658911
1195,"First of all , it is a friendly acquisition in which Rockefeller sought out Mitsubishi Estate and asked it to buy a majority share .",0.8603910001730775,0.10612518733521088,0.9378796007672207,0.8538143206483138,0.8938748126647892
1196,"Secondly , the two companies found a similarity in their business and development philosophies and intend to cooperate in a range of activities from real estate to telecommunications .",1.155509482907827,0.15146785632349796,0.9037183017957542,0.7996980512223384,0.8485321436765021
1197,"Finally , Mitsubishi Estate has no plans to interfere with Rockefeller 's management beyond taking a place on the board .",0.48879345269001817,0.06550397525130308,1.0000000000000002,0.8770460237168917,0.9344960247486969
1198,"`` We 'll continue to work with them , in keeping with the reputation of the company , and we 'll rely very much on their leadership , '' says Mitsubishi Estate President Jotaro Takagi .",1.0066341932646532,0.12079780678457672,0.9564834158704488,0.8134756071816979,0.8792021932154234
1199,"Rockefeller may well have found its match in Mitsubishi Estate , a company of long history , strong government ties and sound resources .",1.1462406251802886,0.15235097165915046,0.8844322430748206,0.8138032477862476,0.8476490283408494
1200,"In asset terms , Mitsubishi Estate is the largest real estate firm in Japan .",0.9006516669551292,0.13028132393502187,0.9575313698150203,0.7966591520174366,0.8697186760649779
1201,"The core of its holdings is 190,000 square meters of incredibly expensive property in the Marunouchi district , the business and financial center of Tokyo , often jokingly called `` Mitsubishi Village . ''",1.312623249502666,0.1594990475705346,0.9251784627723789,0.7700240428628282,0.8405009524294653
1202,The Mitsubishi family company acquired that property from the government some 100 years ago when it was a portion of samurai residential land running from the moat of the Imperial Palace east toward the hodgepodge of tiny shops and twisted alleys that made up the merchants ' district .,1.5608246097492602,0.19326798739542556,0.917438292309981,0.7198665052959673,0.8067320126045745
1203,"At the time , Japan had just opened its doors to the world after about 250 years of isolation and needed a Western-style business center .",0.908063095170645,0.1138892791695481,0.9786886950986982,0.8095337695841885,0.8861107208304515
1204,"Mitsubishi built the government 's dream development , the story goes , in exchange for the official decision to locate Tokyo 's central railway station there .",1.1111111111111116,0.14616026026054488,0.9776853144125834,0.7578421837067263,0.8538397397394552
1205,"That was just an early step in a relationship with government that has earned the Mitsubishi group the dubious moniker of `` seisho , '' literally government-business , a title that has the pejorative connotation of doing the government 's bidding , but also suggests the clout inherent in maintaining such close ties .",1.3837414501001657,0.1693240637877998,0.9219817572096931,0.755824975863008,0.8306759362122007
1206,Mitsubishi Estate is one of the dozens of companies in today 's Mitsubishi group .,0.9006516669551283,0.13550841797391666,0.955647792308691,0.789211227495875,0.8644915820260832
1207,"It 's known for its cautiousness in part because it has had little need for bold overseas ventures : In the year ended March 31 , 57.4 % of its total revenue came from office building management .",1.7581578934335456,0.22568468653124113,0.884135942059731,0.6887624865508933,0.7743153134687588
1208,"Its earnings can rise 10 % to 12 % annually simply from the natural turnover of tenants and automatic rent increases , says Graeme McDonald , an industry analyst at James Capel Pacific Ltd .",1.0652632147184073,0.1304713117622982,0.963139144141367,0.7925028943090561,0.8695286882377016
1209,"For the latest fiscal year , the company 's net income jumped a robust 19 % to 35.5 billion yen -LRB- $ 250.2 million -RRB- .",1.1199775184139886,0.14722116619420939,0.9059544763755448,0.8054994693464878,0.8527788338057901
1210,"For Mitsubishi Estate , the Rockefeller purchase will catapult it firmly into the overseas real estate business , the one area where it has lagged notably behind Japanese competitors such as Mitsui , which had purchased the Exxon Building .",1.287744375108172,0.1574139726232109,0.8916330070520968,0.7986536589384845,0.842586027376789
1211,"`` Japanese companies need to invest in overseas real estate for diversification , '' says Yoshio Shima , an industry analyst at Goldman Sachs -LRB- Japan -RRB- Corp .",1.0696396554708238,0.13531852966690686,0.9361915138917748,0.8033206347258263,0.8646814703330933
1212,Rockefeller is n't the first overseas purchase for Mitsubishi Estate -- it has already played a leading role in designing Los Angeles 's Citicorp Plaza .,1.0925527675602584,0.14491827430315604,0.9463088269823934,0.7798972187585713,0.8550817256968439
1213,But the Rockefeller investment is its largest .,0.25,0.043478260869565216,0.9166666666666666,1.0,0.9565217391304348
1214,"Nonetheless , it will barely make a dent in Mitsubishi Estate 's finances , analysts say .",0.4705882352941204,0.06300515534991198,0.9674727294582484,0.9083785779402596,0.9369948446500885
1215,"Mitsubishi Estate has n't decided how it will raise the funds for the purchase , which are due in cash next April , but the Marunouchi holdings alone are estimated to have a market value of as much as 10 trillion yen to 11 trillion yen .",1.2070011904936262,0.14132718348584664,0.8943206712443734,0.8257578920097922,0.8586728165141532
1216,"Moreover , as a member of the Mitsubishi group , which is headed by one of Japan 's largest banks , it is sure to win a favorable loan .",0.6251629167387822,0.07543019251203442,0.9663701792622139,0.8862356569372378,0.9245698074879657
1217,Analysts say the company also could easily issue new convertible bonds or warrants .,0.33963482158310576,0.050664190610350004,1.0000000000000002,0.9035577855167632,0.9493358093896503
1218,"Meanwhile , at home , Mitsubishi has control of some major projects .",0.3076923076923075,0.04534559613024753,0.9546544038697523,0.9546544038697523,0.9546544038697523
1219,"It is the largest private-sector landowner of the Minato-Mirai 21 project , a multibillion-yen development in the port city of Yokohama , about an hour outside Tokyo .",0.8831805697571635,0.12896255839949006,0.9461307793549841,0.8069877313527355,0.87103744160051
1220,The project is one of a select group of public projects opened to U.S. firms under a U.S.-Japan construction trade agreement reached last year .,1.4611730005192314,0.20795058871795558,0.8580387085581295,0.7354853420888683,0.7920494112820444
1221,"The centerpiece of that complex , the Landmark Tower , will be Japan 's tallest building when it is completed in 1993 .",0.6202027176734957,0.07845520984234282,0.9766837977558381,0.872298868355092,0.921544790157657
1222,"Mitsubishi is also pushing ahead with a controversial plan to redevelop Marunouchi into a business center of high-tech buildings , a project budgeted for 30 years and six trillion yen .",0.8874120969137724,0.10889317521888055,0.9433863005654817,0.8443174314184061,0.8911068247811196
1223,"Time Warner Inc. and Sony Corp. may be today 's public enemies , but the two entertainment giants could end up becoming partners in a number of ventures as part of a settlement of their acrimonious legal dispute over Hollywood producers Peter Guber and Jon Peters .",1.597735828293632,0.1991879289816819,0.9041643822869314,0.7186637761454394,0.8008120710183176
1224,"The Warner Bros. studio and Sony signaled they are close to a settlement yesterday , asking a Los Angeles Superior Court to postpone a hearing scheduled for tomorrow on Warner 's request for a preliminary injunction blocking Mr. Guber and Mr. Peters from taking the top posts at Columbia Pictures Entertainment Inc .",1.5548340920262849,0.195829902444873,0.9000153329872695,0.726773848750948,0.8041700975551273
1225,"In separate statements , the two sides said they want to have `` further discussions . ''",0.0,0.0,1.0,1.0,1.0
1226,Sony is acquiring Columbia and Guber-Peters Entertainment Co. in two separate transactions valued at more than $ 5 billion .,0.8559707739381865,0.11586140360316675,1.0,0.7923372862811722,0.8841385963968331
1227,"Warner Communications Inc. , which is being acquired by Time Warner , has filed a $ 1 billion breach-of-contract suit against Sony and the two producers .",0.8842334437380481,0.11214404319665196,0.9263873372712148,0.8524018661702947,0.8878559568033483
1228,Warner has a five-year exclusive contract with Mr. Guber and Mr. Peters that requires them to make movies exclusively at the Warner Bros. studio .,0.9207820003461533,0.12431357569276828,0.8950201036111247,0.8571703522849183,0.8756864243072314
1229,"The two sides in the legal battle have hurled accusations of duplicity at each other for weeks , and both Warner and Sony have accused each other of trying to sabotage each other 's prospects for success in the entertainment business .",1.2011479984888833,0.15192139352276687,0.9290409579897964,0.7800962171108796,0.8480786064772329
1230,"But it may amount to little more than posturing ; the two have continued on-again , off-again settlement talks over the last few weeks , and people familiar with the talks say the matter could be resolved within a week .",1.3443759872869219,0.16047773671199544,0.8986248635038644,0.7877142588409851,0.8395222632880048
1231,Both Warner and Sony declined to comment on the terms of the settlement discussions .,0.5836591668108966,0.08381746371967383,0.9999999999999996,0.845329187754529,0.9161825362803258
1232,But the people familiar with the talks said that Warner is n't expected to get any cash in the settlement .,0.3809523809523787,0.05032473394845789,1.0000000000000002,0.9041730003648041,0.9496752660515421
1233,"Instead , Sony is likely to agree to let Warner participate in certain of its businesses , such as the record club of Sony 's CBS Records unit .",1.069639655470823,0.13531852966690675,0.9295629209877104,0.8082662602427326,0.8646814703330932
1234,"Warner has surpassed Sony as the largest record company , but it does n't have a powerful world-wide record club like CBS .",0.6245446946347952,0.08667986208889386,0.9086335556645165,0.9180553160461714,0.9133201379111062
1235,The two sides are also discussing certain business ventures involving cable rights to Columbia 's movies .,0.8235294117647065,0.12124995371906695,0.8824968605566585,0.8750349131728495,0.8787500462809332
1236,"In addition , Sony is expected to agree to swap Columbia 's 35 % stake in the sprawling Burbank , Calif. , studio that Warner and Columbia share , in exchange for the old MGM studio lot that Warner acquired with the purchase of Lorimar Telepictures Corp .",1.76256997779433,0.22321389225910185,0.8999568556796557,0.6832715494976174,0.7767861077408983
1237,"Still , it may be tough for the two to have a smooth partnership in anything , in the wake of sworn affidavits filed over the last week .",0.7022251026413882,0.09034904733347819,1.0,0.8342750011027519,0.9096509526665219
1238,"One , for example , came from CBS Records Chairman Walter Yetnikoff , who will head a committee that will oversee Sony 's entertainment division , including both records and movies .",0.7256025296523019,0.0890375677824613,0.9705071503308816,0.8583019760793776,0.910962432217539
1239,"In his affidavit , Mr. Yetnikoff accused Warner Chairman Steven J. Ross of having an `` antiSony , anti-Japanese bias '' and said that Mr. Ross had tried to talk him out of letting Sony buy CBS Records two years ago for that reason .",1.4650677952430557,0.17403118289885453,0.8891239489618215,0.7711905797048412,0.8259688171011457
1240,"Mr. Ross , who will be chairman and co-chief executive officer of Time Warner after the merger is complete , denied that in his own affidavit , and called Mr. Yetnikoff 's remarks `` vicious '' and his claims `` reckless , irresponsible and baseless , '' saying Warner under his leadership has started a number of businesses in Japan .",1.8787408828680983,0.21894362998672326,0.8527991267990409,0.7204478262742252,0.7810563700132764
1241,"Mr. Ross also said he enjoys `` warm professional and personal relationships '' with Japanese executives including Sony Chairman Akio Morita , `` who has visited my home here . ''",1.387727419633996,0.1733676243514151,0.8454039311695166,0.8086763287878789,0.8266323756485848
1242,"But despite the acrimony between Mr. Ross and Mr. Yetnikoff , officials of the Time side of Time Warner have reportedly been increasingly interested in a settlement that might yield attractive business opportunities .",1.176941542088338,0.15220311744155085,0.9213793491117366,0.7850980083175891,0.8477968825584488
1243,"Time executives such as the company 's president , N.J . Nicholas , who will eventually be co-chief executive of Time Warner alongside Mr. Ross , have no personal relationships or ego at stake in the fight over the Guber-Peters duo , and were never directly drawn into the fray .",1.4669165473163455,0.18025187259966474,0.9043145731388293,0.7496454717605955,0.8197481274003356
1244,"Talks between the two sides could unravel , of course , as they have more than once since Sony announced its plans to hire Mr. Guber and Mr. Peters .",0.824301865106686,0.1006537573736319,0.9587365937297143,0.8468847206284281,0.8993462426263682
1245,But both sides appear to be more willing now to meet each other 's terms to resolve the issue .,0.5754887502163459,0.08229640120791148,0.94132651886254,0.8952373037843385,0.9177035987920884
1246,"And although Warner has said it wanted the producers to fulfill the terms of their contract , the producers said in sworn court declarations that they did n't believe the relationship could be repaired after the acrimony of the legal battle .",1.4911712019783492,0.1922342878030482,0.8245432408397415,0.7916573349113377,0.8077657121969517
1247,Any settlement is also expected to exclude Mr. Guber and Mr. Peters from any of the projects they were working on at Warner .,0.8485219990250128,0.10848718558074127,0.9766558507108769,0.8200245986735935,0.8915128144192587
1248,"The Guber-Peters duo have 50 projects in various stages of development and production at Warner , including `` Bonfire of the Vanities '' and `` A Bright Shining Lie . ''",1.4396513059061524,0.18102873052849897,0.8976551092069064,0.752969801246961,0.8189712694715012
1249,But that does n't mean Mr. Guber and Mr. Peters might not eventually get their hands on some of their projects ; studios develop hundreds of movies but produce only 10 to 20 each year .,1.1558233465121326,0.14467613988660494,0.9060432630054408,0.8099818782295416,0.8553238601133949
1250,"Once a studio chooses not to actually make a movie that is in development , producers are typically free to take it elsewhere .",1.0151886656916789,0.1386603995650144,0.8832792535543846,0.8404634433947132,0.8613396004349856
1251,"Mr. Guber and Mr. Peters also almost certainly would n't be able to participate in future sequels to `` Batman , '' the blockbuster hit they produced for Warner .",1.1169925001442316,0.13682839572158031,0.9296375100465603,0.8055756944553614,0.8631716042784199
1252,"But in acquiring Guber-Peters Entertainment , Sony will actually get a piece of the profits from `` Batman , '' since the publicly held concern gets certain revenue from the movies Mr. Guber and Mr. Peters produce .",1.4634115914325472,0.1758611683307253,0.9237548718688167,0.7439162593668812,0.8241388316692747
1253,The two producers own a combined 28 % stake in Guber-Peters .,0.5,0.07496336164077998,1.0,0.860528527174435,0.9250366383592199
1254,"Southern Co. 's Gulf Power Co. subsidiary pleaded guilty to two felony charges of conspiracy to make illegal political contributions and tax evasion , and paid $ 500,000 in fines .",1.233510676049276,0.15612698719026938,0.932253448373325,0.770798950105875,0.8438730128097309
1255,Gulf Power 's guilty plea before U.S. District Judge Robert L. Vining yesterday marks the end of only one part of a wide-ranging inquiry of Southern Co .,1.4042552292494115,0.2121192507657436,0.973341199063073,0.6617843475729549,0.7878807492342564
1256,The company is the subject of a federal grand jury investigation into whether its officials and its utility subsidiaries conspired to cover up their accounting for spare parts to evade federal income taxes .,1.39781727750972,0.19286365681204046,0.8586980575824857,0.7614160610376123,0.8071363431879596
1257,"`` The terms announced today are strictly between the United States and Gulf Power , '' said U.S. Attorney Robert L. Barr .",1.2502125000940651,0.17184644592659148,0.9111689044811404,0.7590019283614352,0.8281535540734087
1258,`` This is only a further step in a lengthy investigation . '',0.21191442324334364,0.03382033323940702,1.0,0.934572126022259,0.966179666760593
1259,"The plea settlement does not allow Southern Co. to charge any of the $ 500,000 to its customers , or take action against employees who provided information during the federal inquiry .",0.9335719681539754,0.11289684593983901,0.9398643509468048,0.8399508071632986,0.8871031540601609
1260,"Gulf Power had been under investigation for violating the Utility Holding Company Act , which prohibits public utilities from making political contributions .",0.6743380436663902,0.09283715914839369,0.9742855439217631,0.8486927623030212,0.9071628408516066
1261,"In a statement , Southern Co. President Edward L. Addison said , `` We believe our decision to plead -LRB- guilty -RRB- to these charges is responsible and proper .",1.1924812503605793,0.14504777333745492,0.886417172099165,0.8256445142135062,0.8549522266625451
1262,"And our action today will allow Gulf Power to avoid prolonged , distracting legal proceedings . ''",0.9855816177743248,0.14172771626241612,0.8637880096813687,0.8528265522766029,0.8582722837375842
1263,"He did not say what effect , if any , the $ 500,000 fine would have on the company 's earnings .",0.4322625001966802,0.054433263129275676,0.9999999999999998,0.8967535167323304,0.9455667368707243
1264,"Mr. Barr said yesterday 's plea by Gulf Power , which came after months of negotiations , was based on evidence that Gulf Power had set up an elaborate payment system through which it reimbursed outside vendors -- primarily three Florida advertising agencies -- for making illegal political contributions on its behalf .",1.8169704024746425,0.21855373320077448,0.8562769753329205,0.7186434580169349,0.7814462667992257
1265,"The Appleyard Agency , for example , allegedly made contributions from 1982 to 1984 to various funds for political candidates , then submitted bills to Gulf Power .",0.5983888393629808,0.08729792896858538,0.9091263067268871,0.9163060747102509,0.9127020710314147
1266,"The contributions were funded by monthly payments of $ 1,000 to $ 2,000 to Appleyard in the guise of a `` special production fee '' -- in effect , hiding the nature of the payments from the Internal Revenue Service , federal prosecutors said .",1.1427982658937923,0.14046507613165246,0.9276880141624938,0.8007103171964488,0.8595349238683478
1267,"The government also indicated that former Gulf Power senior vice president Jacob F. `` Jake '' Horton was the mastermind behind the use of the ad agencies -- Appleyard , Dick Leonard Group II Inc. and Hemmer & Yates Corp. -- to make payments to various political candidates from 1981 to 1988 .",1.9570334794885191,0.24070776659288892,0.8720630113021882,0.6723476375268218,0.759292233407111
1268,"Mr. Horton , who oversaw Gulf Power 's governmental-affairs efforts , died mysteriously in a plane crash in April after learning he might be fired following the uncovering of irregularities in a company audit .",1.1205508842535297,0.1357956713343375,0.9397571533922555,0.7998958124698362,0.8642043286656624
1269,Government officials declined to say whether the investigation includes the ad agencies or the politicians involved .,0.5593985296662902,0.07927839181241121,1.0,0.8530900045552093,0.9207216081875887
1270,"In New York Stock Exchange trading , Southern Co. rose 50 cents a share to $ 27.125 .",0.9035923614716879,0.13347813255520294,0.9504060613092431,0.7962442176719922,0.8665218674447969
1271,` Frequent Drinker ' Offer Stirs Up Spirited Debate,1.1949875002403858,0.23226811204890577,0.8162983545263645,0.7246199192766694,0.7677318879510943
1272,"TO GRAB a bigger piece of the declining scotch market , Seagram Co. has launched a controversial `` frequent drinker '' promotion for its Chivas Regal brand .",1.5130188563071512,0.20384437719900944,0.8379445450643457,0.75833679850205,0.7961556228009904
1273,"Under the program , dubbed Chivas Class , customers who send in two labels from Chivas bottles will receive an upgrade in seating class on some Trans World Airlines flights .",1.099995660326126,0.14088480827248157,0.9083508336746045,0.8149425879491115,0.8591151917275185
1274,Repeat customers also can purchase luxury items at reduced prices .,0.3636363636363642,0.06390009031153418,0.936099909688466,0.936099909688466,0.936099909688466
1275,"But at a time of mounting concern over alcohol abuse , some liquor marketers consider Seagram 's frequent buyer promotion risky .",0.984158384291054,0.13786036289356662,0.9713060579920664,0.7750326535168941,0.8621396371064329
1276,"`` I 'm surprised they 're doing this , '' says Penn Kavanagh , president of Schieffelin & Somerset Co. , which markets Johnnie Walker scotches .",1.2561535911442103,0.16719999237468386,0.8621108081988711,0.8054167417262814,0.8328000076253163
1277,"`` I would be very leery of anything that says if you drink more , you get more . ''",0.5754887502163459,0.07784366204277116,0.9007741753515452,0.9445783027695943,0.9221563379572286
1278,Others question the impact on Chivas 's upscale image of a promotion that has customers soaking off labels .,0.7110407897014142,0.09655945259825145,0.9404769413800371,0.8692106511545866,0.9034405474017481
1279,"`` It 's really bizarre , '' says Albert Lerman , creative director at the Wells Rich Greene ad agency .",1.1602156179333472,0.1560700172352224,0.9427542132165667,0.7638584993264395,0.8439299827647776
1280,"`` Chivas has an image of something you would savor , rather than guzzle . ''",0.5,0.06896551724137931,0.9310344827586207,0.9310344827586207,0.9310344827586207
1281,Chivas Class is n't the first such promotion .,0.44444444444444464,0.07538827312875093,0.9999999999999999,0.8597933880952316,0.924611726871249
1282,"Last year , J&B Scotch offered 500 TWA frequent flier miles in exchange for a label .",0.9855816177743231,0.14669109025466823,0.9241447042310073,0.7925591617437611,0.8533089097453321
1283,And Dewar 's gave discounts on Scottish merchandise to people who sent in bottle labels .,0.8443609377704329,0.12227122358431242,0.8777287764156874,0.8777287764156874,0.8777287764156874
1284,But the scope of Seagram 's Chivas promotion sets it apart .,0.5000000000000009,0.07496336164078012,0.9487436426212901,0.9024855221679389,0.9250366383592199
1285,The current campaign is just the first leg of an aggressive three-to-five-year direct marketing plan .,1.3977829985375179,0.22906150309019152,0.9495401493182859,0.6488874486793055,0.7709384969098084
1286,Seagram says the promotion is designed to build brand loyalty rather than promote heavy drinking .,0.922180468885216,0.1350622207694249,0.9085598557276255,0.8253125976409265,0.864937779230575
1287,"Seagram asks customers to buy only two or three bottles over a 12-month period , says Richard Shaw , vice president of U.S. direct marketing .",1.0769230769230749,0.1369709790192637,0.9363134618607244,0.8003836855515675,0.863029020980736
1288,`` We 're not asking them to save up 50 proof-of-purchases .,0.16666666666666696,0.02379844619454642,1.0,0.9535095090581449,0.9762015538054536
1289,"We 're not saying drink more , we 're saying trade up . ''",0.28571428571428825,0.042280644241500756,0.9577193557584994,0.9577193557584994,0.9577193557584994
1290,Goya Concocts a Milk For Hispanic Tastes,0.0,0.0,1.0,1.0,1.0
1291,MOST FOOD companies these days are trimming the fat and cholesterol content of their products to appeal to health-conscious consumers .,0.9523809523809481,0.12905927162520503,0.9341780825497186,0.8157220248359114,0.8709407283747943
1292,But Goya Foods Inc. believes it can milk some sales by bucking the trend .,0.39999999999999947,0.05395357506286694,0.9633722166723707,0.9293328156610812,0.946046424937133
1293,"The Secaucus , N.J. , company has formed a joint venture with a distributor called La Lecheria to market a higher-fat milk targeted at Hispanic consumers .",1.1851851851851896,0.1543998032494407,0.9359159730623299,0.7711812964724395,0.84560019675056
1294,"To give Leche Fresca the creamier taste Goya says Hispanics prefer , the new brand has a butterfat content of 3.8 % .",1.0593273033304484,0.1398575933207761,0.925854993421602,0.8031395521684309,0.8601424066792239
1295,That compares with 3.5 % butterfat for whole milk .,0.2754887502163461,0.049473881385635514,1.0,0.9057167934083037,0.9505261186143643
1296,"A spokesman for Borden Inc. , the nation 's largest milk producer , concedes Goya may be on to something .",1.0649775226952496,0.1451179099207783,0.9427542132165668,0.7819940785491564,0.8548820900792213
1297,"Borden sells considerably more whole milk than reduced-fat milks in southern and Hispanic markets , he says .",0.666666666666667,0.08947391570926516,1.0,0.8357484021982919,0.9105260842907349
1298,"Borden even tested a milk with 4 % butterfat in the South , but decided the market was too small .",0.8930898810554,0.12321502273462431,0.9709001560396806,0.7993036751803038,0.8767849772653753
1299,Goya is selling Leche Fresca in nearly 500 grocery stores and bodegas in New York and parts of New Jersey .,1.1981552123204828,0.17079778917697586,1.0,0.7082369120340756,0.829202210823024
1300,"And it 's adding 15 to 20 new outlets a day , says Greg Ricca , sales director at La Lecheria .",0.761585795552886,0.09771886951457918,0.9656101157427911,0.8467476704828103,0.9022811304854208
1301,"Because of Leche Fresca 's success , he says , the joint venture is developing other dairy products tailored to Hispanic tastes .",0.7612945654055183,0.09384891768451349,0.9999999999999998,0.8284060693076786,0.9061510823154862
1302,Jewelry Makers Copy Cosmetics Sales Ploys,1.6666666666666663,0.4757475776542761,0.733680436651211,0.40783617806826955,0.524252422345724
1303,"FOR YEARS , costume jewelry makers fought a losing battle .",0.545454545454545,0.08558286026041424,1.0,0.8423282765538795,0.9144171397395857
1304,Jewelry displays in department stores were often cluttered and uninspired .,0.7272727272727275,0.11746137379367941,0.9376048001573352,0.8335817948122942,0.8825386262063208
1305,"And the merchandise was , well , fake .",0.0,0.0,1.0,1.0,1.0
1306,"As a result , marketers of faux gems steadily lost space in department stores to more fashionable rivals -- cosmetics makers .",1.7170198868553346,0.24458885055500382,0.8205759444268106,0.6998348272884402,0.7554111494449962
1307,"But lately , retailers say , fake has become more fashionable .",0.5,0.0789067729448968,0.8974872852425805,0.9459744918689593,0.9210932270551033
1308,And jewelry makers are beginning to use many of the same marketing tricks honed in the aggressive world of cosmetics .,0.524740476602565,0.07180834939179354,1.0000000000000002,0.8660052435073083,0.9281916506082066
1309,"Last year , the total women 's fashion jewelry business topped $ 4.9 billion , says Karen Alberg , editor of Accessories magazine .",1.0110276044370998,0.133100173965542,0.9753145999973293,0.7801763774076701,0.8668998260344578
1310,"And it 's growing fast , with annual sales gains of more than 10 % .",0.2971804688852169,0.03987490474504553,1.0,0.9233082660941374,0.9601250952549544
1311,"To increase their share of that business , jewelry makers such as Crystal Brands Inc. 's Trifari and Monet units and Swank Inc. , maker of Anne Klein jewelry , are launching new lines with as much fanfare as the fragrance companies .",1.7213026146745012,0.21509190186760274,0.8626086917588085,0.7200487735304082,0.7849080981323975
1312,"They 're hiring models to stroll the aisles sporting their jewels , and they 're even beginning to borrow a perennial favorite of the beauty business -- offering a gift when consumers make a purchase .",1.0101257771277838,0.12843256857652546,0.9063126626207234,0.8393878895400938,0.8715674314234741
1313,"`` We 've started trying just about anything to keep sales moving in the stores , '' says Kim Renk , a Swank vice president .",0.981145192474111,0.11869809774773174,0.9221044705440624,0.8439572992926601,0.8813019022522678
1314,But there are limits .,0.0,0.0,1.0,1.0,1.0
1315,Ms. Renk says retailers nixed a promotion for pins with animal motifs .,0.8272990386279613,0.13203220784509564,0.9464536648194254,0.8015022035805716,0.8679677921549045
1316,Her idea : bring in live zoo animals .,0.44444444444444464,0.07538827312875093,0.9246117268712492,0.9246117268712492,0.9246117268712492
1317,"Trifari , whose national ads earlier this year included paper cutouts of its costume finery , takes a tamer approach .",0.9697394274571538,0.13387780298914834,0.8826879025315004,0.8501668256538678,0.8661221970108515
1318,"The company focuses on the how-to aspects , says Andrew E. Philip , president .",0.39999999999999947,0.061414408927377956,1.0,0.8842781699384674,0.938585591072622
1319,Trifari now trains sales help to advise customers on the best earring styles .,0.4824919644402481,0.06764963894544354,1.0,0.8732737098805868,0.9323503610545565
1320,But cosmetics firms still have one big marketing edge : They motivate sales people with commissions .,0.9626192927411941,0.14278545478849544,0.9117458768025813,0.8088381060245229,0.8572145452115048
1321,Jewelry makers rarely pay commissions and are n't expected to anytime soon .,1.23076923076923,0.19947281163139446,0.8892142185244476,0.7279264232185142,0.800527188368605
1322,Odds and Ends,0.666666666666667,0.26631956334878915,1.0,0.5793801642856952,0.7336804366512111
1323,"DESPITE GROWING interest in the environment , U.S. consumers have n't shown much interest in refillable packages for household products .",1.1788041667696865,0.1740694948816985,0.8452172902294449,0.8075042829368971,0.8259305051183014
1324,"Procter & Gamble Co. recently introduced refillable versions of four products , including Tide and Mr. Clean , in Canada , but does n't plan to bring them to the U.S. .",1.3596804688852169,0.16544870542946716,0.9420132676161078,0.749096654720483,0.8345512945705328
1325,Marketers believe most Americans wo n't make the convenience trade-off ... .,0.16666666666666785,0.023798446194546546,1.0,0.9535095090581449,0.9762015538054536
1326,"Braumeisters Ltd. tests a beer brewed with oat bran , rather than rice or corn .",1.1006025296523,0.15952154291479523,0.9206197368373449,0.7731726587593863,0.8404784570852046
1327,"Called Otto 's Original Oat Bran Beer , the brew costs about $ 12.75 a case .",0.6829200279080485,0.09726241684920031,0.9999999999999998,0.8227180383549629,0.9027375831507995
1328,"No cholesterol , of course .",0.0,0.0,1.0,1.0,1.0
1329,"Northwest Airlines settled the remaining lawsuits filed on behalf of 156 people killed in a 1987 crash , but claims against the jetliner 's maker are being pursued , a federal judge said .",0.7976298670224624,0.10126420444924843,0.9412630332841204,0.8598852885241416,0.8987357955507514
1330,"Northwest , a unit of NWA Inc. , and McDonnell Douglas Corp. , which made the MD-80 aircraft , also are pursuing counterclaims against each other in the crash near Detroit Metropolitan Airport .",1.0521893385534513,0.13938277498174115,0.9822134335381572,0.7658112117694339,0.8606172250182588
1331,Terms of the settlements for the remaining 145 lawsuits against Northwest were n't disclosed .,0.5006516669551297,0.07384464854931864,0.9999999999999998,0.8624667941511334,0.9261553514506812
1332,A total of 157 lawsuits were filed on behalf of crash victims .,0.7315211541789957,0.12083322367265943,0.9453491308808581,0.8216447632803787,0.8791667763273407
1333,U.S. District Judge Julian A. Cook Jr. announced the settlements as the jury trial was to begin yesterday .,1.4736842105263133,0.2335056011049029,0.8638158449705048,0.6888818205422211,0.7664943988950966
1334,He reset opening arguments for today .,0.0,0.0,1.0,1.0,1.0
1335,"The jury will resolve the claims against McDonnell Douglas , Northwest 's claim that a defect in the aircraft caused the crash , and McDonnell Douglas ' claim that the plane was improperly flown .",1.0861717837429552,0.1442601395117987,0.9494753885002998,0.7788491508587184,0.855739860488201
1336,The National Transportation Safety Board ruled that pilots failed to set the plane 's wing flaps and slats properly for takeoff and failed to make mandatory preflight checks that would have detected the error .,1.479269643166207,0.17775082341333656,0.8986211139090508,0.7578417815817986,0.8222491765866632
1337,"Also , a cockpit warning system failed to alert the pilots the flaps and slats were not set for takeoff , the NTSB said .",0.8407820003461541,0.10995026221668731,0.9470689604397032,0.8395064239306966,0.8900497377833125
1338,"The only passenger who survived the crash was Cecelia Cichan , then 4 , of Tempe , Ariz. , whose parents and brother died in the crash .",1.0983888393629844,0.13919563440813415,0.9596351676347279,0.7804295700947994,0.8608043655918662
1339,She now lives with relatives in Alabama .,0.0,0.0,1.0,1.0000000000000002,1.0000000000000002
1340,"Sun Myung Moon , the Korean evangelist-industrialist who in 1954 founded the Unification Church , remains the mystery man behind a multimillion-dollar political and publishing operation based in this country and catering to the American right .",1.111335553480104,0.14988430620496374,0.8876808185816465,0.8156008684673928,0.8501156937950364
1341,But there may be less there than meets the eye .,0.3636363636363633,0.05547273506256857,0.8948855177025863,1.0,0.9445272649374314
1342,"Mr. Moon planned to convert millions of Americans to his unique brand of Christianity -- in which he plays the role of Old Testament-style temporal , political messiah -- and then to make the U.S. part of a unified international theocracy .",1.377344557903914,0.16547215190481315,0.8969746976723156,0.7802100822003839,0.834527848095187
1343,His original strategy -LRB- in itself a brilliant innovation for spreading a religion -RRB- was to create new economic enterprises each time he wanted to extend and fund his various religious missions .,0.954841666797785,0.12194152959364378,0.9341268066497307,0.8283397074802469,0.8780584704063559
1344,Tax-exempt airport and street-corner solicitations were intended only to provide start-up funds .,0.21191442324334364,0.03223729085582722,1.0000000000000002,0.9375389919713144,0.9677627091441728
1345,"More stable industries were to build an economically viable infrastructure for the Moon movement in North America , as they had in Japan and South Korea .",0.694625463043093,0.08995181693862588,0.9793542393281526,0.8499030141771566,0.9100481830613744
1346,Then he would move his movement to Europe .,0.0,0.0,1.0,1.0,1.0
1347,But that was not to be .,0.0,0.0,1.0,1.0,1.0
1348,Throughout the 1970s and early 1980s spokesmen for both the Unification Church and its opponents in the anticult movement gave wildly exaggerated membership figures .,1.0545811190640109,0.1430378776180204,0.9753016255835348,0.7642329179327184,0.8569621223819798
1349,Their legacy lives on .,0.0,0.0,1.0,1.0,1.0
1350,"It is still common to read in the press that the church has 10,000 or more full-time American members and 25,000 `` associates . ''",0.7501955000865408,0.09129223719167742,0.9589075646925942,0.8635025139174927,0.9087077628083227
1351,"Some estimates have gone as high as 80,000 members .",0.1999999999999993,0.03309145580571036,0.9359370254787319,1.0,0.9669085441942895
1352,"But internal church documents clearly show that at its publicity-seeking heights , as when it organized a spectacular Yankee Stadium bicentennial rally in 1976 , there actually were only about 2,000 full-time Unification Church members in the U.S.",1.8983938286162525,0.23951016699544694,0.8178356828042588,0.7106591017642296,0.760489833004553
1353,"Mr. Moon 's support for a Watergate-beleaguered Richard Nixon , the Koreagate scandal , and his prison sentence for income-tax evasion did not help the church 's recruitment efforts .",1.0699955156703291,0.14637820690405182,0.9281539551489246,0.7901699543564991,0.8536217930959483
1354,"Defections , burnouts , and abduction `` deprogrammings '' kept member turnover high .",0.9649839288804962,0.15163138992459924,0.9042906361944436,0.7989602931126701,0.8483686100754011
1355,That the membership number has even kept close to its 1976 size is the result of the `` graying '' of the church .,1.198120312590146,0.1750105235599737,0.8714230495256345,0.7832539719990889,0.8249894764400265
1356,"Many of the enthusiastic young `` Moonies '' of the Nixon era who remained faithful to Father Moon are now parents , producing new members by procreation rather than conversion .",1.161290322580646,0.139724217487769,0.9326742128219945,0.798307509161044,0.8602757825122311
1357,The reputed wealth of the Unification Church is another matter of contention .,0.5776750003328432,0.09790890096400776,1.0,0.8216447632803787,0.9020910990359926
1358,"For a while in the 1970s it seemed Mr. Moon was on a spending spree , with such purchases as the former New Yorker Hotel and its adjacent Manhattan Center ; a fishing/processing conglomerate with branches in Alaska , Massachusetts , Virginia and Louisiana ; a former Christian Brothers monastery and the Seagram family mansion -LRB- both picturesquely situated on the Hudson River -RRB- ; shares in banks from Washington to Uruguay ; a motion picture production company , and newspapers , such as the Washington Times , the New York City Tribune -LRB- originally the News World -RRB- , and the successful Spanish-language Noticias del Mundo .",2.1945323634655374,0.2792960218150407,0.79371228779641,0.659995395355733,0.7207039781849595
1359,Yet these purchases can be misleading .,0.0,0.0,1.0,1.0,1.0
1360,"Most were obtained with huge inputs of church money from South Korea and Japan , minimum cash downpayments and sizable mortgages .",0.8645250003933578,0.12099301266044668,0.9616539690438783,0.8094415288875844,0.8790069873395535
1361,"Those teams of young fund-raisers selling flowers , peanuts or begging outright at traffic intersections brought in somewhere near $ 20 million a year during the mid-to-late 1970s , but those revenues were a pittance compared to the costs of Mr. Moon 's lavish international conferences , speaking tours , and assorted land buys .",1.972117784614447,0.24267941467258874,0.8182842341790666,0.7048109039018636,0.7573205853274111
1362,"Only his factories in Japan and Korea , employing his followers at subsistence wages and producing everything from rifles to ginseng to expensive marble vases , kept the money flowing westward .",1.5494940289210604,0.21063940717658175,0.8059829546679136,0.7734100061492094,0.7893605928234182
1363,"Virginia Commonwealth University sociologist David Bromley , who more than any other researcher has delved into the complex world of Unificationist finances , has concluded that profitable operations in the U.S. have been the exceptions rather than the rule .",1.0254887502163452,0.1310586991143144,0.9662146530882194,0.7894624230949832,0.8689413008856853
1364,"Likewise , journalists John Burgess and Michael Isikoff of the Washington Post have estimated that at least $ 800 million was transferred from Japan to the U.S. to deal with the church 's annual operating losses in this country .",1.3468575745231792,0.1623306977594748,0.9108222201549838,0.7753933855679853,0.8376693022405249
1365,Mr. Moon 's two English-language U.S. newspapers illustrate the scope of this financial drain .,0.7169925001442312,0.10497506451307828,0.9582013815667277,0.8396639387564937,0.8950249354869216
1366,"Start-up costs for the Washington Times alone were close to $ 50 million , and the total amount lost in this journalistic black hole was estimated at $ 150 million by 1984 .",0.7264899530617308,0.09240521005704724,0.9611816883639369,0.8596674196543459,0.907594789942953
1367,"Since then , Moon 's organization has inaugurated a pair of high-quality glossy opinion magazines , The World and I and Insight , which are a further drain .",1.362406034631963,0.1727253509231403,0.8874473672432978,0.774743719148737,0.8272746490768598
1368,"Insiders say that not even their editors know for sure how much these show-piece publications , along with the newspapers , have cost Mr. Moon .",1.1451706734929736,0.15617457667667484,0.9068262902426756,0.7890097452869177,0.8438254233233247
1369,"Many American church-owned businesses , such as a $ 30 million factory to build fishing vessels , are defunct .",0.9804820237218399,0.13137248674755675,0.97007283736735,0.7863907367006359,0.8686275132524431
1370,Some components of the American church had their budgets cut in half last year and again this year .,1.0268302633856248,0.14569158960416023,0.9232534731009764,0.7949449414945138,0.8543084103958394
1371,The relatively small academic conferences that have attracted conservative guests -- and press scrutiny -- in recent years are much more narrowly targeted and austere than the thousand-person get-togethers in fancy digs and exotic locales of years past .,2.092965459113855,0.27471735213522586,0.8434444060834411,0.6361602232603214,0.7252826478647744
1372,I attended several of these in the dual role as a presenter of research findings as well as an investigator of my hosts .,1.322305728896234,0.20367509779297088,0.8553657435279372,0.7449082862616566,0.7963249022070292
1373,-LRB- Mr. Moon 's Paragon House eventually even published three of my co-edited books on religion and politics . -RRB-,1.0999999999999988,0.14581402035354113,0.889561584459771,0.8215163605593578,0.8541859796464586
1374,"According to veteran watchers of Unificationist affairs , such as Dr. J. Gordon Melton , director of the Institute for the Study of American Religion , almost all operations are being drastically reduced as Mr. Moon now concentrates more on developing his empire in the Far East .",1.6436219372829397,0.21080916304925404,0.8827765024588823,0.7135458026467808,0.7891908369507458
1375,"`` Everything , '' one non-`` Moonie '' senior consultant to the Unification Church recently told me in an interview , `` is going back to Korea and Japan . ''",1.5009459681606705,0.19789517277301874,0.7853387954255439,0.8196023442843918,0.8021048272269813
1376,-LRB- Europe had proved even less hospitable than North America .,0.614080682014861,0.0973991849255082,0.9399378843056376,0.8681166926700836,0.9026008150744919
1377,European politicians were less reluctant to have their governments investigate and harass new religions . -RRB-,0.7665414066556497,0.1097652970100244,1.0,0.8021828627985418,0.8902347029899755
1378,"So Mr. Moon is in retreat , refocusing on the Far East .",0.7692307692307692,0.1216375834239194,0.947514436354547,0.8186176154790097,0.8783624165760805
1379,South Korea and Japan continue to be profitable .,0.5283208335737166,0.09090909090909056,1.0,0.8333333333333333,0.9090909090909091
1380,"Moon 's Tong'Il industry conglomerate is now investing heavily in China , where church accountants have high hopes of expanding and attracting converts even in the wake of the bloody massacre in Tiananmen Square .",1.4598166837085902,0.1808965328557611,0.9149349436462656,0.7414436902663664,0.8191034671442385
1381,Panda Motors is one such investment .,0.0,0.0,1.0,1.0,1.0
1382,"According to senior consultants to the church , Mr. Moon has successfully negotiated a joint venture with the Chinese government to build an automobile-parts plant in Guangdong Province , an area of China with a substantial Korean minority .",1.2656664204858954,0.16942074814362568,0.9081216913192746,0.7652373779412666,0.8305792518563748
1383,Mr. Moon has agreed to put up $ 10 million a year for 25 years and keep the profits in China .,0.8302119321131993,0.10747059240629814,0.9410046901273336,0.8488037977803695,0.8925294075937017
1384,"In return , he has the government 's blessing to build churches and spread Unificationism in that country .",0.7368421052631557,0.10041511212084123,0.9126772577603219,0.8868628264289203,0.8995848878791585
1385,"Whatever respectability and ties to intellectuals and opinion-makers the publications and conferences bring really are salvage -- not the Rev. Moon 's original final goals , but the ones for which he will have to settle .",1.8488208636909933,0.2314283260547591,0.7869325029463292,0.7510481051777426,0.7685716739452412
1386,"Mr. Shupe is co-author -LRB- with David G. Bromley -RRB- of `` ` Moonies ' in America : Cult , Church , and Crusade '' and `` Strange Gods : The Great American Cult Scare .",2.1048454864115884,0.2796616686367005,0.7515286318677841,0.6916338142104734,0.7203383313632987
1387,The Manville Personal Injury Settlement Trust said it is considering several ways to ease a liquidity crunch that could include the sale of Manville Corp. to a third party .,0.963219898407992,0.12243954265361848,0.9810525737538892,0.7938197043555559,0.8775604573463818
1388,"In a filing with the Securities and Exchange Commission , the majority holder of Manville acknowledged that the cash portion of its initial funding of $ 765 million will be depleted next year , and that alternative sources of funds will be necessary to meet its obligations .",1.4047067076087627,0.167846870098628,0.9075838386649567,0.7682986319669365,0.8321531299013721
1389,"The trust , which was created as part of Manville 's bankruptcy-law reorganization to compensate victims of asbestos-related diseases , ultimately expects to receive $ 2.5 billion from Manville , but its cash flow from investments has so far lagged behind its payments to victims .",1.0216025752106699,0.11802887207347562,0.9481092897528077,0.8244585858993327,0.8819711279265242
1390,Spokespersons for both the trust and the company refused to comment on whether any talks with a possible acquirer of Manville had actually taken place .,0.9888271517133331,0.131376184176026,0.9770094202707722,0.7818845963039068,0.8686238158239737
1391,"The trust is considering a sale of its Manville holdings , but Manville has the right of first refusal on any sales of its stock held by the trust .",1.0527936308491306,0.14270662422572758,0.9441702726006973,0.7850571189224143,0.8572933757742723
1392,"Manville , a forest and building products concern , has offered to pay the trust $ 500 million for a majority of Manville 's convertible preferred stock .",0.9110633930116769,0.11480943336989961,0.9424963900229383,0.8344539573291411,0.8851905666301003
1393,"Manville and the trust are discussing the offer , but no decision has been made .",0.6721804688852169,0.10367621836518699,0.9207767444026481,0.8731360084470111,0.8963237816348129
1394,The filing also said the trust is considering a sale of Manville securities in the open market ; an extraordinary dividend on the common stock ; or a recapitalization of Manville .,1.0324470750723753,0.14432086359669888,0.9422755795404512,0.7836597131456303,0.8556791364033012
1395,"The Soviet Union 's jobless rate is soaring to 27 % in some areas , Pravda said .",0.5974937501201936,0.07717208180737699,0.9698357992989892,0.8801663115996204,0.9228279181926231
1396,It said the situation is caused by efforts to streamline bloated factory payrolls .,0.2857142857142865,0.03898409863092139,1.0,0.924957275703659,0.9610159013690788
1397,"Unemployment has reached 27.6 % in Azerbaijan , 25.7 % in Tadzhikistan , 22.8 % in Uzbekistan , 18.8 % in Turkmenia , 18 % in Armenia and 16.3 % in Kirgizia , the Communist Party newspaper said .",0.535399603108619,0.08289776094538386,1.0000000000000002,0.8468964219244236,0.9171022390546159
1398,"All are non-Russian republics along the southern border of the Soviet Union , and all but Kirgizia have reported rioting in the past six months .",1.2738236722601437,0.1709003944666808,0.9094378544106292,0.7618031632044437,0.8290996055333189
1399,The newspaper said it is past time for the Soviet Union to create unemployment insurance and retraining programs like those of the West .,1.0629072918469555,0.1367314699697204,0.9526791441977592,0.789200659348441,0.8632685300302794
1400,"Pravda gave no estimate for overall unemployment but said an `` Association of the Unemployed '' has cropped up that says the number of jobless is 23 million Soviets , or 17 % of the work force .",1.3469565011851152,0.17266409175315703,0.8750524780636486,0.7845542049392945,0.8273359082468431
1401,"An 11-week dispute involving Australia 's 1,640 domestic pilots has slashed airline earnings and crippled much of the continent 's tourist industry .",1.0921484990766839,0.14356869469254332,0.9403232575305525,0.7862822844151596,0.8564313053074565
1402,"`` The only people who are flying are those who have to , '' said Frank Moore , chairman of the Australian Tourist Industry Association .",1.2699826926405313,0.1592045428751743,0.9356167100766037,0.7634251722738749,0.8407954571248254
1403,He added : `` How is a travel agent going to sell a holiday when he can not guarantee a return flight ? '',0.8170683531015337,0.1071806446574342,0.9315651065030099,0.8571679387886662,0.8928193553425657
1404,"Transport giant TNT , which owns half of one of the country 's two major domestic carriers , said the cost of the dispute had been heavy , cutting TNT 's profits 70 % to $ 12 million in the three months to Sept. 30 .",1.3353461296787064,0.1552248461711425,0.939546353613422,0.7673711161486179,0.8447751538288575
1405,"Brazilian financier Naji Nahas , who was arrested on Monday after 102 days in hiding , is likely to be interrogated next week by the Brazilian judiciary .",1.0269602679344123,0.1304330960232833,0.9410904454945039,0.8081471474290356,0.8695669039767171
1406,"Mr. Nahas , who single-handedly provoked a one-day closure of Brazil 's stock markets in June when he failed to honor a debt of $ 31.1 million owed to his brokers , yesterday blamed his predicament on the president of the Sao Paulo stock exchange ; a few days before Mr. Nahas 's failure , the exchange raised the required margin on stock-margin transactions .",1.797055927802674,0.2092343969151962,0.8712683291156696,0.7238810447075087,0.7907656030848039
1407,China 's parliament ousted two Hong Kong residents from a panel drafting a new constitution for the colony .,0.6971111840966575,0.10582833263652193,0.9142967345947893,0.8749134855799875,0.894171667363478
1408,"The two , Szeto Wah and Martin Lee , were deemed unfit because they had condemned China 's crackdown on its pro-democracy movement .",0.9004016864348676,0.11842939148818071,0.9305792257439274,0.8374657772550584,0.8815706085118192
1409,"The committee is formulating Hong Kong 's constitution for when it reverts to Chinese control in 1997 , and Chinese lawmakers said the two can only return if they `` abandon their antagonistic stand against the Chinese government and their attempt to nullify the Sino-British joint declaration on Hong Kong . ''",1.5140203067923181,0.1729939647516015,0.8584897683386725,0.7977498413999294,0.8270060352483987
1410,NUCLEAR REACTOR FOR ISRAEL ?,0.40000000000000036,0.09425390072448082,1.0,0.8277293767706427,0.9057460992755192
1411,"Israeli officials confirmed that Energy Minister Moshe Shahal and his Canadian counterpart , Jake Epp , discussed a possible Israeli purchase of a $ 1.1 billion Canadian nuclear reactor for producing electricity .",1.5689223488126496,0.19637876892408757,0.9236651485631209,0.7111914114142774,0.8036212310759125
1412,"However , a Canadian Embassy official in Tel Aviv said that Canada was unlikely to sell the Candu heavy-water reactor to Israel since Israel has n't signed the Nuclear Non-Proliferation Treaty .",1.6738600877917884,0.21869205085114427,0.9409922679377757,0.6679570982915347,0.7813079491488559
1413,Israel has been accused in the past of using subterfuge to seek elements needed to develop nuclear weapons .,0.46078355274544247,0.06223867331250861,1.0,0.8828160283066655,0.9377613266874909
1414,The South Korean government is signing a protocol today establishing formal diplomatic relations with Poland .,1.172180468885216,0.1716771311168257,0.9576675788402115,0.7297598789973633,0.8283228688831741
1415,The two are also signing a trade agreement .,0.44444444444444464,0.07538827312875093,0.9999999999999999,0.8597933880952316,0.924611726871249
1416,"South Korean government officials said they do n't expect that Seoul can loan money to Warsaw , but it can `` offer experience . ''",0.9207820003461524,0.11674782913947394,0.883252170860526,0.883252170860526,0.883252170860526
1417,Poland is the second Communist nation to recognize the Seoul government ; South Korea established diplomatic relations with Hungary in February 1989 .,1.0878065221153896,0.14625816148107043,0.9388653270843301,0.7827708645021313,0.8537418385189302
1418,"Venezuela will hold a debt-equity auction Friday , with 32 potential bidders participating .",0.4285714285714297,0.05963862700507131,0.9594344915881372,0.9220318027381572,0.9403613729949286
1419,"Earlier this year , Venezuela announced it was opening up debt-equity swaps to foreign investors but said the program would be limited to a net disbursement of $ 600 million a year .",0.7840697873008269,0.09599218436459768,0.927597302878483,0.8815883696800497,0.9040078156354028
1420,Friday 's auction will be limited to $ 150 million disbursed by the Central Bank to potential investors .,0.6057776318066752,0.07888190670939602,0.9606195618959648,0.8847369790711469,0.9211180932906032
1421,"The office of foreign investment has authorized some $ 1.78 billion worth of investment proposals , said Edwin Perozo , superintendent of foreign investment .",0.5901955000865371,0.07914932066841103,1.0,0.8533116425085876,0.9208506793315886
1422,"Most of the proposals are in tourism , basic industry and fishery and agro-industry projects , he said .",0.9215671054908885,0.1288322092246489,0.8975845318648145,0.8462615329075316,0.8711677907753508
1423,"Under the debt-equity program , potential investors will submit sealed bids on the percentage of discount they are willing to purchase the debt at , and the bids will be allocated based on these discount offers .",1.4713124837229001,0.19439466691695576,0.8599901438440777,0.7576898763361763,0.8056053330830444
1424,The Venezuelan central bank set a 30 % floor on the bidding .,1.2888375001664194,0.21086856301668025,0.9400314753802812,0.6799770467789974,0.7891314369833191
1425,A song by American singer Tracy Chapman praising jailed black leader Nelson Mandela was banned from South African state radio and television .,1.5482452380189917,0.22979234292930123,0.8917387804069924,0.6778293071165371,0.7702076570706986
1426,The South African Broadcasting Corp. said the song `` Freedom Now '' was `` undesirable for broadcasting . '' ...,1.1377443751081735,0.15572501543491638,0.9391020670386104,0.7668420834524053,0.8442749845650835
1427,Britain 's House of Commons passed a law that will force English soccer fans to carry identity cards to enter stadiums .,0.6483937502950212,0.08890933231471633,0.9153976977068864,0.9068239778012228,0.9110906676852839
1428,"The `` anti-hooligan '' law , which would deprive troublemakers of cards , must be ratified by the House of Lords and is expected to become effective early next year .",1.129662903504963,0.13672001668364508,0.891111943404748,0.837133910689465,0.8632799833163549
1429,"A federal judge ruled that Imelda Marcos was n't brought to the U.S. against her will and that marital privileges , which protect spouses from incriminating each other , do n't apply in her case .",1.4619219578636313,0.18142013944014795,0.827477777938887,0.8098712670316357,0.8185798605598522
1430,"As a result , Judge John F. Keenan of New York ordered Mrs. Marcos to turn over to the court all pleadings and documents she may have filed in foreign countries in opposition to U.S. requests for evidence .",1.3807300367170328,0.1751777361036371,0.9154438085320082,0.7505262279889398,0.8248222638963628
1431,Mrs. Marcos had claimed that she did n't have to turn over the documents because she was brought here involuntarily and because providing the materials would violate her marital privilege .,0.8630608871665633,0.10496413857851448,0.9194005403047961,0.8719292021494451,0.8950358614214853
1432,"In 1988 , a year and a half after Mrs. Marcos and her late husband , Ferdinand Marcos , the ousted president of the Philippines , fled the Philippines for Hawaii , they were charged with racketeering , conspiracy , obstruction of justice and mail fraud in a scheme in which they allegedly embezzled more than $ 100 million from their homeland .",1.7048068949034318,0.216561231038434,0.8399342167540981,0.7340643162621467,0.7834387689615658
1433,"Much of the money was fraudulently concealed through purchases of prime Manhattan real estate , federal prosecutors have charged .",1.037744375108172,0.1440089193448342,0.9113523304758483,0.8069706292760812,0.8559910806551656
1434,Mrs. Marcos 's trial is expected to begin in March .,0.4322625001966802,0.06663929502024596,1.0,0.875048115456911,0.9333607049797542
1435,U.S. law requires criminal defendants to turn over foreign documents such as those sought in the Marcos case .,0.8957657899291487,0.12854480408350002,0.8746938007020199,0.8682404849088862,0.8714551959164998
1436,"The law is meant to overcome delays caused by defendants ' use of foreign procedures to block U.S. requests for records , Judge Keenan said in his opinion .",0.702225102641389,0.0893617690703197,0.981089622276689,0.849627077249912,0.9106382309296802
1437,"For instance , the documents could involve foreign business dealings or bank accounts .",0.5903330361778867,0.09148268582691677,0.9370932499654545,0.8816326078792879,0.9085173141730831
1438,"The U.S. has charged that the Marcoses ' alleged crimes involved bank accounts in the Philippines , Hong Kong , the U.S. and other countries .",0.9521110577755163,0.13122233663214314,0.8768435642099616,0.8608588030060809,0.8687776633678564
1439,"On the allegation of kidnapping , Judge Keenan wrote , `` The suggestion that Mrs. Marcos was brought to this country against her will is unsupported by affidavit or affirmation . ''",1.4851808573540746,0.18824016501549432,0.9150791536292838,0.7294045729361288,0.8117598349845054
1440,The judge also said the two marital testimonial privileges cited by Mrs. Marcos do n't apply .,0.47058823529411953,0.061080948039827276,1.0000000000000002,0.8848703331208349,0.938919051960173
1441,The first one permits a witness to refuse to testify against her spouse .,0.7682062501545337,0.11709052281086967,0.9529943552357747,0.8224267686930375,0.8829094771891304
1442,But Judge Keenan said that privilege 's purpose is `` fostering harmony in marriage . '',0.75,0.10344827586206896,0.9629629629629629,0.8387096774193549,0.896551724137931
1443,"Because Mr. Marcos died Sept. 28 , the privilege can no longer apply , the judge said .",0.37527152789797125,0.053036742685165346,0.9999999999999998,0.8992689608343094,0.9469632573148346
1444,The second marital privilege cited by Mrs. Marcos protects confidential communications between spouses .,0.7682062501545337,0.11709052281086967,0.9529943552357749,0.8224267686930375,0.8829094771891305
1445,"But Judge Keenan said that privilege is meant to protect private utterances -- not litigation papers filed with foreign governments , as Mrs. Marcos 's attorneys maintained .",0.6873254463513048,0.08423954397327264,0.9631696012172248,0.8727995085757598,0.9157604560267276
1446,"Though Judge Keenan threw out most of Mrs. Marcos 's objections , he agreed with one of her concerns : that turning over the foreign documents could violate the defendant 's constitutional right against self-incrimination .",1.0492899308560357,0.12551715853724776,0.9195670441998798,0.8336127738193099,0.874482841462752
1447,"As a result , he said he will examine the Marcos documents sought by the prosecutors to determine whether turning over the filings is self-incrimination .",0.6734528847818035,0.0862919931635414,0.9392107473997846,0.8895536246911604,0.9137080068364583
1448,Judge Keenan also directed the prosecutors to show that Mrs. Marcos 's Fifth Amendment right against self-incrimination wo n't be violated .,1.2504443183784968,0.1711815935545032,0.8927581173386494,0.7734253578493747,0.8288184064454966
1449,"Mrs. Marcos 's attorney in New York , Sandor Frankel , declined to comment on the ruling .",0.6394319446848291,0.09704084964008934,0.9999999999999998,0.8230861691760591,0.9029591503599103
1450,Mrs. Marcos has n't admitted that she filed any documents such as those sought by the government .,0.7505430557959407,0.10504653595757407,0.9350109973806345,0.858187198808129,0.8949534640424257
1451,"Charles LaBella , the assistant U.S. attorney prosecuting the Marcos case , did n't return phone calls seeking comment .",1.18048202372184,0.17199732888826802,0.9342418062591662,0.7434587989676094,0.828002671111732
1452,U.S. . AND BRITISH LAW FIRMS announce rare joint venture in Tokyo .,0.6734528847818053,0.10490354572408672,0.9999999999999999,0.8101127539502293,0.8950964542759131
1453,"Sidley & Austin , a leading Chicago-based law firm , and Ashurst Morris Crisp , a midsized London firm of solicitors , are scheduled today to announce plans to open a joint office in Tokyo .",1.2436361092546386,0.1565668312023404,0.946956588518684,0.7603139421058659,0.8434331687976596
1454,The firms will be registered under Japanese law as foreign legal consultants and their practice with Japanese clients will be limited to advising them on matters of foreign law .,0.7324722817012379,0.1011608960189618,0.927687388392857,0.8717308979315146,0.8988391039810385
1455,The office may also be able to advise foreign and multinational clients on international law and general matters .,0.6110337091808828,0.08943453454088038,0.967267302008298,0.8601433069724628,0.910565465459119
1456,"The office will provide `` one-stop shopping '' for Japanese financial institutions and other clients seeking advice on access to the world capital markets , according to A. Bruce Schimberg , Sidley 's senior banking specialist , who will move to Tokyo from Chicago to open the office next year .",1.7852982397521577,0.22263366164577136,0.843974346952986,0.7205029218452311,0.7773663383542287
1457,"The Sidley-Ashurst venture will also be staffed by another Sidley partner specializing in corporate law , a partner from Ashurst concentrating on acquisitions and a Japanese attorney .",0.9451569088110761,0.1299006629260143,0.9021834021927372,0.8402188962289265,0.8700993370739858
1458,"The office will tap the resources of Sidley 's 700 lawyers in the U.S. , London and Singapore as well as the 400 Ashurst staff members in London and Brussels .",1.5371446598194582,0.2085503281501322,0.8597093609425926,0.7332320960255935,0.7914496718498679
1459,Ashurst is new to the Far East .,0.5943609377704346,0.10995202064513891,1.0,0.8018796874098555,0.8900479793548612
1460,Sidley will maintain its association with the Hashidate Law Office in Tokyo .,1.0468954211105235,0.1731466941655326,0.9420223909514853,0.7367769659144062,0.8268533058344673
1461,THE UNITED AUTO WORKERS said it will seek a rehearing of a U.S. appellate court ruling against the union 's claim that the state of Michigan engages in wage-discrimination against female employees .,1.212606437303136,0.15667717524398056,0.9817674798325374,0.7390983355248071,0.8433228247560193
1462,A three-judge panel of the court in Cincinnati made the ruling Saturday .,0.7315211541789957,0.12083322367265943,0.9999999999999999,0.7843867916821335,0.8791667763273404
1463,The UAW is seeking a hearing by the full 14-judge panel .,0.5629072918469555,0.08972515320930859,1.0,0.8353251681030535,0.9102748467906915
1464,"The union sued the state in November 1985 , alleging that it intentionally segregated job classifications by sex and paid employees in predominantly female jobs less than males in comparable jobs .",1.2574634674227338,0.16782880696748428,0.8741341489971389,0.794052566809252,0.8321711930325156
1465,The UAW also charged that the state applied its own standards for determining pay in a discriminatory manner .,0.6455085529731752,0.09316338688961383,0.9558836553848921,0.8625771892487314,0.9068366131103857
1466,"In November 1987 , a district court judge in Detroit ruled against the UAW .",0.8176441670993606,0.13196031074148046,0.9527618899788689,0.7971545224922264,0.8680396892585195
1467,"The union is the bargaining representative for more than 20,000 Michigan state employees .",1.1967776787259625,0.1864740305576879,0.8848778277256081,0.7528223638852595,0.8135259694423121
1468,NEW JERSEY MERGER :,0.0,0.0,1.0,1.0,1.0
1469,"One of the largest law firms in central New Jersey has been created through the merger of Norris , McLaughlin & Marcus , a 41-lawyer firm , and Manger , Kalison , McBride & Webb , a health-care specialty law firm with 14 lawyers .",1.5785680542146094,0.2048894575979966,0.9123294707167928,0.704583466880521,0.7951105424020037
1470,"Norris McLaughlin is a general-practice firm that has expanded recently into such specialties as banking , labor and environmental work .",0.8930898810554009,0.12200487438976547,0.9183493264420376,0.8410381408696335,0.8779951256102345
1471,The merged firm will carry Norris McLaughlin 's name .,0.40000000000000124,0.06406297452126825,1.0,0.8795880017344075,0.9359370254787319
1472,DRUG WARS :,4.440892098500626e-16,1.4009454786722165e-16,1.0,1.0,1.0
1473,A Texas legislator proposes color-coding drivers ' licenses of some drug offenders .,0.8272990386279604,0.12585212145928587,0.9491751493099759,0.8101127539502293,0.8741478785407141
1474,The bill would authorize courts to order the licenses as a condition of probation .,0.7673183336217955,0.11781100479630809,0.9999999999999999,0.789211227495875,0.8821889952036918
1475,"State Senator J.E. `` Buster '' Brown , a Republican who is running for Texas attorney general , introduced the bill .",1.1659765661092356,0.16759790277055758,0.9139181739761998,0.7642367179563898,0.8324020972294423
1476,He said an altered license would be an `` embarrassment '' to teenagers and young adults and would act as a deterrant to drug use .,0.9332562502496291,0.12214877696866498,0.9207007016634647,0.8388128127931354,0.8778512230313347
1477,"Richard Avena , executive director of the Texas Civil Liberties Union , called the proposal `` political gimmickry , '' and said it fails to recognize the drug problem as a health issue .",1.268218102316581,0.15921325080116663,0.94399360066183,0.7579230023769633,0.8407867491988336
1478,"The amendment , offered by Rep. Douglas Bosco -LRB- D. , Calif. -RRB- , was approved 283-132 during debate on a bill designed to strengthen the Transportation Department 's authority in dealing with leveraged buy-outs of airlines .",1.330820236656506,0.16363318234767557,0.9365566362887061,0.7555414245429469,0.8363668176523246
1479,"The bill would require the agency to block the acquisition of 15 % or more of an airline 's stock if the purchase threatened safety , reduced the carrier 's ability to compete , or put the airline under foreign control .",1.182178201295316,0.16427587494552726,0.9132299221892554,0.7703449697119064,0.8357241250544728
1480,"Debate on the legislation , which faces a veto threat from President Bush , is to continue today .",0.8215600249703545,0.11665386174979572,1.0,0.7910653144260842,0.8833461382502037
1481,The amendment would require the department to block the purchase of a major airline by anyone who has run two or more carriers that have filed for protection from creditors under Chapter 11 of the Bankruptcy Code .,1.3231756562498376,0.16295170794486857,0.905294481064055,0.7783703572700243,0.8370482920551311
1482,"In 1983 , Texas Air 's Continental Airlines filed for bankruptcy .",0.5629072918469546,0.08972515320930845,0.9448498934839928,0.8781408934467743,0.9102748467906915
1483,"Earlier this year , Texas Air 's Eastern Airlines filed for bankruptcy .",0.5196067309356511,0.07904470615755642,0.9516333757650957,0.8921933958410669,0.9209552938424437
1484,"`` This ought to be subtitled the ` Do n't let Frank Lorenzo take over another airline ' amendment , '' said Rep. James Oberstar -LRB- D. , Minn. -RRB- , chairman of the House aviation subcommittee , who argued that the provision was unnecessary because the bill already would give the department ample power to block undesirable deals .",1.8134999991745788,0.21068101157799896,0.8551369025564455,0.7329086972078095,0.7893189884220013
1485,"For years , a strict regimen governed the staff meetings at Nissan Motor Co. 's technical center in Tokyo 's western suburbs .",1.087806522115386,0.14976000266455108,0.9726111345936124,0.7552203444232957,0.8502399973354489
1486,Employees wore identification badges listing not only their names but also their dates of hire .,1.047180468885216,0.1622826213929938,0.9153351576804233,0.772234151747081,0.8377173786070061
1487,"No one could voice an opinion until everybody with more seniority had spoken first , so younger employees -- often the most enthusiastic and innovative -- seldom spoke up at all .",1.3832707033278258,0.1741157028942512,0.8518021353032474,0.8014970936371205,0.8258842971057487
1488,"But in 1986 , the badges and the `` do n't speak out of turn '' rule were abolished -- early steps in a cultural revolution still rolling on with all the subtlety of a freight train .",1.4548476977669536,0.18017909785476352,0.8612362671103042,0.7822059678097485,0.8198209021452364
1489,"In recent years , Nissan has instituted flex-time work schedules and allowed employees to dress casually , even in blue jeans .",1.1938482957495635,0.16217727197668103,0.8770594135485782,0.8019463481734064,0.8378227280233186
1490,"A rule forbidding staffers to own competitors ' cars has been lifted , and now many designers drive foreign cars to get useful ideas .",0.8262008812821424,0.1145474329400519,0.9011714575003609,0.870272636413872,0.885452567059948
1491,Nissan 's decades-old corporate song filled with references to Mount Fuji has been scrapped in favor of a snappy tune sung by a popular Japanese vocalist .,1.0225792768309958,0.13829401331642188,1.0000000000000002,0.7570153023760502,0.8617059866835787
1492,"And in a Japanese corporate first , Nissan recently opened the first coed company dormitory for single employees at the suburban Tokyo technical center .",1.4260593781761273,0.21030622437148686,0.8700203923334014,0.722946125953328,0.7896937756285131
1493,"`` We had lots of internal debate about this one , '' concedes Tadahiko Fukuyama , a senior public-relations official .",0.8930898810554009,0.11596960204635542,0.9470084820070203,0.8289063571208727,0.8840303979536444
1494,"`` But in the end , top management decided to follow the voice of the younger generation . ''",0.5263157894736796,0.07251028477378518,0.9696766324820706,0.8888205370726578,0.9274897152262144
1495,"This corporate glasnost is a big reason Nissan , after years of making lackluster cars and lousy profits , has loosened up its rigid ways and now is riding a string of hits , ranging from the sleek Maxima sedan and Porsche-like 300ZX to the whimsically nostalgic Pao , a minicar sold only in Japan .",1.696316401065915,0.20139380745665986,0.8807138550798372,0.730502513349256,0.798606192543341
1496,The company 's turnaround is far from complete ; many crucial tests are just beginning .,0.797180468885216,0.11067616860891086,0.9275954049300443,0.8540852082972755,0.8893238313910892
1497,But its surprising progress so far holds important lessons for companies in trouble .,0.571428571428573,0.092372419277389,0.9076275807226115,0.9076275807226115,0.9076275807226115
1498,The big one : A company 's culture ca n't be radically changed unless top management first admits that things have gone badly awry and then publicly leads the charge .,1.5330899172687245,0.19832624467313104,0.8766952102923647,0.7384798093471806,0.801673755326869
1499,"Atsushi Muramatsu , Nissan 's executive vice president for finance , helped set the tone in December 1986 , when the company was heading toward the first operating loss by a Japanese auto maker since the nation 's postwar recovery .",1.137297328855868,0.15215859474426927,0.9848382651761735,0.7443042564963998,0.8478414052557306
1500,"`` This is a time of self-criticism to discover what is wrong with us , '' he said .",0.5263157894736796,0.06783282806590796,0.9717157066072302,0.8957119664442572,0.9321671719340914
1501,"Yutaka Kume , who took the helm as Nissan 's president in June 1985 , added simply , `` I am deeply disappointed . ''",0.8301955000865364,0.10486071748059732,0.9291506187697494,0.8635299742717293,0.8951392825194024
1502,No wonder .,4.440892098500626e-16,1.4009454786722165e-16,1.0,1.0,1.0
1503,"Nissan , Japan 's second-largest auto maker and the world 's fourth-largest , was getting beat up not only by its bigger rival , Toyota Motor Corp. , but also by Honda Motor Co. , the most successful Japanese car company in the U.S. but a relative pipsqueak in Japan .",1.361923762870612,0.17347171393434369,0.912463691536012,0.7553863513336007,0.8265282860656563
1504,Nissan 's market share in Japan had been dropping year by year since the beginning of the decade .,0.8421052631578929,0.1307171435359086,1.0,0.7687889596736134,0.8692828564640912
1505,"Its U.S. sales sagged , partly because of price increases due to the rising yen .",0.422180468885216,0.055712658127015126,1.0,0.8944548827786957,0.9442873418729848
1506,"Worst of all , Nissan was preoccupied with management infighting , cronyism and corporate rigidity .",0.625,0.09090909090909091,0.9615384615384615,0.8620689655172413,0.909090909090909
1507,"Consider the experience of Satoko Kitada , a 30-year-old designer of vehicle interiors who joined Nissan in 1982 .",0.6455085529731743,0.08688693255001068,1.0,0.8401178081216587,0.9131130674499887
1508,"At that time , tasks were assigned strictly on the basis of seniority .",0.6792696431662097,0.10215002119260033,1.0000000000000002,0.8146349966367245,0.8978499788073999
1509,"`` The oldest designer got to work on the dashboard , '' she recalls .",0.39999999999999947,0.053953575062866944,0.9633722166723705,0.9293328156610808,0.9460464249371328
1510,`` The next level down did doors .,0.0,0.0,1.0,1.0,1.0
1511,"If a new person got to work on part of the speedometer , that was a big deal . ''",0.7377443751081723,0.1020305399040004,1.0000000000000002,0.8148317379427823,0.8979694600959995
1512,"This system produced boring , boxy cars that consumers just were n't buying .",0.8571428571428585,0.12684193272450137,0.9117055659629754,0.8377379663525487,0.8731580672754989
1513,"Desperately hoping to spark sales , Nissan transferred 5,000 middle managers and plant workers to dealerships .",0.42618308810803107,0.059279829184841294,0.966379134469283,0.9163885400871573,0.9407201708151589
1514,"Meanwhile , President Kume ordered everyone from top executives to rookie designers to go `` town watching , '' to visit chic parts of Tokyo to try to gain insights into developing cars for trend-setters .",1.2851295140691779,0.16778905749986064,0.9088284081385192,0.7675073448824341,0.8322109425001392
1515,Some town-watching excursions were downright comic .,0.2857142857142865,0.053615035438314584,1.0,0.8982265179691366,0.9463849645616855
1516,One group of middle-aged manufacturing men from the company 's Zama plant outside Tokyo was supposed to check out a trendy restaurant in the city .,0.8311400182475674,0.10815978278367677,0.9493335713350024,0.8409130080511591,0.8918402172163227
1517,"But when they arrived at the door , all were afraid to go in , fearing that they would be out of place .",1.1147869792568104,0.14131850507093455,0.9027657151117618,0.8187022937080316,0.8586814949290653
1518,Other trips were more productive .,0.33333333333333304,0.06891905627080991,1.0,0.8710490642551528,0.93108094372919
1519,Mr. Kume himself visited Honda 's headquarters in Tokyo 's upscale Aoyama district .,0.829260033888346,0.13344982291188842,1.0,0.7645245158377653,0.866550177088112
1520,He liked the well-lighted lobby display of Honda 's cars and trucks so much that he had Nissan 's gloomy lobby exhibit refurbished .,0.7814536459234773,0.10120090800168101,0.96798098188371,0.8388464832960282,0.898799091998319
1521,"Later , Nissan borrowed other Honda practices , including an engineering `` idea contest '' to promote inventiveness .",0.8421052631578902,0.11313717357107901,0.9126772577603222,0.8624685139386534,0.8868628264289206
1522,One engineer developed a `` crab car '' that moves sideways .,0.2295739585136216,0.03474698700749839,1.0,0.9328396459351146,0.9652530129925014
1523,"Such sudden cultural shifts may come across as a bit forced , but they seem to be genuine -- so much so , in fact , that some older employees have resisted .",1.6474099386848566,0.20205677180953827,0.8299130266308354,0.768345139645186,0.7979432281904618
1524,"Nissan handled the die-hards in a typically Japanese fashion : They were n't fired but instead `` were neglected , '' says Kouji Hori , the personnel manager at the Nissan Technical Center .",0.912339706136879,0.11282793558404015,0.9384398439966989,0.8412157225983021,0.88717206441596
1525,"Despite the pain of adjusting , the cultural revolution has begun to yield exciting cars .",0.547180468885216,0.07596753833988239,1.0,0.8587921370618794,0.9240324616601174
1526,"A year ago , the company completely revamped its near-luxury sedan , the $ 17,699 Maxima , which competes against a broad range of upscale sedans ; it replaced its boxy , pug-nosed body with sleek , aerodynamic lines .",1.4107364885717715,0.17601438164549252,0.8835403383491403,0.7719524406312711,0.8239856183545071
1527,"Since then , Nissan also has launched new versions of the $ 13,249 240SX sporty coupe and 300ZX sports car .",0.9883279762934949,0.12676873715551862,0.9225644370248766,0.8289063571208727,0.8732312628444808
1528,"The restyled 300ZX costs as much as $ 33,000 and is squared off against the Porche 944 , which begins at $ 41,900 .",0.7814536459234764,0.1020321340548368,0.940243279859354,0.8593304705907043,0.8979678659451629
1529,"Besides new styling , the new Nissans have more powerful engines and more sophisticated suspension systems .",1.338522794244911,0.1957934334947336,0.842216946636267,0.7694789497099814,0.8042065665052666
1530,All three new models are outselling their predecessors by wide margins .,0.5629072918469555,0.08972515320930859,0.9448498934839928,0.8781408934467743,0.9102748467906915
1531,"In its home market , Nissan has grabbed attention with limited-production minicars featuring styling odd enough to be cute .",0.8754887502163466,0.11269919413931806,0.9451519739955954,0.836123111644235,0.8873008058606819
1532,"One is the Pao , a tiny coupe with a peelback canvas top and tilted headlights that give it a droopy-eyed look .",0.9893429348766709,0.1343827256091935,0.9156081328245728,0.8208026556788485,0.8656172743908063
1533,"Nissan initially planned to sell just 10,000 Paos , but sales have passed 50,000 , and there 's a one-year waiting list for the car .",0.7503759617048811,0.09163257634024552,0.8999140770327352,0.916981089337875,0.9083674236597542
1534,"Then , there 's the S-Cargo , an offbeat delivery van with a snail-like body that inspired its name .",1.162255624891828,0.17593641426284182,0.78122404379407,0.8718740509574638,0.8240635857371585
1535,Nissan helped develop a Tokyo restaurant with both vehicles as its design theme .,0.6253491072973905,0.09743778699777876,0.9529943552357749,0.8571995023148347,0.9025622130022214
1536,"The chairs are S-Cargo seats , and a gift shop sells such items as alarm clocks styled like the Pao 's oversized speedometer .",0.7500000000000009,0.09968520242108053,0.9759858448606171,0.8355334376838455,0.9003147975789195
1537,All these vehicles have sharply improved Nissan 's morale and image -- but have n't done much for its market share .,0.9434039773710658,0.12393929683173674,0.9243881185121888,0.8325353887316099,0.8760607031682631
1538,Nissan had 29 % of the Japanese car market in 1980 before beginning a depressing eight-year slide that continued through last year .,1.7549794772434932,0.2527216336173106,0.8473017370337864,0.6683769412923023,0.7472783663826896
1539,"Strong sales so far this year are certain to turn the tide , but even the 25 % market share that Nissan expects in 1989 will leave it far below its position at the beginning of the decade .",1.1669173078032529,0.14871379961092526,0.8988690919619847,0.8084877703838461,0.8512862003890748
1540,"Nissan concedes that it wo n't recoup all its market-share losses in Japan until at least 1995 , and even that timetable might prove optimistic .",0.9042221155510344,0.11473046922201084,0.8873924892404205,0.8831567058160938,0.885269530777989
1541,"`` Everyone else is going to catch up '' with Nissan 's innovative designs , says A. Rama Krishna , auto analyst at First Boston -LRB- Japan -RRB- Ltd .",1.5673183336217962,0.19641082254751346,0.8516505880073123,0.7606625193255739,0.8035891774524868
1542,"Nissan 's pace of new-model hits will slow , he adds , just as arch-rival Toyota unleashes its own batch of new cars .",0.4481203125901452,0.05931331913119912,0.9770863488096087,0.9069016238931238,0.9406866808688009
1543,"Likewise , in the U.S. , Nissan has grabbed 5.2 % of the car market so far this year , up from 4.5 % a year ago .",1.1653282315389522,0.16726664126949903,0.9446956572611087,0.7444978607668076,0.8327333587305008
1544,"But even that brings Nissan only to the share it had in 1987 , and leaves the company behind its high of 5.5 % in 1980 and 1982 .",1.1724137931034502,0.15402502658816503,0.8798143712645798,0.8146422249830684,0.8459749734118355
1545,Why ?,0.0,0.0,1.0,1.0,1.0
1546,"So far , Nissan 's new-model successes are mostly specialized vehicles with limited sales potential .",0.8443609377704329,0.12227122358431242,0.9603883722013241,0.8081704165945509,0.8777287764156874
1547,"In compact and subcompact cars , the bread-and-butter sales generators for Japanese auto makers , Nissan still trails Toyota and Honda .",1.0686261365603151,0.1500254782327368,0.9173527770577218,0.7918167117290696,0.8499745217672635
1548,"Nissan hopes that that will start to change this fall , with its new version of the Stanza compact sedan .",1.1914071432692301,0.1609411232253545,0.9061482315043196,0.7812190240816955,0.8390588767746453
1549,The Stanza has been a nonentity compared with Honda 's hugely successful Accord and Toyota 's Camry .,1.311646693024266,0.18662617388772254,0.8955595571300716,0.7450045654263917,0.8133738261122774
1550,"But this year , Honda has revamped the Accord and made it a midsized car .",0.547180468885216,0.08280001473207443,0.9106981414987777,0.9237953352204201,0.9171999852679256
1551,"Nissan instead has kept its new Stanza a bit smaller than that and cut the base price 6 % ; at $ 11,450 , Stanza prices start $ 749 below the predecessor model yet have a more-powerful engine .",1.3168781137510575,0.15807249061654424,0.8887568454194402,0.7997861149973994,0.8419275093834556
1552,"Accord prices start at $ 12,345 .",0.0,0.0,1.0,1.0,1.0
1553,Nissan 's risk is that its low-base-price strategy might get lost amid the highly publicized rebates being offered by Detroit 's Big Three .,1.0110276044371007,0.12919549264576724,0.8837677946893625,0.858216018711602,0.8708045073542325
1554,"But `` on a new car , a rebate does n't work well '' because it cheapens the vehicle 's image , contends Thomas D. Mignanelli , executive vice president of Nissan 's U.S. sales arm .",1.1786389317415393,0.1474041618679081,0.9403521833956145,0.7798207442040773,0.8525958381320924
1555,"Even if the new Stanza succeeds , Nissan will remain behind in the subcompact segment , where its Sentra does n't measure up to the Honda Civic and Toyota Corolla .",1.125696675878702,0.14465268955756455,0.9017197355110862,0.8135111570489618,0.8553473104424354
1556,Nissan will introduce a completely revamped Sentra next fall .,0.6754887502163456,0.11317814411679848,0.847693881548703,0.9297367778539066,0.8868218558832013
1557,"At the opposite end of the market , Nissan launches its luxury Infiniti division on Nov. 8 -- three years after Honda pioneered Japanese luxury cars and two months after Toyota 's Lexus went on sale .",1.6054078490880475,0.20475767412552198,0.8841149703172125,0.7226049280277518,0.7952423258744782
1558,Nissan started advertising Infiniti fully eight months before the cars hit American showrooms .,0.911063393011676,0.13590564473484423,0.910209376617429,0.8224267686930375,0.8640943552651558
1559,"The ads featured fences , rocks and pussy-willow buds -- almost anything but the cars themselves .",1.5508545868588408,0.24274670914332042,0.7926857707573278,0.7248528915336838,0.7572532908566796
1560,The ads have generated some laughs but also plenty of attention because they are so unlike any other U.S. auto advertising .,1.1372522731206303,0.1571624778842237,0.8993296987716034,0.7930230876321211,0.8428375221157762
1561,"On the other hand , Nissan 's sales goals for Infiniti are modest compared with Toyota 's targets for Lexus .",0.761904761904761,0.10886756474394998,0.9703632480556896,0.8238634311803967,0.8911324352560502
1562,"Nissan will build only about 3,500 of the $ 38,000 Infiniti Q45 sedans each month , sending about 2,000 of them to the U.S. and keeping the rest for sale in Japan .",1.4587565299217493,0.19042986757175062,0.8538852934931275,0.7696277892354639,0.8095701324282499
1563,"Toyota wants to sell about 49,000 Lexus LS400 sedans next year in the U.S. alone .",0.672180468885216,0.09172994313397849,0.9637977024650223,0.8587921370618795,0.9082700568660214
1564,"`` When I saw the Lexus sales projections , I got worried , '' confesses Takashi Oka , who led the Infiniti development team .",1.1305865002596125,0.15040143246429483,0.8812751116469725,0.820120175846867,0.8495985675357048
1565,"But on reflection , Mr. Oka says , he concluded that Nissan is being prudent in following its slow-startup strategy instead of simply copying Lexus .",1.211914423243341,0.1537714108561676,0.9480093251570919,0.7641838338881949,0.8462285891438319
1566,"`` Infiniti is Nissan 's big business move for the 21st century , and we 're in no hurry to generate large profits right away , '' Mr. Oka says .",0.7985447581343061,0.09433837287559921,0.967433392648815,0.8513048089225904,0.9056616271244009
1567,"Despite plans to add two new Infiniti models next year , bringing the total to four , Infiniti wo n't show profits for at least five years , he adds .",0.9275770161988213,0.11193223129309798,0.9500292789355272,0.8336937361330546,0.8880677687069021
1568,"These days Nissan can afford that strategy , even though profits are n't exactly robust .",0.547180468885216,0.07596753833988239,0.963797702465022,0.8874185416306087,0.9240324616601173
1569,"Nissan had record net income of 114.63 billion yen -LRB- $ 868 million -RRB- in the fiscal year ended last March 31 , a remarkable recovery from the 20.39 billion yen of two years earlier , when the company lost money on operations .",1.465099851061595,0.18343125070982158,0.9018851379008721,0.7459988657650113,0.8165687492901788
1570,Nissan has increased earnings more than market share by cutting costs and by taking advantage of a general surge in Japanese car sales .,1.1341367062030674,0.15885273950327192,0.9231409048900978,0.7725308455015496,0.8411472604967279
1571,"But Nissan expects to earn only 120 billion yen in the current fiscal year , a modest increase of 4.7 % .",0.6483937502950186,0.08393430371372412,0.9749507886649431,0.8638885430844612,0.9160656962862759
1572,"The big reason : For all its cost-cutting , Nissan remains less efficient than Toyota .",0.9221804688852169,0.13506222076942503,0.8749094907006766,0.8551908098600887,0.864937779230575
1573,"In its last fiscal year , Nissan 's profit represented just 2.3 % of sales , compared with 4.3 % at Toyota .",0.6956521739130448,0.09519058494932711,0.950026189393444,0.8637012991088409,0.9048094150506729
1574,"To help close the gap , Nissan recently established a top-level cost-cutting committee .",0.4285714285714306,0.06479066182361877,0.9558527829814878,0.9154387115169992,0.9352093381763816
1575,"Nissan is the world 's only auto maker currently building vehicles in all three of the world 's key economic arenas -- the U.S. , Japan and Europe .",1.4313715518733439,0.18976474228417148,0.8350104367793264,0.7868878985328176,0.8102352577158287
1576,"That gives it an enviable strategic advantage , at least until its rivals catch up , but also plenty of managerial headaches .",0.761294565405521,0.09805328688863361,0.9526807256090077,0.8563430618220284,0.9019467131113666
1577,"For example , Nissan 's U.S. operations include 10 separate subsidiaries -- for manufacturing , sales , design , research , etc. -- that report separately back to Japan .",1.2046321829139215,0.16258711784092097,0.8453995180258096,0.8295757363026487,0.837412882159079
1578,"And in July , Nissan 's Tennessee manufacturing plant beat back a United Auto Workers organizing effort with aggressive tactics that have left some workers bitter .",1.0505380732074219,0.12869603249664843,0.9230898163162472,0.8250198954466071,0.8713039675033519
1579,"`` We are in a transitional phase from being a Japanese company to becoming an international company based in Japan , '' says Mr. Muramatsu , the executive vice president .",0.871598387375931,0.11515770599937149,0.9284472642022067,0.8451494457179854,0.8848422940006285
1580,"He promises that Nissan will soon establish a holding company overseeing all U.S. operations , just as it 's doing in Europe .",1.3158548915865422,0.17019908220665747,0.9021732966216546,0.7681776733549615,0.8298009177933428
1581,"Perhaps the biggest challenge , however , will be to prevent a return to its former corporate rigidity as its recovery continues .",1.0762994566158053,0.14119109103544303,0.917665419198251,0.8070471473329843,0.8588089089645572
1582,"Already , personnel officials are talking about the need for a `` Phase Two '' cultural-reform effort of some sort .",0.9337924035446088,0.1330749034035565,0.9241150263130222,0.8164011641132234,0.8669250965964436
1583,"`` We are still only half way through the turnaround of this company , and there are many more things to do , '' President Kume says .",0.7237379466603713,0.08552395379084045,0.941310923517741,0.8891287767372323,0.9144760462091596
1584,"He adds , however , that `` the momentum we have generated is unstoppable .",0.6666666666666652,0.09327773668333735,0.9239592284399752,0.8901166500171123,0.9067222633166625
1585,"As expected , Warner Bros . Records said it agreed to form a recorded-music and music-publishing joint venture with former MCA Records Chairman Irving Azoff .",1.1969005953370662,0.15458957856757707,0.9264549249145657,0.7774045586870177,0.8454104214324224
1586,"Warner said it will provide financing for the venture , but did n't disclose terms .",0.625,0.08771929824561403,0.8965517241379309,0.9285714285714284,0.9122807017543858
1587,"Mr. Azoff has n't named the company yet , but any records it produces will be distributed by Warner .",0.737744375108174,0.09331317244205826,0.9471484434134001,0.8695405735546028,0.9066868275579418
1588,"Warner is part of Warner Communications Inc. , which is in the process of being acquired by Time Warner Inc .",0.8571428571428568,0.1276889549247009,0.949866088325968,0.8064645107286336,0.8723110450752991
1589,"Mr. Azoff resigned as head of MCA Records , a unit of MCA Inc. , in September , and had been discussing a joint venture with both Warner and MCA .",1.1243468700733326,0.15136713539565405,0.9799409828896295,0.7483561719632175,0.8486328646043457
1590,"In a statement yesterday , Mr. Azoff said he chose Warner , the largest record company , because `` their standing in the entertainment industry is second to none .",1.3169925001442326,0.17038586594418928,0.9412842128255909,0.741630185998419,0.829614134055811
1591,"President Bush and Soviet leader Mikhail Gorbachev will hold an informal meeting in early December , a move that should give both leaders a political boost at home .",1.050496325748627,0.14626726715932623,0.92938809928988,0.7894673901420419,0.8537327328406741
1592,The White House is purposely not calling the meeting a summit so that there wo n't be any expectation of detailed negotiations or agreements .,0.7803910001730747,0.10286521445207762,0.9470689604397038,0.8522024441183677,0.8971347855479223
1593,"Rather , senior administration officials said that the unexpected meeting was scheduled at Mr. Bush 's request because of his preference for conducting diplomacy through highly personal and informal meetings with other leaders .",1.3197283942140228,0.16769921803920892,0.9329691792931879,0.751241049117077,0.8323007819607907
1594,"The two leaders will meet on Dec. 2 and 3 , alternating the two days of meetings between a U.S. and a Soviet naval vessel in the Mediterranean Sea .",1.253654682481228,0.16260532992822618,0.9416581851638802,0.7539183335547008,0.8373946700717738
1595,"The unusual seaborne meeting wo n't disrupt plans for a formal summit meeting next spring or summer , at which an arms-control treaty is likely to be completed .",0.845838793551061,0.11906613276173629,0.8641553164096621,0.8983768681187017,0.8809338672382633
1596,"In announcing the meeting yesterday , Mr. Bush told reporters at the White House that neither he nor Mr. Gorbachev expects any `` substantial decisions or agreements . ''",1.1906663797579577,0.15297157572573833,0.9161024502471339,0.7876404214236784,0.8470284242742617
1597,"Instead , he said that the purpose is simply for the two to get `` better acquainted '' and discuss a wide range of issues without a formal agenda .",0.558496250072114,0.06820396693942839,0.9501875564550238,0.9141029516205359,0.9317960330605715
1598,"Despite the informal nature of the session and the calculated effort to hold down expectations , the meeting could pay significant political dividends for both leaders .",0.9023899250592704,0.12865428051419245,0.9243256245406485,0.8241099144173482,0.8713457194858076
1599,Mr. Gorbachev badly needs a diversion from the serious economic problems and ethnic unrest he faces at home .,0.7110407897014133,0.09655945259825133,1.0000000000000002,0.8238865163772775,0.9034405474017483
1600,"American officials have said that a meeting with the leader of the U.S. could help bolster his stature among Soviet politicians and academics , whose support he needs .",1.1724137931034493,0.1476635782367599,0.881072879310806,0.825415254428533,0.8523364217632404
1601,"For his part , Mr. Bush has been criticized regularly at home for moving too slowly and cautiously in reacting to Mr. Gorbachev 's reforms and the historic moves away from communism in Eastern Europe .",1.4603102498040892,0.19016922210918527,0.8562206975014794,0.768209303500458,0.8098307778908146
1602,"A face-to-face meeting with Mr. Gorbachev should damp such criticism , though it will hardly eliminate it .",0.5555555555555536,0.07569031456190732,0.9999999999999998,0.8592711795629884,0.9243096854380922
1603,"Senate Majority Leader George Mitchell -LRB- D. , Maine -RRB- , who has been the most prominent Democratic critic of Mr. Bush 's handling of the Soviet relationship , praised the president for arranging the meeting .",1.172542648250115,0.15191240395952763,0.9290726059523421,0.7800891162580037,0.8480875960404727
1604,But he added : `` The mere fact of a meeting does n't deal with the substance of policy . '',0.5480845240155681,0.07150369451176179,1.0000000000000002,0.8665357947377997,0.9284963054882384
1605,"Mr. Bush said that the December meeting , which was announced simultaneously in Moscow , will be held in the unusual setting of ships at sea to hold down the `` fanfare '' and force the two sides to limit participation to just small groups of advisers .",1.3723813121026556,0.16335338716173006,0.8686443712441329,0.8069224690220298,0.8366466128382707
1606,"`` By doing it in this manner we can have , I would say , more time without the press of social activities or mandatory joint appearances , things of that nature for public consumption , '' Mr. Bush said .",1.133277888944149,0.14283288359528667,0.8921472199659461,0.8248265804931526,0.8571671164047134
1607,"Soviet Foreign Minister Eduard Shevardnadze , at a news conference in Moscow , said , `` As the two sides plan to hold a full-scale summit in late spring-early summer next year , they found it useful , I would say even necessary , to hold an interim informal meeting . ''",0.898943622773154,0.1106256553427769,0.9532307352909977,0.8335362221163921,0.889374344657223
1608,"Although no specific agreements are expected , Mr. Shevardnadze said `` that does n't mean they will be without an agenda . ''",0.8154298913984119,0.1011978227879291,0.8671945871182507,0.932800995879568,0.8988021772120708
1609,"If the two leaders cover the subjects that have been featured in lower level U.S.-Soviet meetings , their talks would include human rights , Soviet reforms , regional disputes , relations with allies , economic cooperation , arms control , and joint efforts to fight narcotics , terrorism and pollution .",1.2000102853963028,0.1588160285611592,0.8984329251489483,0.7907938747886051,0.8411839714388407
1610,The president specifically mentioned U.S. economic advice to Moscow as a possible topic .,0.911063393011676,0.14195590877773326,0.9059887104715497,0.8149188580733343,0.8580440912222669
1611,Mr. Gorbachev has for months been publicly urging the U.S. to drop its restrictions on Soviet trade .,0.7086048612313025,0.09564079757033776,0.9095073978969678,0.8992689608343094,0.9043592024296621
1612,"He recently told a small group of American businessmen in Moscow that he hoped to sign a general trade agreement with the U.S. , possibly at the 1990 summit .",1.0788175992200104,0.1391788452682408,0.9367769650826763,0.7962588437639242,0.8608211547317596
1613,"The Soviets hope a trade agreement would give them Most-Favored Nation status , which would lower the tariffs on Soviet exports to the U.S. .",1.0898044999134582,0.14231826283481808,0.8724712168057809,0.8433853002321329,0.8576817371651815
1614,In an unusually candid article about the latest economic woe -- unemployment -- Pravda yesterday reported that three million Soviets have lost their jobs as a result of perestroika and the number could grow to 16 million by the year 2005 .,1.0363282722697713,0.12288144656118832,0.9466480274831327,0.8171038497050178,0.8771185534388112
1615,Economists in Moscow are now proposing that the state start a system of unemployment benefits .,0.7193609377704329,0.1060904335370857,0.9603883722013239,0.836038361994363,0.893909566462914
1616,But one Bush administration official knowledgeable about the summit plan cautioned against assuming that there will be bold new initiatives on the Soviet economy or other issues .,1.1149743196026272,0.1469261420551194,0.9306384702036963,0.787443883021562,0.8530738579448803
1617,"`` Do n't take this as some big opening for major movement on economic cooperation , or arms control , or the environment , '' he said .",0.9510425172532386,0.12267394611772821,0.9337605122861501,0.8273243651643872,0.8773260538822718
1618,"`` Those things will all come up , but in a fairly informal way . ''",0.422180468885216,0.055712658127015126,0.9662419410533987,0.9233082660941376,0.9442873418729849
1619,"Instead , this official said , `` This is vintage George Bush .",0.4615384615384617,0.06959633791089725,0.9525005112358605,0.9093088077395047,0.9304036620891027
1620,This was George Bush 's own idea .,0.25,0.043478260869565216,1.0,0.9166666666666666,0.9565217391304348
1621,It 's George Bush wanting to meet a foreign leader and talk to him directly . '',0.5882352941176503,0.08001681210673736,0.9349454589164965,0.9054922669751322,0.9199831878932627
1622,"Aside from the Soviet economic plight and talks on cutting strategic and chemical arms , one other issue the Soviets are likely to want to raise is naval force reductions .",1.0137394182329222,0.13331080257268055,0.8928090514668444,0.8420542172903523,0.8666891974273196
1623,"Western analysts say that , given the meeting 's setting at sea , Gorbachev is unlikely to pass up the opportunity to press once again for negotiated cuts in the navies of both the North Atlantic Treaty Organization and the Warsaw Pact .",1.5329336502533417,0.1916091499797277,0.8593672333514785,0.7631235014093833,0.8083908500202726
1624,That theme has been a recurring one for Soviet military officials for much of this year .,0.7658558828619944,0.1142524938996465,1.0,0.7949253072797048,0.8857475061003537
1625,They argue that as the Kremlin follows through on announced plans to cut land forces -- the Soviets ' area of greatest strength -- the U.S. should show more willingness to cut sea forces -- Washington 's area of greatest superiority .,1.1495398794641432,0.14029180181857995,0.8941635170089878,0.8278097281914919,0.8597081981814202
1626,"One of the reasons Bush administration aides are anxious to insist that the coming meeting will be informal is to avoid comparisons with the last such loosely structured superpower gathering , former President Reagan 's 1986 meeting with Mr. Gorbachev in Reykjavik , Iceland .",1.6224384642376526,0.19853235168771402,0.8746534345973358,0.7395836929626023,0.8014676483122859
1627,That meeting sent shivers through the Western alliance because Mr. Reagan was pulled into discussing the possible elimination of nuclear weapons without consulting American allies .,0.9661313645678353,0.13520059548667915,0.9757096220440035,0.7765301804648076,0.8647994045133207
1628,"Mr. Bush said that he initiated talks with the Soviets on the informal meeting by sending a proposal to Mr. Gorbachev last July , which the Soviet leader readily accepted .",0.85046864440646,0.11018004601766289,0.9530452911762841,0.8344615041148471,0.8898199539823369
1629,"But word of the possible session was closely held by the president and a handful of top aides , and word of it did n't reach many second-level officials until the past few days .",1.04940159866287,0.1366352517369748,0.9727955462718401,0.7760644400840533,0.8633647482630247
1630,"Indeed , many senior officials had been insisting for weeks that Mr. Bush was n't interested in such an informal get-together .",1.107478544390922,0.15242075301023594,0.9186363094332427,0.7867255591804347,0.8475792469897641
1631,"Though President Bush 's political critics at home have been urging him to open a more direct dialogue with Mr. Gorbachev , it actually was the arguments of leaders within the Soviet bloc itself that led the president to seek the December meeting .",1.0986067369917594,0.1321262048668811,0.9149631879558522,0.8253941522569411,0.867873795133119
1632,"Mr. Bush decided he wanted the meeting after talking in Europe in July with the leaders of Poland and Hungary , who urged him to support Mr. Gorbachev 's efforts to transform the Soviet system and to urge him to loosen his grip on Eastern Europe , a senior aide said .",1.3142057005314864,0.16061270650072218,0.9160530497547091,0.7745630338421431,0.8393872934992777
1633,"While flying home from those discussions , Mr. Bush drafted a letter to Mr. Gorbachev suggesting an informal get-together to precede their formal summit next year .",1.0929546297898867,0.14342931605693568,0.9096243439606924,0.8093646507116189,0.8565706839430646
1634,Peter Gumbel in Moscow contributed to this article .,0.7505430557959407,0.13428195354110548,0.915876032857139,0.8207686211452081,0.8657180464588945
1635,"Banca Nazionale del Lavoro said its potential losses from lending to Iraq could reach 1.175 trillion lire -LRB- $ 872 million -RRB- , marking the bank 's first quantification of potential costs of unauthorized lending by its Atlanta branch .",1.471368824306829,0.17444145316442886,0.8676420850996185,0.7873685433854007,0.8255585468355706
1636,BNL previously reported that its Georgia branch had taken on loan commitments topping $ 3 billion without the Rome-based management 's approval .,0.9893429348766736,0.125489536759014,0.9005600172505727,0.8499255590367655,0.8745104632409858
1637,"State-owned BNL , Italy 's largest bank , has filed charges against the branch 's former manager , Christopher Drogoul , and a former branch vice president , alleging fraud and breach of their fiduciary duties .",1.466612500175418,0.1910622565673037,0.8759749437207863,0.751431674320417,0.8089377434326965
1638,"BNL also said that its board had approved `` after an in-depth discussion , '' a letter to the Bank of Italy outlining measures the state-owned bank has taken or plans to take to improve controls on its foreign branches .",1.0486272795046574,0.12396702245201437,0.9136101031486012,0.8414248581024699,0.8760329775479856
1639,The central bank had ordered BNL to come up with a suitable program by yesterday .,0.672180468885216,0.09496999265525848,0.9624378669482336,0.8540852082972753,0.9050300073447411
1640,"Bank of Italy has also ordered BNL to shore up its capital base to account for potential foreign loan losses , and the Rome bank has outlined a 3 trillion lire capital-raising operation .",1.268218102316581,0.15033192993941938,0.9188978833852871,0.790138960539505,0.8496680700605808
1641,BNL was unable to elaborate on what measures were planned by the bank to improve controls on its branches abroad .,0.3216613096268306,0.04437795838833429,0.9478683980123319,0.9635035823401175,0.9556220416116656
1642,Hardly a day passes without news photos of the police dragging limp protesters from some building or thoroughfare in one of our cities .,1.197043998050023,0.17918748013646613,0.8511218672339292,0.7925876381276614,0.8208125198635339
1643,"Of recent note are the activities of the pro- and anti-abortionists , anti-nuclear activists , animal rights protesters , college students concerned about racism , anti-apartheid groups , various self-styled `` environmentalists '' and those dissatisfied with the pace of the war against AIDS .",1.8216481878008262,0.25376310318797235,0.8434892956696955,0.6690920984542462,0.7462368968120281
1644,"Maybe he did n't start it , but Mohandas Gandhi certainly provided a recognizable beginning to non-violent civil disobedience as we know it today .",1.350977500432693,0.17736963697354713,0.8718740757153678,0.7786518689011471,0.822630363026453
1645,"The Mahatma , or `` great souled one , '' instigated several campaigns of passive resistance against the British government in India .",1.283033695840305,0.1730026969735813,0.8758259899696637,0.7833256562801949,0.8269973030264192
1646,"Unfortunately , according to Webster 's Biographical Dictionary , `` His policies went beyond his control and resulted ... in riots and disturbances '' and later a renewed campaign of civil disobedience `` resulted in rioting and a second imprisonment . ''",1.37165810653421,0.1661102447274986,0.837778049443308,0.8300373870518616,0.8338897552725016
1647,"I am not a proponent of everything Gandhi did , but some of his law breaking was justified because India was then under occupation by a foreign power , and Indians were not able to participate fully in decisions that vitally affected them .",1.6046217939574507,0.19327643326518024,0.8746372135521471,0.7485966881821157,0.8067235667348197
1648,"It is difficult , however , to justify civil disobedience , non-violent or not , where citizens have full recourse to the ballot box to effect change .",1.152309375231801,0.15259673401597923,0.9298858409300752,0.7783612035293478,0.8474032659840209
1649,"Where truly representative governments are safeguarded by constitutional protections of human rights and an independent judiciary to construe those rights , there is no excuse for breaking the law because some individual or group disagrees with it .",1.1270768795608,0.1415814353032557,0.8979552504237371,0.8222166266257008,0.8584185646967444
1650,There may be a few cases where the law breaking is well pinpointed and so completely non-invasive of the rights of others that it is difficult to criticize it .,0.8503258334775641,0.10907014985075884,0.9286905966820403,0.8561198449832476,0.8909298501492413
1651,"The case of Rosa Parks , the black woman who refused to sit at the back of the bus , comes to mind as an illustration .",0.8879321648532281,0.12182630263501314,0.9691026845263849,0.8028443963771794,0.8781736973649873
1652,But most cases of non-violent civil disobedience are not nearly so benign .,0.5196067309356502,0.084492312675136,0.9481810799010795,0.8850110714518084,0.9155076873248638
1653,The public has a tendency to equate lawful demonstrations with non-violent civil disobedience .,0.6792696431662097,0.10215002119260033,1.0000000000000002,0.8146349966367245,0.8978499788073999
1654,"It is true that both are non-violent , but there is a fundamental difference between them .",0.9123397061368808,0.1343256786762704,0.8809333394142385,0.8509349185393255,0.86567432132373
1655,"Lawful demonstrations , such as peaceful picketing and other assemblages that do not disturb the peace or cause a public nuisance or interfere with the rights of others , are rights guaranteed by any truly free system of government .",1.5962117857991043,0.20438312653159274,0.8938716066700942,0.7168233564617907,0.7956168734684068
1656,"Civil disobedience , violent or non-violent , is intentional law breaking .",1.0629072918469573,0.18409515009462651,1.0,0.6890534513549618,0.8159048499053737
1657,"The subject of this discussion is non-violent civil disobedience ; but , before we get on with that , let me make just a few tangential remarks about lawful demonstrations .",1.4396513059061515,0.18401439000937103,0.8740043965408948,0.7651902051197783,0.8159856099906291
1658,"They are useful to call public attention to grievances , but they have little value in educating anyone about the issues in dispute .",0.9166666666666661,0.12183746962576487,0.9379491969558366,0.8255409775899193,0.878162530374235
1659,"The delight of television in dramatic confrontation encourages overuse of slogans chanted through bullhorns , militant gestures , accusatory signs and other emotionally inspired tactics .",1.7493824405909235,0.2541869760668385,0.8238759904130843,0.6812627828745625,0.7458130239331611
1660,Civilized discourse and an environment where compromise can begin are lost in a hostile posture abetted by superficial media interviews .,0.8930898810553991,0.11891070792623097,0.9720216244100193,0.8057149037324223,0.8810892920737685
1661,"At best , demonstrations are overused and boringly uninformative ; at worst , they can become the stimuli that lead to law breaking .",0.9999999999999973,0.12494910924651917,0.8750508907534805,0.8750508907534805,0.8750508907534804
1662,Demonstrations are particularly apt to degenerate into criminal conduct when they leave the site of the grievance and become mobile .,0.9056928575549437,0.12079142610485095,0.9357221823150371,0.8291325238992934,0.8792085738951486
1663,"Petty criminals and street people looking for excitement attach themselves like remora to the fringes of the crowd and use the protest as an excuse for rock throwing , auto trashing , arson , window breaking , looting , pocket picking and general hooliganism .",1.9295315871846777,0.26120378911989545,0.90851879808311,0.6225046215964344,0.7387962108801046
1664,Soon the whole purpose of the demonstration is lost in mob mania .,0.9811451924741119,0.1605265805976513,0.9236994087988972,0.7693239029323249,0.8394734194023485
1665,There are better ways to promote a cause .,0.0,0.0,1.0,1.0,1.0
1666,"Where non-violent civil disobedience is the centerpiece , rather than a lawful demonstration that may only attract crime , it is difficult to justify .",0.9403910001730722,0.12201268818106079,0.9388457839137989,0.8245385383493666,0.877987311818939
1667,"Some find no harm in the misdemeanors of trespass , minor property destruction , blocking traffic and the like .",1.2427376486136668,0.18477639823215822,0.9013627093887493,0.7441122049499285,0.8152236017678417
1668,They say these are small prices to pay for galvanizing action for the all-important cause .,0.75,0.10714285714285714,0.9259259259259259,0.8620689655172413,0.8928571428571429
1669,"The crimes may appear small , but the prices can be huge .",0.3076923076923075,0.049868202907848616,1.0,0.9050010224717211,0.9501317970921513
1670,Here are two cases to illustrate .,0.0,0.0,1.0,1.0,1.0
1671,Assume a neighborhood demonstration to protest speeding on a certain road or a careless accident involving a police car .,1.0825742227201616,0.1701817697009619,0.9634950412883726,0.7287151492302834,0.8298182302990379
1672,"The protesters lie down in the street , blocking traffic , and will not move until the authorities carry them away .",1.0120301139313836,0.13747834094162922,0.8886114325619606,0.8379201885699186,0.8625216590583709
1673,Assume that someone caught in the jam has a heart attack .,0.8333333333333313,0.13881350541022067,0.9999999999999998,0.7562138054198472,0.8611864945897788
1674,There is no way to get an ambulance in quickly to move him to a hospital .,0.8390977944994367,0.12656179301355822,0.9248434006019078,0.8274465810755459,0.8734382069864418
1675,He dies .,4.440892098500626e-16,1.4009454786722165e-16,1.0,1.0,1.0
1676,"The demonstration was non-violent and involved only a simple misdemeanor , but its impact on that individual was violent and terminal .",1.250444318378495,0.171181593554503,0.9433409469076057,0.7390919052275546,0.8288184064454966
1677,Assume that a TV network is airing a celebrity interview program with a live audience .,0.922180468885216,0.15659113209175438,0.9520789786278588,0.7570045183990946,0.8434088679082455
1678,The politician appearing is highly controversial and has recently generated a good deal of rancor amid certain groups .,0.9215671054908885,0.12883220922464894,0.936709709721729,0.8141980567300479,0.8711677907753506
1679,"In a planned protest against his appearance , several members of the studio audience chain themselves in front of the TV cameras in such a way that the program can not continue .",1.1497569245411077,0.16422276816609707,0.9243637084037747,0.7626852266555708,0.8357772318339031
1680,The network must refund money to the advertisers and loses considerable revenue and prestige .,1.1999999999999993,0.1814393257511413,0.8712539152278532,0.7718776853199254,0.8185606742488586
1681,"The demonstrators have been non-violent , but the result of their trespasses has been to seriously impair the rights of others unconnected with their dispute .",1.116136538794378,0.14553193340816215,0.8809764456787167,0.8295083506729517,0.8544680665918375
1682,"It might be alleged that TV has done more than its share to popularize and promote non-violent civil disobedience , so the second situation hypothesized above would be simply a case of `` chickens coming home to roost . ''",1.5248429614922738,0.17899290922919522,0.8667243872448896,0.7798710650435379,0.8210070907708049
1683,Or maybe the TV network would lose nothing .,0.5283208335737175,0.09090909090909072,1.0,0.8333333333333333,0.9090909090909091
1684,Geraldo or Phil would probably pull up another camera and interview the chained protesters .,0.39999999999999947,0.05813575050084486,0.9604769319245494,0.9239592284399751,0.941864249499155
1685,"Let us look for a moment at another type of non-violent civil disobedience that only harms other people indirectly , yet does irreparable damage to the nation as a whole .",1.431113805696782,0.1934900232303063,0.8779404517211582,0.7458283305603822,0.8065099767696934
1686,I am referring to those young men who chose to disobey their country 's call to arms during the Vietnam war and fled to Canada or some other sanctuary to avoid combat .,1.3702812408749585,0.17513212058790198,0.8418857808421871,0.8085243468898659,0.824867879412098
1687,"Their cowardly acts of civil disobedience , which they tried to hide under the cloak of outrage at a war they characterized as `` immoral , '' weakened the national fabric and threw additional burdens on those who served honorably in that conflict .",1.3694282588302515,0.17071495487405247,0.8911595456000886,0.7754447881810796,0.8292850451259476
1688,"Even more at fault are those leaders in and out of government who urged and supported their defections , thereby giving great help and comfort to the enemy propagandists .",1.5958100993642406,0.20069789987029513,0.8505193082090426,0.7539030048938828,0.799302100129705
1689,It is amazing that the ensuing mass executions in Vietnam and Cambodia do not weight more heavily on minds so morally fine-tuned .,1.1960771741011742,0.15579736157944857,0.8738977478988625,0.8164592918844323,0.8442026384205517
1690,"Worse , it remained to a well-meaning but naive president of the United States to administer the final infamy upon those who fought and died in Vietnam .",1.1523093752318,0.14703353622000537,0.8969258572880694,0.8131147513647258,0.8529664637799945
1691,"Under the guise of `` healing the wounds of the nation , '' President Carter pardoned thousands of draft evaders , thus giving dignity to their allegations of the war 's `` immorality . ''",1.2535515137407742,0.15944116272225264,0.9149175602069365,0.7773784267571633,0.840558837277747
1692,"The precedent having been set , who can complain if future generations called upon to defend the U.S. yield to the temptation to avoid the danger of combat by simply declaring the war immoral and hiding until it is over ?",1.4269144747321407,0.17041209347038974,0.8608424706128998,0.8005233458608461,0.82958790652961
1693,"Finally , I think it important to point out the extraordinarily high visibility of non-violent civil disobedience in these days of intensive media coverage .",1.1149721192370876,0.1480168014170786,0.922337073757108,0.7916015463998958,0.8519831985829215
1694,"Give television a chance to cover live any breaking of the law , and no second invitation will be required .",0.743316213068419,0.1088857935418971,0.9410673914445894,0.8461968819767136,0.8911142064581028
1695,This brings into question the motives of those who lead civil disobedience demonstrations .,0.9110633930116778,0.13590564473484446,0.9529943552357749,0.7903652024255982,0.8640943552651559
1696,Do they want the spotlight for themselves or for their cause ?,0.3333333333333339,0.05402550813104086,0.9459744918689591,0.9459744918689591,0.9459744918689591
1697,"Here is a good rule of thumb : If the movement produced the leader , the chance that he is sincere is much greater than if the leader produced the movement .",1.3130003884688577,0.18311248053521806,0.9145649692439606,0.7380610563979983,0.8168875194647819
1698,"In either case , ask yourself whether you have become better informed on the issues under protest by watching the act of civil disobedience .",1.0203910001730776,0.14198642021645388,0.91942327187957,0.804293576802462,0.8580135797835463
1699,"If you have not , it is probable that a thorough airing of the dispute by calm and rational debate would have been the better course .",1.0929546297898893,0.143429316056936,0.902590802819324,0.815015728376541,0.8565706839430645
1700,Mr. Agnew was vice president of the U.S. from 1969 until he resigned in 1973 .,0.797180468885216,0.12353986734656065,1.0,0.7800881465144228,0.8764601326534391
1701,Gov. George Deukmejian and key legislators agreed to back a temporary one-quarter-cent increase in the state sales tax to raise $ 800 million for repairs and relief associated with last month 's earthquake .,1.2730650739748333,0.16081609496862564,0.9020388884325309,0.7845179029341449,0.8391839050313747
1702,"The tax increase , which will be considered at a special session of the state legislature that begins tomorrow , would cover only part of the estimated $ 4 billion to $ 6 billion in total damage caused by the Oct. 17 quake .",1.4005206577904872,0.17056011545012945,0.9522725158618909,0.73467493639367,0.8294398845498698
1703,"Aside from as much as $ 3.45 billion in recently approved federal aid , the state is expected to draw from a gubernatorial emergency fund that currently stands at an estimated $ 700 million .",1.2402831295490548,0.16023688317924153,0.9052918626532739,0.7830805295737714,0.8397631168207582
1704,"`` I am not aware that there is anything but bipartisan agreement for the general outline '' of the revenue-raising plan , said a spokesman for the governor , after a Monday meeting with legislative leaders over the quake-relief question .",1.1901641824909737,0.15778334209622882,0.9107978698652639,0.7832402715330693,0.8422166579037714
1705,"The tax increase -- on top of the current six-cent per dollar sales tax -- would become effective this Dec. 1 and expire Dec. 31 , 1990 .",1.1208599280447933,0.1440774700191635,0.9514692247750496,0.7778142918814454,0.8559225299808368
1706,The sales-tax plan was preferred over an alternative that would have boosted the state gasoline tax .,1.0743919121464973,0.1680141483898349,0.9576470440899713,0.7354774611905511,0.8319858516101656
1707,Some legislators expressed concern that a gas-tax increase would take too long and possibly damage chances of a major gas-tax-increasing ballot initiative that voters will consider next June .,1.5220332926695717,0.19563068975513703,0.9189811748007269,0.7151753403473234,0.8043693102448629
1708,"Despite continuing problems in its newsprint business , Kimberly-Clark Corp. posted a 20 % gain in third-quarter net income .",1.0182263988300129,0.14091870581386173,0.9394618466192998,0.7913713920720126,0.8590812941861382
1709,"The consumer-products and newsprint company said net rose to $ 108.8 million , or $ 1.35 a share , from $ 90.5 million , or $ 1.12 a share , a year ago .",1.13321544155826,0.15828452109734858,0.9212685010276525,0.7748094336517788,0.8417154789026513
1710,Sales rose 6.2 % to $ 1.45 billion from $ 1.37 billion .,0.5853569595720645,0.10703931010690632,0.9201391047134638,0.8673417653532621,0.8929606898930941
1711,"After a flat second quarter tied largely to lower newsprint earnings , Kimberly-Clark attributed the gain to improved results in its consumer businesses in North America , Brazil and Korea .",1.2862678380944272,0.16769685477815757,0.8644969054879819,0.8024210811507383,0.8323031452218425
1712,"Those gains came from higher prices , particularly for disposable diapers and tissue products , and from increased sales , primarily for feminine-care products , the company said .",0.9746435347065683,0.13754211795289453,0.9100879428728204,0.8195653800549941,0.8624578820471057
1713,"Newsprint results continued to be depressed , the company added , because of industrywide price discounting .",1.0588235294117672,0.15388069598191803,0.9252152887794686,0.7794819562753093,0.8461193040180822
1714,"The quarter-to-quarter comparison was also enhanced by charges taken in the year-earlier period , including $ 11 million related to the modernization of a pulp and newsprint mill in Alabama .",1.032258064516129,0.12895913551232607,0.9537122806973047,0.8015587006341032,0.8710408644876739
1715,"In the 1989 period also , interest expense and tax rates were lower than a year ago .",0.8672022485798223,0.1274176694606076,0.9303730380867143,0.8215511623772705,0.8725823305393925
1716,"In the first nine months , profit rose 10 % to $ 313.2 million , or $ 3.89 a share , from $ 283.9 million , or $ 3.53 a share .",0.9846804688852169,0.1450252593257009,0.8996124104488002,0.8145573968592649,0.8549747406742992
1717,Sales rose 6.7 % to $ 4.27 billion from $ 4 billion .,0.5853569595720645,0.10703931010690632,0.9201391047134638,0.8673417653532621,0.8929606898930941
1718,"In New York Stock Exchange composite trading , Kimberly-Clark closed at $ 66.50 a share , up $ 1.50 .",0.8804820237218394,0.1229144259829997,0.9691495715786987,0.8009953255544691,0.8770855740169999
1719,"INTENSIVE AUDITS are coming to 55,500 taxpayers as research guinea pigs .",0.5629072918469573,0.08972515320930885,0.9448498934839928,0.8781408934467743,0.9102748467906915
1720,"This is the year : Unsuspecting filers of 1988 personal returns are being picked randomly for thorough audits to help the IRS update its criteria for enforcement , audit selection , and use of resources .",1.2295739585136216,0.14831011992326856,0.9007780067668925,0.8076754034454042,0.8516898800767315
1721,The last Taxpayer Compliance Measurement Program survey covered 1985 returns .,0.9090909090909101,0.15126877682663586,0.9334525592955639,0.7781090597497254,0.8487312231733644
1722,"The 1988-return project starts Jan. 1 and is to be done by May 31 , 1991 .",0.39734632365667544,0.05437892518796934,0.9670684213871402,0.9251043935637094,0.9456210748120308
1723,Specially trained IRS agents will look for under-reported income and unsupported deductions and credits .,0.5006516669551297,0.07384464854931862,0.9999999999999998,0.8624667941511335,0.9261553514506813
1724,The agents will make more than routine inquiries about such items as marital status and dependents ; they want to look at living standards and business assets .,0.8665950895175136,0.1169734003942813,0.9385160150435535,0.8337324727069844,0.8830265996057185
1725,But they also are to see that taxpayers get all allowable tax benefits and to ask if filers who sought IRS aid were satisfied with it .,1.3710944447649611,0.17819760457715253,0.8297909724616201,0.8139661672045797,0.8218023954228478
1726,"Courts have ruled that taxpayers must submit to TCMP audits , but the IRS will excuse from the fullscale rigors anyone who was audited without change for either 1986 or 1987 .",1.2110902344426098,0.15395092277484768,0.8469395089600014,0.8451605158386752,0.8460490772251527
1727,Rewards have been suggested -- but never adopted -- for filers who come through TCMP audits without change .,0.8560348687626496,0.1274192654036863,0.8811760400129114,0.8641514926871189,0.8725807345963134
1728,"PENALTY OVERHAUL is still likely , congressional sources say .",0.40000000000000036,0.0640629745212681,1.0,0.8795880017344075,0.9359370254787319
1729,Long-debated proposals to simplify the more than 150 civil penalties and make them fairer and easier to administer are in the House tax bill .,0.7305865002596166,0.09227925782647155,0.9702452988093586,0.8527667399296488,0.9077207421735287
1730,But they were stripped from the Senate bill after staffers estimated penalty revenue would fall by $ 216 million over five years .,0.9352076088837826,0.1261022521011377,0.9030680770892859,0.8465529347981988,0.8738977478988628
1731,"Still , congressional aides say penalty reform is a strong candidate for enactment , even if not this time around , although some provisions may be modified .",1.2542648385272779,0.16837167214118723,0.8966212034265396,0.7754208350487514,0.8316283278588131
1732,"Sen. Pryor -LRB- D. , Ark. -RRB- , a leader on the issue who generally backs the House plan , wants some changes -- for one , separate sanctions for negligence and large misstatements of tax owed , not a single penalty .",1.4468139397340565,0.1765179349366627,0.8986596764253458,0.759911471261599,0.823482065063337
1733,He would ease the proposed penalties for delayed payroll-tax deposits and for faulty Form 1099 and other reports that taxpayers correct voluntarily .,1.0762994566158035,0.14577202888940816,0.8788350963616073,0.8309612981843266,0.8542279711105917
1734,The General Accounting Office urges Congress to ensure that all penalties retain their force as deterrents .,0.9411764705882364,0.1301090821670067,0.9639554355610527,0.7925522349399121,0.8698909178329933
1735,TAXPAYERS ' RIGHTS are defined by a growing number of states .,0.3962406251802886,0.061524693691246655,1.0000000000000002,0.8840824070190841,0.9384753063087534
1736,The 1988 tax act created a federal bill of rights spelling out IRS duties to protect taxpayers ' rights in the assessment and collection of taxes .,1.1660719798283,0.159590158059682,0.8666544702629212,0.8157080094764699,0.8404098419403183
1737,States are following suit .,0.0,0.0,1.0,1.0,1.0
1738,California enacted a rights law in 1988 .,0.0,0.0,1.0,1.0,1.0
1739,"In 1989 , Illinois , Kansas , Ohio , Oregon and South Carolina have adopted rights laws , the Federation of Tax Administrators , a state officials ' group , reports ; the features vary .",1.524905470895547,0.2012274584767584,0.8807309287115652,0.7307691803637085,0.7987725415232412
1740,And taxpayer groups are urging legislation in many other states .,0.682706818575177,0.12392834135119839,0.8281082437584503,0.9299326686594894,0.8760716586488018
1741,"One group is the Committee on State Taxation , which comprises 330 multistate corporations and advises the Council of State Chambers of Commerce .",1.3595496034621135,0.18597534729033838,0.8907888770903978,0.7494411471666129,0.8140246527096618
1742,"The group 's Mark Cahoon says its efforts begun in 1989 have led to the introduction of bills in Massachusetts , Minnesota and Colorado to establish evenhanded procedures affecting all kinds of taxpayers .",1.0358612043786337,0.1270452421524386,0.9236638704912599,0.8275237351132071,0.8729547578475613
1743,The group also seeks uniformity among states in provisions for taxpayers ' rights .,0.14285714285714235,0.025285676686000347,1.0000000000000002,0.9506758413562734,0.9747143233139998
1744,"This week , New York City announced a 10-point policy patterned on the federal bill of rights for taxpayers .",0.7509775004326924,0.10587767440054113,1.0,0.8085182894067663,0.8941223255994586
1745,"THE MILEAGE RATE allowed for business use of a car in 1989 has risen to 25.5 cents a mile for the first 15,000 from 24 cents in 1988 , the IRS says ; the rate stays 11 cents for each added mile .",1.606515125169362,0.21838675551092782,0.8814139046089784,0.702114304540067,0.7816132444890722
1746,Also unaltered : 12 cents for charitable activities and nine cents for medical and moving costs .,0.79469264731335,0.12341755959754155,0.9456972217766676,0.8168819209596678,0.8765824404024587
1747,"IRA BALANCES could be used to qualify for bank services under a bill entered by Reps. Chandler -LRB- R. , Wash . -RRB- and Andrews -LRB- D. , Texas -RRB- .",1.4653523214587265,0.19229981188336148,0.8429455309440175,0.7752839208994047,0.8077001881166384
1748,The bill would thwart a recent Labor Department opinion that investing individual-retirement-account funds to earn free checking violates the law .,1.1009245466077973,0.15075462708336734,0.9319506809679846,0.780022798035722,0.8492453729166326
1749,HUGO FELLED vast timberlands .,0.0,0.0,1.0,1.0,1.0
1750,South Carolina 's congressional delegation has entered Senate and House bills to provide special casualty-loss treatment and other tax relief for timber growers in the hurricane disaster areas .,1.6817551701092066,0.23506062003636136,0.8225509009323706,0.7148698473046591,0.7649393799636388
1751,"HE RODE HIS HOBBY , but he could n't milk it , the Tax Court says .",0.39734632365667455,0.05268248428027053,1.0000000000000002,0.8999081203174193,0.9473175157197297
1752,The court often weighs deductions of sideline-business costs : Do they stem from a profit-seeking activity or a nondeductible hobby ?,0.7745077384043029,0.09904633169141921,0.9999999999999998,0.8197594972379583,0.9009536683085803
1753,But it 's rare to see both functions in one case .,0.0,0.0,1.0,1.0,1.0
1754,"Charles O. Givens of Mount Vernon , Ind. - investment broker , ex-accountant , and son of a former stable owner - bred Tennessee Walking Horses for six years , raised cattle for four , and never made a profit on either .",1.7125968682893937,0.21532804714545628,0.8912962717456093,0.700832503793112,0.7846719528545442
1755,"He claimed losses totaling $ 42,455 -- and the IRS denied them all .",0.5714285714285738,0.08113101682372599,0.9577193557584996,0.8830477041072361,0.9188689831762743
1756,"Special Judge Galloway noted that Givens managed horse-breeding in a businesslike way : He kept detailed accounts , practiced soil conservation , enhanced his experience by consulting experts , spent several hours a day doing chores , and dropped the sideline when his best brood mare died .",2.101955270616272,0.2636140454303341,0.813228640354229,0.6728114152474785,0.7363859545696662
1757,Yet he took little businesslike care with his cattle : He had no prior experience and did n't seek business counsel about them .,1.2091479170272468,0.16206728915049,0.8874973270771229,0.7936114004659627,0.83793271084951
1758,"The judge said Givens may deduct his $ 30,180 of losses from horse breeding , but rejected the $ 12,275 in deductions from the cattle operation .",0.7966583334935926,0.10454611453177218,0.9509158653043871,0.846104979806346,0.8954538854682281
1759,BRIEFS :,0.0,0.0,1.0,1.0,1.0
1760,"The IRS already is doing intensive TCMP audits of 19,000 returns for 1987 and fiscal 1988 filed by corporations with under $ 10 million in assets ... .",0.9815694091201443,0.12950797340413656,0.9355370952063339,0.8139037566442894,0.8704920265958634
1761,"President Bush says he will name Donald E. Kirkendall to the new Treasury post of inspector general , which has responsibilities for the IRS ... .",1.2173647867078143,0.16209783951642906,0.8910735429822004,0.7907190461567309,0.8379021604835706
1762,"The U.S. and Finland signed an income-tax treaty , subject to ratification .",0.6734528847818071,0.10010557226100235,0.9999999999999998,0.8180073353228102,0.8998944277389975
1763,"An arbitrator awarded Eastern Airlines pilots between $ 60 million and $ 100 million in back pay , a decision that could complicate the carrier 's bankruptcy-law reorganization .",1.0006741382294466,0.12468476669403661,0.937809911994086,0.8206293458614531,0.875315233305964
1764,"Eastern , a unit of Texas Air Corp. , said it is examining the ruling to determine if it can appeal .",0.7272727272727293,0.0951163738972024,0.9743942628760534,0.844630017678095,0.9048836261027976
1765,"It 's unclear whether Eastern will succeed in overturning the arbitrator 's decision , made in a long-simmering `` pay parity '' dispute that predates both the carrier 's Chapter 11 petition and its 1986 acquisition by Texas Air .",1.513233125324522,0.18111415908019202,0.8794618125733854,0.766116892352633,0.8188858409198082
1766,All Eastern 's previous court efforts to head off the pilots ' demands have failed .,0.672180468885216,0.09496999265525848,0.9275954049300443,0.883536422376492,0.9050300073447415
1767,An Eastern spokesman said he does n't expect that the arbitrator 's ruling `` will have any overall material effect on the company 's strategic plan . '',1.0539205358688184,0.13524662207795426,0.9402040687504106,0.8005128088260663,0.8647533779220455
1768,Bankruptcy experts said the law is n't clear on how such an arbitration ruling can affect a company 's case .,0.7978517858173069,0.11267358034375628,0.9428359132356235,0.8379897473397363,0.8873264196562438
1769,"Like any other creditor , the pilots will have to apply to the court for payment of their claim .",1.4132331253245187,0.20101107858710585,0.8651616960511753,0.7422195055917454,0.7989889214128939
1770,"That may leave a lot of leeway for U.S. Bankruptcy Judge Burton R. Lifland to decide what , if anything , the pilots actually collect .",1.1742048081915675,0.15427145808810264,0.9462341806897079,0.7645235607345091,0.8457285419118967
1771,"In August , he issued the ruling that let the pilots pursue their back-pay grievance before the arbitrator .",0.6573802629301566,0.0961441275891433,0.917988394988098,0.8901518955096795,0.9038558724108562
1772,The pilots ' contract with Eastern calls for a mutually acceptable private arbitrator to resolve such grievances .,0.44444444444444375,0.06220475821332594,0.967899209951629,0.9095073978969678,0.9377952417866737
1773,"In a statement to employees , Eastern said the company was disappointed by the ruling .",0.5471804688852169,0.08280001473207456,0.9603883722013241,0.8777287764156874,0.9171999852679253
1774,"`` The obligation is totally unwarranted , '' the statement said .",0.5,0.07496336164077998,0.9487436426212901,0.9024855221679389,0.9250366383592199
1775,"James Linsey , a lawyer for the Air Line Pilots Association , said the pilots were extremely pleased .",0.8215600249703545,0.1179850684654196,0.966857838815749,0.8108609351772368,0.8820149315345799
1776,"`` This is a blow not only to Eastern but to the creditors committee , '' he said .",0.566046710640177,0.07538488857694162,0.9428209855057834,0.9070990283650239,0.9246151114230577
1777,"Eastern 's creditors committee , along with the company , has consistently opposed the pilots ' claim , which if paid would have to come out of money both hope to use to pay off other bankruptcy claims .",1.3520270757230906,0.1632463390185797,0.8896919954108512,0.7897613844358629,0.8367536609814206
1778,"Eastern and its creditors are in the final , delicate stages of negotiating a second reorganization plan to pay off the airline 's debts .",0.7305865002596157,0.0911326757434329,0.957928772348235,0.8645865098592357,0.9088673242565668
1779,"An earlier plan , which had received the creditors ' approval in July , fell apart when Eastern changed its business plan .",0.93520760888378,0.12045295492877732,0.9207981927713061,0.8418334647598144,0.8795470450712225
1780,It is n't known whether the pilot claim was figured into either plan .,0.6253491072973896,0.09328491767259692,0.9551046883087149,0.8629922771049006,0.9067150823274032
1781,The dispute between Eastern and its pilots is over a `` pay parity '' clause in the pilots ' contract .,0.8745013322190598,0.12358111492000293,0.9421290020236718,0.8192772378206016,0.8764188850799968
1782,The clause was part of an agreement in which pilots accepted a substantial pay cut as long as no other labor group got a raise .,1.8703534801188724,0.2704721983178231,0.8972558797425563,0.6146318962826262,0.7295278016821768
1783,"Shortly after Texas Air took control of Eastern , some Machinists union supervisors received a 20 % pay raise .",1.1182263988300125,0.152645769816578,1.0,0.7351384548249045,0.8473542301834218
1784,The pilots argued that this triggered a pay raise for them .,0.8962406251802895,0.1428571428571429,1.0,0.7499999999999998,0.857142857142857
1785,"Eastern has disputed the claim , but a federal district court , an appeals court and now the arbitrator have all sided with the pilots .",1.2409485579419393,0.17831797697162632,0.8535469964610877,0.7921106181634967,0.8216820230283736
1786,The two sides do n't even agree about how much money is at issue .,0.3999999999999986,0.05813575050084473,0.9239592284399752,0.9604769319245494,0.941864249499155
1787,"The pilots put the amount as high as $ 100 million , the company at $ 65 million .",0.7110407897014168,0.1056181666181166,0.9232534731009764,0.8672611643468849,0.8943818333818834
1788,"Another arbitrator is hearing another pay parity case between Eastern and its pilots , resulting from a similar set of circumstances involving a separate pay raise granted another union .",1.4624767660309068,0.1971532037428879,0.9107439261873167,0.7178071598026708,0.8028467962571122
1789,A decision on that case is n't expected before mid-November .,0.18181818181818166,0.03025375536532712,1.0,0.9412693131031604,0.969746244634673
1790,"Ironically , many of the pilots involved have left Eastern or are still striking the carrier , which filed for bankruptcy protection March 9 .",0.8301955000865373,0.10202074077188665,0.9383613470388915,0.8609294298170204,0.8979792592281133
1791,About 800 have crossed the picket lines and returned to work .,0.16666666666666696,0.02379844619454642,1.0,0.9535095090581449,0.9762015538054536
1792,Few people in the advertising business have raised as many hackles as Alvin A. Achenbaum .,0.672180468885216,0.10367621836518685,0.958754573727417,0.8415264788807096,0.896323781634813
1793,"The general public may not know his name , but he 's famous -- make that infamous -- in advertising circles : A marketing consultant , he pioneered slashing ad agency commissions , to the delight of advertising clients and the dismay of agencies .",1.653413955420178,0.2070599055256556,0.8284064738899359,0.7603858659940154,0.7929400944743444
1794,"Now , after beating them , Mr. Achenbaum is joining them .",0.1666666666666652,0.02776270108204396,1.0,0.9459744918689593,0.9722372989179557
1795,"Backer Spielvogel Bates Worldwide named Mr. Achenbaum , 62 , vice chairman of professional services , reporting directly to Carl Spielvogel , chairman and chief executive officer .",0.7892809096467808,0.11504806306353306,0.9550543099048749,0.8244370597682676,0.8849519369364669
1796,"He joins Nov. 13 , dissolving his consulting firm , Canter , Achenbaum Associates .",0.7673183336217955,0.11317719766391711,0.9575313698150203,0.8258390108235042,0.8868228023360827
1797,"In years past , the ad industry 's most distinguished executives did n't hesitate to excorciate Mr. Achenbaum .",0.842105263157892,0.11002518884907703,0.9151471198216904,0.8661502256146908,0.8899748111509227
1798,"They have since mellowed , although one senior Young & Rubicam executive , echoing others , said : `` I think ad agencies owe Carl -LCB- Spielvogel -RCB- a vote of thanks for getting him out of the consulting business . ''",1.5974662840428806,0.1869727397753311,0.8469301122904009,0.781734218247122,0.8130272602246694
1799,"But industry executives also believe hiring Mr. Achenbaum is a shrewd move for Backer Spielvogel , a unit of Saatchi & Saatchi .",1.1419418481082806,0.14770432190061966,0.9742855439217631,0.7574550618744802,0.8522956780993807
1800,"Mr. Achenbaum has counted among his clients some of the most visible blue-chip advertisers in the country , including Nissan , Toyota , Seagram and Backer Spielvogel clients Hyundai and J.P. Morgan .",1.3176952562231552,0.17645805222299168,0.9205734254713218,0.7450149164238105,0.8235419477770086
1801,"At Backer Spielvogel , he will work with clients and potential clients on marketing strategies ; aside from agency compensation issues , he helped Nissan , for example , come up with its positioning and pricing for its new Infiniti line .",1.2841643655846626,0.16724497063039484,0.8766334221934798,0.7930597731994843,0.8327550293696052
1802,"His client contacts , meanwhile , could prove a gold mine for an agency that has had few new business wins of late .",0.9522813738447242,0.12440420310719194,0.9305792257439273,0.8267472949976382,0.8755957968928081
1803,"`` I 've done over 40 ad agency searches -LCB- for clients -RCB- , so I have a pretty good notion of what clients are interested in when they look for an agency , '' Mr. Achenbaum said .",0.9643497557547915,0.11340769216340549,0.9245336514811667,0.851642305400565,0.8865923078365947
1804,"As a consultant , he has given seminars at agencies including Ogilvy & Mather on how to win new business .",0.6073755953411153,0.07604758897268352,0.9509104747016884,0.898480717286224,0.9239524110273161
1805,"Mr. Spielvogel said he hopes Mr. Achenbaum will do some strategic consulting at the agency for `` non-clients , in hopes that they become clients . ''",0.8888888888888902,0.11360723558433847,0.921280820139987,0.854050653164008,0.8863927644156617
1806,"At Backer Spielvogel , Mr. Spielvogel 's hallmark has been personal involvement with all major clients .",0.5149933824802044,0.07665011135309009,0.9503506399531091,0.8978410072610267,0.9233498886469101
1807,He pampers them ; he invites them to fabulous parties ; he strokes them .,0.5836591668108966,0.10751126535735969,0.9999999999999999,0.8058507055950004,0.8924887346426401
1808,"Mr. Achenbaum , too , delves into his clients ' business .",0.33333333333333304,0.051256357378709705,0.9487436426212901,0.9487436426212901,0.9487436426212901
1809,`` Carl has a much higher degree of intimacy with his clients than is ordinary for an agency his size .,0.8930898810554018,0.12526436898317053,0.9323038465679511,0.8238634311803964,0.8747356310168293
1810,"And with Al 's record of being a delver and a detail guy , you can see how the two fit , '' said Alan Gottesman , an analyst with PaineWebber .",0.8238914992687603,0.10293589547415484,0.9503642373689392,0.8494250357703239,0.8970641045258456
1811,"Mr. Achenbaum 's move follows the announcement last month that his consulting partner , Stanley Canter , 66 , would retire .",1.159535227469405,0.15678523158413143,0.886818457498472,0.8036980020459255,0.8432147684158685
1812,"When the announcement came out , `` I picked up the phone and said , ` Why do n't you come to us ? ' '' Mr. Spielvogel said .",0.8503258334775641,0.10589201893733977,0.9248196659971721,0.8653705015597066,0.8941079810626602
1813,"Mr. Achenbaum , who had been considering paring down his firm or merging it with another small consulting outfit , soon agreed .",0.881072282890889,0.1126946617397601,0.901110641686118,0.8739166554074297,0.88730533826024
1814,"The two men are longtime friends and tennis partners , having met about 25 years ago .",0.7058823529411766,0.09450773302486744,0.9663791344692828,0.8518230249570801,0.9054922669751325
1815,"Before becoming a consultant in 1974 , Mr. Achenbaum was a senior executive at J. Walter Thompson Co .",0.7110407897014142,0.10687969770224706,1.0,0.8068810948034963,0.8931203022977525
1816,"He spent most of his career formulating marketing strategies , but became best-known for chipping away at ad agency compensation .",0.9697394274571556,0.13044751925207035,0.9713771066082831,0.78704995271489,0.8695524807479295
1817,"Ad agencies typically earned a straight 15 % commission ; if a client spent $ 100 million on TV time , the agency made $ 15 million .",1.2418178547559613,0.1696710887106599,0.9188920935731415,0.7573365189834107,0.83032891128934
1818,"But Mr. Achenbaum pioneered negotiated fees , which often worked out to less than 15 % .",0.47058823529411953,0.06108094803982727,0.938919051960173,0.9389190519601731,0.938919051960173
1819,"More recently , he negotiated `` indemnification '' clauses in which an ad agency in some cases must pay a client if it drops the account .",0.9485052027569214,0.12215745844548999,0.9200139452341577,0.8393677796712061,0.8778425415545105
1820,"He ultimately became so well-known for cutting compensation , however , that clients did n't seek him out for anything else .",1.30704034100743,0.1849663470850799,0.8407487106110033,0.7908449468482994,0.8150336529149201
1821,"`` I was very frustrated , '' he said .",0.39999999999999947,0.06844795405812666,0.9315520459418732,0.9315520459418732,0.9315520459418732
1822,"`` The fact of the matter is , I am a marketer .",0.5776750003328432,0.0886614879937883,1.0,0.8371183531858455,0.911338512006212
1823,That 's another reason -LCB- for the Backer Spielvogel job -RCB- .,0.3962406251802886,0.06488283545628412,1.0,0.8781408934467743,0.9351171645437157
1824,It struck me as a way to get back to what I really want to do . '',0.7505430557959407,0.10504653595757407,0.9350109973806344,0.8581871988081291,0.8949534640424257
1825,Mr. Spielvogel added pointedly : `` The pressure on commissions did n't begin with Al Achenbaum . '',0.8888888888888884,0.12296596988728785,0.9344892165434507,0.82623465712856,0.8770340301127121
1826,"Mr. Spielvogel said Mr. Achenbaum will work with clients to determine the mix of promotion , merchandising , publicity and other marketing outlets , and to integrate those services .",1.1006516669551312,0.139091830050361,0.9379955933479276,0.795529091087023,0.8609081699496394
1827,"He will concentrate on , among others , J.P. Morgan and Hyundai .",0.519606730935652,0.07904470615755656,1.0,0.8534913230073067,0.9209552938424435
1828,"Mr. Achenbaum helped Morgan in its recent agency search , and he has a long relationship with Hyundai , which is having severe troubles , including declining sales .",1.069639655470823,0.13772169768563708,0.900290207971256,0.8273462255328019,0.8622783023143629
1829,"`` The trail of revenue is increasingly going away from pure advertising , and going towards other services , '' Mr. Spielvogel said .",0.6776942711037659,0.08660005407786296,0.9474768258629822,0.8816891795003715,0.9133999459221369
1830,"Instead of being just an ad agency , he said : `` We have redefined our mission here .",1.066561184552123,0.14774837680117256,0.8697205794993859,0.8354706020506045,0.8522516231988271
1831,"Our mission is to help our clients grow , and to use every tool of marketing communications to accomplish that . ''",0.39794943191652,0.05542810561692965,0.9999999999999998,0.8949656441363563,0.9445718943830699
1832,Industry executives are wishing Mr. Achenbaum well .,0.25,0.043478260869565216,0.9999999999999999,0.9166666666666666,0.9565217391304347
1833,"Leonard Matthews , then-president of the American Association of Advertising Agencies , called Mr. Achenbaum a `` quisling '' in an incendiary 1987 speech .",0.9762548782626661,0.1369016651450661,0.9505777127367459,0.7903631201289818,0.8630983348549337
1834,"Yesterday , Mr. Matthews , now a consultant with the Stamford , Conn. , firm Matthews & Johnston , quipped , `` I think he 'll be very good at that -LCB- new job -RCB- .",1.2159565975227027,0.15045327099786648,0.9199444816141781,0.7891573217914111,0.8495467290021335
1835,And much better at that than at -LCB- the price-cutting -RCB- he 's been doing recently . '',1.0838763891292746,0.15409648831688735,0.807629506732964,0.887985637720404,0.8459035116831128
1836,Cotton Inc . Campaign,0.5,0.14285714285714285,1.0,0.75,0.8571428571428571
1837,"Cotton Inc. , the fiber company that represents cotton growers , will begin a new ad campaign , developed by Ogilvy & Mather , Thanksgiving Day .",0.9899650353037277,0.13775387933320593,0.9166181449242758,0.813963379526046,0.8622461206667945
1838,"J. Nicholas Hahn , Cotton Inc. 's president and chief executive , was an outspoken critic of WPP Group 's acquisition of Ogilvy Group earlier this year .",1.317637606770754,0.18417640361219512,0.9673850331536195,0.7053201900676684,0.8158235963878051
1839,"During the takeover , Mr. Hahn said he would put his account up for review if WPP 's bid were successful , but he did n't .",0.9546087966969417,0.11988696655741458,0.9264593266713039,0.8381827897351751,0.8801130334425858
1840,Cotton Inc. 's new $ 9 million campaign calls cotton the `` Fabric of Our Lives . '',0.5974937501201927,0.07717208180737689,0.9698357992989892,0.8801663115996204,0.9228279181926231
1841,The campaign replaces its `` Take Comfort in Cotton '' ads and marks the end of its national cooperative advertising efforts .,1.4488319536785106,0.2092303989784879,0.8085225073858948,0.7737795533338799,0.7907696010215121
1842,"For years , the company 's ads were tied in with pitches for Cannon sheets or Martex towels , for example , and an announcer at the end of the ads would tell customers where to `` find the true performance label . ''",1.0972880667612248,0.1331368221354228,0.9401840281848518,0.8041509535227335,0.866863177864577
1843,"With the new TV spots , Ogilvy & Mather has opted for a family style with lots of laughter , hugs and tears .",1.083333333333333,0.14600327269113242,0.9743718213106453,0.7600938033644069,0.8539967273088676
1844,"`` We 're making a fairly obvious plea for some emotional reaction , '' says Tom Rost , creative director at Ogilvy & Mather .",0.8105865002596131,0.10342905202041558,0.9486439077055302,0.84991728960224,0.8965709479795841
1845,"Cotton Inc. will spend nearly $ 2 million on broadcasting on Thanksgiving Day alone , advertising on such programs as `` Good Morning America , '' `` Macy 's Thanksgiving Day Parade '' and the NFL holiday game .",1.993553999021909,0.25365535894334973,0.7893242088891077,0.7078039411056801,0.7463446410566504
1846,Frank Mingo Dies at 49,0.40000000000000036,0.09425390072448082,1.0,0.8277293767706427,0.9057460992755192
1847,"Frank L. Mingo , one of the pioneers of advertising targeted at black audiences , died at the age of 49 after a stroke .",0.9403910001730766,0.1365626978152842,0.9253006343513237,0.8093276401206648,0.8634373021847155
1848,"Mr. Mingo was chief executive officer of the Mingo Group , which he founded in 1977 and which created ads for the black market .",1.0505865002596115,0.13828736247790313,0.93168756707854,0.801514435721516,0.8617126375220964
1849,Clients include Miller Brewing Co. and General Motors .,0.8888888888888884,0.17754637556585925,0.9025783848842869,0.7553948183725062,0.8224536244341407
1850,"Mr. Mingo was hospitalized Sept. 23 and died Monday , according to Samuel J. Chisholm , the agency 's president and chief operating officer .",1.3762548782626638,0.19085316687207232,0.9066469955187,0.7305807116122356,0.8091468331279276
1851,Ad Notes ... .,0.0,0.0,1.0,1.0,1.0
1852,EARNINGS :,0.0,0.0,1.0,1.0,1.0
1853,"Omnicom Group Inc. , New York , reported third-quarter net income rose 54 % to $ 5.6 million , or 22 cents a share , from $ 3.6 million , or 15 cents a share , a year earlier .",1.1308823344969268,0.14880538358890563,0.9258308129802875,0.787694342936104,0.8511946164110941
1854,Revenue increased 20 % to $ 246.6 million from $ 204.8 million .,0.7392031134182169,0.13908467091946006,0.9152239946166532,0.8126908962341203,0.8609153290805401
1855,"Prime Minister Lee Kuan Yew , Singapore 's leader and one of Asia 's leading statesmen for 30 years , recently announced his intention to retire next year -- though not necessarily to end his influence .",1.2205745799656817,0.14459085217148016,0.9434982420991508,0.7823642253033997,0.8554091478285203
1856,"The prime minister , whose hair is thinning and gray and whose face has a perpetual pallor , nonetheless continues to display an energy , a precision of thought and a willingness to say publicly what most other Asian leaders dare say only privately .",1.4996431878969787,0.19049618849792688,0.8489603498809093,0.7735519755696081,0.8095038115020733
1857,"The 66-year-old Mr. Lee recently spent an hour discussing the state of Asia and the world with two Journal reporters in his plainly furnished , wood-paneled office .",1.3022997659539328,0.17386522180287559,0.8774469247863205,0.7804924257854247,0.8261347781971241
1858,The interview did not touch on Singapore 's domestic affairs .,0.0,0.0,1.0,1.0,1.0
1859,"Skipping personal pleasantries , Mr. Lee picked up exactly where he left off several months earlier -- before the government crackdown in China -- when he had warned that the orthodox leadership in Beijing feared a plurality of views .",1.2207230355827594,0.14982527158243575,0.9054632236863113,0.8012496205854943,0.8501747284175643
1860,Excerpts follow :,4.440892098500626e-16,1.4009454786722165e-16,1.0,1.0,1.0
1861,"On China 's turmoil : `` It is a very unhappy scene , '' he said .",0.35294117647058965,0.04652109924124803,0.938919051960173,0.9684974223250442,0.9534789007587521
1862,"`` It took Zhao Ziyang -LRB- former premier and party chief -RRB- 10 years to build a team of economists who understood how the Western economies work and now that team is part in exile , part being rusticated and part missing . ''",1.56349971635162,0.17565797937806152,0.8612748865568002,0.7904463954198115,0.8243420206219391
1863,"Rebuilding that team , Mr. Lee predicted , will take another 10 years .",0.14285714285714413,0.02070266119434517,1.0,0.9594344915881372,0.9792973388056551
1864,"`` That 's very sad for China and for Asia because China could have been a good engine for growth , not just for Hong Kong and Taiwan but for Japan , Korea and the rest of Asia . ''",1.399526963179106,0.1854753902328471,0.8879607748644616,0.752307266199302,0.8145246097671526
1865,"On similarities between China and the Soviet Union : `` In important particulars , the Soviets are different from the Chinese .",0.9777170456512243,0.13683459799194722,0.9094491433877954,0.8213644711504738,0.8631654020080528
1866,They are already industrialized ... .,0.0,0.0,1.0,1.0,1.0
1867,Their problem is one of inefficiency of an industrial economy .,0.6140806820148619,0.10336064156789738,0.936099909688466,0.8603710954403706,0.8966393584321029
1868,The Chinese problem is much greater -- it 's how to industrialize to begin with . '',0.23529411764706065,0.03150257767495605,0.938919051960173,1.0,0.9684974223250442
1869,"Asked if the Soviets , like Chinese officials , wo n't one day face a similar conflict between the desire to liberalize economically and yet retain political control , Mr. Lee said , `` I would think that the Soviets face a deeper dilemma because they have been more in blinkers than the Chinese -- I mean keeping their people cut off from the outside world . ''",1.3438431473911114,0.15074674472616517,0.8630307947517595,0.8359086966120259,0.849253255273835
1870,"Mikhail Gorbachev , he said , is ahead of China 's leaders in his awareness of the world .",0.6057776318066761,0.08110531843017783,0.9702384706900186,0.8727118761215785,0.9188946815698215
1871,`` But I think the Soviet peoples are more introverted than the Chinese . '',0.5333333333333332,0.07604077156002478,0.9239592284399752,0.9239592284399752,0.9239592284399752
1872,"Regardless , he said , he still believes the Soviet Union , while falling far short of the efficiency of a Western economy , may well manage to improve considerably .",0.9762794356932378,0.12434854764195191,0.9466953495973861,0.8145260786514142,0.8756514523580478
1873,"On Asia-Pacific prosperity : `` If America can keep up the present situation -- her markets open for another 15 years , with adjustments , and Japan can grow and not cut back , and so too , Korea , Taiwan , Hong Kong , Singapore , ASEAN , Australia and New Zealand -- then in 15 years , the economies of these countries would be totally restructured to be able to almost sustain growth by themselves . ''",1.994040971971085,0.23513974355432893,0.8200710614213875,0.7166145974488466,0.7648602564456708
1874,"In such an arrangement , `` all benefit , '' he said .",0.615384615384615,0.09069119226049506,0.909308807739505,0.909308807739505,0.909308807739505
1875,"`` And if the Europeans come in , they benefit too .",0.16666666666666607,0.024987787213593238,0.9512427610839695,1.0000000000000002,0.9750122127864068
1876,It 's not a zero-sum game . '',0.0,0.0,1.0,1.0,1.0
1877,"Asked about the possibility of greater economic cooperation among Asia-Pacific nations , which will be discussed Nov. 6 and 7 at a ministerial meeting in Canberra , Mr. Lee said the goal `` is to have a free and open world trading system . ''",1.4107542990080848,0.1630833210526298,0.8930410553157878,0.7874295978650953,0.8369166789473699
1878,"An Asian bloc is n't intended , he said .",0.20000000000000018,0.03103731587265484,1.0,0.9397940008672038,0.9689626841273452
1879,`` That 's not possible . '',0.0,0.0,1.0,1.0,1.0
1880,On U.S.-Japan relations : `` I 'm encouraged .,0.22222222222222232,0.036324900793189584,1.0,0.9298966940476159,0.9636750992068105
1881,I think the earlier strident notes struck by -LCB- U.S. Commerce Secretary Robert -RCB- Mosbacher and -LCB- U.S. Trade Representative -RCB- Carla Hills have been more rounded .,1.5880140516682193,0.21613201948598912,0.8823144661303132,0.7051851498697811,0.7838679805140107
1882,"I believe the U.S. is becoming more patient and circumspect , '' he said .",0.39999999999999947,0.055966642010002454,0.9267444333447414,0.9619796142199876,0.9440333579899974
1883,`` It 's the total relationship that is important . '',0.18181818181818077,0.028527620086804616,1.0,0.9445272649374314,0.9714723799131952
1884,"The total relationship , as Mr. Lee sees it , is `` the flow of dollars to the U.S. to fund the deficits , the investments the Japanese are making in the U.S. in order to satisfy American demand that American products consumed in America should be made as much as possible in America by Americans with Japanese technology and capital . ''",1.712544689078264,0.2039956642114491,0.8410751270426213,0.7555182888352214,0.7960043357885507
1885,"Japan 's recent political turbulence , Mr. Lee said , may mean Japan will slow market adjustments .",0.7777777777777777,0.10927485979119209,1.0,0.802979651388184,0.890725140208808
1886,"`` They 'll be more timorous in tackling their own voters , like opening up more to agricultural imports from America , hurting their farmers . ''",0.9266500003205165,0.11900776559279681,0.8959497244998421,0.8665259612163245,0.8809922344072033
1887,"On U.S. military presence in Asia : Asked if his offer to allow the American military to use facilities in Singapore would help preserve America 's presence in the region at bases in the Philippines , he said , `` What we have done is make it easier for the Philippines to continue to host American bases without it being said they are lackeys of the imperialists and the only ones in Asia or in Southeast Asia .",1.6988773171759046,0.19839206364059564,0.823861670501333,0.7805247959226411,0.8016079363594041
1888,"We are willing to share the political burden of being host to America , an imperial power .",0.6394319446848318,0.0855061780554779,0.9999999999999997,0.8424584221000948,0.914493821944522
1889,"We think it is n't such a great burden , that it carries no stigma , and we are prepared to do it . ''",0.9745811190640108,0.12801975185529615,0.9247214284880547,0.8249306043959558,0.871980248144704
1890,On U.S.-Philippine relations : `` It 's such a mixed-up relationship going back into history ... .,0.7502875001272633,0.10105374587929356,0.9659470024203424,0.8406373303002512,0.8989462541207065
1891,I really do not understand how it is that Filipinos feel so passionately involved in this father figure that they want to dispose of and yet they need .,1.4868763958194409,0.20231157257242496,0.8133338138966512,0.7826335940571988,0.7976884274275752
1892,I just do n't understand it .,0.5714285714285721,0.11330491807453026,1.0,0.7964530359382731,0.8866950819254699
1893,My relationships with the British are totally different .,0.0,0.0,1.0,1.0,1.0
1894,They lorded it over me .,0.7924812503605785,0.18103744911964753,0.9999999999999998,0.6934264036172707,0.8189625508803525
1895,They did me some good .,0.33333333333333304,0.06891905627080991,1.0000000000000002,0.8710490642551529,0.9310809437291903
1896,They did themselves even more good .,0.9649839288804962,0.20753565833176318,0.7306239305568806,0.8657411483701791,0.7924643416682371
1897,They let me down when the Japanese came down -LCB- during World War II -RCB- ... .,0.9855816177743222,0.1370892266249933,0.8405916747308466,0.8864474178073202,0.8629107733750068
1898,I do n't feel down or done in because I show British serials on my television network or read their books .,1.1938482957495626,0.15826821621924117,0.9118134658740567,0.7816541070544152,0.8417317837807586
1899,I mean it is a normal adult relationship .,0.6666666666666679,0.11751192005564601,0.918464939457502,0.8492234537424981,0.8824880799443541
1900,"`` But the Filipinos and the Americans , when I talk to them , there 's so much passion about Filipino manhood being diminished as a result of being squatted upon by the Americans and so on .",1.615370473296161,0.20195543030781737,0.8043015263709136,0.7918842118590579,0.7980445696921825
1901,The occasional Englishman tries to put on airs but we let it pass ... .,0.13333333333333197,0.01865554733666732,0.9633722166723707,1.0,0.9813444526633324
1902,It 's just comic when they try to pretend they 're still the master race . '',0.5149933824802062,0.071632874688382,0.9659470024203421,0.8936018158887534,0.9283671253116181
1903,Mr. Lee added that the Filipinos are `` making it very difficult '' for the U.S. military presence to last beyond five or 10 years .,0.5196067309356502,0.06171296099016102,0.9625122974895985,0.9152512825306078,0.9382870390098388
1904,On military alternatives if the U.S. pulls back : `` The Soviets already are present .,0.625,0.0847457627118644,0.9642857142857144,0.8709677419354839,0.9152542372881356
1905,"I suppose sooner or later , the Japanese would have to fill up a large part of the gap on the naval side .",0.5314536459234773,0.06809023036016294,0.9775996232294621,0.8903000180513202,0.931909769639837
1906,"Maybe the Chinese , maybe even the Indians . ''",0.6754887502163465,0.12130822140392354,1.0,0.7836309070274349,0.8786917785960764
1907,On economic consequences of a diminished U.S. presence : `` America is the only major power in recent history that has used its military might to sustain a system that enables all participants to equally benefit without her as the provider of the security taking royalties . '',1.454505864391332,0.1769330542054039,0.8717031338991165,0.779571206950005,0.8230669457945966
1908,"Asked why so few nations seem to share his views of America , he said , `` Many people see it that way .",0.9795739585136243,0.12208530552518768,0.8688904687368679,0.8871283372315836,0.8779146944748122
1909,But they have just taken it for granted . '',0.40000000000000124,0.06406297452126825,1.0,0.8795880017344075,0.9359370254787319
1910,On Cambodia : `` Let 's assume that -LCB- former Cambodian leader Prince Norodom -RCB- Sihanouk does what the press wants him to do and joins up with -LCB- Vietnamese-backed Cambodian leader -RCB- Hun Sen .,1.5566416671474368,0.19178632114700872,0.8535185543058345,0.7674759556835474,0.8082136788529911
1911,Is the trouble over ?,0.0,0.0,1.0,1.0,1.0
1912,Can Sihanouk and Hun Sen knock off the Khmer Rouge still supported by China ?,1.167318333621794,0.18297110106457676,0.9071787575961197,0.7431765712671605,0.8170288989354229
1913,He ca n't .,0.0,0.0,1.0,1.0,1.0
1914,`` What is the way forward ?,0.0,0.0,1.0,1.0,1.0
1915,To get the Khmer Rouge as part of a process for elections .,0.6734528847818053,0.11018459817862249,0.9464536648194255,0.8395731484939801,0.8898154018213775
1916,"And when they lose , then we can expect China to stop aid .",0.33963482158310576,0.050664190610350004,0.9035577855167632,1.0000000000000002,0.9493358093896503
1917,Let 's put it bluntly .,0.666666666666667,0.1480409554829327,1.0000000000000002,0.7420981285103058,0.8519590445170675
1918,The Chinese can not be seen to have made use of the Khmer Rouge and then discard them . '',0.5754887502163459,0.07504710158352668,0.9626119690045128,0.890129470452122,0.9249528984164731
1919,Ms. House is vice president of Dow Jones International Group .,1.228161364029722,0.24744210663838784,1.0,0.6032808170870618,0.7525578933616123
1920,Mr. Wain is editor of The Asian Wall Street Journal .,1.4099795458479054,0.2559465083719617,1.0,0.5924245074677015,0.7440534916280386
1921,Everything looked good as neurosurgeon Walter Levy and colleagues carefully cut away a woman 's spinal tumor at the Cleveland Clinic in 1978 .,1.0,0.1314575617115519,0.9519716897212345,0.7985581041200353,0.8685424382884481
1922,"Using small electrical shocks applied to her feet , they were able to monitor sensory nerves .",0.7502875001272624,0.1043610506566874,1.0,0.8110019352916673,0.8956389493433126
1923,"The shocks generated nerve impulses that traveled via spine to brain and showed up clearly on a brain-wave monitor , indicating no damage to the delicate spinal tissue .",1.5784288796833605,0.20807653941407933,0.8551481204578306,0.7374041057960798,0.7919234605859213
1924,"Then , says Dr. Levy , `` she woke up paralyzed . ''",0.3076923076923084,0.04534559613024766,0.9546544038697523,0.9546544038697523,0.9546544038697523
1925,"The damage was to her motor nerves , which could n't be monitored along with the sensory nerves , he explains .",0.7272727272727266,0.09079817721081779,0.9092018227891818,0.9092018227891818,0.9092018227891818
1926,"The tragedy , he adds , `` galvanized me '' to look for a way to prevent similar cases .",0.3999999999999986,0.05232960825912493,0.9731322052843082,0.9235070116682963,0.947670391740875
1927,"Dr. Levy 's answer may come with a new kind of magnetic brain probe , a device that he and dozens of U.S. researchers are studying with great hope .",1.471298849580588,0.18840706561191525,0.8920056105005015,0.7444794702888092,0.8115929343880847
1928,"Besides holding the promise of safer spinal surgery , the probe could improve the diagnosis of brain and nerve disorders such as strokes and multiple sclerosis .",1.3612921297097582,0.18897186040133648,0.9211127146673405,0.7244475317895467,0.8110281395986636
1929,"Perhaps most exciting , the device is thrusting open a window to the workings of the brain .",0.11111111111110983,0.016312212478178448,0.9678992099516293,1.0,0.9836877875218214
1930,"The probe , which is painless , non-invasive and apparently harmless , employs strong magnetic fields to induce small whirlwinds of electricity within the brain .",1.6067091350314344,0.2146148210699195,0.8569949739669235,0.7248198301773541,0.7853851789300801
1931,"If positioned over the brain 's motor-control area , the hand-held electromagnets generate nerve impulses that zip down motor nerves and activate muscles , making , say , a finger twitch .",1.5432524370391931,0.20148037324888052,0.8574846600606325,0.7471422988625254,0.7985196267511196
1932,"In principle , they will enable doctors to check the body 's motor system the way an electrician tests a home 's electrical circuits by running current through them .",1.1836591668108989,0.1593054815146867,0.9145463046303856,0.7778789461243827,0.8406945184853136
1933,"`` Until now , we 've had no objective way of measuring motor function , '' says Keith Chiappa , a neurologist conducting clinical tests with the devices at Boston 's Massachusetts General Hospital .",1.2647046430425792,0.1489012088664768,0.9547188113753083,0.7677692643974938,0.8510987911335232
1934,"`` All we could do was tell a patient , ` squeeze my fingers as hard as you can ' or ` raise your arm . '",1.00072407439459,0.13663877920104295,0.8399573883486465,0.888106641610266,0.8633612207989574
1935,"`` Under the best circumstances such tests are subjective ; when a patient is unconscious , they do n't work at all .",0.8269369568979963,0.10741606304534428,0.892583936954656,0.892583936954656,0.892583936954656
1936,"Magnetic brain tweaking started in the early 1900s , when researchers produced flashes of light in the visual field with magnets .",1.1252221591892475,0.16508725065519916,0.9578457909802646,0.7399457119827013,0.8349127493448005
1937,"In the 1960s , Mayo Clinic researchers developed magnetic devices to stimulate motor nerves in the hand and other limbs .",0.9337924035446088,0.1330749034035565,0.9043610263127198,0.832465283599913,0.8669250965964433
1938,"But for brain tests , the unwieldy machines `` would have required patients to stand on their heads , '' says Reginald Bickford , a researcher at the University of California at San Diego .",0.8535515137407739,0.10531516318105988,0.9694413220735372,0.8306323236439629,0.8946848368189395
1939,"The field took off in 1985 after scientists at Britain 's Sheffield University developed a handy , compact magnet for brain stimulation .",0.728473369659282,0.10013142527266111,0.9741224393504204,0.8361331401575989,0.8998685747273389
1940,"Since then , at least two commercial versions have been put on the U.S. market , and an estimated 500 have been sold .",0.848521999025011,0.11331652034813568,0.9299675521326312,0.8472494103627479,0.8866834796518643
1941,"In August , a Chicago conference on such devices attracted more than 100 researchers , who reported studies on everything from brain mapping to physical therapy .",1.391992923165703,0.1901337787944319,0.8661960487636694,0.7604154407379983,0.8098662212055684
1942,"`` We do n't feel we can use -LCB- the devices -RCB- routinely in surgery yet , but we 're getting close , '' says Dr. Levy , who is now with the University of Pittsburgh .",1.2734977156422653,0.1525540220058328,0.8471720661916721,0.8477200669789486,0.8474459779941674
1943,"A problem , he adds , is that anesthetized brains are more resistant to magnetic stimulation than awake ones .",0.7000000000000011,0.09531777065224283,0.9707767091455229,0.8470140233365924,0.9046822293477572
1944,"The devices could help indicate when surgery would help , says Charles Tator , a University of Toronto neurosurgeon .",0.8377443751081746,0.11311527506905358,1.0,0.7967591001533308,0.8868847249309465
1945,"For example , paralyzed car-crash victims occasionally have some intact spinal tissues that , if preserved by emergency surgery , enable partial recovery .",1.431855332358345,0.1995572026217641,0.895995413293833,0.7233064399581413,0.8004427973782358
1946,But such operations typically are n't performed because there is no sign right after an injury that surgery would be beneficial .,1.6604238642264004,0.22875769554428377,0.7712423044557163,0.7712423044557163,0.7712423044557163
1947,"`` The cost -LCB- of magnetic stimulators -RCB- would seem like peanuts if we could retrieve limb function '' in such people , Dr. Tator says .",1.0468393520922428,0.12818483913227158,0.9343370869933918,0.8171358507891078,0.8718151608677289
1948,Scientists caution there is a chance the magnet technique might spark seizures in epileptics .,0.6339850002884626,0.09538682662823832,0.9575313698150205,0.8572377286071977,0.9046131733717617
1949,But no significant problems have been reported among hundreds of people tested with the devices .,0.9693609377704338,0.14843278407113392,0.9999999999999999,0.7415037499278843,0.851567215928866
1950,"The main sensation , besides feeling like a puppet jerked with invisible strings , is `` like a rap on the head , '' says Sam Bridgers , a neurologist who has studied the brain stimulators at Yale University .",1.4954070372695938,0.19190390587193432,0.9297918742999186,0.7145696659189342,0.8080960941280656
1951,One apparent side effect is a minor increase in a brain hormone .,1.2007415749566777,0.2150035144040429,0.8769082144853169,0.7105240465668063,0.784996485595957
1952,And some doctors who have conducted hours of tests on themselves report temporary headaches .,0.6163408331891009,0.09390493263008581,0.9570846384092841,0.8602637204581124,0.9060950673699137
1953,"At least two companies , Cadwell Laboratories Inc. of Kennewick , Wash. , and Novametrix Medical Systems Inc. of Wallingford , Conn. , now sell versions of the magnetic devices .",1.2546404190187443,0.17267219100407544,0.944168757309342,0.7362204748623431,0.8273278089959246
1954,"The machines , which at $ 12,500 are inexpensive by medical standards , have n't been approved in the U.S. for marketing as brain stimulators but are sold for stimulating nerves in the hand , legs and other non-brain areas .",1.0029125726527743,0.13143165396815962,0.9235620677290344,0.8197557934796003,0.8685683460318406
1955,Researchers can apply for permission to use the probes for brain studies .,0.6734528847818071,0.104903545724087,0.9999999999999998,0.8101127539502293,0.895096454275913
1956,"At the University of Kentucky , a team led by Dean Currier , a physical therapy researcher , is testing the stimulators in conjunction with electric shocks to induce muscle contractions to help prevent wasting of thigh muscles after knee surgery .",1.5640615350407412,0.19682318303333182,0.9520204306695895,0.6945823538348743,0.8031768169666685
1957,"Similarly , a Purdue University team led by heart researcher W.A. Tacker hopes to develop ways to magnetically induce cardiac muscle contractions .",0.9565217391304355,0.12353731123086635,0.9750130946967219,0.796005637361971,0.8764626887691337
1958,"The devices might someday serve as temporary pacemakers or restarters for stopped hearts , says Dr. Tacker , whose prototype was dubbed the `` Tacker whacker . ''",0.6698174107915547,0.07999287055380702,0.9642381543247118,0.8796560120594433,0.9200071294461935
1959,"The devices ' most remarkable possibilities , though , involve the brain .",0.9230769230769234,0.1424984662924184,0.8575015337075815,0.8575015337075815,0.8575015337075815
1960,"Probing with the stimulators , National Institutes of Health scientists recently showed how the brain reorganizes motor-control resources after an amputation .",0.7049897729239527,0.09503804082515478,0.9248523659948295,0.8859090888671243,0.9049619591748455
1961,Similar studies are expected to reveal how stroke patients ' brains regroup -- a first step toward finding ways to bolster that process and speed rehabilitation .,1.0044227955097709,0.12935905417024066,0.9239688320991173,0.8231329163152784,0.8706409458297598
1962,Scientists also are exploring memory and perception with the new machines .,0.5,0.07496336164077998,0.9487436426212901,0.9024855221679389,0.9250366383592199
1963,"At the State University of New York at Brooklyn , researchers flash two groups of different letters on a computer screen in front of human guinea pigs .",1.232365622381307,0.17633464772124277,0.9669459033300611,0.7173670154929289,0.8236653522787575
1964,"Between flashes , certain areas in subjects ' brains are jolted with a magnetic stimulator .",0.6721804688852169,0.09844731042202422,1.0000000000000002,0.8207518749639423,0.901552689577976
1965,"When the jolt is timed just right , the subjects do n't recall seeing the first group of letters .",0.7377443751081714,0.09928432228485774,0.917727960993393,0.8843226419425227,0.9007156777151419
1966,`` Where does that first stimulus go ? '' exclaims SUNY neurologist Paul Maccabee .,0.850325833477565,0.12697516267925502,0.9164027631334557,0.833567899853568,0.8730248373207452
1967,"`` Trying to answer that is suggesting all kinds of theories , '' such as precisely where and how the brain processes incoming signals from the eyes .",1.1967776787259634,0.14979642528979648,0.8983960246959048,0.8069182460295776,0.8502035747102037
1968,He and others say that the machines are weak enough that they do n't jeopardize the memory .,0.8197159723424132,0.1158496231876794,0.9336691471212688,0.8396196836947993,0.8841503768123202
1969,"Both the SUNY team and researchers at the National Magnet Laboratory in Cambridge , Mass. , are working with more potent magnetic brain stimulators .",1.4807820003461556,0.20378090905547108,0.8705429143125711,0.7335879867711622,0.7962190909445293
1970,"Among other things , the stronger devices may be able to summon forth half-forgotten memories and induce mood changes , neurologists say .",1.2988827383011845,0.17551484924245603,0.8670964659003603,0.7858657200770509,0.8244851507575439
1971,"Du Pont Co. , Hewlett-Packard Co. and Los Alamos National Laboratory said they signed a three-year , $ 11 million agreement to collaborate on superconductor research .",0.8805347226228672,0.1177127536584862,1.0000000000000002,0.789368505864875,0.8822872463415142
1972,"The collaboration will include at least 25 researchers and will be aimed primarily at developing thin films of high-temperature superconductors for use in electronics , the companies said .",0.9385958947887483,0.11410609647663028,0.9814233723987881,0.8073120280315624,0.8858939035233702
1973,"The materials , discovered during the past three years , conduct electricity without resistance and promise smaller , faster computers and other new technologies .",0.9403910001730758,0.1256043468475722,0.9450851994535524,0.813544925894882,0.8743956531524277
1974,"Joint-research programs have proliferated as U.S. companies seek to spread the risks and costs of commercializing new superconductors and to meet the challenges posed by foreign consortia , especially in Japan .",1.2582707033278284,0.15592825945795835,0.9256392542073775,0.7757155346195977,0.8440717405420419
1975,The latest research pact bolsters Du Pont 's growing portfolio of investments in superconductors .,0.7169925001442294,0.10497506451307802,0.9582013815667275,0.8396639387564935,0.8950249354869214
1976,"The Wilmington , Del. , chemicals concern previously signed research superconductor agreements with Oak Ridge National Laboratory and with Argonne National Laboratory .",1.534096196310621,0.23955628667200246,0.8648054854368745,0.6785576891210581,0.7604437133279977
1977,"Last year , Du Pont agreed to pay $ 4.5 million for rights to superconductor work at the University of Houston .",0.8868079547421344,0.11564417178056235,0.9738895624545342,0.8098984790720765,0.8843558282194378
1978,"Hewlett-Packard is a Palo Alto , Calif. , computer maker .",1.2727272727272743,0.22541562596417472,0.92323561220565,0.6671635896245881,0.7745843740358254
1979,The Los Alamos laboratory is one of three U.S. Department of Energy national laboratories designed as pilot centers to foster joint industry-government programs to speed the transfer of new superconductors to the marketplace .,1.3414600139540278,0.17724990230765839,0.9136847041784597,0.7482776526817289,0.8227500976923421
1980,"J.C. PENNEY Co. , Dallas , said it issued $ 350 million of securities backed by credit-card receivables .",0.9473684210526292,0.12910514415536736,0.9681074766583005,0.7914239328885146,0.8708948558446322
1981,The offering was priced with an 8.95 % coupon rate at 99.1875 % to yield 9.19 % .,0.5974937501201918,0.09573271731640516,1.0,0.8252626469877299,0.9042672826835946
1982,The retailer said the securities are expected to be rated triple-A by Standard & Poor 's Corp. and Aaa by Moody 's Investors Service Inc .,0.952111057775519,0.12245304496569032,0.9366431364794457,0.8254653779108662,0.8775469550343097
1983,"They pay interest only for 115 months , with principal payments beginning thereafter .",0.4285714285714288,0.062107983583035,0.9577193557584996,0.9188689831762744,0.9378920164169652
1984,"The expected average life of the certificates is 10 years , with the final scheduled payment in October , 2001 .",0.8337988097298537,0.11914041024597256,0.9700279747826819,0.8067044755225544,0.8808595897540273
1985,First Boston Corp. is sole underwriter .,0.6792696431662097,0.1376310147645185,1.0,0.7580392711198944,0.8623689852354814
1986,"As part of the transaction , J.C. Penney will sell a portion of its credit-card receivables to its JCP Receivables Inc. unit , which will then transfer them to a master trust .",1.3215042568011146,0.17047628631628217,0.922972161420662,0.7532583342666533,0.8295237136837178
1987,The trust will issue the certificates .,0.2857142857142865,0.053615035438314584,1.0,0.8982265179691366,0.9463849645616855
1988,"Credit support will be provided by a letter of credit facility from Credit Suisse in favor of the trustee , Fuji Bank & Trust Co. , for the benefit of the certificate holders .",1.4026642491679722,0.20144103858560472,0.952107810840865,0.6876585217655,0.7985589614143955
1989,J.C. Penney will continue to service the receivables .,0.44444444444444464,0.07538827312875093,0.9999999999999999,0.8597933880952315,0.924611726871249
1990,"Battle-tested Japanese industrial managers here always buck up nervous newcomers with the tale of the first of their countrymen to visit Mexico , a boatload of samurai warriors blown ashore 375 years ago .",1.3665998072561791,0.16806699056755928,0.9055114897265841,0.7694133550443191,0.8319330094324406
1991,"`` From the beginning , it took a man with extraordinary qualities to succeed in Mexico , '' says Kimihide Takimura , president of Mitsui group 's Kensetsu Engineering Inc. unit .",1.4615906229114675,0.18182585065614654,0.9231919527568381,0.7346086594641916,0.8181741493438532
1992,"Here in this new center for Japanese assembly plants just across the border from San Diego , turnover is dizzying , infrastructure shoddy , bureaucracy intense .",1.2825626104848418,0.1821297436778092,0.9423703505042711,0.7224276236689168,0.817870256322191
