id,sentence,VI,normalized-VI,homogeneity,completeness,V-score
0,-,4.527979026387543,0.9995092236999591,0.00031487755434271824,0.0011119280888489827,0.0004907763000411672
1,"In an Oct. 19 review of `` The Misanthrope '' at Chicago 's Goodman Theatre -LRB- `` Revitalized Classics Take the Stage in Windy City , '' Leisure & Arts -RRB- , the role of Celimene , played by Kim Cattrall , was mistakenly attributed to Christina Haag .",3.6495811511820486,0.9280413285887269,0.04824329680361943,0.14153353532159843,0.07195867141127292
2,Ms. Haag plays Elianti .,1.501955000865387,0.6413400394424296,0.3063371471741693,0.43253806776631243,0.3586599605575701
3,"Rolls-Royce Motor Cars Inc. said it expects its U.S. sales to remain steady at about 1,200 cars in 1990 .",3.4024101186092026,0.8579038661452115,0.09500258118340417,0.28177360116998607,0.1420961338547884
4,"The luxury auto maker last year sold 1,214 cars in the U.S.",2.259951289896979,0.6549015871757686,0.24295372345207294,0.5954372523105547,0.3450984128242313
5,"Howard Mosher , president and chief executive officer , said he anticipates growth for the luxury auto maker in Britain and Europe , and in Far Eastern markets .",3.2390399790309363,0.8269265088366661,0.11616931358185614,0.3392522151224244,0.1730734911633343
6,BELL INDUSTRIES Inc. increased its quarterly to 10 cents from seven cents a share .,3.1264397968159843,0.8256392844007132,0.118328682273978,0.3311875368161715,0.1743607155992869
7,The new rate will be payable Feb. 15 .,1.9566267193818678,0.4967597317166608,0.33621980710702565,0.9999999999999997,0.5032402682833391
8,A record date has n't been set .,2.0,0.5714285714285714,0.29999999999999993,0.7499999999999999,0.4285714285714285
9,"Bell , based in Los Angeles , makes and distributes electronic , computer and building products .",3.3408227952630125,0.9133839932937573,0.05954775390669385,0.15880135088002426,0.08661600670624263
10,Investors are appealing to the Securities and Exchange Commission not to limit their access to information about stock purchases and sales by corporate insiders .,3.6008745318691124,0.8601266570512383,0.09185156147403759,0.29312455957202077,0.1398733429487617
11,"A SEC proposal to ease reporting requirements for some company executives would undermine the usefulness of information on insider trades as a stock-picking tool , individual investors and professional money managers contend .",3.2840395057035257,0.8751946898053066,0.08505465668306005,0.2343120269232091,0.12480531019469347
12,"They make the argument in letters to the agency about rule changes proposed this past summer that , among other things , would exempt many middle-management executives from reporting trades in their own companies ' shares .",3.5789239515536133,0.912944615497217,0.05842288077863693,0.17072715597528024,0.08705538450278293
13,The proposed changes also would allow executives to report exercises of options later and less often .,3.1343654420673106,0.8111523603714363,0.12728101104043407,0.36577561269740183,0.18884763962856355
14,Many of the letters maintain that investor confidence has been so shaken by the 1987 stock market crash -- and the markets already so stacked against the little guy -- that any decrease in information on insider-trading patterns might prompt individuals to get out of stocks altogether .,3.960299532183178,0.9555998289890936,0.02926049087308545,0.09200398071929386,0.04440017101090651
15,"`` The SEC has historically paid obeisance to the ideal of a level playing field , '' wrote Clyde S. McGregor of Winnetka , Ill. , in one of the 92 letters the agency has received since the changes were proposed Aug. 17 .",3.9070072648729717,0.9303754703713489,0.04569317971658077,0.14619019510688885,0.06962452962865075
16,`` Apparently the commission did not really believe in this ideal . '',3.2243189969918182,0.8334011104327803,0.11216804300641876,0.3236574090915327,0.16659888956721972
17,"Currently , the rules force executives , directors and other corporate insiders to report purchases and sales of their companies ' shares within about a month after the transaction .",3.5707676636107575,0.9041622545280037,0.06416665947634083,0.18924386677887145,0.09583774547199646
18,"But about 25 % of the insiders , according to SEC figures , file their reports late .",3.4068506962473344,0.7985431478851573,0.13156681184360605,0.4297409718616442,0.20145685211484268
19,"The changes were proposed in an effort to streamline federal bureaucracy and boost compliance by the executives `` who are really calling the shots , '' said Brian Lane , special counsel at the SEC 's office of disclosure policy , which proposed the changes .",3.9494174855852764,0.9328731130373468,0.043943013657591554,0.14209440566897097,0.06712688696265327
20,"Investors , money managers and corporate officials had until today to comment on the proposals , and the issue has produced more mail than almost any other issue in memory , Mr. Lane said .",3.535019978822378,0.8605494375913114,0.09214293428155886,0.28659074978304244,0.13945056240868828
21,"The SEC will probably vote on the proposal early next year , he said .",3.3100989636268823,0.7812336103163666,0.1430327992175693,0.46495002945293734,0.21876638968363352
22,Not all those who wrote oppose the changes .,2.4849475529555867,0.7286257590503594,0.19127001716170614,0.4669220103450395,0.27137424094964063
23,"The Committee on Federal Regulation of Securities for the American Bar Association argues , for example , in its lengthy letter to the SEC , that the proposed changes `` would substantially improve the -LCB- law -RCB- by conforming it more closely to contemporary business realities . ''",3.877224490546606,0.9188079922524407,0.053204077427401075,0.17130871930258332,0.08119200774755939
24,What the investors who oppose the proposed changes object to most is the effect they say the proposal would have on their ability to spot telltale `` clusters '' of trading activity -- buying or selling by more than one officer or director within a short period of time .,3.7801692488740355,0.9209935869607071,0.05222792307121073,0.1621388125082116,0.07900641303929264
25,"According to some estimates , the rule changes would cut insider filings by more than a third .",3.2810361125534233,0.9222279827480389,0.05408935002501998,0.13834583309294798,0.07777201725196117
26,The SEC 's Mr. Lane vehemently disputed those estimates .,2.5974168451037087,0.7123159333226342,0.198195077034292,0.524511249783653,0.2876840666773658
27,"The rules will eliminate filings policy-making divisions , such as sales , marketing , finance and research and development , Mr. Lane said .",2.4950574223428306,0.6677631883098922,0.22682442365983466,0.6206915396766568,0.3322368116901077
28,"The proposed rules also would be tougher on the insiders still required to file reports , he said .",3.0791312349483104,0.7413223507595045,0.170244418624729,0.5382934422286483,0.25867764924049524
29,Companies would be compelled to publish in annual proxy statements the names of insiders who fail to file reports on time .,2.863822389193649,0.7527269624612798,0.16772005002241958,0.47038707025439885,0.24727303753872013
30,"Considered as a whole , Mr. Lane said , the filings required under the proposed rules `` will be at least as effective , if not more so , for investors following transactions . ''",3.733920793636962,0.9036970705351773,0.06351439653623657,0.19907080652753173,0.09630292946482245
31,"But Robert Gabele , president of Invest/Net , a North Miami , Fla. , company that packages and sells the insider-trading data , said the proposal is worded so vaguely that key officials may fail to file the reports .",3.865484284128282,0.8953252532730126,0.06811396026524656,0.22596178703723951,0.10467474672698739
32,"Many investors wrote asking the SEC to require insiders to report their purchases and sales immediately , not a month later .",3.498284026467904,0.857585286199441,0.09433244141507868,0.29047088752559946,0.142414713800559
33,"But Mr. Lane said that while the SEC regulates who files , the law tells them when to do so .",3.3160741300230563,0.8019085345333417,0.13056883052796373,0.41024792601370513,0.1980914654666583
34,"Investors who want to change the required timing should write their representatives in Congress , he added .",3.281036112553423,0.802985089963501,0.13042770884225413,0.4025062498798075,0.197014910036499
35,"The SEC would likely be amenable to legislation that required insiders to file transactions on a more timely basis , he said .",3.524925991898442,0.8188349225503804,0.11794318958795172,0.3904729310577288,0.18116507744961952
36,"The nation 's largest pension fund , which oversees $ 80 billion for college employees , plans to offer two new investment options to its 1.2 million participants .",3.630246115856675,0.9018305945936297,0.06529028894673294,0.19775615483404316,0.09816940540637056
37,"The Teachers Insurance and Annuity Association-College Retirement Equities Fund said it will introduce a stock and bond fund that will invest in `` socially responsible '' companies , and a bond fund .",3.6788792503681638,0.8796222228278346,0.07908583034295397,0.2518972801257129,0.12037777717216532
38,"Both funds are expected to begin operation around March 1 , subject to Securities and Exchange Commission approval .",3.1843943928430467,0.747715945309456,0.1647487395587379,0.5382934422286484,0.2522840546905439
39,"For its employees to sign up for the options , a college also must approve the plan .",3.0168756957665637,0.7308346263946679,0.1776080239002368,0.5555555555555557,0.26916537360533205
40,"Some 4,300 institutions are part of the pension fund .",1.9709505944546686,0.5933152489026101,0.29091716996047434,0.6754887502163469,0.4066847510973901
41,"The new options carry out part of an agreement that the pension fund , under pressure to relax its strict participation rules and to provide more investment options , reached with the SEC in December .",3.5249449750847117,0.8819806041986338,0.07870175640186322,0.2358395832131406,0.11801939580136621
42,"The new `` social choice '' fund will shun securities of companies linked to South Africa , nuclear power and in some cases , Northern Ireland .",3.3710491007065726,0.8528220264880962,0.09847760310565297,0.2911719530277081,0.14717797351190393
43,"Also excluded will be investments in companies with `` significant '' business stemming from weapons manufacture , alcoholic beverages or tobacco .",2.9215925731390793,0.7867093343990083,0.14594438075861885,0.3960474328271388,0.2132906656009918
44,"Sixty percent of the fund will be invested in stocks , with the rest going into bonds or short-term investments .",3.4065567266844905,0.8422179661033787,0.10474527565562393,0.3196170275292332,0.15778203389662115
45,"The bond fund will invest in high-grade or medium-grade bonds , mortgages or asset-backed securities , including as much as 15 % in foreign securities .",3.550434543914548,0.8580533019563632,0.09359232865591383,0.29367200089998935,0.14194669804363683
46,"The fund also might buy and sell futures and options contracts , subject to approval by the New York State Insurance Department .",3.2727403806036484,0.8025589991254418,0.13073673479083572,0.40312035892670117,0.19744100087455815
47,"Under two new features , participants will be able to transfer money from the new funds to other investment funds or , if their jobs are terminated , receive cash from the funds .",3.3660121055744328,0.8034320919469617,0.1290983997680852,0.41176470588235325,0.1965679080530383
48,"The investment choices offered by the pension fund currently are limited to a stock fund , an annuity and a money-market fund .",3.2384003194730964,0.9210058860952983,0.055164532043052834,0.13906750457495753,0.0789941139047016
49,"New Brunswick Scientific Co. , a maker of biotechnology instrumentation and equipment , said it adopted an anti-takeover plan giving shareholders the right to purchase shares at half price under certain conditions .",3.5056545224689555,0.8817286332464135,0.07898970605519919,0.2352727365616795,0.11827136675358638
50,"The company said the plan , under review for some time , will protect shareholders against `` abusive takeover tactics .",3.2821196765851006,0.9308708814385975,0.04821760030379253,0.12206951559398702,0.06912911856140237
51,"W. Ed Tyler , 37 years old , a senior vice president at this printing concern , was elected president of its technology group , a new position .",3.3534933038234707,0.8385015090293882,0.10764036041919112,0.3232248982232999,0.16149849097061197
52,"Solo woodwind players have to be creative if they want to work a lot , because their repertoire and audience appeal are limited .",2.5493477935431006,0.6497581789657112,0.23502134534961827,0.6870927081530442,0.35024182103428886
53,"The oboist Heinz Holliger has taken a hard line about the problem : He commissions and splendidly interprets fearsome contemporary scores and does some conducting , so he does n't have to play the same Mozart and Strauss concertos over and over again .",4.058625436287303,0.8981476586881036,0.06539841952438837,0.23012947770619943,0.10185234131189622
54,"Richard Stoltzman has taken a gentler , more audience-friendly approach .",2.6472195889785226,0.6773834837436927,0.2163345256358018,0.6341797669347863,0.3226165162563071
55,"Years ago , he collaborated with the new music gurus Peter Serkin and Fred Sherry in the very countercultural chamber group Tashi , which won audiences over to dreaded contemporary scores like Messiaen 's `` Quartet for the End of Time . ''",3.624019742009237,0.8775976158485137,0.08074748514687707,0.25282759908094166,0.12240238415148626
56,"Today , the pixie-like clarinetist has mostly dropped the missionary work -LRB- though a touch of the old Tashi still survives -RRB- and now goes on the road with piano , bass , a slide show , and a repertoire that ranges from light classical to light jazz to light pop , with a few notable exceptions .",3.9135272445105467,0.9508343195028536,0.03247235454210685,0.1011802088828081,0.04916568049714627
57,"Just the thing for the Vivaldi-at-brunch set , the yuppie audience that has embraced New Age as its very own easy listening .",3.594910360352216,0.8622584020323193,0.09056324642930243,0.28752694484278835,0.13774159796768057
58,But you ca n't dismiss Mr. Stoltzman 's music or his motives as merely commercial and lightweight .,3.434085418229172,0.8100981587748868,0.12426492192299349,0.4025062498798075,0.18990184122511328
59,"He believes in what he plays , and he plays superbly .",2.2295739585136225,0.6644756428257843,0.2389870213597048,0.5629072918469558,0.3355243571742157
60,"His recent appearance at the Metropolitan Museum , dubbed `` A Musical Odyssey , '' was a case in point .",3.267524129610967,0.848814914435019,0.10206216517428546,0.29147142612062116,0.1511850855649811
61,"It felt more like a party , or a highly polished jam session with a few friends , than a classical concert .",3.562089164605978,0.898962284705182,0.06754085096998985,0.20045164927960687,0.10103771529481802
62,"Clad in his trademark black velvet suit , the soft-spoken clarinetist announced that his new album , `` Inner Voices , '' had just been released , that his family was in the front row , and that it was his mother 's birthday , so he was going to play her favorite tune from the record .",3.9883295091392337,0.9357893942299957,0.0419475328991423,0.13683263316044378,0.06421060577000422
63,"He launched into Saint-Saens 's `` The Swan '' from `` Carnival of the Animals , '' a favorite encore piece for cellists , with lovely , glossy tone and no bite .",3.5034110703129864,0.9097719925153858,0.06092450605870307,0.17384320493601232,0.09022800748461404
64,"Then , as if to show that he could play fast as well , he offered the second movement from Saint-Saens 's Sonata for Clarinet , a whimsical , puckish tidbit that reflected the flip side of the Stoltzman personality .",4.0124983107248955,0.8977096109820228,0.06587754299209178,0.22870214847070744,0.10229038901797768
65,"And so it went through the first half : an ingeniously chosen potpourri of pieces , none longer than five minutes , none that would disturb or challenge a listener .",3.630494756257558,0.8565384063758886,0.09385797527894295,0.30426415930073536,0.1434615936241113
66,"Mr. Stoltzman introduced his colleagues : Bill Douglas , pianist/bassoonist/composer and an old buddy from Yale , and jazz bassist Eddie Gomez .",3.208917292587973,0.8607065972148678,0.09512724825973941,0.26001400552269816,0.1392934027851322
67,"An improvisational section was built around pieces by Mr. Douglas , beginning with `` Golden Rain , '' a lilting , laid-back lead in to the uptempo `` Sky , '' which gave Mr. Stoltzman the opportunity to wail in a high register and show off his fleet fingers .",3.6738696427637363,0.8907579351786643,0.07210294587998753,0.22528067941344412,0.10924206482133535
68,Bach 's `` Air '' followed .,1.142857142857143,0.3670870839338343,0.46296459348071645,1.0000000000000002,0.6329129160661657
69,"Mr. Stoltzman tied the composer in by proclaiming him `` the great improviser of the 18th century , '' and then built on the image by joining with Mr. Douglas in some Bach two-part inventions , cleverly arranged for clarinet and bassoon by Mr. Douglas .",3.866390354278215,0.9095268187733628,0.05915129849842895,0.1923003412297948,0.0904731812266372
70,"Keeping the mood light , the two then chanted and chortled their way through some murderous polyrhythms , devised by Mr. Douglas as an alternative to Hindemith 's dry theory-teaching techniques , and then , with Mr. Gomez , soared and improvised on the composer 's tight `` Bebop Etudes . ''",3.7898233119248,0.8730152510748856,0.08249595991501187,0.27562505989602437,0.12698474892511435
71,"The end of the first half , however , brought what the standing-room-only crowd seemed to be waiting for : the pop singer Judy Collins , who appears on `` Inner Voices . ''",3.36430559115845,0.8038244416981652,0.12888095813214862,0.41053400058922324,0.1961755583018348
72,"Glamorous and pure-voiced as ever , Ms. Collins sang Joni Mitchell 's `` For Free '' -- about an encounter with a street-corner clarinetist , to which Mr. Stoltzman contributed a clarinet obligatto -- and Mr. Douglas 's lush setting of a Gaelic blessing , `` Deep Peace . ''",3.592109259712239,0.8622338574562993,0.090639857756348,0.2869703109119354,0.13776614254370062
73,"`` Deep Peace '' also featured a slide show of lovely but predictable images of clouds , beaches , deserts , sunsets , etc .",2.859701531349881,0.7885684394672924,0.14590214139377042,0.3838157595575723,0.21143156053270756
74,"It was all too mellow to be believed , but they probably would have gotten away with it , had they not felt compelled to add Ms. Collins 's signature tune , `` Amazing Grace , '' and ask for audience participation .",4.116742788699773,0.9522821428161472,0.03103515961546477,0.10318308519829529,0.04771785718385276
75,That went over the permissible line for warm and fuzzy feelings .,2.6478697925681116,0.6867971317495237,0.21144561095455602,0.603759374819711,0.3132028682504763
76,Was this why some of the audience departed before or during the second half ?,2.5427806300050855,0.6352138939458181,0.2428699057669449,0.7324750147264686,0.36478610605418194
77,Or was it because Ms. Collins had gone ?,2.17884894160409,0.5862547422885614,0.28209844889258606,0.7757768235684184,0.41374525771143844
78,"Either way it was a pity , because Mr. Stolzman offered the most substantial music of the evening just after intermission : Steve Reich 's `` New York Counterpoint , '' one of a series of Reich works that juxtapose a live performer with recorded tracks of his or her own playing .",4.053107245927009,0.9356988652028613,0.041797428449366764,0.1393003416730235,0.06430113479713888
79,-LRB- Mr. Reich 's new `` Different Trains '' for string quartet uses the technique magisterially . -RRB-,3.0643619720039723,0.7942304123883714,0.13888016679059456,0.39695816820703667,0.20576958761162864
80,Mr. Stoltzman must have worried that his audience might not be able to take it : He warned us in advance that `` New York Counterpoint '' lasts 11 1/2 minutes .,3.7767110303835425,0.8780785301606446,0.07942748174310814,0.26219873517384973,0.12192146983935546
81,"He also unfortunately illustrated this intricate , jazzy tapestry with Mr. Pearson 's images , this time of geometric or repeating objects , in a kitschy mirroring of the musical structure that was thoroughly distracting from Mr. Reich 's piece and Mr. Stoltzman 's elegant execution of it .",4.0369963421437145,0.9193311663109246,0.05222352591410813,0.1771710101223948,0.08066883368907508
82,"The rest of the concert was more straight jazz and mellow sounds written by Charlie Parker , Ornette Coleman , Bill Douglas and Eddie Gomez , with pictures for the Douglas pieces .",3.7062632536269664,0.9715032207084401,0.019305480919533657,0.054393326034732015,0.028496779291559846
83,"It was enjoyable to hear accomplished jazz without having to sit in a smoke-filled club , but like the first half , much of it was easy to take and ultimately forgettable .",3.2614720530706687,0.7728477225369328,0.14881683922870415,0.4796170830708852,0.22715227746306718
84,Is this the future of chamber music ?,2.0943609377704333,0.6149685564151711,0.2725425740393134,0.6556390622295661,0.3850314435848287
85,"Managers and presenters insist that chamber music concerts are a hard sell , but can audiences really enjoy them only if the music is purged of threatening elements , served up in bite-sized morsels and accompanied by visuals ?",3.503970539783145,0.8472932741191009,0.10068948633538835,0.31590819826514516,0.1527067258808992
86,What 's next ?,1.0,0.3333333333333333,0.49999999999999994,0.9999999999999999,0.6666666666666666
87,Slides to illustrate Shostakovich quartets ?,1.2516291673878228,0.38492371145548304,0.4441228664487977,0.9999999999999997,0.6150762885445168
88,"It was not an unpleasant evening , certainly , thanks to the high level of performance , the compositional talents of Mr. Douglas , and the obvious sincerity with which Mr. Stoltzman chooses his selections .",3.211221874165165,0.7600460803334184,0.1571787053307302,0.5069069465413025,0.23995391966658156
89,But it was neither deep nor lasting : light entertainment that was no substitute for an evening of Brahms .,3.521928094887362,0.8293838223091862,0.11158552076029513,0.36225562489182667,0.17061617769081386
90,Ms. Waleson is a free-lance writer based in New York .,2.283583225342159,0.644284493983726,0.24718024751787643,0.6341797669347865,0.35571550601627383
91,One of Ronald Reagan 's attributes as President was that he rarely gave his blessing to the claptrap that passes for `` consensus '' in various international institutions .,3.900883061786477,0.9005544102860361,0.06463054497294461,0.21556648751065854,0.09944558971396399
92,"In fact , he liberated the U.S. from one of the world 's most corrupt organizations -- UNESCO .",2.894406234720577,0.6925465237610805,0.2019511186709081,0.6437674549232164,0.30745347623891933
93,"This is the U.N. group that managed to traduce its own charter of promoting education , science and culture .",3.040154493717376,0.7593359157379715,0.16039329131862884,0.481773601169986,0.24066408426202845
94,"Ever since , the remaining members have been desperate for the United States to rejoin this dreadful group .",3.118862156114809,0.7212307079916923,0.1812039267945928,0.6039569479301361,0.2787692920083076
95,Now UNESCO apologists are lobbying President Bush to renege on President Reagan 's decision to depart .,3.184645028671625,0.8549383152384042,0.09905688218971326,0.27085381612149273,0.14506168476159578
96,But we can think of many reasons to stay out for the foreseeable future and well beyond .,3.0168756957665637,0.6935013181173012,0.1989925586361936,0.6666666666666669,0.3064986818826988
97,"The U.S. , along with Britain and Singapore , left the agency when its anti-Western ideology , financial corruption and top leadership got out of hand .",3.222900952558425,0.7753168490485718,0.14788145286574628,0.4674533684023069,0.2246831509514283
98,"The personal antics of agency Director Amadou-Mahtar M'Bow drew much attention , such as when several of his top aides were uncovered as KGB plants and ejected from France and when a mysterious office fire was set just before Congress sent accountants to trace U.S. funds .",4.176333319637573,0.9524131578180153,0.030819519840492717,0.104368275985186,0.04758684218198452
99,"Mr. M'Bow was an extreme case , but even his replacement , the more personally genial Spanish biochemist Federico Mayor , has had little success at achieving reforms .",3.6722902865074887,0.8676787304794086,0.08660614270796842,0.28025311918710294,0.13232126952059162
100,"Several ridiculous projects continue , including the `` New International Economic Order , '' which means redistributionism from the West to pay for everyone else 's statism .",3.4748533483394906,0.8432161602895462,0.10350987074838607,0.3230493413434559,0.15678383971045362
101,"The Orwellian `` New World Information Order '' would give government officials rights against the press ; journalists would be obliged to kowtow to their government , which would have licensing and censorship powers and , indeed , duties to block printing of `` wrong '' ideas .",3.7234076672475673,0.9185047818033227,0.054090985084045536,0.16518145919816055,0.08149521819667734
102,UNESCO somehow converted the founding U.N. ideals of individual rights and liberty into `` peoples ' rights . '',3.294913628111988,0.8097903009246024,0.12601316929620524,0.38774231660994135,0.19020969907539736
103,Million-dollar conferences were held to chew on subjects such as `` ethical responsibilities of scientists in support of disarmament '' and `` the impact of the activities of transnational corporations . '',3.3228855636068664,0.884558156851572,0.07866048525135107,0.21683143785561607,0.11544184314842805
104,The agency was so totally subverted from the high principles of its founding that even the Soviets now wonder about an agency that seemed so congenial to them .,3.810221320990247,0.9002686990157828,0.06527554728566413,0.2112283859025793,0.09973130098421742
105,"Glasnost may be partly responsible , but Soviet Foreign Minister Eduard Shevardnadze last year admitted , `` The exaggerated ideological approach undermined tolerance intrinsic to UNESCO . ''",3.5651863845173764,0.8728490341948656,0.08418649542792206,0.2596765730999798,0.1271509658051344
106,UNESCO is now holding its biennial meetings in Paris to devise its next projects .,3.3100989636268823,0.7812336103163666,0.1430327992175693,0.46495002945293734,0.21876638968363352
107,Mr. Mayor 's hope that references to `` press freedom '' would survive unamended seems doomed to failure ; the current phrasing is `` educating the public and media to avoid manipulation . '',3.4633663427540555,0.8568642842280574,0.09509515229980252,0.2892706754005729,0.14313571577194267
108,He has n't been able to replace the M'Bow cabal .,2.8290377707967043,0.6917257946542736,0.20362905034570916,0.6341797669347863,0.3082742053457262
109,"Soviets remain in charge of education programs , a former head of an African military tribunal for executions is in charge of culture , and a hard-line Polish communist in exile directs the human-rights and peace division .",3.2647435555764828,0.8878527746830819,0.07701909024855871,0.2061895516741964,0.11214722531691806
110,"Of the agency 's 2,750 staff members , 230 are in the field working on actual projects , such as literacy and oceanographic research .",3.102298794000707,0.7921602876801844,0.13949937136484528,0.4074466592119417,0.20783971231981552
111,"The position of the United States , which once contributed 25 % of the budget , is that nothing has changed .",3.7441890052959512,0.8418823893759366,0.10199167379402066,0.3516062497049817,0.15811761062406335
112,"John Bolton , the assistant secretary of state for international organizations , told Congress that the continuing `` statist , restrictive , nondemocratic '' programs make rejoining any time soon `` extremely unlikely . ''",3.261575965761548,0.8311515722836063,0.11327262072653499,0.331489776892705,0.1688484277163936
113,"This has n't much bothered the UNESCO delegates , who last week could n't even agree to raise funds by selling off a fancy 19th-century French chateau the agency somehow owns .",4.139512295209692,0.9426993377417466,0.03709894809259831,0.12580723590509102,0.05730066225825342
114,"Other countries , including West Germany , may have a hard time justifying continued membership .",3.3137218755408675,0.8989343081721679,0.0693443179851821,0.18627812445913267,0.10106569182783204
115,We see an even stronger argument against UNESCO than its unsurprising failure to reform .,2.2761139633384193,0.5685976983841325,0.28722211345825394,0.8662375073632343,0.4314023016158676
116,This is that the Reagan Revolution spanning Eastern Europe and Tiananmen Square shows the power of ideas unencumbered by international civil servants or government functionaries .,3.6273576208376257,0.8932496240545006,0.07081318480630308,0.21674892397691242,0.10675037594549946
117,"Free markets , free minds and free elections have an appeal that seems to get muddled only when delivered through U.N. organizations -- which of course are made up largely of governments that fear these principles at home .",3.640645672609911,0.8530512863980654,0.09594483332611645,0.3137220925921433,0.14694871360193462
118,The Babelists of the United Nations are experts at obfuscation .,2.2149570887818433,0.6372611414632486,0.25401545153602584,0.6341797669347865,0.3627388585367512
119,"This can have its purposes at times , but there 's no reason to cloud the importance and allure of Western concepts of freedom and justice .",3.340348307250631,0.8324994690980961,0.11151516406097114,0.3363752457047547,0.16750053090190398
120,"We can see plenty of reasons to stay out , and none to rejoin UNESCO .",2.797180468885217,0.6655485557199917,0.21943775610427785,0.7028195311147831,0.33445144428000834
121,Researchers at Plant Genetic Systems N.V. in Belgium said they have developed a genetic engineering technique for creating hybrid plants for a number of key crops .,3.6855018783240947,0.9152227205335225,0.05637422707729654,0.17086352850491107,0.08477727946647773
122,The researchers said they have isolated a plant gene that prevents the production of pollen .,2.850602529652301,0.8018490115446782,0.13785204124154,0.35221700146248247,0.1981509884553218
123,The gene thus can prevent a plant from fertilizing itself .,2.6472195889785226,0.6773834837436927,0.21633452563580183,0.6341797669347864,0.32261651625630716
124,"Such so-called male-sterile plants can then be fertilized by pollen from another strain of the plant , thereby producing hybrid seed .",3.4982840264679043,0.8975925455640061,0.0688759825367989,0.19956179661650866,0.10240745443599387
125,"The new generation of plants will possess the flourishing , high-production trait known as `` hybrid vigor , '' similar to that now seen in hybrid corn .",3.520718081023215,0.903393553653324,0.06497552344758836,0.18824800167140834,0.0966064463466759
126,"`` The development could have a dramatic effect on farm production , especially cotton , '' said Murray Robinson , president of Delta & Pine Land Co. , a Southwide Inc. subsidiary that is one of the largest cotton seed producers in the U.S. .",3.816152691835291,0.931512444203534,0.04529662010921114,0.14033742352892806,0.06848755579646591
127,"On a commercial scale , the sterilization of the pollen-producing male part has only been achieved in corn and sorghum feed grains .",2.9137076662400303,0.7458631482234834,0.17070715580922827,0.4970696813546984,0.2541368517765166
128,"That 's because the male part , the tassel , and the female , the ear , are some distance apart on the corn plant .",3.107750889901974,0.8497193089671926,0.1034163904605239,0.2748171933741022,0.1502806910328074
129,"In a labor-intensive process , the seed companies cut off the tassels of each plant , making it male sterile .",3.2441800821979636,0.88100066865209,0.0816315294159007,0.21945954327806252,0.11899933134791
130,"They sow a row of male-fertile plants nearby , which then pollinate the male-sterile plants .",3.047180468885217,0.7708878295351481,0.15335157680423142,0.4528195311147832,0.229112170464852
131,The first hybrid corn seeds produced using this mechanical approach were introduced in the 1930s and they yielded as much as 20 % more corn than naturally pollinated plants .,3.5311924607152037,0.8343509244659655,0.10844885744821295,0.35053521815453265,0.16564907553403466
132,The vast majority of the U.S. corn crop now is grown from hybrid seeds produced by seed companies .,2.7096812344928436,0.7013399024134541,0.20133756009542625,0.5781039492217288,0.2986600975865459
133,"A similar technique is almost impossible to apply to other crops , such as cotton , soybeans and rice .",2.428212945841002,0.6220283041333415,0.2540703048491117,0.7377443751081736,0.37797169586665835
134,"The male part , the anthers of the plant , and the female , the pistils , of the same plant are within a fraction of an inch or even attached to each other .",3.2931801660592313,0.8866199773274925,0.07755880097225025,0.21068827579530716,0.11338002267250726
135,The anthers in these plants are difficult to clip off .,3.1926741344330676,0.856820211298023,0.09763615324400027,0.2683595338695729,0.14317978870197676
136,"In China , a great number of workers are engaged in pulling out the male organs of rice plants using tweezers , and one-third of rice produced in that country is grown from hybrid seeds .",3.3063909587316678,0.841962195193381,0.10601539323867078,0.3103077382413767,0.15803780480661905
137,"At Plant Genetic Systems , researchers have isolated a pollen-inhibiting gene that can be inserted in a plant to confer male sterility .",3.55774718764468,0.8458052905885424,0.10109960603454235,0.3247408786898931,0.1541947094114577
138,"Jan Leemans , research director , said this gene was successfully introduced in oil-producing rapeseed plants , a major crop in Europe and Canada , using as a carrier a `` promoter gene '' developed by Robert Goldberg at the University of California in Los Angeles .",3.556086395808972,0.9015419463689539,0.06594097839327222,0.19424483002250442,0.098458053631046
139,The sterilizing gene is expressed just before the pollen is about to develop and it deactivates the anthers of every flower in the plant .,3.447190010279246,0.8491976662112036,0.10000957226714488,0.306433445618695,0.1508023337887964
140,Mr. Leemans said this genetic manipulation does n't hurt the growth of that plant .,3.0107506305820104,0.7521178229786976,0.16503677079610826,0.4977368881399756,0.24788217702130239
141,The researchers also pulled off a second genetic engineering trick in order to get male-sterile plants in large enough numbers to produce a commercial hybrid seed crop .,2.918860616394119,0.7750803409999731,0.15311950157468224,0.4235103767829894,0.2249196590000268
142,"They attached a second gene , for herbicide resistance , to the pollen-inhibiting gene .",3.0937581304377804,0.8468262596617709,0.1053236630350263,0.2806997198413078,0.1531737403382291
143,"Both genes are then inserted into a few greenhouse plants , which are then pollinated and allowed to mature and produce seed .",2.5197340145608877,0.5950034894852023,0.2649860179136258,0.858715435057555,0.4049965105147979
144,The laws of heredity dictate that half of the plants springing from these greenhouse-produced seeds will be male sterile and herbicide resistant and half will be male fertile and herbicide susceptible .,3.4232721533801924,0.8912855195907646,0.07349155174985077,0.2087766744067658,0.10871448040923551
145,"The application of herbicide would kill off the male-fertile plants , leaving a large field of male-sterile plants that can be cross-pollinated to produce hybrid seed .",3.217053287363857,0.8141827407882725,0.12434785997341952,0.36747048606108895,0.1858172592117276
146,Mr. Leemans said the hybrid rapeseeds created with this genetic engineering yield 15 % to 30 % more output than the commercial strains used currently .,3.662730103089318,0.8843714592044319,0.07621696681966698,0.23944471112240995,0.11562854079556813
147,"`` This technique is applicable to a wide variety of crops , '' he said , and added that some modifications may be necessary to accommodate the peculiarities of each type of crop .",3.5632464693066774,0.8669796024806684,0.08789642962243079,0.2733538715618729,0.13302039751933145
148,"He said the company is experimenting with the technique on alfalfa , and plans to include cotton and corn , among other crops .",2.930399753031712,0.7249012602767986,0.18275897299236754,0.5560407486644335,0.27509873972320154
149,"He said that even though virtually all corn seeds currently planted are hybrids , the genetic approach will obviate the need for mechanical emasculation of anthers , which costs U.S. seed producers about $ 70 million annually .",4.041737961769388,0.9195798912150781,0.05205325919131554,0.17673124960146616,0.08042010878492178
150,"In recent years , demand for hybrid seeds has spurred research at a number of chemical and biotechnology companies , including Monsanto Co. , Shell Oil Co. and Eli Lilly & Co .",3.5164249958545297,0.9346248704891503,0.04450995595279592,0.12306495726445288,0.06537512951084959
151,One technique developed by some of these companies involves a chemical spray supposed to kill only a plant 's pollen .,2.5739879907147745,0.6957214259163254,0.20836631766681182,0.5637982774655217,0.3042785740836747
152,"But there have been problems with chemical sprays damaging plants ' female reproductive organs and concern for the toxicity of such chemical sprays to humans , animals and beneficial insects .",3.470445449208835,0.8963264277904492,0.06986845640790865,0.20085528236717123,0.10367357220955065
153,"However , Paul Johanson , Monsanto 's director of plant sciences , said the company 's chemical spray overcomes these problems and is `` gentle on the female organ . ''",3.617385983465084,0.8986763208186619,0.06739151408366646,0.20407916948462446,0.10132367918133806
154,"Biosource Genetics Corp. , Vacaville , Calif. , is developing a spray containing a gene that spreads from cell to cell and interferes with the genes that are responsible for producing pollen .",3.5632343567080498,0.8563958898261613,0.09449915012734551,0.2989472076063217,0.14360411017383856
155,"This gene , called `` gametocide , '' is carried into the plant by a virus that remains active for a few days .",3.280377331383357,0.862216821381953,0.0934555034529787,0.2621039189772216,0.13778317861804715
156,"Robert Erwin , president of Biosource , called Plant Genetic 's approach `` interesting '' and `` novel , '' and `` complementary rather than competitive . ''",3.057234475683431,0.8248701715791069,0.11992060350196695,0.3245437691993998,0.175129828420893
157,"`` There is a large market out there hungry for hybrid seeds , '' he said .",2.956744853322965,0.765185365624483,0.15826220613183212,0.45480826198280006,0.23481463437551703
158,"Mr. Robinson of Delta & Pine , the seed producer in Scott , Miss. , said Plant Genetic 's success in creating genetically engineered male steriles does n't automatically mean it would be simple to create hybrids in all crops .",3.6487721043244856,0.8405844462235579,0.10355367648521108,0.3461405726240744,0.15941555377644248
159,"That 's because pollination , while easy in corn because the carrier is wind , is more complex and involves insects as carriers in crops such as cotton .",3.202992339113116,0.7983612951087922,0.1342541352415877,0.40483035468761425,0.20163870489120803
160,"`` It 's one thing to say you can sterilize , and another to then successfully pollinate the plant , '' he said .",3.1247382691537906,0.7647353366989448,0.15574991172398775,0.48065027305374364,0.2352646633010553
161,"Nevertheless , he said , he is negotiating with Plant Genetic to acquire the technology to try breeding hybrid cotton .",3.529894367912249,0.8343985754610046,0.10837701777783021,0.35085967606716306,0.16560142453899535
162,"A bitter conflict with global implications has erupted between Nomura Securities Co. and Industrial Bank of Japan , two of the world 's most powerful financial companies .",3.556656707462823,0.850466705452621,0.09826335080794237,0.31267455364869523,0.149533294547379
163,The clash is a sign of a new toughness and divisiveness in Japan 's once-cozy financial circles .,2.8987814169291872,0.746048564050461,0.17098027336475943,0.4933658067353474,0.2539514359495389
164,Not only are Japan 's financial institutions putting their enormous clout to work ; increasingly they 're squaring off against one another in unprecedented public fashion .,3.857910101733486,0.8746583907049575,0.08102172236093709,0.27669986937905666,0.12534160929504243
165,"Already , the consequences are being felt by other players in the financial markets -- even governments .",3.5032583347756456,0.9066810930636313,0.06295214971179453,0.18028402765758517,0.09331890693636868
166,What triggered the latest clash was a skirmish over the timing of a New Zealand government bond issue .,3.0910029449052927,0.8370390281857142,0.11165643825915363,0.3014924181311052,0.16296097181428573
167,"Nomura was attempting to organize the 50 billion-yen -LRB- $ 352 million -RRB- borrowing in Japan at a time when many Japanese banks , led by Industrial Bank of Japan , were pressuring the Wellington government to help them recover loans made to a defunct investment bank that had been owned by New Zealand 's civil-service pension fund .",4.133702301470091,0.9262914970831801,0.047494816316012343,0.164501220274103,0.07370850291682009
168,"Unwilling to put up new money for New Zealand until those debts are repaid , most banks refused even to play administrative roles in the new financing , forcing an embarrassed Nomura to postpone it this week .",4.024500539873243,0.9332324909844517,0.04346207961093129,0.14396513123734697,0.0667675090155483
169,The dispute shows clearly the global power of Japan 's financial titans .,2.7627805354533566,0.6867951187709751,0.20811682034847306,0.6326699878328735,0.3132048812290249
170,"Aside from Nomura 's injured pride , the biggest victim so far has been the New Zealand government .",2.9738680770535733,0.7115594121453126,0.18946248421039863,0.6039569479301361,0.2884405878546872
171,"Barred by its budget law from making any new domestic bond issues , Wellington 's Debt Management Office had been casting abroad to raise the 3 billion New Zealand dollars -LRB- US$ 1.76 billion -RRB- to NZ$ 4 billion it needs to come up with by the end of its fiscal year next June 30 .",4.294794395568117,0.9314152615187986,0.04378890079155896,0.15812353663298068,0.06858473848120174
172,"With Japan 's cash-flush banks aligned against it , though , raising money may be difficult .",2.619372059587107,0.6105374222432809,0.25372263812938484,0.8375420628253213,0.38946257775671905
173,"Not only can they block Wellington from raising money in Japan , bankers here say , but as the largest underwriters in the Eurobond market , they might be able to scuttle borrowings there , too .",3.7057905607928694,0.8328292362781268,0.10779908701249198,0.3721209866809949,0.16717076372187323
174,"New Zealand 's finance minister , David Caygill , lashed out at such suggestions .",3.0107506305820104,0.8057969501959615,0.13243185322298037,0.36397439550320965,0.19420304980403838
175,"He told reporters in Wellington Tuesday that the government had n't guaranteed the loans to DFC New Zealand Ltd. , an investment bank 80%-owned by the National Provident Fund , and would n't bail it out .",3.5994373598812657,0.8424714604119194,0.10281643615152819,0.33669572195435654,0.15752853958808055
176,"`` It may very well be what the Japanese banks want , '' he told Radio New Zealand .",3.3949207086325206,0.8553935007121848,0.09659224088316136,0.2875349098464323,0.14460649928781488
177,`` I think it would be irresponsible and I am not about to be blackmailed by Japanese banks or any other international interests . '',3.7250106537795227,0.8822208728498944,0.07713749684990105,0.2489374252055097,0.11777912715010551
178,No less significant than the Japanese banks ' attempt to cut off funds to pressure a foreign government are the implications of a confrontation between Japan securities and banking industries .,3.176270756345489,0.7976868920967579,0.13504662764015943,0.4030930000452145,0.2023131079032423
179,Anxiety is rising over recent government proposals to eventually lower the strict barriers that now separate -- and protect -- the two industries from each other .,3.3249338230089234,0.7641513218807165,0.15306839111388718,0.5136143329507549,0.23584867811928348
180,"Both sides are jealously guarding their turf , and relations have been at a flashpoint for months .",3.175473083115083,0.799990312739775,0.13368343188546164,0.39695816820703667,0.2000096872602251
181,The banks badly want to break into all aspects of the securities business .,2.8612754579264235,0.792470362796115,0.14351266320872255,0.3746508927026094,0.20752963720388493
182,"Meanwhile , the securities companies -- most of them smaller than the banks -- are seeking access only to limited kinds of banking that would n't open them to the full brunt of competition from the banks .",3.5552253030058516,0.8745061450074576,0.08321627562328572,0.2550919345669256,0.1254938549925423
183,"Nomura , the world 's biggest securities company largely by virtue of its protected home field , and Industrial Bank of Japan , Japan 's most innovative and aggressive bank in capital markets abroad , captain the opposing sides .",3.7153115322251016,0.8862667270661743,0.07468148608996836,0.23839016383224598,0.11373327293382562
184,And their suspicions of each other run deep .,2.17884894160409,0.5236357572409647,0.3126496871021502,0.9999999999999996,0.47636424275903516
185,"In the past year , both have tried to stretch the limits of their businesses .",2.9693609377704333,0.7366973057934684,0.17509147454833782,0.5306390622295664,0.26330269420653163
186,"Nomura started a credit-card venture with American Express Co. that allowed cardholders to use their Nomura securities accounts like a bank account , attracting the wrath of banks .",3.379523907346349,0.905721830593292,0.06437768113661382,0.1760413021937955,0.0942781694067082
187,"And Industrial Bank of Japan started up a London securities subsidiary that sells Japanese stocks to non-Japanese institutions overseas , a move that stirred the anger of the stock brokerage firms .",3.704848642560741,0.9210615020779213,0.052528295468322606,0.15875985817049995,0.07893849792207863
188,The New Zealand bond issue simply has brought the two institutions face-to-face .,2.608934381607203,0.6743404770763193,0.2192607133675678,0.6326699878328735,0.32565952292368083
189,"ITEL CORP. reported third-quarter earnings , which were mistakenly shown in the Quarterly Earnings Surprises table in yesterday 's edition to be lower than the average of analysts ' estimates .",3.518542823746408,0.8537289913172406,0.09654277639363612,0.30164577172011736,0.1462710086827594
190,"On a pretax basis , Itel 's third-quarter earnings of 30 cents a share were actually 7.14 % higher than the average of estimates .",3.2370214161707316,0.7777712281178454,0.1462024369115616,0.4629836525882423,0.22222877188215454
191,"Raymond E. Ross , 53 years old , formerly group vice president , U.S. plastics machinery , at this machine tool , plastics machinery and robots concern , was named senior vice president , industrial systems , succeeding David A. Entrekin , who resigned Monday .",3.085971817590529,0.8172250946728565,0.1243061204463079,0.3450935430636348,0.18277490532714322
192,"John A. Conlon Jr. , 45 , was named a managing director at this investment-banking company .",2.339672794753962,0.5833761204133152,0.27727536457562957,0.8375420628253213,0.41662387958668495
193,"He will be in charge of research , equity sales and trading , and the syndicate operation of Rothschild .",2.9290135673911766,0.7781930203367744,0.15102972064903122,0.41742577727983826,0.22180697966322535
194,Mr. Conlon was executive vice president and director of the equity division of the international division of Nikko Securities Co .,2.6214385822552337,0.7321646736306028,0.18569803453103276,0.48026397254000996,0.2678353263693971
195,"As Yogi Berra might say , it 's deja vu all over again .",3.146989743640709,0.8076884699670567,0.1293553804737411,0.3746508927026094,0.19231153003294332
196,"Crouched at shortstop , Bert Campaneris , once Oakland 's master thief , effortlessly scoops up a groundball and flips it to second .",3.3664161466446334,0.7938534419400138,0.13488011397336072,0.4370927081530443,0.20614655805998605
197,"In the outfield , Paul Blair , the Orioles ' eight-time Gold Glove winner , elegantly shags a fly .",3.0269213683928555,0.7829681284866544,0.14637970119499868,0.4195179762781594,0.21703187151334544
198,"On the mound , former Red Sox great Luis Tiant , the wily master of 1,001 moves , throws an off-speed strike .",3.1655928394423363,0.8249740748694051,0.11830089057618895,0.33626366167846544,0.17502592513059487
199,"`` Babies , kiddies , '' growls their manager -- a fellow named Earl Weaver , who , in a different time , handled four World Series teams and now handles the Gold Coast Suns .",3.5306850033165706,0.8846874284243657,0.0769336243954318,0.23009955498128093,0.11531257157563432
200,"`` Old-time kiddies , '' he says .",2.0,0.6666666666666666,0.2499999999999999,0.49999999999999983,0.33333333333333315
201,Perhaps .,0.0,0.0,1.0,1.0,1.0
202,"But for the next few months , these boys of summers long past are going to be reveling in an Indian summer of the soul .",3.7004397181410917,0.9368050609592359,0.042308244652426275,0.12481201914755885,0.06319493904076404
203,"Now that the baseball season is officially over , you see , it 's time for a new season to begin .",3.243300368538958,0.7810681006897291,0.14419068399631085,0.45454545454545475,0.21893189931027102
204,"Today is the debut of the Senior Professional Baseball Association , a new eight-team pro sports circuit , modeled after the highly successful senior tennis and golf tours and complete with good salaries , a cable television contract and even expansion plans .",3.764667647238639,0.9668214564999597,0.022318837888628335,0.06462151896357152,0.03317854350004041
205,"One hundred and ninety two former greats , near greats , hardly knowns and unknowns begin a 72-game , three-month season in spring-training stadiums up and down Florida .",3.5458191842805826,0.8811729963937937,0.0790385552428067,0.23928379909186756,0.11882700360620646
206,"For everyone involved , it 's one more swig of that elixir of youth , baseball .",3.3252544125282837,0.8705573479079386,0.08759713224186752,0.24783400016542223,0.1294426520920615
207,"`` Someone always makes you quit , '' says legendary St. Louis Cardinals centerfielder Curt Flood , the league 's commissioner .",3.4462273433894195,0.8880110934249313,0.07543131508148351,0.21730541141483536,0.11198890657506873
208,"`` You feel you want one more -- one more at-bat , one more hit , one more game . ''",2.5727579169546364,0.7407209013974112,0.18193445774204353,0.4510171603183343,0.25927909860258896
209,"Until the baby-faced heroes of today reclaim these ballparks for spring training , there is one more .",2.9532508608928607,0.7440063316446215,0.17110227307225676,0.5080692793181478,0.2559936683553785
210,And not just for the players .,1.822126786023353,0.48044479398695383,0.3509453429964406,1.0000000000000002,0.5195552060130463
211,"It 's one more for the baseball-loving lawyers , accountants and real estate developers who ponied up about $ 1 million each for the chance to be an owner , to step into the shoes of a Gene Autry or have a beer with Rollie Fingers .",4.052981721826476,0.9297959693910274,0.04554772186698396,0.15305971123096945,0.07020403060897239
212,"`` Nothing can be better than this , '' says Don Sider , owner of the West Palm Beach Tropics .",3.112994963047322,0.8162950120190088,0.12442641948796165,0.35085967606716306,0.18370498798099105
213,"Early in the morning Mr. Sider , an estate lawyer , pores over last wills and testaments .",3.4396334999019427,0.8757927986573574,0.08331782283895933,0.24390886253128835,0.12420720134264265
214,"Midmorning , he dons an orange-and-blue uniform and , for fun , may field a bunt from Dave Kingman .",3.170950594454669,0.7692881878234995,0.15230611845129702,0.47548875021634696,0.23071181217650044
215,"It 's one more , too , for the fans who dream of a season that never ends .",3.210195708404788,0.7879513299539407,0.14042252460997737,0.43281942953408054,0.2120486700460593
216,"`` I feel like a little kid , '' says a gleeful Alex de Castro , a car salesman , who has stopped by a workout of the Suns to slip six Campaneris cards to the Great Man Himself to be autographed .",3.9410599294683317,0.8982407693104785,0.06589169787832526,0.22332306227111787,0.10175923068952157
217,The league 's promoters hope retirees and tourists will join die-hard fans like Mr. de Castro and pack the stands to see the seniors .,2.3683647753437764,0.5767430733412386,0.2796501059715712,0.8700454722620046,0.42325692665876113
218,The league is the brainchild of Colorado real estate developer James Morley -- once a minor-leaguer himself -- who says he had the idea last January while lying on a beach in Australia .,3.72236145560718,0.9050473412741646,0.0627278504640846,0.19526498826617908,0.09495265872583546
219,"When he sent letters offering 1,250 retired major leaguers the chance of another season , 730 responded .",3.1279868068776744,0.7787113776446455,0.14731944211957818,0.4444444444444446,0.2212886223553545
220,"Eventually , about 250 made the trip to Florida to compete for the available slots .",2.797180468885217,0.6655485557199917,0.21943775610427785,0.7028195311147831,0.33445144428000834
221,"-LRB- Players have to be 35 or older , except for catchers , who are eligible at 32 because life behind the plate is so rough . -RRB-",3.2475487777466236,0.7562400166227098,0.15887682178007673,0.5233936440019135,0.24375998337729
222,"For some players , the lure is money -- up to $ 15,000 a month .",2.9693609377704333,0.7854124365998865,0.1458797971083373,0.40563906222956636,0.2145875634001135
223,"Others , just released from the majors , hope the senior league will be their bridge back into the big-time .",3.597032917160681,0.8893102304057295,0.07348257683131339,0.22422283616141186,0.11068976959427045
224,"But as they hurl fireballs that smolder rather than burn , and relive old duels in the sun , it 's clear that most are there to make their fans cheer again or recapture the camaraderie of seasons past or prove to themselves and their colleagues that they still have it -- or something close to it .",4.0369796111096665,0.9543125302267027,0.02991555349940053,0.09663468628782212,0.04568746977329729
225,`` My fastball is good .,1.9182958340544893,0.589949140970322,0.2960819109658651,0.6666666666666663,0.4100508590296778
226,"Real good , '' says 39-year-old Pete Broberg , working in the midday heat of the Tropics camp .",3.0394003137818126,0.7786728076970021,0.14867759510534856,0.43281942953408054,0.22132719230299772
227,"Mr. Broberg , who started with the now-defunct Washington Senators , says that when he left baseball in 1978 , he `` never looked back . ''",3.55181149038199,0.8536815891442272,0.09627644728080804,0.30468636480495787,0.14631841085577288
228,"For a long time , he ignored baseball altogether , even the sports pages .",2.593106463482651,0.6847950717186617,0.2139116238517379,0.5987125220897028,0.31520492828133834
229,"Now Mr. Broberg , a lawyer , claims he 'd play for free .",3.0041326007835667,0.7437539057873178,0.1702805921750765,0.5175080355597522,0.25624609421268213
230,"`` You ca n't give it up that easily , '' he says .",2.4677201004744993,0.6834696875775528,0.218889738998609,0.5714285714285713,0.3165303124224471
231,`` I tried . '',1.5019550008653872,0.6413400394424297,0.3063371471741693,0.43253806776631243,0.3586599605575701
232,"The nagging memory of one afternoon fourteen years ago drove Jim Gideon , a lean 36-year-old righthander to take a four-month leave from selling insurance in Texas to try out for Mr. Weaver 's team .",3.801363887993957,0.892418079992763,0.07029316678772547,0.22912916876352504,0.10758192000723706
233,"`` It does n't replace pitching in the majors , but it proves to me that I would have been able to play if I 'd stayed healthy , '' he says .",3.6738854007808746,0.8870727149416322,0.07442093872058435,0.23400389656755136,0.11292728505836767
234,"Back in 1975 , late in the season , a then-21 Mr. Gideon made his only major league appearance , five and two-thirds innings for the Texas Rangers against the Chicago White Sox .",3.6750190887119794,0.8740391590614759,0.08263331164551573,0.26480992875442255,0.12596084093852414
235,"He gave up seven hits , walked five and did n't get a decision .",3.093758130437779,0.7389508972104116,0.1713113654887883,0.5482247051148395,0.2610491027895883
236,Arm troubles forced him back to the minors the next year .,2.41829583405449,0.6445988465694482,0.24228070939498972,0.6666666666666665,0.3554011534305519
237,"`` There 's a satisfaction in going against the rules , '' offers Will McEnaney , once a stopper with Cincinnati 's Big Red Machine .",3.444477332292876,0.8116615947018769,0.12320029818021994,0.3996292125216613,0.18833840529812312
238,He means the rule that a player ca n't cut it after a certain age .,2.8443609377704333,0.6844581291052714,0.20776744402648353,0.6556390622295664,0.31554187089472857
239,These days he hustles to house-painting jobs in his Chevy pickup before and after training with the Tropics .,2.7752134712210816,0.6788626762186324,0.21242819804270485,0.6577249632078891,0.32113732378136745
240,"While sipping a beer after practice , he vividly recounts getting the Red Sox 's Carl Yastrzemski to pop out to end the 1975 World Series , and repeating the feat against the Yankees ' Roy White in 1976 .",4.0383036456887025,0.9448328866163598,0.03600834991666179,0.11789468712139294,0.05516711338364028
241,Some of the game 's reigning philosophers dislike the idea of middle-aged men attempting a young man 's sport .,2.4596724699955357,0.6632177868986261,0.23055798338357872,0.6245112497836534,0.33678221310137385
242,"`` I personally do n't enjoy seeing players who I remember vividly from their playing days running about and being gallant about their deficiencies , '' says Roger Angell , New Yorker magazine 's resident baseball sage .",3.911592801571839,0.9193919693175914,0.05268793945369113,0.17147517222726247,0.08060803068240875
243,`` I feel people should be allowed to remember players as they were . '',2.293758130437779,0.6278495397093442,0.25589405593564635,0.6819871977516049,0.37215046029065574
244,"Worse , says baseball author Lawrence Ritter , `` Someone will get a heart attack and that will be the end of the whole story . ''",3.871411137903867,0.9440244757228562,0.0370014538749682,0.11489053765310897,0.05597552427714389
245,But the ballplayers disagree .,1.3509775004326934,0.4102724782438433,0.4181656600790515,1.0,0.5897275217561565
246,Most are trim .,0.5,0.2,0.6666666666666666,0.9999999999999999,0.7999999999999999
247,Some have been training for months ; others only recently left active status .,3.4327040293549946,0.8810182718015327,0.08003122183001449,0.23179374984546647,0.11898172819846727
248,"-LRB- No one has worked out the players ' average age , but most appear to be in their late 30s . -RRB-",3.2355772078961116,0.7862799987615782,0.14110269938485978,0.4403342927738059,0.21372000123842191
249,And there 's pride .,1.3509775004326934,0.4102724782438433,0.4181656600790515,1.0,0.5897275217561565
250,"`` I 'm not going to look stupid , '' vows former Pittsburgh Pirate second baseman Rennie Stennett , sweat dotting his brow as he prepares for some practice swings .",3.5945896889496196,0.8557356217488647,0.09464718136901765,0.3032249939458899,0.1442643782511353
251,"`` It 's going to be a tough league , '' promises the 47-year-old Mr. Campaneris .",2.603803676852377,0.6539366778433505,0.23086878544762016,0.6906914870467595,0.34606332215664937
252,`` There will be a lot of malice . '',2.1974168451037093,0.602619881313825,0.2737683186439018,0.724511249783653,0.397380118686175
253,"Men who have played hard all their lives are n't about to change their habits , he says .",3.2896575507377843,0.8342948334186657,0.1109292776391151,0.32734541683951274,0.1657051665813341
254,"Nonetheless , one ca n't help wonder whether the game will be just a little bit slower .",2.989640973784727,0.7052540497113933,0.19287112891293343,0.6247284721020298,0.29474595028860673
255,"At the weatherbeaten Pompano Beach municipal stadium , Mr. Blair , the 45-year-old former Oriole , knows his power is n't what it used to be .",3.435320859725446,0.851023556038844,0.0989853484554108,0.30098397933106197,0.14897644396115592
256,So he adjusts .,1.0,0.3333333333333333,0.49999999999999994,0.9999999999999999,0.6666666666666666
257,He no longer crowds the plate .,2.1078410717376386,0.6010607207034366,0.27740425825876003,0.7100019018292099,0.3989392792965634
258,"He 's not thinking about home runs anymore , just base hits .",2.3970199583638596,0.635293566109377,0.2477296612510867,0.6909874212586592,0.364706433890623
259,"Still , `` how sweet it is , '' he says , savoring the fat sound of the well-hit line drive that bounces off the center field wall .",3.3964282175419713,0.8698993020783514,0.08742175798412624,0.2542001649387761,0.1301006979216488
260,"And do n't expect many complete games by pitchers -- perhaps three out of 288 , laughs Mr. Fingers , the former Oakland reliever .",3.8654016539526,0.8781172522587243,0.07882844181561333,0.26856908908173177,0.12188274774127567
261,"Expect `` tricky '' stuff from pitchers , says Mr. Weaver , the manager .",2.6677341620669006,0.7523121211131437,0.1722685118287466,0.44056994405999217,0.24768787888685637
262,"Expect brushbacks but no beanballs , says Mr. McEnaney .",2.321928094887362,0.659277541258724,0.23791320665183277,0.5999999999999998,0.34072245874127594
263,"Even expect stolen bases , says the wiry and fit Mr. Campaneris : `` If you know how to slide , it 's no problem , '' he says .",3.557841642208155,0.866717304595349,0.08810420188854161,0.27356020318401614,0.13328269540465104
264,And expect slower fastballs .,1.3509775004326934,0.4102724782438433,0.4181656600790515,1.0,0.5897275217561565
265,"`` I 'm not so young anymore , '' concedes the cigar-chomping , 48-year-old Mr. Tiant .",2.6696516461914213,0.7082422037373406,0.1983751814836563,0.5512533658281514,0.2917577962626595
266,"`` I wo n't be throwing 90 mph , but I will throw 80-plus , '' he says .",3.1380478390937703,0.807916705382418,0.12925217888057974,0.37378480832526867,0.19208329461758172
267,"White-haired Pedro Ramos , at 54 the league 's oldest player and a pitcher-coach with the Suns , has lost even more speed .",3.3978697925681125,0.7765113735005993,0.14484575009681142,0.48897239556289973,0.2234886264994008
268,"Stuffing a wad of Red Man into his cheek , he admits the fastball he brought into the majors in 1955 has become a slowball .",3.4217815451473794,0.8726742399949041,0.08545755114479991,0.24962403829511778,0.1273257600050959
269,Its maximum velocity is 72 mph .,2.1078410717376386,0.6010607207034366,0.27740425825876003,0.7100019018292099,0.3989392792965634
270,But he is n't worried .,1.5849625007211563,0.44211410869774037,0.3868528072345413,0.9999999999999993,0.5578858913022592
271,He will compensate with the guile learned from his years in the majors .,2.7723388509381,0.7493792328141504,0.17172999487888732,0.4635874996909331,0.25062076718584964
272,He has good control .,1.3509775004326934,0.4102724782438433,0.4181656600790515,1.0,0.5897275217561565
273,"He will keep the ball down , move it around .",2.2835832253421593,0.5843344341516505,0.2787297254784668,0.8170898834673932,0.4156655658483494
274,"After all , he says , `` Even to make love , you need experience .",2.8874831837637345,0.8433575122864294,0.11063472159443366,0.2681558784658323,0.15664248771357073
275,Alltel Corp. said it will acquire the 55 % of Pond Branch Telephone Company Inc. 's cellular franchise that it does n't own already .,3.280874531869112,0.754840596693535,0.1591546030248213,0.5334019511717896,0.2451594033064649
276,Terms were n't disclosed .,1.3509775004326934,0.4102724782438433,0.4181656600790515,1.0,0.5897275217561565
277,"Alltel holds 45 % of the franchise , which has operations in Aiken , S.C. , and Augusta , Ga .",3.1177504616239826,0.7795766208413347,0.14687752332526152,0.44149057455163515,0.22042337915866514
278,"Alltel , which provides local telephone service in 25 states , said it exercised its right of first refusal following an offer from an undisclosed third party to acquire the majority position in the franchise .",3.48578082135646,0.8727870935285406,0.08485215729465945,0.2540346396590738,0.1272129064714594
279,Stewart & Stevenson Services Inc. said it received two contracts totaling $ 19 million to build gas-turbine generators .,2.920207550282317,0.7405980817560521,0.1736534110713921,0.512440443520241,0.25940191824394776
280,"The separate contracts were from Paragould Light & Water Commission , a utility in Paragould , Ark. , and PSE Inc. , a cogeneration-plant operator in Houston .",3.2934135104303475,0.8956690808140351,0.07165168534197308,0.19181462560390372,0.10433091918596488
281,Stewart & Stevenson makes equipment powered with diesel and gas turbines .,2.4182958340544896,0.7074565665038167,0.2067571688124299,0.5,0.29254343349618334
282,"Liberty National Bancorp said its acquisition of Florence Deposit Bank , Florence , Ky. , first announced in April , has been completed in a transaction valued at $ 13.1 million .",3.574698735173849,0.8808674592414384,0.0790441009747862,0.24172929667217496,0.11913254075856163
283,"Liberty National exchanged about 78.64 shares of its common stock for each of Florence Deposit 's 5,600 shares outstanding .",2.8086949695628416,0.6877004469609642,0.20677898369615683,0.6377443751081736,0.31229955303903567
284,"Liberty National , a bank holding company , has assets exceeding $ 3 billion .",3.327743130726242,0.9027967362559339,0.06661623233300726,0.17972408589158023,0.09720326374406599
285,"Hani Zayadi was appointed president and chief executive officer of this financially troubled department store chain , effective Nov. 15 , succeeding Frank Robertson , who is retiring early .",3.5429011109903854,0.8266377141576207,0.11306072817367031,0.3715082342575555,0.17336228584237953
286,"Mr. Zayadi was previously president and chief operating officer of Zellers Inc. , a retail chain that is owned by Toronto-based Hudson 's Bay Co. , Canada 's largest department store operator .",3.4996020697350234,0.8343004637047899,0.10876108915343384,0.34775652765121373,0.16569953629521
287,"Tuesday , October 31 , 1989",1.2516291673878228,0.4841962570206112,0.420619835714305,0.6666666666666669,0.5158037429793889
288,The key U.S. and foreign annual interest rates below are a guide to general levels but do n't always represent actual transactions .,3.0118708153862563,0.7231663999699786,0.18207415297551963,0.5772709500530643,0.27683360003002133
289,PRIME RATE : 10 1/2 % .,1.8221267860233528,0.5656750688511216,0.31285191935019313,0.7100019018292097,0.4343249311488784
290,The base rate on corporate loans at large U.S. money center commercial banks .,2.706647098184957,0.8292908543315257,0.1230585338477938,0.2785810378492945,0.17070914566847428
291,"FEDERAL FUNDS : 9 % high , 8 13/16 % low , 8 7/8 % near closing bid , 8 15/16 % offered .",3.324602080909202,0.9357585813126746,0.04470304444064973,0.11411979463166519,0.06424141868732548
292,Reserves traded among commercial banks for overnight use in amounts of $ 1 million or more .,3.1632022065186676,0.8443215470891459,0.10608459567738357,0.2923503248081212,0.1556784529108542
293,Source : Fulton Prebon -LRB- U.S.A . -RRB- Inc .,2.1319146418983497,0.9029847973359302,0.08414969005814622,0.11452470277266596,0.09701520266407011
294,DISCOUNT RATE : 7 % .,2.2516291673878226,0.7715561736794712,0.1737653428714399,0.33333333333333315,0.2284438263205287
295,The charge on loans to depository institutions by the New York Federal Reserve Bank .,2.599764161489975,0.8263589632963204,0.12708654085034565,0.2740205927361882,0.17364103670367956
296,CALL MONEY : 9 3/4 % to 10 % .,2.797416845103709,0.8116831794614798,0.1326463500885577,0.32451124978365314,0.1883168205385201
297,The charge on loans to brokers on stock exchange collateral .,1.3322747301866902,0.5102116406725046,0.3954221185808623,0.6433129693224768,0.4897883593274953
298,COMMERCIAL PAPER placed directly by General Motors Acceptance Corp. : 8.55 % 30 to 44 days ; 8.25 % 45 to 59 days ; 8.40 % 60 to 89 days ; 8 % 90 to 119 days ; 7.90 % 120 to 149 days ; 7.80 % 150 to 179 days ; 7.55 % 180 to 270 days .,3.5024023060833125,0.9648330699231342,0.024267127571647222,0.06384227018027627,0.03516693007686599
299,"COMMERCIAL PAPER : High-grade unsecured notes sold through dealers by major corporations in multiples of $ 1,000 : 8.62 % 30 days ; 8.55 % 60 days ; 8.45 % 90 days .",3.332722341199621,0.9151105839061261,0.05849614300311919,0.15468098138372272,0.08488941609387383
300,CERTIFICATES OF DEPOSIT : 8.09 % one month ; 8.04 % two months ; 8.03 % three months ; 7.96 % six months ; 7.92 % one year .,2.994408920655628,0.9662996329621475,0.024868346431643176,0.052260873936701216,0.03370036703785276
301,"Average of top rates paid by major New York banks on primary new issues of negotiable C.D.s , usually on amounts of $ 1 million and more .",3.3497510294752137,0.8473503120691135,0.10216957774564422,0.3017278934180943,0.1526496879308864
302,"The minimum unit is $ 100,000 .",1.822126786023353,0.48044479398695383,0.3509453429964406,1.0000000000000002,0.5195552060130463
303,Typical rates in the secondary market : 8.53 % one month ; 8.50 % three months ; 8.30 % six months .,3.112364708482765,0.8752298261845124,0.08679188025883477,0.22184475096528447,0.12477017381548784
304,BANKERS ACCEPTANCES : 8.49 % 30 days ; 8.44 % 60 days ; 8.27 % 90 days ; 8.12 % 120 days ; 8.05 % 150 days ; 7.98 % 180 days .,2.942401598131856,0.9983232833947406,0.0012684406091883226,0.0024725679245306796,0.0016767166052590345
305,"Negotiable , bank-backed business credit instruments typically financing an import order .",2.0932846232303124,0.6373883060288223,0.260681160541844,0.5954372523105548,0.3626116939711777
306,LONDON LATE EURODOLLARS : 8 3/4 % to 8 5/8 % one month ; 8 3/4 % to 8 5/8 % two months ; 8 11/16 % to 8 9/16 % three months ; 8 9/16 % to 8 7/16 % four months ; 8 1/2 % to 8 3/8 % five months ; 8 7/16 % to 8 5/16 % six months .,2.081531623081833,0.6563725622947163,0.2509444025662248,0.5448669088493736,0.3436274377052834
307,LONDON INTERBANK OFFERED RATES -LRB- LIBOR -RRB- : 8 3/4 % one month ; 8 11/16 % three months ; 8 7/16 % six months ; 8 7/16 % one year .,2.5484880932591674,0.8017318138336077,0.14463497789265461,0.315120407472074,0.19826818616639236
308,The average of interbank offered rates for dollar deposits in the London market based on quotations at five major banks .,2.4696723437936585,0.7047130517061884,0.2064596783042739,0.5182657502775432,0.2952869482938115
309,FOREIGN PRIME RATES : Canada 13.50 % ; Germany 9 % ; Japan 4.875 % ; Switzerland 8.50 % ; Britain 15 % .,1.570850149569599,0.46144696884259884,0.3812798287590917,0.9166666666666667,0.5385530311574013
310,These rate indications are n't directly comparable ; lending practices vary widely by location .,2.8094472966717534,0.7321959611744651,0.18089564237890302,0.5154378464278011,0.2678040388255351
311,"TREASURY BILLS : Results of the Monday , October 30 , 1989 , auction of short-term U.S. government bills , sold at a discount from face value in units of $ 10,000 to $ 1 million : 7.78 % 13 weeks ; 7.62 % 26 weeks .",3.5436959116768953,0.9198768157687907,0.054100470650135075,0.15438206001405871,0.08012318423120934
312,FEDERAL HOME LOAN MORTGAGE CORP . -LRB- Freddie Mac -RRB- : Posted yields on 30-year mortgage commitments for delivery within 30 days .,2.898254378338988,0.839704418895566,0.11277817629285916,0.2770093410548575,0.16029558110443412
313,"9.78 % , standard conventional fixed-rate mortgages ; 7.875 % , 2 % rate capped one-year adjustable rate mortgages .",3.3024101186092025,0.9528132671018628,0.03316099612726078,0.08177360116998601,0.04718673289813722
314,Source : Telerate Systems Inc .,1.3774437510817348,0.5601304994889715,0.370662957923173,0.5408520829727552,0.43986950051102847
315,"FEDERAL NATIONAL MORTGAGE ASSOCIATION -LRB- Fannie Mae -RRB- : Posted yields on 30 year mortgage commitments for delivery within 30 days -LRB- priced at par -RRB- 9.75 % , standard conventional fixed-rate mortgages ; 8.75 % , 6/2 rate capped one-year adjustable rate mortgages .",3.722097745939516,0.9682614914657646,0.02144627070343661,0.06102480183811417,0.031738508534235266
316,Source : Telerate Systems Inc .,1.3774437510817348,0.5601304994889715,0.370662957923173,0.5408520829727552,0.43986950051102847
317,MERRILL LYNCH READY ASSETS TRUST : 8.63 % .,2.189945104949632,0.8267629013508365,0.13840316535755487,0.23150275745152388,0.17323709864916384
318,Annualized average rate of return after expenses for the past 30 days ; not a forecast of future returns .,2.7841837197791888,0.7507179055244253,0.17065621270985348,0.46225562489182676,0.24928209447557473
319,"Canada 's gross domestic product rose an inflation-adjusted 0.3 % in August , mainly as a result of service-industry growth , Statistics Canada , a federal agency , said .",3.763874127093408,0.8927760214972911,0.07028278791723372,0.22602396837087954,0.10722397850270915
320,The August GDP was up 2.4 % from its year-earlier level .,2.751629167387822,0.6227806536129485,0.24378619458015263,0.8333333333333329,0.37721934638705124
321,GDP is the total value of a nation 's output of goods and services .,2.6174083285893364,0.6775515261339918,0.21729299860505455,0.6248202536716215,0.3224484738660082
322,Statistics Canada said service-industry output in August rose 0.4 % from July .,3.1662507275946283,0.8748375754631934,0.08633323657859517,0.22746855314664802,0.12516242453680665
323,Output of goods-producing industries increased 0.1 % .,2.25,0.6,0.2727272727272726,0.7499999999999998,0.3999999999999998
324,"Separately , Statistics Canada reported that its industrial-product price index dropped 0.2 % in September , its third consecutive monthly decline .",3.1301083232810907,0.7338054578575331,0.17385485031852588,0.5677374998033213,0.26619454214246685
325,It also reported a 2.6 % decline in its raw-materials price index for September .,2.9100989636268824,0.7091433503455767,0.19208646510603902,0.5987125220897028,0.29085664965442326
326,"Columbia Pictures Entertainment Inc. was dropped , effective today , from the recreational products and services industry group of the Dow Jones Equity Market Index .",3.168316527232651,0.8464681301893439,0.10475222266825726,0.28733365334689187,0.1535318698106561
327,"Columbia Pictures is being acquired by Sony Corp. , which is based in Japan .",2.9670824951117716,0.8694202794534823,0.09222797526788024,0.22353277576132452,0.13057972054651773
328,People 's Savings Financial Corp. said it will buy back as much as 10 % of its 2.4 million shares outstanding because the stock is undervalued .,3.904025379431136,0.8376041628144638,0.10334948648748868,0.3788338247793068,0.1623958371855362
329,The holding company said it has been `` unfairly associated '' with other banks in New England that have had major loan losses in recent quarters .,3.4451231747806466,0.8251715217838119,0.11491012589486765,0.36531941300205695,0.17482847821618808
330,The company said its People 's Savings Bank unit does n't have a `` large exposure to construction and commercial loans that have caused the loan-loss problems in many of the banks .,3.8149466744794696,0.889535164798566,0.07201253198278164,0.23703212912596283,0.11046483520143392
331,"A seat on the Chicago Mercantile Exchange was sold for $ 410,000 , down $ 6,000 from the previous sale Oct .",3.2776134368191157,0.762254049551386,0.15489621993661631,0.5111414771743881,0.23774595044861416
332,"Seats currently are quoted at $ 400,000 bid , $ 425,000 asked .",2.243173804517706,0.5712274341772361,0.28721299399407924,0.8454937106293297,0.42877256582276413
333,"The record price for a full membership on the exchange is $ 550,000 , set March 9 .",2.5724312513221204,0.6231684769525352,0.24865123346033152,0.777777777777778,0.37683152304746487
334,"In a surprise move , the British government cleared the way for a bidding war for Jaguar PLC by agreeing to remove an obstacle to a takeover of the auto maker .",3.634578327701776,0.9576125283194913,0.028775224915387344,0.08043993858685718,0.04238747168050873
335,Trade and Industry Secretary Nicholas Ridley told the House of Commons yesterday that he will relinquish the government 's so-called golden share in the company as long as Jaguar shareholders agree .,3.815620795940933,0.8791715983269034,0.07850218599708446,0.2621987351738498,0.12082840167309669
336,The golden share restricts any individual holding to 15 % and expires at the end of 1990 .,2.656307640451394,0.6568336088929837,0.2279488236046815,0.6939013886485037,0.34316639110701636
337,"It was in Jaguar 's best interests `` for the company 's future to be assured and the present climate of uncertainty resolved as quickly as possible , '' Mr. Ridley said .",4.021398462125133,0.9139270511782259,0.055682924998680744,0.189491649075199,0.08607294882177394
338,Mr. Ridley 's decision fires the starting pistol for perhaps a costly contest between the world 's auto giants for Britain 's leading luxury-car maker .,3.5098774703571216,0.9085976146850698,0.06166410204850703,0.17654194099165166,0.09140238531493018
339,Both General Motors Corp. and Ford Motor Co. have been trying to amass 15 % stakes in Jaguar .,2.8516215509149485,0.7127070010967731,0.19138341620225824,0.575897222984644,0.28729299890322657
340,"Ford , which already has an unwelcome 13.2 % holding , is prepared to bid for the entire company and had lobbied the government to lift the takeover restrictions early .",3.8323577378821776,0.8496388197155729,0.09657541387657699,0.33936230083578345,0.15036118028442721
341,GM has been negotiating a friendly transaction with Jaguar that likely would involve joint ventures and an eventual stake of just under 30 % .,2.9446196536064444,0.6454781826159621,0.2269529044070651,0.809584672271637,0.35452181738403776
342,"But the government 's action , which caught Jaguar management flat-footed , may scuttle the GM minority deal by forcing it to fight for all of Jaguar .",3.3553898494842613,0.765498772265001,0.15190658907525137,0.5139414116272564,0.23450122773499896
343,"`` I ca n't believe they -LRB- GM -RRB- will let Ford have a free run , '' said Stephen Reitman , a European auto industry analyst at UBS-Phillips & Drew .",3.5822479514296672,0.8629405396247034,0.09027684200433399,0.28448134524250757,0.13705946037529665
344,`` I am sure they will be going for a full bid . '',3.4327040293549955,0.8810182718015327,0.08003122183001449,0.23179374984546647,0.11898172819846727
345,Many investors certainly believe a bidding war is imminent .,2.3974168451037086,0.6956213660950291,0.21439781490032678,0.524511249783653,0.3043786339049708
346,"Jaguar shares skyrocketed yesterday after Mr. Ridley 's announcement , following their temporary suspension on London 's Stock Exchange .",2.8709505944546683,0.7663144469530372,0.15938614335595638,0.4377443751081736,0.23368555304696273
347,"In late trading , the shares were up a whopping 122 pence -LRB- $ 1.93 -RRB- -- a 16.3 % gain -- to a record 869 pence on very heavy volume of 9.7 million shares .",3.482289237493327,0.8807074012127408,0.07983822132295187,0.23583958321314055,0.11929259878725913
348,"In the U.S. over-the-counter market , Jaguar shares trading as American Depositary Receipts closed at $ 13.625 , up $ 1.75 .",3.0780516402026077,0.7442418390054011,0.16865916548571958,0.5288850919727146,0.2557581609945989
349,"Analysts expect Ford will make the first move , perhaps today , with an initial offer of about 900 pence -LRB- $ 14.25 -RRB- a share .",3.501040767533496,0.8385648324915761,0.1061070576803452,0.3373329175761561,0.16143516750842393
350,Such a proposal values Jaguar at more than # 1.6 billion -LRB- $ 2.53 billion -RRB- .,2.7814242655967227,0.6985455009864492,0.20110895780939103,0.6016588377613616,0.30145449901355087
351,Speculation about a takeover fight has sent Jaguar shares soaring in the past six weeks .,3.1006025296523,0.7951491360473769,0.137751886187513,0.39939747034769923,0.20485086395262295
352,The share price was languishing at about 400 pence before Ford 's Sept. 19 announcement of its interest in a minority stake .,3.1006466406021884,0.7945997532243932,0.13802286349950327,0.40129857046514333,0.2054002467756068
353,"Ford is `` in the driving seat at the moment , '' observed Bob Barber , an auto analyst at brokers James Capel & Co .",3.0927370619956975,0.820751538746592,0.12200085646481747,0.3377199635048607,0.17924846125340801
354,An aggressive Ford bid for Jaguar would put pressure on GM to make a better offer as the British company 's `` white knight . '',3.7434941596320055,0.9218486568659153,0.05184192987798151,0.15868065457972258,0.07815134313408474
355,Such a countermove could end Jaguar 's hopes for remaining independent and British-owned .,2.753434386188786,0.658400420312821,0.22447655845642775,0.7142857142857141,0.34159957968717913
356,But it is n't clear how long GM would be willing to fight Ford for Jaguar .,2.4573198535774905,0.5952491716860894,0.26685582782644424,0.8375420628253212,0.4047508283139106
357,"Because of their longstanding rivalry , GM just `` wants to make sure Ford pays a huge packet for -LRB- Jaguar -RRB- , '' said John Lawson , an auto analyst at London 's Nomura Research Institute .",3.7672785001148896,0.940971308467681,0.03934064937400071,0.11816381567560666,0.05902869153231893
358,People close to the GM-Jaguar talks agreed that Ford now may be able to shut out General Motors .,3.3293884719042817,0.7699145023331743,0.1495587816554573,0.4984829352355681,0.23008549766682546
359,"`` It 's either going to be a shootout , or there only may be one player in town , '' one person said .",3.1886142724108404,0.7558974224990967,0.15991788272918164,0.5154459810223148,0.24410257750090317
360,"Another person close to the talks said , `` It is very hard to justify paying a silly price for Jaguar if an out-and-out bidding war were to start now . ''",3.2150182662886326,0.7627531040617506,0.1555201117339817,0.5000000000000002,0.23724689593824957
361,"In a statement , Jaguar 's board said they `` were not consulted about the -LRB- Ridley decision -RRB- in advance and were surprised at the action taken . ''",3.385708194828528,0.8235567748969106,0.11657883849219358,0.3626861507078752,0.17644322510308957
362,The statement emphasized that holders representing 75 % of the shares voting at a special shareholders ' meeting must agree to lift the takeover restrictions .,3.1524147152377497,0.7809675298620772,0.14558223903018916,0.44206779128167045,0.21903247013792282
363,"Jaguar officials in the U.S. noted that Ford , as Jaguar 's largest shareholder , now has the power to call for such a meeting .",3.3927474104487847,0.807857054208915,0.12609673756471934,0.4034701921412718,0.1921429457910852
364,U.S. auto analysts also noted that Ford is in the best position to benefit from the large number of Jaguar shares that have moved over the past month into the hands of arbitragers waiting for the highest takeover bid .,3.1261166198633417,0.7623178404151819,0.15716696272611086,0.4873440643330855,0.23768215958481798
365,"Jaguar 's own defenses against a hostile bid are weakened , analysts add , because fewer than 3 % of its shares are owned by employees and management .",3.2810841496817504,0.731472021651465,0.17274119547797567,0.6027704250807282,0.26852797834853526
366,Ford officials in the U.S. declined to comment on the British government 's action or on any plans to call a special Jaguar shareholders meeting .,2.9612366047228758,0.7425789604532943,0.17178959698905608,0.5132683833825541,0.2574210395467057
367,"But GM officials said they , too , were surprised by the move , which left them to `` consider all our options and explore matters further . ''",3.5174549418291075,0.8448616651899161,0.10206269626296616,0.32322489822329975,0.15513833481008407
368,"Although GM has U.S. approval to buy up to 15 % of Jaguar 's stock , it has n't yet disclosed how many shares it now owns .",3.3168071544322615,0.7322360777839617,0.17181212405594293,0.6064446425480757,0.2677639222160383
369,"In a prepared statement , GM suggested its plans for Jaguar would be more valuable in the long run than the initial windfalls investors might reap from a hostile Ford bid .",3.9131025296523005,0.9503504094480968,0.03278774775992116,0.10221700146248262,0.049649590551903384
370,"`` Our intensive discussions with Jaguar , at their invitation , '' GM said , `` have as their objectives to create a cooperative business relationship with Jaguar that would provide for the continued independence of this great British car company , to ensure a secure future for its employees and to provide an attractive long-term return for its shareholders . ''",3.9769483474401035,0.9346145348919787,0.042736043023193955,0.13911329628422864,0.06538546510802153
371,"Jaguar was shocked by Mr. Ridley 's decision , because management had believed the government would n't lift the golden share without consulting the company first .",3.194942156182,0.7469928850520362,0.16505632853598504,0.5416008283766561,0.2530071149479639
372,"Indeed , the government is taking a calculated risk .",2.1219280948873624,0.5701152845489292,0.29390930697348394,0.7999999999999997,0.4298847154510709
373,"Mr. Ridley 's announcement set off a howl of protests from members of the opposition Labor Party , who accused the Thatcher administration of backing down on promised protection for a privatized company .",3.5243673404348494,0.861459219889957,0.09167958086332526,0.28339623598234487,0.1385407801100431
374,The British government retained the single golden share after selling its stake in Jaguar in,2.610750630582011,0.6746653490517307,0.21910685105185793,0.6314993807767412,0.3253346509482693
375,"The Conservative government 's decision may reflect its desire to shed a politically sensitive issue well before the next election , expected in late 1991 .",3.531579736388662,0.8265316938719675,0.11323591026824514,0.3705950778230663,0.17346830612803263
376,"`` It 's now a very good time politically to get this over and done with , '' observed Daniel Jones , professor of motor industry management at the University of Cardiff in Wales .",3.5371352337122923,0.8381768779016149,0.10601971611375388,0.34165077882857653,0.16182312209838504
377,"The government , already buffeted by high interest rates and a slowing economy , has been badly hurt by last week 's shake-up in Mrs. Thatcher 's cabinet .",4.010782751706929,0.9384565347224167,0.04016057950449491,0.13162538837922627,0.06154346527758353
378,"At the same time , the government did n't want to appear to favor GM by allowing a minority stake that might preclude a full bid by Ford .",3.081074871758294,0.7212579854307942,0.1819208705281234,0.5958772376420601,0.2787420145692059
379,Mr. Ridley hinted at this motive in answering questions from members of Parliament after his announcement .,2.7814242655967227,0.742417425670842,0.17552553189165934,0.4837172252293817,0.257582574329158
380,He said he was giving up the golden share `` to clear the way so the playing field is level between all contestants . '',3.519200772670457,0.8566449502300075,0.09470372042394494,0.2948002532987679,0.14335504976999247
381,Bradley A. Stertz in Detroit contributed to this article .,2.246439344671016,0.6518145599006481,0.2452543944353074,0.6,0.3481854400993521
382,"Dow Chemical Co. , Midland , Mich. , and Eli Lilly & Co. , Indianapolis , said they completed the formation of Dow Elanco , a joint venture combining their plant-sciences businesses as well as Dow 's industrial pest-control business .",3.5208425312065206,0.863281293746878,0.09055255849370329,0.27891934581695593,0.13671870625312227
383,"The companies said Dow Elanco will be the largest research-based agricultural concern in North America , with projected first-year revenue of $ 1.5 billion .",3.474424153519907,0.8287997744854358,0.11237558079527306,0.35926028906728324,0.17120022551456418
384,"Dow will own 60 % of the venture , with Eli Lilly holding the rest .",3.297180468885217,0.7845163096999912,0.1413815317147056,0.4528195311147832,0.21548369030000888
385,The venture will be based in Indianapolis .,2.25,0.6,0.2727272727272726,0.7499999999999998,0.3999999999999998
386,"William A. Wise , 44 years old , president of the El Paso Natural Gas Co. unit of this energy and natural-resources concern , was named to the additional post of chief executive officer , succeeding Travis H. Petty , 61 , who continues as a vice chairman of the parent .",3.550910935040703,0.88425366638753,0.07706369441375048,0.23240215864440858,0.11574633361247008
387,"Erwin Tomash , the 67-year-old founder of this maker of data communications products and a former chairman and chief executive , resigned as a director .",3.3937409315627423,0.9008695648853707,0.06747701058890665,0.18672126816435955,0.09913043511462942
388,"Dataproducts is fighting a hostile tender offer by DPC Acquisition Partners , a group led by New York-based Crescott Investments Associates .",2.9019469592513705,0.784766888098873,0.14750636545329002,0.3979494319165213,0.21523311190112707
389,"Under the circumstances , Dataproducts said , Mr. Tomash said he was unable to devote the time required because of other commitments .",3.5905683833909166,0.8603209776216211,0.09180699300635631,0.2918748525059751,0.13967902237837895
390,Mr. Tomash will remain as a director emeritus .,2.623293386048535,0.7058397480519879,0.20056338835008808,0.5515536471368371,0.29416025194801204
391,The company had no comment on whether a replacement would be named .,3.2823872663890086,0.9369930027311089,0.044014126120368584,0.11083368629507662,0.06300699726889124
392,"Robert Q. Marston , president emeritus , University of Florida , and a director of this maker of medical devices , was named chairman .",3.3239773918210056,0.8693900948071239,0.08839916259442883,0.24997188140647486,0.13060990519287602
393,"Dr. Marston , 66 years old , succeeds Alexander T. Daignault , 72 , who did n't stand for re-election due to mandatory board retirement policy .",3.6467840428568064,0.896983562188704,0.06828812777462848,0.20961972210556762,0.10301643781129607
394,SFE Technologies said William P. Kuehn was elected chairman and chief executive officer of this troubled electronics parts maker .,3.14514776722287,0.8226437497120271,0.120088406820944,0.33903595255631885,0.17735625028797272
395,"The 45-year-old Mr. Kuehn , who has a background in crisis management , succeeds Alan D. Rubendall , 45 .",3.4646657435010297,0.8875334267985345,0.07559935532503949,0.21951797627815942,0.11246657320146546
396,"Jerome J. Jahn , executive vice president and chief financial officer , said Mr. Rubendall was resigning by `` mutual agreement '' with the board .",3.191012314378148,0.8236710834285584,0.11883959456379876,0.3415609431244714,0.17632891657144154
397,"`` He is going to pursue other interests , '' Mr. Jahn said .",3.0041326007835667,0.8003690198602206,0.13606675887461006,0.37465089270260926,0.19963098013977945
398,Mr. Rubendall could n't be reached .,1.8221267860233528,0.5656750688511216,0.31285191935019313,0.7100019018292097,0.4343249311488784
399,"Mr. Kuehn , the company said , will retain the rest of the current management team .",3.0011500005090515,0.7857062531136018,0.14501802443959927,0.41029193734010105,0.21429374688639827
400,"For the nine months ended July 29 , SFE Technologies reported a net loss of $ 889,000 on sales of $ 23.4 million .",3.2982714790029792,0.8167434290873176,0.1217858329672578,0.3700243550515105,0.18325657091268244
401,That compared with an operating loss of $ 1.9 million on sales of $ 27.4 million in the year-earlier period .,2.393022797391905,0.6468084695257059,0.2418613234850922,0.6544291759499938,0.35319153047429425
402,"In national over-the-counter trading , SFE Technologies shares closed yesterday at 31.25 cents a share , up 6.25 cents .",3.1841837197791887,0.8146411384297187,0.12454232179122966,0.36225562489182667,0.1853588615702811
403,Sales of new cars in Europe fell 4.2 % in September from a year earlier and analysts say the market could continue to soften in the months ahead .,3.7841907174673697,0.8710871260896712,0.08370896772618759,0.2802531191871029,0.12891287391032893
404,"After a stronger-than-expected pace early this year , analysts say the market , after a series of sharp swings in recent months , now shows signs of retreating .",3.5612805986152947,0.9675837616671839,0.02224747016935919,0.05970668826499598,0.032416238332816406
405,"Statistics from 12 countries which normally account for 94 % of non-communist Europe 's passenger car sales showed new car registrations totaled 911,606 in September , down 21 % from August and down 4.2 % for the year to date .",3.9031491663457274,0.899889124776994,0.06504555598972213,0.21720200518762828,0.10011087522300637
406,Tokyo stocks rebounded Tuesday from two consecutive daily losses in relatively active dealings .,3.2009102795095288,0.8330560180662875,0.11283901981960782,0.32073035683379014,0.16694398193371254
407,"London shares also rose , while trading in Frankfurt , West Germany , ended higher .",2.7806390622295662,0.7670728447529838,0.16083065481341594,0.42218046888521676,0.23292715524701615
408,"In Tokyo , the Nikkei index of 225 selected issues was up 132.00 points to 35549.44 .",2.457319853577491,0.6312268947771328,0.24790956823412436,0.7196004502933416,0.3687731052228674
409,The index fell 109.85 Monday .,1.5849625007211563,0.44211410869774037,0.3868528072345413,0.9999999999999993,0.5578858913022592
410,"Volume on the First Section was estimated at 900 million shares , up from 582 million shares Monday .",2.683879918931104,0.6629642326083427,0.22365373740717973,0.6835779619162965,0.33703576739165714
411,"Advancing issues outnumbered decliners 542 to 362 , while 208 issues were unchanged .",2.8262593868069192,0.7752536125199746,0.1548488052129445,0.40966696382211387,0.22474638748002546
412,Small-lot buying targeted at incentive-backed issues pushed up the Nikkei .,1.738128679887613,0.4664628208380907,0.3638259160617449,0.9999999999999996,0.5335371791619089
413,"But other sectors failed to attract investor interest and remained sluggish , making overall trading appear mixed .",2.6199175275595277,0.7674414256673938,0.16445132124941383,0.39695816820703667,0.23255857433260627
414,"Individuals and corporations , as well as dealers trading for their own account , actively bought Tuesday .",3.086048612313038,0.7763766377156597,0.149396229085445,0.4444444444444446,0.22362336228434032
415,"An official at Wako Securities said these investors feel the need to make quick profits , despite destabilizing external factors , such as political uncertainty tied to the ruling party 's fate at next year 's Lower House elections - an event which could directly affect the stock market .",3.6380394597192622,0.8864910600426241,0.07503956729315892,0.23291267177357788,0.11350893995737579
416,"The Tokyo Stock Price Index of all issues listed in the First Section , which declined 5.16 on Monday , was up 16.05 , or 0.60 % , at 2692.65 on Tuesday .",3.6874727042871376,0.8617767898486252,0.09017094700413862,0.2959189750479102,0.1382232101513748
417,"The Second Section index , which fell 21.44 points Monday , was up 6.84 points , or 0.19 % , to close at 3642.90 .",3.218809772497378,0.7402761017100469,0.16859033826219844,0.5653080448937206,0.25972389828995296
418,"Second Section volume was estimated at 14 million shares , unchanged from Monday .",2.575561172212138,0.6610288662981045,0.2280036977611944,0.6603651784168951,0.33897113370189563
419,Institutional investors mostly remained on the sidelines Tuesday .,2.401071163826312,0.6095978631794323,0.26083153397827474,0.7757768235684183,0.3904021368205676
420,A fund manager at a life-insurance company said three factors make it difficult to read market direction .,2.775291498788966,0.7494904664202258,0.17159557325741065,0.4638064191998207,0.2505095335797743
421,"First , he said , domestic interest rates are likely to stay at higher levels as increased anticipation of inflation followed rising consumer prices reported last week .",3.195024671067366,0.8541897672979866,0.09950878851533565,0.27269542940713276,0.14581023270201343
422,"Second , the dollar is showing persistent strength despite a slowdown in the U.S. economy shown by economic indicators .",3.202410118609202,0.8074746799954892,0.12871850800867543,0.3817736011699861,0.19252532000451072
423,"Third , oil prices have n't declined although supply has been increasing .",3.1285411125428544,0.8555047074824481,0.099279908006118,0.265339975665747,0.14449529251755194
424,"The topic that attracted participants ' attention was Mitsubishi Estate 's purchase of 51 % of Rockefeller Center Properties , announced late Monday in New York .",3.636644603546927,0.8938867381906526,0.07032552727346156,0.21606682118195766,0.10611326180934762
425,"Mitsubishi Estate ended the day at 2680 , up 150 .",3.010855952614886,0.7704325333357349,0.1539393257931368,0.4512696504021796,0.22956746666426486
426,"The gains also sparked buying interest in other real-estate companies , traders said .",2.7723388509381,0.8120977223389875,0.1328736493024369,0.32073035683379,0.18790227766101247
427,Sumitomo Realty & Development rose 40 to 2170 .,2.0405031085111425,0.5983076481896766,0.28312083989852405,0.691145186776621,0.40169235181032353
428,Heiwa Real Estate gained 40 to 2210 .,1.8443609377704335,0.584465111947033,0.30415066868914603,0.6556390622295664,0.41553488805296696
429,"Investor focus shifted quickly , traders said .",2.0943609377704333,0.7207918440370155,0.21286248286439685,0.40563906222956636,0.2792081559629845
430,Many of the morning-session winners turned out to be losers by afternoon .,2.800490150505131,0.7863948001965454,0.1482558919828747,0.38197484251731834,0.2136051998034546
431,"In other stock-market news , the Tokyo Stock Exchange said that for the week ended Friday , the balance of margin buying rose 189.8 billion yen -LRB- $ 1.34 billion -RRB- , to 7.160 trillion yen -LRB- $ 50.46 billion -RRB- .",3.7952323870931086,0.93044253303134,0.04607436580894946,0.1418608576198472,0.06955746696866005
432,"The balance of short positions outstanding fell 159.7 billion yen , to 779.8 billion yen .",3.125,0.8620689655172413,0.09523809523809525,0.25,0.13793103448275865
433,"In London , prices finished at intraday peaks , comforted by a reassuring early performance on Wall Street and news that the British government will waive its `` golden share '' in auto maker Jaguar .",3.6017224711135944,0.8729479659890691,0.0838482925281098,0.2621039189772214,0.1270520340109309
434,"But trading was very sketchy , as investment decision makers remain wary from gyrations and upsets of recent weeks .",2.5812826452720157,0.6973406155681402,0.2073443354797573,0.5601634258935057,0.3026593844318597
435,"`` Volume has been appalling , '' said a dealer at a British brokerage concern .",2.7806390622295662,0.7670728447529838,0.16083065481341594,0.42218046888521676,0.23292715524701615
436,`` The market was dragged up by the scruff of its neck by Wall Street and by market makers getting caught short .,3.115799490410743,0.7357568531509018,0.17289220382541923,0.5602756145209054,0.26424314684909816
437,No one wants stock on their books . '',2.4849475529555867,0.7286257590503594,0.19127001716170614,0.4669220103450395,0.27137424094964063
438,"Meanwhile , the broad-based Financial Times 100-share index added 30.4 points to end at 2142.6 , while reaching its minimum of 2120.5 a half hour into the session .",3.8284739076447583,0.8693064973661363,0.0845221858690055,0.28803781451451604,0.13069350263386392
439,"At the close , the narrower 30-share index was up 19.7 points to 1721.4 .",3.360424797104446,0.8572461806988532,0.09571569636294316,0.280699719841308,0.14275381930114697
440,"Volume totaled a modest 334.5 million shares , up from 257.8 million shares Monday .",2.726439796815984,0.6955162647114628,0.2041547672560116,0.5987125220897028,0.3044837352885373
441,The market also moved at early afternoon on news that Jaguar shares were being temporarily suspended at 746 pence -LRB- $ 11.80 -RRB- each .,3.5493962727569954,0.8070615544168206,0.12481744193275318,0.4247547810367634,0.1929384455831794
442,"Secretary of State for Trade and Industry Nicholas Ridley said later in the day that the government would abolish its golden share in Jaguar , the luxury auto maker being stalked by General Motors and Ford Motor .",3.6784648653025487,0.8918155833011533,0.07140341957817976,0.22311371501655808,0.10818441669884672
443,The golden share dates from Jaguar 's public offering in 1984 and was designed to protect the company from takeover .,2.9584657964836776,0.6993239425450856,0.19677593061094595,0.6370422501706275,0.3006760574549144
444,The golden share was scheduled to expire at the beginning of,2.4654014071603405,0.6616415160680569,0.23073103465287267,0.6341797669347864,0.33835848393194295
445,"But although the golden share has been waived , a hostile bidder for Jaguar would still have to alter the British concern 's articles of association which ban shareholdings of more than 15 % .",4.001579809472695,0.8672973734825168,0.08469779567724176,0.30631539306077893,0.13270262651748313
446,"Jaguar shares closed at 869 pence , up 122 pence , on hefty turnover of 9.7 million shares .",2.3489047622679307,0.6325606103933797,0.2512446883451133,0.6835779619162966,0.36743938960662015
447,"As the London trading session drew to a close , the market was still listening to the parliamentary debate on the economy , with new Chancellor of the Exchequer John Major expected to clarify his approach to the British economy and currency issues .",3.971730967058112,0.9265223082372865,0.04791685175933454,0.1574887194659856,0.07347769176271324
448,"On the Frankfurt Stock Exchange , share prices closed higher in fairly thin trading , as selective buying by foreigners helped propel prices .",3.3255640636718793,0.8423157858353509,0.1055852853527717,0.31127812445913294,0.15768421416464914
449,"The DAX index closed at 1472.76 , up from 1466.29 .",1.9199468617057946,0.49128538455960813,0.3411249253211318,0.9999999999999997,0.5087146154403916
450,"Despite the modest gains , traders said the market remains dull , with investors remaining cautiously on the sidelines .",2.864665743501029,0.7483036560474575,0.1703455893865605,0.48177360116998613,0.25169634395254226
451,"Contributing to the market 's reserved stance was the release later in the day of new data on the health of the U.S. economy , in the form of the U.S. index of leading indicators .",3.269748002648793,0.8752285409007633,0.08518853901473009,0.2330655423767552,0.12477145909923679
452,"Additionally , the end of the month position-squaring might have also played a minor role , traders said .",3.1241182334890127,0.8181338210253359,0.12310767292316994,0.34793180961686127,0.18186617897466392
453,"Elsewhere , share prices closed higher in Amsterdam , Brussels , Milan and Paris .",2.542780630005086,0.7121938794540059,0.19963967371437097,0.5154378464278009,0.2878061205459941
454,Prices were mixed in Zurich and lower in Stockholm .,1.721928094887362,0.4626441056861614,0.36738663371685487,0.9999999999999997,0.5373558943138386
455,"Stocks closed higher in Hong Kong , Manila , Singapore , Sydney and Wellington , but were lower in Seoul .",2.585491558342688,0.7149466759516152,0.19687907984704922,0.5162699139612891,0.2850533240483847
456,Taipei was closed for a holiday .,1.822126786023353,0.48044479398695383,0.3509453429964406,1.0000000000000002,0.5195552060130463
457,"Here are price trends on the world 's major stock markets , as calculated by Morgan Stanley Capital International Perspective , Geneva .",3.105992425663671,0.7838574269828702,0.14448518822722067,0.4288115097852338,0.2161425730171298
458,"To make them directly comparable , each index is based on the close of 1969 equaling 100 .",2.9057645846554525,0.6513239340223672,0.22470553033859586,0.777777777777778,0.3486760659776327
459,The percentage change is since year-end .,1.9299678577609913,0.6199079888675725,0.27803057727580993,0.6005439318490575,0.3800920111324276
460,"French consumer prices rose 0.2 % in September from the previous month and were up 3.4 % from a year earlier , according to definitive figures from the National Statistics Institute .",3.702012295209692,0.8552394314556284,0.09412507254022821,0.31330723590509096,0.14476056854437155
461,"The state agency 's figures confirm previous estimates and leave the index at 178.9 , up from 178.5 in August and 173.1 a year earlier .",2.979097891134805,0.7013641131460502,0.19529620830608033,0.6342394229105024,0.2986358868539499
462,The index is based on 1980 equaling 100 .,2.1788489416040906,0.5862547422885616,0.2820984488925861,0.7757768235684186,0.4137452577114385
463,A breakdown showed that food prices were the most active part of growth with a rise of 0.6 % .,3.121928094887362,0.7861916235490453,0.14288734742880296,0.4245112497836532,0.21380837645095466
464,An official linked the gain essentially to higher prices for beef and pork .,2.779472098803091,0.7527588290749571,0.1695355595006651,0.4564542518259419,0.24724117092504302
465,He said summer drought problems that had hit several southern agricultural regions had stopped being a major source of price pressure in September .,3.298385810780424,0.8568384298740902,0.09670139831098835,0.27554908550363233,0.14316157012590983
466,"Japan 's index of leading indicators rose to 63.6 in August , above the so-called boom-or-bust line of 50 for the first time since May , the Economic Planning Agency said .",3.1447479514296672,0.787299106076492,0.14186748988247982,0.4248008763572907,0.212700893923508
467,"The leading index recovered from July 's revised level of 36.6 on strong performances in consumer durables and machinery orders , among other factors , according to an agency spokeswoman .",3.1974004993149596,0.8290134713557755,0.11538840019225652,0.32998448443896233,0.17098652864422467
468,The index is intended to measure future economic performance .,2.5219280948873624,0.6775864634116968,0.2204319802301129,0.5999999999999998,0.3224135365883031
469,A figure above 50 indicates the economy is likely to expand ; one below 50 indicates a contraction may be ahead .,3.4760010721191277,0.8474932711398314,0.10083925808130081,0.31275384187437516,0.15250672886016872
470,"Metromedia Co. said its Metromedia Long Distance unit has been renamed Metromedia-ITT Long Distance , reflecting acquisitions from ITT Corp. , which licenses its name to closely held Metromedia .",3.208891573785829,0.8527610103922987,0.100264807143028,0.27702600571966723,0.14723898960770146
471,"Metromedia said its unit is the fifth-largest provider of long-distance communications service in the U.S. , with projected 1989 revenue of more than $ 550 million .",3.0962708825920027,0.755010354755931,0.16194529976103642,0.5028446347759994,0.24498964524406888
472,"Metromedia , headed by John W. Kluge , has interests in telecommunications , robotic painting , computer software , restaurants and entertainment .",2.9776500569799946,0.8576901433868048,0.09988755660373783,0.24736657765372597,0.14230985661319526
473,"South Korean consumer prices rose 5 % in the first 10 months of this year , matching the government 's target for the entire year , according to the Bank of Korea and the Economic Planning Board .",3.619048814305915,0.8620513580554311,0.09054104637143442,0.28956677835922023,0.13794864194456902
474,"According to reports released by the two government agencies , domestic consumer and wholesale prices each rose by 0.2 % in October from the previous month .",3.4353208597254463,0.8434362392929183,0.10372251511524298,0.31915844845360924,0.15656376070708183
475,"As a result , consumer prices for the first 10 months of 1989 surged by 5 % and wholesale prices by 1.3 % .",2.9266179565636463,0.7407610734506271,0.17354596802311575,0.5121039189772213,0.2592389265493729
476,The South Korean government had been projecting a 5 % consumer price increase for the entire year .,3.2593494722443577,0.8388466199298573,0.10850125290696556,0.31308177907776236,0.1611533800701428
477,Martin Marietta Corp. said it won a $ 38.2 million contract from the U.S. Postal Service to manufacture and install automated mail-sorting machines .,2.8716535224393334,0.6829161709499961,0.2080091734123336,0.6666666666666664,0.31708382905000376
478,"Under terms of the three-year contract , Martin Marietta said it will make and install 267 of the new machines at 156 postal offices .",2.6850106537795226,0.6240857123138259,0.24478842351784394,0.8095846722716367,0.3759142876861739
479,"The new machines are capable of sorting by zip code up to 10,000 large flat mail pieces , including magazines and parcels , an hour .",3.5567728914676455,0.9252534626714529,0.05051386943832457,0.143666826673446,0.07474653732854707
480,"Thomas A. Donovan , 37 years old , formerly vice president , West Coast operations , at this hazardous-waste-site remediation concern , was named executive vice president and chief operating officer , both newly created posts , and a director , filling a vacancy .",3.442677458037163,0.8853374524821067,0.07716953708718942,0.22301487702798345,0.11466254751789311
481,"Canonie said it anticipates naming Mr. Donovan to succeed Richard F. Brissette , 55 , as president and chief executive officer , effective March 1 .",3.504154985534929,0.8776838912888727,0.08159514930324513,0.24417367483064517,0.12231610871112732
482,Mr. Brissette will remain a Canonie board member and will be a consultant to the company .,3.414064706900456,0.8938080363497825,0.07186280049543399,0.20331767552272317,0.10619196365021745
483,Yields on savings-type certificates of deposit dropped slightly in the week ended yesterday .,2.8684087057914143,0.8205762406021435,0.12565985797941437,0.31359710896879905,0.17942375939785649
484,"The average yield on a six-month CD of $ 50,000 or less was 7.90 % , compared with 7.94 % a week earlier .",2.918295834054489,0.6899739460000011,0.20301100722626506,0.6556390622295665,0.3100260539999988
485,"The average one-year savings-type CD was down to 7.99 % from 8.01 % , according to Banxquote Money Markets , a New York information service that tracks CD yields .",3.7638741270934077,0.875537519591704,0.08109531080725665,0.26752771829876393,0.12446248040829608
486,"`` This week was uneventful for the CD market , '' said Norberto Mehl , chairman of Banxquote .",3.1638491546555114,0.8673318688774049,0.09131768486057025,0.24245779692229333,0.13266813112259493
487,`` The major banks have n't even reacted to sharp rises in the three-month Treasury bill rates '' in the past two weeks .,3.6001511664128354,0.8626147164509868,0.09033811930135789,0.28669102171817723,0.13738528354901333
488,"Banks that adjusted payouts on CDs in the most recent week made only fractional moves , he said .",3.0843873123225145,0.7994116568703198,0.13528803401714182,0.38774231660994163,0.2005883431296801
489,The CD trend runs counter to the direction of short-term interest rates at the Treasury bill auction Monday .,3.1263205482240872,0.8670105658066031,0.09194154140242157,0.24025107068520865,0.13298943419339665
490,"The average six-month bill was sold with a yield of 8.04 % , up from 7.90 % .",3.8785298626736164,0.9149422678383803,0.05565871493305353,0.18028402765758514,0.08505773216161976
491,The average three-month issue rose to 8.05 % from 7.77 % .,3.251629167387823,0.82985800590334,0.1142219131602644,0.3333333333333332,0.17014199409666003
492,"Typically , banks offer CD yields higher than those on Treasury bills , which are considered the safest short-term investments ; banks need a competitive edge to sell their products .",3.477721658537308,0.8435661010339125,0.10324044660510759,0.32270280837759147,0.1564338989660875
493,"But when market interest rates move up rapidly , increases in bank CD yields sometimes lag .",2.510060850768065,0.7787690253857763,0.1601925425302484,0.35741889217089307,0.22123097461422364
494,"Most yields on short-term jumbo CDs , those with denominations over $ 90,000 , also moved in the opposite direction of Treasury bill yields .",2.8420492969336433,0.702134177230296,0.19772485304542678,0.6035369164451997,0.2978658227697039
495,"The average six-month yield on a jumbo CD was at 7.90 % , down from 7.93 % , Banxquote said .",3.787509107636871,0.894288427707925,0.06915841917184382,0.22422283616141178,0.10571157229207497
496,"For longer-term CDs , yields were up .",1.25,0.38461538461538464,0.4444444444444446,1.0000000000000002,0.6153846153846155
497,"The average two-year and five-year jumbos were up 0.02 of a percentage point to 7.91 % and 7.96 % , respectively .",3.5623708234777705,0.8351427117513439,0.1076702735589851,0.3516062497049818,0.16485728824865617
498,"However , CDs sold through major broker-dealer networks were up slightly almost across the board .",3.2665414066556506,0.8749370925069119,0.08540776652435629,0.2334585933443495,0.12506290749308807
499,"The average six-month CD in that category added 0.05 percentage point to 8.35 % , for example .",3.3285223887908315,0.8721765590829323,0.08660490305539278,0.24390886253128835,0.12782344091706774
500,Mr. Mehl attributed the rise specifically to the Treasury bill increase .,2.5441104177484006,0.7016658902498288,0.2059749710933139,0.5408520829727554,0.2983341097501713
501,"Among the major banks surveyed by Banxquote in six regions of the country , 8.33 % is the highest yield available .",2.6858157091530304,0.6669239930487497,0.22155244005306157,0.6706767046437943,0.3330760069512505
502,It is offered by the flagship banks of New York 's Manufacturers Hanover Corp. in the one-year maturity only .,3.4024101186092035,0.8167174688755562,0.12058709656121565,0.381773601169986,0.1832825311244438
503,The yield is offered across a range of maturities at San Francisco 's BankAmerica Corp. and Wells Fargo & Co .,3.3773577718231964,0.8860796649894559,0.07717443002692335,0.21746370696180833,0.11392033501054404
504,"Just two weeks ago , BankAmerica 's yields in many of those maturities was 8.61 % .",3.1343654420673115,0.7230907401704729,0.17983958328976118,0.6016588377613616,0.2769092598295272
505,"Still , on average , the major California banks have the highest yields on CDs , according to Banxquote .",3.608694969562842,0.9290742225159195,0.04775853013923778,0.13774437510817342,0.07092577748408047
506,The average yield there on six-month issues is 8.32 % .,2.1017650435239776,0.5139009135600089,0.32109042413938854,0.9999999999999997,0.48609908643999106
507,I had to reach back to French 101 when the monsieur avec clipboard leaned over my shoulder during the coffee phase of dinner and asked whether I wanted to ride in a montgolfiere .,3.563657799642794,0.8140864146198645,0.12047921399828498,0.40691773422410216,0.18591358538013558
508,"I was a last-minute -LRB- read interloping -RRB- attendee at a French journalism convention and so far the festivities had been taken up entirely by eating , drinking , smoking , sleeping and drinking .",3.531168568138119,0.8691310756265145,0.0867815335557196,0.2660085253760703,0.1308689243734854
509,The man with the clipboard represented a halfhearted attempt to introduce a bit of les sportif into our itinerary .,3.340154493717376,0.8556377391978638,0.09703944504787752,0.28177360116998595,0.14436226080213604
510,"But as the French embody a Zen-like state of blase when it comes to athletics -LRB- try finding a Nautilus machine in Paris -RRB- , my fellow conventioners were having none of it .",3.9649688107685597,0.9134036952800977,0.056258286215082595,0.18795175075185855,0.08659630471990233
511,"The diners at my table simply lit more Gauloises and scoffed at the suggestion of interrupting a perfectly good Saturday morning to go golfing or even montgolfing -LRB- ballooning to you ; the brothers Montgolfier , French of course , were the world 's first hot-air balloonists -RRB- .",3.816043859754889,0.881162887954637,0.07725129762779617,0.257400721524809,0.1188371120453627
512,Back in the U.S.A. this kind of chi-chi airborne activity wins heartwarmingly covetous responses .,2.7767656302935486,0.717566638212097,0.1902136288064116,0.5482247051148392,0.282433361787903
513,As in : `` You went ballooning ? ? ! !,2.509967315857892,0.9366088164008477,0.050384690286651705,0.0854494173369665,0.0633911835991524
514,In France ? ? ! ! '',1.5506789960390495,0.726632251754686,0.2539024613077539,0.2960654354758693,0.2733677482453141
515,Americans it seems have followed Malcolm Forbes 's hot-air lead and taken to ballooning in a heady way .,2.868604919158837,0.6695104760502287,0.21542213036071586,0.7094309606247039,0.33048952394977105
516,"During the past 25 years , the number of balloonists -LRB- those who have passed a Federal Aviation Authority lighter-than-air test -RRB- have swelled from a couple hundred to several thousand , with some estimates running as high as 10,000 .",3.9262640045470936,0.8889618714889899,0.07175944876062397,0.2453154631545214,0.11103812851101046
517,"Some 30 balloon shows are held annually in the U.S. , including the world 's largest convocation of ersatz Phineas Foggs -- the nine-day Albuquerque International Balloon Fiesta that attracts some 800,000 enthusiasts and more than 500 balloons , some of which are fetchingly shaped to resemble Carmen Miranda , Garfield or a 12-story-high condom .",4.184124062327572,0.9331163667481993,0.04304041169224007,0.14995419072971355,0.06688363325180116
518,-LRB- The condom balloon was denied official entry status this year . -RRB-,2.4627701870002703,0.7500416651485576,0.1793746886718093,0.41213134342495034,0.24995833485144253
519,"But in Epinal , a gray 16th-century river town adjacent to France 's Vosges mountain region , none of these Yankee-come-lately enthusiasms for things aloft was evident .",3.540643099759014,0.88646643009758,0.0757262799158896,0.22673269805702714,0.1135335699024199
520,Ballooning at the de rigueur hour of 6 a.m. held all the attraction for most people of sunrise root-canal work .,3.2461726526725547,0.8651194872883848,0.09188901753151502,0.2534696483830877,0.13488051271161505
521,"Feeling the naggings of a culture imperative , I promptly signed up .",2.7627805354533574,0.7436781133459717,0.17508979503884117,0.47816369846220313,0.2563218866540285
522,"The first thing anybody will tell you about ballooning is that it requires zip in the way of athletic prowess , or even a measure of derring-do .",3.7068938866180705,0.8894782316711071,0.07270713972168646,0.23029932198952283,0.1105217683288928
523,-LRB- So long as you do n't look down . -RRB-,2.6026536802809717,0.7251879327403414,0.1900421276252661,0.49610320594505813,0.27481206725965857
524,"They will also tell you that even if you hate heights , you can still balloon .",2.250862500381789,0.6202781278114321,0.2618357287383101,0.6906914870467596,0.379721872188568
525,-LRB- I still say do n't look down .,2.4010711638263125,0.6871326246072211,0.2183680396864711,0.5515536471368371,0.31286737539277876
526,At least not when you are ascending . -RRB-,2.401071163826313,0.6095978631794324,0.26083153397827474,0.7757768235684183,0.3904021368205676
527,What they wo n't tell you is not to go aloft in anything you do n't want to get wet .,3.0225123663858873,0.8139096203652142,0.12725726853941902,0.34609638318381364,0.18609037963478567
528,I 'm not referring to the traditional champagne drenching during the back-on-terra-firma toast .,3.2898468864978523,0.8144901695207519,0.12327494741085118,0.37465089270260926,0.18550983047924804
529,I 'm talking about landing in a canal .,2.401071163826312,0.6095978631794323,0.26083153397827474,0.7757768235684183,0.3904021368205676
530,In a porous wicker basket .,1.9182958340544898,0.589949140970322,0.2960819109658651,0.6666666666666663,0.4100508590296778
531,With a pilot who speaks no English .,1.75,0.4666666666666667,0.36363636363636354,1.0,0.5333333333333332
532,"To wit , my maiden voyage -LRB- and novitiates are referred to as virgins -RRB- began at dawn on a dew-sodden fairway and ended at noon in a soggy field .",2.707494337776473,0.7029769741568518,0.20054116254934082,0.5724172979508164,0.2970230258431482
533,"-LRB- Balloon flights almost always occur at dawn or dusk , when the winds are lightest . -RRB-",2.995189055457498,0.8083681341263153,0.1312347210836919,0.3550199736423995,0.19163186587368483
534,In between came lots of coffee drinking while watching the balloons inflate and lots of standing around deciding who would fly in what balloon and in what order -LRB- the baskets hold no more than four passengers -RRB- .,3.7396423247485995,0.8965942993951093,0.06799788413922346,0.21575189470293438,0.10340570060489077
535,"When it was n't my turn in the balloon I followed its progress from the `` chase car , '' listening to the driver holler into a walkie-talkie .",3.2719578563544953,0.829815806748601,0.11397232921222002,0.33580562140309056,0.17018419325139922
536,After long stretches of this attendant ground activity came 20 or so lovely minutes of drifting above the Vosges watching the silver mists rise off the river and the French cows amble about the fields .,3.6443782087049783,0.8957390985979816,0.06911896066898783,0.21209644509443684,0.10426090140201846
537,"It 's hard not to feel that God 's in his heaven with this kind of bird's-eye view of the world , even if your pilote in silly plaid beret kept pointing out how `` belle '' it all was .",4.034929640933285,0.9198438132727037,0.0519060486094933,0.1758795513738628,0.08015618672729666
538,Eventually little French farmers and their little French farmwives came out of their stone houses and put their hands above their tiny eyes and squinted at us .,3.5112658486485575,0.9243030732375103,0.05137144537121311,0.14377969817724634,0.07569692676248965
539,No wonder .,0.666666666666667,0.26631956334878915,0.5793801642856952,1.0,0.7336804366512111
540,We were coming down straight into their canal .,2.1788489416040906,0.5862547422885616,0.28209844889258595,0.7757768235684183,0.41374525771143833
541,"See , the other rule of thumb about ballooning is that you ca n't steer .",2.5,0.6015921889661684,0.2623302332079451,0.8278195311147831,0.3984078110338316
542,And neither can your pilot .,1.5849625007211563,0.44211410869774037,0.3868528072345413,0.9999999999999993,0.5578858913022592
543,"You can go only up or down -LRB- by heating the balloon 's air with a propane burner , which does make the top of your head feel hot -RRB- and ride the air currents .",3.8191141546897938,0.8870321678741218,0.07357179107483205,0.2431913195045408,0.11296783212587828
544,Which makes the chase car necessary .,2.1078410717376386,0.6010607207034367,0.27740425825876003,0.7100019018292099,0.3989392792965634
545,"Most balloonists seldom go higher than 2,000 feet and most average a leisurely 5-10 miles an hour .",3.0588138903312014,0.7748338873007815,0.15077654625750175,0.4444444444444446,0.2251661126992185
546,When the balloon is cruising along at a steady altitude there is little sense of motion .,2.8835029416855225,0.71619506794258,0.18863898914204383,0.5727498745147799,0.28380493205741997
547,"Only when one is ascending -- or in our case descending a tad trop rapidement -- does one feel , well , airborne in a picnic basket .",3.423251796980338,0.7690739753001944,0.1489195491285364,0.5139414116272565,0.23092602469980564
548,"`` What 's he doing ? '' hissed my companion , who was the only other English-speaking member of the convention and whose knuckles were white .",3.364945506766554,0.8306147261337742,0.11241377674975392,0.3434425584056143,0.16938527386622587
549,"`` Attention , '' yelled our pilot as our basket plunged into the canal .",3.043432296960215,0.8446867840121282,0.10735743709498421,0.2806997198413077,0.1553132159878718
550,"`` You bet attention , '' I yelled back , leaping atop the propane tanks , `` I 'm wearing alligator loafers ! ''",3.15203085382269,0.870329211309995,0.0895661201217162,0.23481133430832174,0.1296707886900051
551,"Our pilot simply laughed , fired up the burner and with another blast of flame lifted us , oh , a good 12-inches above the water level .",3.241909957737575,0.8090359184550742,0.1272339520120173,0.3826086972213229,0.19096408154492564
552,We scuttled along for a few feet before he plunged us into the drink again .,2.327819531114783,0.5708490808268826,0.284292172154446,0.875,0.42915091917311754
553,Eventually we came to rest in a soggy patch of field where we had the exquisite pleasure of scrambling out of the basket into the mud while the French half of our ballooning tag team scrambled in .,3.826195104260351,0.9447505691185303,0.036682139700017734,0.11187879047751478,0.05524943088146965
554,I looked at my watch .,1.9182958340544893,0.589949140970322,0.2960819109658651,0.6666666666666663,0.4100508590296778
555,Barely half-an-hour aloft .,0.5,0.2,0.6666666666666666,0.9999999999999999,0.7999999999999999
556,"Back in the chase car , we drove around some more , got stuck in a ditch , enlisted the aid of a local farmer to get out the trailer hitch and pull us out of the ditch .",3.76055650308105,0.9146845769170727,0.05635962804368799,0.17546251688817038,0.0853154230829274
557,"We finally rendezvoused with our balloon , which had come to rest on a dirt road amid a clutch of Epinalers who watched us disassemble our craft -- another half-an-hour of non-flight activity -- that included the precision routine of yanking the balloon to the ground , punching all the air out of it , rolling it up and cramming it and the basket into the trailer .",3.90092654697717,0.953300107363585,0.03090161773522704,0.09554853163196732,0.046699892636414914
558,It was the most exercise we 'd had all morning and it was followed by our driving immediately to the nearest watering hole .,3.4906015629507223,0.8271223661663082,0.11328170679681694,0.36478697925681103,0.17287763383369173
559,"This meant returning to the golf course , where we watched a few French duffers maul the first tee while we sat under Cinzano umbrellas , me nursing an espresso and my ego .",3.573700164063265,0.8636232955641381,0.08991801241541139,0.2821655306892149,0.136376704435862
560,A whole morning of ballooning and I had been off the ground barely 30 minutes .,2.6556390622295662,0.6248562499363686,0.24528629811852828,0.7971804688852168,0.37514375006363143
561,"Still , I figured the event 's envy-quotient back in the U.S.A. was near peerless .",2.625,0.6512614896725507,0.23190472922820984,0.7028195311147831,0.34873851032744946
562,"As for the ride back to camp , our pilot and all the other French-speaking passengers clambered into the chase car .",3.179213571529091,0.8157251901131803,0.12393735063172856,0.35909702408591504,0.18427480988681982
563,My American companion and I were left to ride alfresco in the wicker basket .,2.6937581304377796,0.6235517941776617,0.2446812635811338,0.8157496903883703,0.3764482058223381
564,"As we streaked by a blase gendarme , I could n't resist rearing up on my soggy loafers and saluting .",3.810853155049874,0.8656400456688181,0.08688334281411247,0.2962347190039703,0.13435995433118172
565,Ms. de Vries is a free-lance writer .,2.0943609377704338,0.6149685564151712,0.2725425740393134,0.6556390622295661,0.3850314435848287
566,"Treasury Undersecretary David Mulford defended the Treasury 's efforts this fall to drive down the value of the dollar , saying it helped minimize damage from the 190-point drop in the stock market Oct. 13 .",3.3938351529090376,0.8514856448513975,0.09912744837353753,0.2959728342237109,0.1485143551486025
567,"Testifying before a House subcommittee , Mr. Mulford said that if the Treasury had n't intervened in foreign-exchange markets in September and early October to reduce the dollar 's value , the plunge in the stock market might have provoked a steep fall in the currency that might have `` unhinged financial markets . ''",4.038999885841603,0.9275847512581337,0.046998612530130046,0.15769715278537141,0.07241524874186656
568,"Mr. Mulford , responding to critics of intervention , also said intervention is `` highly visible , '' is taken seriously by financial markets and works better than `` was recognized some time ago . ''",3.8428572928084974,0.9307659176170988,0.04568137879577172,0.1429235285479626,0.06923408238290119
569,Differences between the Treasury and the Federal Reserve on the usefulness of intervention to help restrain the dollar resurfaced at the hearing .,3.359696902342778,0.8955921274734874,0.07114246751901253,0.19610374161642047,0.10440787252651268
570,"Fed Vice Chairman Manuel Johnson , who had dissented from the Treasury 's policy , told lawmakers , `` I became convinced about what looked to me like an attempt to push the dollar down against the fundamentals in the market . ''",3.8617597077423533,0.917159851437879,0.05431465926306241,0.17446992085178786,0.08284014856212091
571,"Intervention , he added , is useful only to smooth disorderly markets , not to fundamentally influence the dollar 's value .",3.1403611636984845,0.8214243582011441,0.12091575953217637,0.34135340928758834,0.17857564179885604
572,"Rep. John LaFalce -LRB- D. , N.Y . -RRB- said Mr. Johnson refused to testify jointly with Mr. Mulford and instead asked to appear after the Treasury official had completed his testimony .",3.439486236710086,0.8527366909429828,0.09788337067961655,0.2971878150420384,0.14726330905701726
573,A Fed spokesman denied Mr. LaFalce 's statement .,2.4849475529555867,0.7286257590503594,0.19127001716170614,0.4669220103450395,0.27137424094964063
574,"Mr. Mulford said reports of tension between the Treasury and Fed have been exaggerated , insisting that they involved `` nuances . ''",3.3395058829205975,0.7979648322646931,0.13267714197774477,0.4233389572416469,0.20203516773530686
575,"Mr. Johnson also said that `` in the scheme of things , these things are minor . ''",3.57243125132212,0.8893556888223229,0.07365972105978909,0.22222222222222232,0.11064431117767726
576,"On other matters , Mr. Mulford said West Germany is contributing to imbalances in the world economy because of its success as an exporter .",3.2057926541256774,0.8344246843346192,0.11187310441342167,0.31843115295313745,0.16557531566538058
577,"`` The solution is stronger domestic growth -LCB- in Germany -RCB- , '' he said .",2.9056390622295662,0.7948375134325826,0.14120894866080383,0.375,0.2051624865674175
578,"But because the growth of the German economy has been stronger than expected , Mr. Mulford said , it 's difficult for the U.S. to argue that Germany ought to adopt more stimulative monetary and fiscal policies .",3.819910079062259,0.8531745290751854,0.09452478773364309,0.32869013146508064,0.14682547092481463
579,"Germany 's trade surplus is largely with other European countries rather than with the U.S. , Mr. Mulford acknowledged .",3.3219280948873617,0.8209509180613809,0.11891115624064606,0.36225562489182667,0.17904908193861918
580,"But nonetheless U.S. companies might be more successful in European markets if not for the German export push , he said .",3.5503407095463873,0.8085852866948163,0.1239329087104963,0.42023238626529696,0.19141471330518361
581,"Five officials of this investment banking firm were elected directors : E. Garrett Bewkes III , a 38-year-old managing director in the mergers and acquisitions department ; Michael R. Dabney , 44 , a managing director who directs the principal activities group which provides funding for leveraged acquisitions ; Richard Harriton , 53 , a general partner who heads the correspondent clearing services ; Michael Minikes , 46 , a general partner who is treasurer ; and William J. Montgoris , 42 , a general partner who is also senior vice president of finance and chief financial officer .",4.018559647921792,0.9661138119475988,0.022305145309863068,0.07048014915570744,0.03388618805240133
582,The board increased by one to 26 members .,1.512182274937424,0.4327525943905903,0.39591441525233056,1.0,0.56724740560941
583,"In the past year , one inside director resigned , while three others retired .",2.9604247971044466,0.7817975620361209,0.14808156105858994,0.4144622124780734,0.21820243796387903
584,"Some U.S. allies are complaining that President Bush is pushing conventional-arms talks too quickly , creating a risk that negotiators will make errors that could affect the security of Western Europe for years .",3.7811849850189447,0.8968399588955982,0.06761798518295929,0.2174675618592222,0.1031600411044019
585,"Concerns about the pace of the Vienna talks -- which are aimed at the destruction of some 100,000 weapons , as well as major reductions and realignments of troops in central Europe -- also are being registered at the Pentagon .",3.9459359704029295,0.9257050568427952,0.04852684114155375,0.15841382443314506,0.07429494315720507
586,Mr. Bush has called for an agreement by next September at the latest .,2.6294817080809576,0.68433831942572,0.21335872199786704,0.606444642548076,0.3156616805742801
587,But some American defense officials believe the North Atlantic Treaty Organization should take more time to examine the long-term implications of the options being considered .,3.463332139818763,0.8507252611184154,0.0989410242020076,0.3038513280726972,0.14927473888158452
588,"For one thing , Pentagon officials , who asked not to be identified , worry that the U.S. will have a much tougher time persuading Europeans to keep some short-range nuclear weapons on their soil once Soviet armored forces are thinned out .",3.8808890805584646,0.8578880299852747,0.09121064200263167,0.32156647529016635,0.14211197001472547
589,"At the same time , they contend that a reduction of NATO forces under a treaty will increase the possibility of a conventional Soviet attack unless the West retains a residual force of nuclear weapons in Europe .",3.7356135391183085,0.926947796753132,0.04858086090401383,0.1472007379850869,0.07305220324686805
590,"Allies concerned about the deadline include the British , French and smaller NATO allies , some of whom do n't have adequate staffs to provide quick answers to the questions being raised by what generally are considered the most complex arms-control talks ever attempted .",3.6981517126329093,0.8276076237857539,0.11103603827066288,0.3853035818829533,0.17239237621424605
591,"So far , no ally has complained openly , preserving the impression that NATO is in line with the Bush position that a quick agreement bringing Soviet conventional forces down to parity with NATO is the West 's top bargaining priority .",4.0098190521532695,0.9462761594963846,0.03515910936363847,0.11382664407443764,0.05372384050361565
592,"But even though NATO negotiators have only 10 months left under the Bush timetable , they are still wrestling over such seemingly fundamental questions as `` What is a tank ? ''",3.9948500926131087,0.8899974439656089,0.07076724258606798,0.2468792040590667,0.11000255603439127
593,Five of the six categories of weapons under negotiation have n't even been defined .,2.542780630005086,0.6352138939458182,0.2428699057669448,0.7324750147264685,0.3647861060541819
594,Tanks currently are defined as armored vehicles weighing 25 tons or more that carry large guns .,2.737019118410636,0.695145703133112,0.2041466422525709,0.6016588377613616,0.30485429686688803
595,"The Soviets complicated the issue by offering to include light tanks , which are as light as 10 tons .",2.908694969562842,0.6634518887610258,0.2179977318596372,0.7377443751081736,0.33654811123897427
596,"Oleg A. Grinevsky , the chief Soviet negotiator in the conventional-arms talks , argued that this would mean the Soviets would have to destroy some 1,800 tanks , while the U.S. would lose none because it has no light tanks in Europe .",3.795970837432808,0.8651722699775773,0.0873043948156803,0.29589592358004635,0.13482773002242274
597,But the issue is stickier than it seems .,1.9566267193818676,0.49675973171666077,0.33621980710702565,0.9999999999999997,0.5032402682833391
598,"France , Britain and Italy all have light tanks they would like to keep out of the talks .",3.4604529453607595,0.8002229027215157,0.12985789880116308,0.4328194295340804,0.1997770972784841
599,"And some U.S. Army analysts worry that the proposed Soviet redefinition is aimed at blocking the U.S. from developing lighter , more transportable , high-technology tanks .",3.5289995639099216,0.8509600741821703,0.09816817056782608,0.3093464221502548,0.14903992581782977
600,Defining combat aircraft is even tougher .,2.393555357451924,0.7430737542586323,0.18506851287354162,0.42000380365841933,0.25692624574136774
601,"The Soviets insisted that aircraft be brought into the talks , then argued for exempting some 4,000 Russian planes because they are `` solely defensive . ''",3.4912384524782967,0.8057343757429535,0.12623817699457116,0.4212924038538589,0.19426562425704658
602,NATO has n't budged from its insistence that any gun-carrying plane has offensive capability .,2.960424797104446,0.6852798597261277,0.2045596722354554,0.6819871977516049,0.31472014027387224
603,"The dispute over that issue , according to one U.S. official , is a `` potential treaty stopper , '' and only President Bush and Soviet leader Mikhail Gorbachev may be able to resolve it .",3.7146372368433345,0.846489114440922,0.09940861270458133,0.33682491719646623,0.15351088555907808
604,Accounting problems raise more knotty issues .,2.2156821434752767,0.7835913233193166,0.16606779742033725,0.31054583367826694,0.21640867668068342
605,"Greece and Turkey , for example , are suspected of overstating their arsenals in hopes that they can emerge from the arms-reduction treaty with large remaining forces to deter each other .",3.663102529652301,0.8297479834922168,0.11005516291515148,0.375807235905091,0.1702520165077833
606,Other nations are n't sure how many weapons they have in their own arsenals .,2.326439796815984,0.6143729653776359,0.26170309464061786,0.7324750147264686,0.3856270346223641
607,"`` It 's just going to be sloppy , both on our side and theirs -LCB- the Warsaw Pact 's -RCB- , '' says one NATO analyst .",3.607582491934986,0.8233147115895302,0.11446577760078248,0.3870978764739226,0.17668528841046985
608,"So far , neither the Bush administration nor arms-control experts in Congress seem moved by arguments that these problems may take more time to thrash out than President Bush has allowed .",3.7173318263244757,0.8375562187880874,0.10484452960627122,0.36048770479030784,0.16244378121191272
609,They argue that the bigger danger would be that the West would delay action so long that the Soviets might back away from the current conciliatory attitude .,3.3882357258608327,0.7851479132777746,0.1398280750440043,0.4635874996909328,0.2148520867222253
610,"`` So what if you miss 50 tanks somewhere ? '' asks Rep. Norman Dicks -LRB- D. , Wash. -RRB- , a member of the House group that visited the talks in Vienna .",3.6303462252060017,0.9005832656167161,0.0661077851325532,0.2003796762443211,0.09941673438328379
611,"`` The bottom line is that if we can get that -LCB- Warsaw Pact -RCB- superiority brought down to parity , we ought to keep pressing ahead as quickly as possible .",3.6937415918818677,0.8366881932994177,0.10556883766236418,0.3604877047903078,0.16331180670058237
612,I worry more about things becoming so unraveled on the other side that they might become unable to negotiate .,3.484183719779189,0.8132666448671271,0.12179586592277905,0.4,0.18673335513287292
613,"International Lease Finance Corp. announced a leasing contract with charter carrier American Trans Air Inc. , in a transaction involving six Boeing Co. 757-200s .",3.0770214161707328,0.8640557186267397,0.09446937998906561,0.2423379248646952,0.1359442813732601
614,"The value of the jets , including spares , is in excess of $ 250 million .",3.118797059332581,0.8424542173509428,0.10782637467441017,0.2923503248081213,0.15754578264905725
615,"Two of the 757-200s are new aircraft to be delivered to American Trans Air , the main subsidiary of Amtran Inc. , in December 1991 and January 1992 .",3.8897560274197938,0.9250658813536036,0.049144669741630696,0.15767834262755315,0.07493411864639661
616,Four of the planes were purchased by International Lease from Singapore Airlines in a previously announced transaction .,3.3921472236645345,0.8357484021982918,0.1089747023795687,0.3333333333333334,0.16425159780170812
617,"Delivery of the first aircraft is set for early November , a second for December and two for April 1990 .",3.013001369232567,0.7215162701482156,0.18299044780106488,0.5824172931074346,0.27848372985178427
618,"Norway 's unemployment rate for October was 3.6 % , unchanged from September but up from 2.6 % in the same month last year .",3.6646196536064455,0.8362299898548026,0.10605858665194376,0.35926028906728324,0.16377001014519738
619,"The figure excludes a record number employed by extraordinary government work programs , the Labor Directorate announced Tuesday .",2.7375404457023604,0.7660478025484934,0.16230253227175065,0.41886192124940796,0.23395219745150658
620,"Including those in the state programs , there were 143,800 Norwegians , or about 6.5 % of the work force , without permanent employment in October , up from September 's 136,800 .",3.5823007349835256,0.8141350771360617,0.1202410594895308,0.409186059276881,0.18586492286393835
621,"The number of people registered as jobless at the end of October declined by 900 from September to 78,600 .",2.505793895055669,0.6769471217983831,0.22131540537319008,0.5979078010016791,0.32305287820161677
622,"Those employed in state-funded special programs increased by 7,400 to 65,200 in the same period , the Directorate said .",3.1219280948873616,0.771524747800509,0.15173636255073553,0.46225562489182664,0.22847525219949089
623,"In October 1988 , there were 40,800 fewer employed by government programs .",3.1662507275946283,0.8062902996830223,0.1297563030577205,0.3819748425173185,0.19370970031697768
624,"Coca-Cola Co. , aiming to boost soft-drink volume in Singapore , said it is discussing a joint venture with Fraser & Neave Ltd. , its bottling franchisee in that country .",3.5828307219625137,0.8605042513314403,0.0917728061266288,0.29062329043161556,0.1394957486685598
625,The venture would be the latest in Coke 's rapid expansion of overseas investment .,3.0107506305820104,0.7521178229786976,0.1650367707961083,0.4977368881399756,0.24788217702130244
626,"So far this year , it has put nearly $ 700 million into bottling operations in Australia , New Zealand and France .",3.7644814268691786,0.8530286687457358,0.09497832636374233,0.3247408786898928,0.14697133125426406
627,The move also reflects Coke 's eagerness to have a hand in developing the soft-drink markets in Pacific Basin countries .,3.2394245836213025,0.8354172740556117,0.11082543842695322,0.31961702752923343,0.16458272594438828
628,"Aside from Europe , the Pacific division is where Coke will be focusing much of its attention for years to come .",3.380552641659588,0.8054770376673221,0.12768462276557646,0.40820227233391504,0.1945229623326779
629,"That 's because when Coke looks to the Pacific area , it sees an economic and demographic gold mine .",3.297416845103709,0.75864784565475,0.1567371154116099,0.5245112497836534,0.24135215434525006
630,"In countries such as Taiwan , South Korea and Singapore , economies are growing , resulting in a rise in disposable income that consumers can use for soft drinks .",3.4075422625636476,0.8613794541439985,0.09275828059815792,0.27418541630608867,0.1386205458560015
631,"And unlike Europe and the U.S. , where populations are aging , the Pacific Basin countries have growing proportions of youths -- the heaviest consumers of Coca-Cola and other sodas .",3.5552580454375673,0.8582374034113225,0.09341460457727527,0.29384717754906875,0.14176259658867774
632,"A Coca-Cola spokesman said it is too early to say how the joint venture would be structured , or how much the company would invest in the transaction .",3.9403743386046393,0.9070392098603843,0.06036365139924564,0.20209425644212253,0.09296079013961589
633,"In the past , however , Coke has typically taken a minority stake in such ventures .",3.2520125008908405,0.8167321791742638,0.1222632290009553,0.365775612697402,0.18326782082573623
634,"By acquiring stakes in bottling companies in the U.S. and overseas , Coke has been able to improve bottlers ' efficiency and production , and in some cases , marketing .",3.8791884964042254,0.9014906480633386,0.06415182615767384,0.2121061659453029,0.09850935193666148
635,Coke has tended to increase its control when results were sluggish in a given country .,2.702819531114783,0.6430967380600018,0.2341686731687167,0.75,0.3569032619399983
636,"That does n't appear to be the case in Singapore , a country of about three million people with a relatively high soft-drink consumption rate -- a key indicator of Coke 's success in a market .",3.752180182973244,0.9107827856749727,0.05889752107400369,0.18387236403764506,0.08921721432502704
637,"In Singapore , per-capita consumption is about one-third that of the U.S. .",2.4347295734156336,0.672717703102939,0.22574938181779086,0.5947985653137745,0.3272822968970611
638,"And combining Fraser & Neave 's own soft drinks with Coca-Cola 's gives the Singapore company more than half the share of the soda market there , Coke said .",3.6557037104988575,0.8723249373640939,0.08384453541164838,0.26752771829876376,0.12767506263590617
639,"Fraser & Neave , which also has interests in packaging , beer and dairy products , holds the Coke licenses for Malaysia and Brunei , where per-capita consumption is n't as high as in Singapore .",3.6001107630540545,0.8578401964277105,0.09331519747591446,0.29830208530999885,0.14215980357228966
640,Coke could be interested in more quickly developing some of the untapped potential in those markets .,2.9279080888716087,0.6943055926854497,0.20020366755037458,0.6461751624040607,0.30569440731455044
641,A Coke spokesman said he could n't say whether that is the direction of the talks .,3.340822795263014,0.809264613532169,0.12575353993394284,0.3946845759439838,0.19073538646783095
642,"Coke said the joint-venture arrangement , which needs approval from both companies ' boards , should be completed early next year .",3.102236593640765,0.8034400127928457,0.1326293048806165,0.3794779793453079,0.19655998720715437
643,"AMERICAN BRANDS Inc. , Old Greenwich , Conn. , said it increased its quarterly 11 % to 68 cents a share from 61 cents , payable Dec. 1 to stock of record Nov. 10 .",3.431887393838469,0.8478259669778218,0.10103150938169539,0.30817167389775163,0.152174033022178
644,"The increase follows the company 's report of strong earnings for the third quarter , and reflects what American Brands called its `` tradition of sharing earnings growth '' with shareholders .",3.5562584081181328,0.8623786975892563,0.09083867255124968,0.28375985817050003,0.13762130241074377
645,"American Brands is a consumer products company with core businesses in tobacco , distilled spirits and life insurance .",2.7925605276821908,0.8144911017173195,0.13083937763567652,0.31865451448589877,0.18550889828268016
646,"As of Sept. 30 , American Brands had 95.2 million shares outstanding .",2.820848804850547,0.7713657403991759,0.15709015750433178,0.4198462650364175,0.22863425960082423
647,Giovanni Agnelli & Co. announced a transaction that will strengthen its indirect control of Fiat S.p . A. and will admit Prince Karim Aga Khan as its first non-family shareholder .,3.478149673645206,0.8673133098696322,0.08836040145713436,0.2662537852295314,0.1326866901303679
648,"Giovanni Agnelli , a limited partnership that is the master holding company for Fiat 's Agnelli family , owns approximately 75 % of the shares in Istituto Finanziario Industriale , which in turn owns approximately 40 % of Fiat , Italy 's biggest private-sector industrial group .",4.103441362930753,0.9417447694832376,0.037799906596252125,0.12695850418796892,0.05825523051676233
649,"The company said Maria Sole Agnelli Teodorani , sister of Fiat Chairman Giovanni Agnelli , agreed to trade her shares in IFI for new ordinary shares in the limited partnership , which will give her control of 4.67 % of Giovanni Agnelli & Co .",3.7986047734613106,0.896985755834935,0.06742224039265562,0.21820293756619255,0.10301424416506498
650,"The Aga Khan , meanwhile , agreed to trade some of his stake in Luxembourg-based Ifint S.A. , another Agnelli family company , for 7.45 % of Giovanni Agnelli & Co. 's capital .",3.583190869846614,0.8309743345361275,0.110029718499524,0.36442233898715254,0.16902566546387257
651,"His new stake would be in the form of preferred shares , which receive higher dividends but have voting rights only in extraordinary shareholders assemblies .",3.350308831688775,0.8391501245106017,0.10730041810733211,0.3210967517537221,0.16084987548939836
652,"The Aga Khan owns 10 % of Ifint 's capital , while IFI owns 23 % .",2.619372059587108,0.6321200505222001,0.24225653323529395,0.7641167749360404,0.3678799494778001
653,"As a result of the transaction , which is expected to be approved at a shareholders meeting Nov. 24 , Giovanni Agnelli & Co. will control 79.18 % of IFI 's ordinary shares .",3.873611545756239,0.8622966177871689,0.08856752348866012,0.30929578072458724,0.13770338221283113
654,Its capital will also be raised to 232.4 billion lire -LRB- $ 172.5 million -RRB- from the current 204.3 billion lire .,3.368522527728206,0.813581809544167,0.12289010654132283,0.38591931798513934,0.18641819045583305
655,"IFI also has nonvoting preferred shares , which are quoted on the Milan stock exchange .",3.297180468885217,0.7845163096999912,0.1413815317147056,0.4528195311147832,0.21548369030000888
656,"The value of the two transactions was n't disclosed , but an IFI spokesman said no cash would change hands .",3.077047939134776,0.7616475491814664,0.15829386484634067,0.4822598088562638,0.2383524508185335
657,"The move strengthens the existing links between the Agnellis and the Aga Khan , the head of the world 's Ismaili Moslems who is a longtime family friend and frequently goes sailing with Mr. Agnelli .",3.4602294430865284,0.8508298363232606,0.09890455088719542,0.3033291560477093,0.14917016367673952
658,"Mr. Agnelli and the Aga Khan also have some business ties , and a spokesman for the Agnelli company did n't rule out that the current agreement could lead to further collaboration .",3.695492780241392,0.8471237798308942,0.09915177364764896,0.33367466979090044,0.1528762201691059
659,"For instance , Ifint earlier this year bought an 18 % stake in Alisarda , the Aga Khan 's airline , which flies between Italy and Sardinia .",3.699513850319967,0.8662055080586578,0.08734922504736486,0.28571428571428553,0.13379449194134221
660,"Giovanni Agnelli & Co. , which was formed in January 1987 as a way of keeping the Agnellis ' controlling stake in Fiat together despite an ever-growing family tree , has been playing a more active role in the Agnelli group of late .",4.102761311511316,0.9132484134920058,0.055795518660271305,0.19486540988135023,0.08675158650799401
661,"It raised financing of 300 billion lire for the purchase this summer by another Agnelli-related group of the food concern Galbani S.p . A. , by selling a chunk of its IFI shares to Mediobanca S.p . A.",3.52679594875701,0.8853912255087444,0.07651265215250676,0.22826167118129728,0.11460877449125555
662,Mediobanca said during the weekend that it agreed to sell the shares back to Giovanni Agnelli for 333 billion lire .,3.358006726272401,0.8111160898427486,0.12445431840821566,0.3916289103717919,0.18888391015725126
663,Your Oct. 2 page-one article on people riding so-called `` railbikes '' on railroad tracks was a disservice to your readers .,3.024531777979552,0.7833154490452297,0.14620840070167487,0.41833038717591436,0.21668455095477032
664,It unfortunately encourages others to engage in a highly dangerous and illegal activity that only a very few are doing now .,3.1689607311116976,0.7497427195619968,0.16390740532615838,0.5288850919727145,0.2502572804380031
665,"And it treats such activities in a frivolous , cavalier fashion , with total indifference to common sense and public safety .",2.8871547792835273,0.7795621797150528,0.1509869854593431,0.40820227233391504,0.2204378202849473
666,Saul Resnick,1.0,1.0,1.0,0.0,0.0
667,Vice President,1.0,1.0,1.0,0.0,0.0
668,Public Affairs,1.0,1.0,1.0,0.0,0.0
669,Conrail,-0.0,0.0,1.0,1.0,1.0
670,"MCI Communications Corp. said it received a three-year contract valued at more than $ 15 million to provide network , credit-card and other telecommunications services to Drexel Burnham Lambert Inc .",3.544015608482832,0.8336587870555968,0.10872733652164353,0.35383707153136806,0.16634121294440318
671,"Congressional Democrats and the Bush administration agreed on a compromise minimum-wage bill , opening the way for the first wage-floor boost in more than nine years .",3.437827360796903,0.8781271618463262,0.08181340305877567,0.23879961871909908,0.12187283815367377
672,The agreement ended a long impasse between the congressional leaders and the White House over the wage issue .,2.6825203637225288,0.7234273556780487,0.18921114701772782,0.513802722081858,0.276572644321951
673,President Bush in June vetoed a measure passed by Congress and said he would n't accept any minimum-wage rise that went beyond limits he set early in this year 's debate on the issue .,3.794654994181898,0.9160870048171085,0.055298537074576194,0.17389642269560582,0.08391299518289137
674,The compromise was a somewhat softened version of what the White House had said it would accept .,3.476023612793809,0.8281847348801825,0.11277761716859198,0.3605680553151703,0.17181526511981757
675,"Under the agreement with the House and Senate leaders , the minimum wage would rise from the current $ 3.35 an hour to $ 4.25 an hour by April 1991 .",3.7816951424909178,0.9128991983436076,0.05739516022483342,0.18054356610900518,0.08710080165639243
676,"Employers could also pay a subminimum `` training wage '' for 90 days to new workers who are up to 19 years old , and then for another 90 days if the company institutes a specific training program for the newcomers .",3.9344492153946176,0.9339165976772628,0.043325939682184865,0.13919968392571094,0.06608340232273732
677,"White House officials were delighted that the compromise includes the concept of a training wage , which Mr. Bush has fought for throughout the year .",3.508883949243164,0.8672815845741974,0.08814602907030328,0.2684788458210048,0.13271841542580265
678,"`` For the first time in history , we have a training wage that will be part '' of the nation 's labor laws , said Roger Porter , assistant to the president for economic and domestic policy .",3.6797334365081023,0.9058277048340339,0.06245260511418633,0.19136828220668423,0.09417229516596609
679,"White House aides said that although they made a small compromise on the length of a training wage , the final minimum-wage increase will meet the standards set by Mr. Bush .",3.831747562960807,0.9458516261090419,0.035947744519387134,0.10968046888521697,0.05414837389095809
680,"The bill vetoed by the president in June , which the House failed to override , would have lifted the minimum wage to $ 4.55 an hour by late 1991 , with a training wage for up to two months , generally for a worker 's first job .",3.7573962688851354,0.864902307309899,0.08773915733797832,0.2935407413755652,0.13509769269010075
681,"Mr. Bush had been holding out for a bill boosting the wage floor to $ 4.25 an hour by the end of 1991 , coupled with a six-month training wage for workers newly hired by any employer .",3.8779795794924414,0.9462698163444565,0.0355363545255654,0.1100978555056904,0.053730183655543516
682,"Under the compromise , the $ 4.25 level would be reached nine months earlier , while the training subminimum would be shorter , unless it is tied to a training plan .",3.7723683589017405,0.8638887603535699,0.0882697843212293,0.2971804688852169,0.13611123964643015
683,"Democrats argued that the training wage was a way of allowing employers to pay less than the minimum wage , while new workers need far less than six months to be trained for their jobs .",3.7957395851362232,0.8812576727710785,0.07732334003889133,0.25572256890357736,0.11874232722892165
684,Democrats had been negotiating with some Republican congressional leaders on a compromise lately .,3.521640636343319,0.8603911777637312,0.09237241927738873,0.28571428571428564,0.13960882223626878
685,"With congressional elections next year , GOP leaders have worried about opposing a minimum-wage rise for low-paid workers at a time when Congress is moving toward a capital-gains tax cut that would directly benefit wealthier taxpayers .",3.795647097328267,0.9251441614149689,0.04948228661663807,0.15363884143388423,0.07485583858503113
686,Republicans have been imploring the White House to compromise on the wage issue .,3.146989743640709,0.8076884699670567,0.1293553804737411,0.3746508927026094,0.19231153003294332
687,"In the Senate , Edward Kennedy -LRB- D. , Mass. -RRB- , chairman of the Labor Committee , and Pete Domenici , -LRB- R. , N.M . -RRB- ranking minority member of the Budget Committee , have been working on a compromise , and their soundings showed that the Senate appeared to be heading toward enough strength to override another Bush veto , a Democratic staff official said .",3.9172126085013965,0.9548297817340845,0.02986324152825627,0.09267000548317152,0.045170218265915794
688,"The House is scheduled to vote this week on the compromise , as a substitute to a new Democratic bill , itself watered down from last spring 's version .",3.785708194828528,0.9026296535382047,0.06392744999044293,0.20418990063575979,0.09737034646179561
689,The Senate will probably vote not long afterward .,2.0110961633455418,0.6146171211103668,0.27641298664809505,0.6361852839286347,0.3853828788896332
690,Some Democrats thought they might have compromised too much .,2.5219280948873624,0.6775864634116968,0.2204319802301129,0.5999999999999998,0.3224135365883031
691,"Rep. Austin Murphy -LRB- D. , Pa. -RRB- , chairman of the House labor standards subcommittee , said they might have done better `` if we 'd held their feet to the fire . ''",3.324903398170301,0.8240444181356195,0.11694417971086929,0.3551872023796157,0.17595558186438032
692,"Mr. Kennedy suggested Democrats `` yielded a great deal '' on the size of the increase , but he cited concessions from the White House on the training wage , which he said make it `` less harsh . ''",3.7329607413975094,0.9055806786003359,0.06233042820314046,0.19460641571941842,0.09441932139966415
693,"With only 16-year-olds to 19-year-olds eligible , 68 % of workers getting less than $ 4.25 an hour , who are adults , wo n't be subject to the training wage , he said .",3.4726280214161998,0.7867391650220993,0.13784036822130058,0.47093877642789295,0.21326083497790044
694,"The AFL-CIO , which previously opposed the administration 's subminimum idea , said the compromise has `` adequate safeguards , so the youth are not exploited and older workers are not displaced . ''",3.2898329742278767,0.7722891420518213,0.1487820548530674,0.4850066175197961,0.2277108579481788
695,Gerald F. Seib contributed to this article .,2.0943609377704338,0.6149685564151712,0.2725425740393134,0.6556390622295661,0.3850314435848287
696,Moody 's Investors Service Inc. said it lowered the ratings on about $ 3.2 billion of Houston Lighting & Power Co. 's securities because of the company 's low levels of interest coverage and internal cash generation .,3.6428296592411913,0.869756842212226,0.08554655240010194,0.2727507362263231,0.13024315778777396
697,"Houston Lighting is a unit of Houston Industries Inc. , a utility holding company in Houston .",3.163202206518667,0.9242810145857581,0.053433719609230546,0.12989238763344244,0.07571898541424187
698,"Downgraded by Moody 's were Houston Lighting 's first-mortgage bonds and secured pollution-control bonds to single-A-3 from single-A-2 ; unsecured pollution-control bonds to Baa-1 from single-A-3 ; preferred stock to single-A-3 from single-A-2 ; a shelf registration for preferred stock to a preliminary rating of single-A-3 from a preliminary rating of single-A-2 ; two shelf registrations for collateralized debt securities to a preliminary rating of single-A-3 from a preliminary rating of single-A-2 , and the unit 's rating for commercial paper to Prime-2 from Prime-1 .",3.5023369744135624,0.9443778925721459,0.038078670769654835,0.10314057803110498,0.05562210742785384
699,"Moody 's said Houston Lighting 's current situation has some positive aspects , including managing `` very well '' the construction and commercial operation risks of Units 1 and 2 of the South Texas Project nuclear power plant .",3.778839670316872,0.8832899759056064,0.07614524232330191,0.24976947819957337,0.11671002409439374
700,"Capital requirements will be declining and no new generating facilities will be required for several years , Moody 's said .",3.2501656545347624,0.8010567112199463,0.13193630367178757,0.4042525432678085,0.19894328878005366
701,"Scott C. Smith , formerly vice president , finance , and chief financial officer of this media concern , was named senior vice president .",3.3093962727569943,0.8622878719152667,0.09308101811077162,0.2645698533035843,0.13771212808473324
702,"Mr. Smith , 39 , retains the title of chief financial officer .",2.4927978428128235,0.6443222560245697,0.2394714429748037,0.6909874212586592,0.35567774397543034
703,Armstrong World Industries Inc. agreed in principle to sell its carpet operations to Shaw Industries Inc .,2.78976011560121,0.817152375668525,0.12916248112853446,0.3129025675281941,0.18284762433147497
704,The price was n't disclosed but one analyst estimated that it was $ 150 million .,2.9693609377704333,0.6936723453212252,0.1998510198144094,0.6556390622295664,0.3063276546787748
705,"Armstrong , which has faced a takeover threat from the Belzberg family of Canada since July , said that disposing of the carpet business would improve `` total financial performance . ''",3.4795305614983256,0.842720080045242,0.10377315549258,0.3246987351738498,0.1572799199547581
706,"The move also would allow the company to concentrate on core businesses , which include ceramic tile , floor coverings and furniture .",3.27021770711915,0.8014445830634248,0.13144829625258078,0.40564647812833,0.19855541693657514
707,"Moreover , such a sale could help Armstrong reassure its investors and deter the Belzbergs , who own a 9.85 % stake in the Lancaster , Pa. , company .",3.3722539283649264,0.7904495963511818,0.1368533554485146,0.44699698447390246,0.20955040364881827
708,"Analysts expect Armstrong to use proceeds of the sale to reduce debt , buy back stock or perhaps finance an acquisition .",3.031708457991067,0.784787536943943,0.14519012182415256,0.4156930467148481,0.21521246305605699
709,"The carpet division had 1988 sales of $ 368.3 million , or almost 14 % of Armstrong 's $ 2.68 billion total revenue .",3.5576699160522565,0.8698034383304459,0.08616432297965414,0.26626498023179956,0.13019656166955407
710,The company has been manufacturing carpet since 1967 .,2.1788489416040906,0.5862547422885616,0.28209844889258606,0.7757768235684186,0.41374525771143855
711,Recently it upgraded its plants so that it could make stain-resistant products with higher quality dyes .,3.134365442067311,0.7815255003394945,0.14540116280406534,0.43920090058668265,0.21847449966050536
712,"For the past year or two , the carpet division 's operating profit margins have hovered around 5 % , high by industry standards , but disappointing compared with the 13 % to 19 % margins for two of Armstrong 's chief businesses , flooring and building products .",3.622556225881272,0.8580732718923875,0.09298115006525087,0.299678414477834,0.14192672810761234
713,"Analysts hailed the planned transaction as being beneficial to Armstrong and Shaw , the market leader in the U.S. carpet industry , with an estimated 17 % to 20 % share .",3.802416125105192,0.8941348535185859,0.06920639760678064,0.22510214118344124,0.1058651464814142
714,"Shaw , based in Dalton , Ga. , has annual sales of about $ 1.18 billion , and has economies of scale and lower raw-material costs that are expected to boost the profitability of Armstrong 's brands , sold under the Armstrong and Evans-Black names .",3.7948907091178112,0.8623255771288763,0.08907890613199097,0.30293627029846387,0.13767442287112372
715,"Yesterday , in composite trading on the New York Stock Exchange , Shaw 's shares closed ex-dividend at $ 26.125 , up $ 2.25 .",3.1192007726704567,0.7447733877759082,0.1675803764705148,0.5350776448985367,0.25522661222409165
716,"Armstrong 's shares , also listed on the Big Board , closed at $ 39.125 , up 12.5 cents .",2.984183719779188,0.7132057097953319,0.18843133839074075,0.6000000000000002,0.286794290204668
717,"Yesterday , Armstrong reported flat earnings for the third quarter and nine months , worsened by the stock dilution of an employee stock ownership plan adopted earlier this year .",3.192550740596727,0.8336489957482239,0.11257018716078943,0.3185297556475517,0.16635100425177624
718,"For the quarter , earnings were $ 47 million , or 92 cents a share , including a one-time gain of $ 5.9 million .",3.222804391301774,0.8130726199605779,0.12495079639369501,0.37089348138721007,0.18692738003942203
719,"In the year-ago quarter , earnings were $ 42.9 million , or 93 cents a share .",2.501725000763577,0.6353859105344289,0.2441649760143486,0.7196004502933415,0.36461408946557106
720,"Yesterday , Armstrong announced an agreement to sell its small Applied Color Systems unit to a subsidiary of the Swiss company , Brauerei Eichof Ltd .",3.1055192941272254,0.7959688249612469,0.13717447597391325,0.39801982867679914,0.2040311750387532
721,The price was n't disclosed .,1.5849625007211563,0.44211410869774037,0.3868528072345413,0.9999999999999993,0.5578858913022592
722,"Armstrong expects to close the sale of the color unit in late November and the carpet sale in December , with the gains to be applied to fourth quarter or first-quarter results .",3.5521880543868294,0.8422437498501124,0.10337195985215884,0.3328913766514636,0.1577562501498874
723,"The government 's primary economic-forecasting gauge rose a slight 0.2 % in September , but economists said the report offered little new information on the degree to which the U.S. economy is slowing .",3.7811849850189443,0.8724938001565572,0.08287654097725414,0.27629109127098694,0.12750619984344289
724,"The small increase in the index of leading indicators , which had climbed 0.5 % in August but was unchanged in July , does lend support to the view that the economy has slowed noticeably .",3.9668682218837783,0.8821880808901229,0.07575248270726218,0.26487795981360684,0.11781191910987714
725,"However , it does n't give much of a clue as to whether a recession is on the horizon .",3.0974168451037096,0.747006428318913,0.16669993994068075,0.5245112497836534,0.2529935716810871
726,"`` I do n't think it provides much new information on the economy , '' said Richard Rippe , economist at Dean Witter Reynolds Inc .",3.396588390068395,0.8208724446082842,0.11810746756784753,0.3705950778230663,0.1791275553917159
727,"So far this year , the index of leading indicators has risen in four months , fallen in four months and remained unchanged in the other month .",3.8962915290459277,0.9438495733044268,0.03705042049358945,0.11589687492273316,0.056150426695573255
728,"In another report yesterday , the Commerce Department said sales of new single-family houses plunged 14 % in September to an annual rate of 618,000 from 719,000 in August .",3.616455811535283,0.9065243222424939,0.06237254694426864,0.18645426811444374,0.09347567775750619
729,"The declines were particularly pronounced in the Northeast and in the South , where Hurricane Hugo was a factor .",3.0709505944546693,0.7635518393176728,0.15734614963896745,0.475488750216347,0.23644816068232732
730,"Although September 's weakness followed two strong months for home sales , the decline supports other indications that the drop in mortgage rates earlier this year has had only a limited beneficial effect on the housing market .",3.6165025362258043,0.8912487680934034,0.07215825377564976,0.2206449647326015,0.10875123190659657
731,"The September drop was the largest since a 19 % drop in January 1982 , but monthly changes in this measure are even less reliable than those in other economic indicators .",3.931542856708018,0.9039907766851853,0.06233821353431487,0.20877667440676595,0.09600922331481478
732,"Because the figures are based on a small sample , the department said it is 90 % confident only that new-home sales fell somewhere between 5 % and 23 % during the month .",3.9439162376845673,0.8687909968488522,0.0841392264592099,0.29781461820802296,0.13120900315114778
733,The department also said it takes four months to establish a trend .,1.8193449580310177,0.4774181336776586,0.3537129093044947,1.0000000000000002,0.5225818663223415
734,"So far this year , 534,000 newly built homes have been sold , down 4.5 % from the like months of 1988 .",3.3838341441664186,0.8044598648126176,0.1282082291074803,0.41181617425307465,0.1955401351873824
735,The index of leading indicators got a major boost in September from a surge in consumer expectations as measured by the University of Michigan .,3.104619653606445,0.8387398515720497,0.11042897554868027,0.2987994890769154,0.1612601484279501
736,This measure had dropped sharply in August .,2.0,0.5,0.3333333333333332,0.9999999999999997,0.49999999999999983
737,"The Commerce Department said that as a result of a new adjustment to the formula used to calculate the index , the influence of this component has been reduced .",3.7116142439443944,0.9275521855935247,0.04829244719727887,0.14495051818655919,0.07244781440647535
738,"Of the 11 components to the index , only three others rose in September : the money supply , the length of the average work week and stock prices .",3.316877142619506,0.8699792911859583,0.08812438101570544,0.2478580361059993,0.13002070881404185
739,Several components that track the health of the manufacturing sector of the economy turned down in September .,3.2118631960069495,0.8166447399537147,0.12293492688498611,0.3605680553151703,0.18335526004628538
740,"These include new orders for manufactured consumer goods , lead times on vendor deliveries , orders for new plant and equipment , and backlogs of orders for durable goods .",3.046881626949176,0.9053021867169844,0.0673645399240947,0.1593573017042126,0.09469781328301556
741,"Meanwhile , the National Association of Manufacturers said yesterday a recent poll of 53 executives on its board found that 61 % do n't expect a recession to occur until 1991 or later .",3.832903369719351,0.819102316105154,0.11503137231694319,0.4232458683989173,0.18089768389484587
742,The remainder expect a downturn to begin sometime in,2.4010711638263125,0.6871326246072211,0.2183680396864711,0.5515536471368371,0.31286737539277876
743,"Although manufacturers often are quick to call for lower interest rates , 60 % of the executives said they would prefer that the Fed keep inflation-fighting as its top priority even if that means higher rates .",3.8096314537589953,0.8475807165360834,0.09800199274333776,0.3427210195030243,0.1524192834639165
744,The other 40 % said the Fed ought to worry less about inflation and bring interest rates down .,3.329388471904282,0.734172213290127,0.1704181148378308,0.6039569479301361,0.2658277867098728
745,All the figures are adjusted to remove usual seasonal patterns .,2.8290377707967043,0.75923086368304,0.16418359394843646,0.4512696504021796,0.24076913631695984
746,Here are the net contributions of the components of the Commerce Department 's index of leading indicators .,3.253801390571587,0.8185792580607153,0.12120189253370676,0.3605680553151703,0.18142074193928479
747,"After various adjustments , they produced a 0.5 % rise in the index for August and a 0.2 % rise for September .",3.492104796152204,0.8174430511171705,0.1191257814757045,0.3904729310577288,0.18255694888282942
748,"September , and the change from August , are : from 1.11 in the previous month .",2.9279080888716087,0.7353344285088071,0.17656600722428778,0.5282335498720808,0.26466557149119285
749,Boston Edison Co. said it will take a previously reported $ 60 million charge against earnings in the fourth quarter .,3.1441864883832085,0.7104386879853715,0.1869544764742566,0.6418055430539769,0.2895613120146285
750,The charge resulted from a settlement approved yesterday by the Massachusetts Department of Public Utilities .,2.672180468885217,0.7671055639905705,0.1633363500872034,0.40563906222956636,0.23289443600942947
751,"As expected , the settlement limits rate increases for three years and ties future charges to customers for operation of the troubled Pilgrim Nuclear Power Station to that plant 's performance .",3.379342671481801,0.8295966291032956,0.11292328197878011,0.3470670940755909,0.1704033708967044
752,"In its order , the state regulatory agency said the company `` must be held accountable for the mistakes made in the management of the plant 's operation . ''",3.634730694395834,0.9332409888327732,0.044910596275335286,0.1300044843296711,0.06675901116722695
753,Pilgrim had been closed for 32 months .,2.0,0.5,0.3333333333333332,0.9999999999999997,0.49999999999999983
754,"The average interest rate rose to 8.3875 % at Citicorp 's $ 50 million weekly auction of 91-day commercial paper , or corporate IOUs , from 8.337 % at last week 's sale .",3.6528165151189365,0.8827426174699862,0.07731196337194864,0.24260735516137943,0.11725738253001386
755,Bids totaling $ 515 million were submitted .,2.5,0.7142857142857143,0.19999999999999993,0.49999999999999983,0.28571428571428564
756,Accepted bids ranged from 8.38 % to 8.395 % .,2.9219280948873623,0.7850576422744646,0.14695465348674192,0.39999999999999986,0.21494235772553535
757,Citicorp also said that the average rate rose to 8.0087 % at its $ 50 million auction of 182-day commercial paper from 7.962 % at last week 's sale .,3.498068512058839,0.7996648379368918,0.12985198044899599,0.4381749009242223,0.20033516206310836
758,Bids totaling $ 475 million were submitted .,2.5,0.7142857142857143,0.19999999999999993,0.49999999999999983,0.28571428571428564
759,Accepted bids ranged from 8 % to 8.019 % .,2.9219280948873623,0.7850576422744646,0.14695465348674192,0.39999999999999986,0.21494235772553535
760,The bank holding company will auction another $ 50 million in each maturity next Tuesday .,3.297180468885217,0.8341338234471176,0.11101915564444297,0.3278195311147832,0.16586617655288238
761,"An imaginative novelist writing a thriller about amateur spy-chasing might invent a Clifford Stoll , but it 's unlikely .",3.6729055953200556,0.8805919686997085,0.07853244386802953,0.24902249956730624,0.11940803130029146
762,It 's also unnecessary .,1.3509775004326934,0.4102724782438433,0.4181656600790515,1.0,0.5897275217561565
763,"Amateur spy-chaser Clifford Stoll is a real person , or as he might waggishly put it , a surreal person .",2.5242079165425464,0.5828961491169585,0.2710383315312229,0.9046058086321783,0.41710385088304136
764,"He is 37 , an astronomer with impressive credentials , and something of a genius at making computers do his bidding .",3.2255567537406304,0.7864317610259749,0.14121385284984223,0.43797600106362383,0.21356823897402513
765,"He once described himself as a `` Berkeley Hippie , '' and played the role well ; obligatory ragged jeans , a thicket of long hair and rejection of all things conventional , including , for a time at least , formal marriage to his `` sweetheart , '' Martha Matthews .",3.8821514402858,0.948935771399726,0.03379210582952477,0.10445336480214297,0.051064228600273986
766,"He also is an entertaining writer , combining wisecracks and wordplay with programmatic detail and lucid explanations of how computers work .",3.641249800455479,0.8991956775888617,0.06693042923618149,0.2041011361669575,0.10080432241113846
767,"In `` The Cuckoo 's Egg '' -LRB- Doubleday , 326 pages , $ 19.95 -RRB- , he spins a remarkable tale of his efforts over 18 months to catch a computer spy .",3.35235347478884,0.8217199839710421,0.11808458897517954,0.36366258754706693,0.17828001602895785
768,"The result last spring was the arrest by West German authorities of five young West Germans , accused of stealing information from computers in the U.S. and Europe and selling it to the Soviet KGB .",3.4495826550236823,0.824647906266992,0.11522030049508475,0.3667574588297254,0.17535209373300797
769,"One of them , 25-year-old Markus Hess of Hannover , allegedly used the international telecommunications network to break into more than 30 high-security computers in the U.S. , searching for secrets .",3.7417292966721742,0.8821235479613769,0.07711933265268006,0.25000000000000006,0.11787645203862308
770,"He probably did n't penetrate any top-secret files , but the KGB in East Berlin was willing to pay two of his associates , Peter Carl and Dirk Brezinski , $ 15,000 for some of the material Hess collected .",3.759340758286915,0.8256741921907917,0.11169471713183358,0.39685757452318055,0.17432580780920828
771,They promised yet more for really good stuff .,2.623293386048535,0.7058397480519879,0.20056338835008805,0.5515536471368371,0.294160251948012
772,"Mr. Stoll draws his title from the cuckoo 's habit of laying eggs in the nests of other birds , making them surrogate parents .",3.551070031955651,0.871160713434077,0.08532857667247219,0.262894159576837,0.12883928656592297
773,The computer spy had discovered that a popular editing/electronic mail program called Gnu-Emacs could do tricks with the widely used Unix operating system created by AT&T .,3.4912384524782962,0.857165065818178,0.09462725315711361,0.2911719530277081,0.14283493418182217
774,"Using Gnu-Emacs , the spy could substitute a bogus `` atrun '' program for the one that routinely cleans up the Unix system every five minutes .",3.2167973586184058,0.7660319980579731,0.153502024976402,0.4917374783543124,0.2339680019420271
775,"Once his cuckoo 's egg was laid , he could enter Unix and become a `` super-user , '' with access to everything .",2.964938145669646,0.7051004550940121,0.19345613038466997,0.6200243550515104,0.294899544905988
776,Mr. Stoll was scanning the heavens at the Keck observatory of the Lawrence Berkeley Laboratory in 1986 when his grant ran low and he was asked to switch to helping run the lab 's computers .,3.7838101533898083,0.8760616223308804,0.08063958881071007,0.26765200064999234,0.12393837766911985
777,"He discovered a 75-cent discrepancy in the charges made to various departments for computer time and traced it to a user named `` Hunter , '' who had no valid billing address .",3.6993017808193547,0.9367208914985824,0.04235820693893073,0.12503388489112016,0.06327910850141745
778,Mr. Stoll suspected the intruder was one of those precocious students who has fun breaking into computers .,3.1132833342948754,0.7886316443787434,0.14153724229041642,0.41720972246260785,0.21136835562125672
779,"But after much tracking , it became evident to Mr. Stoll , through various clues , that the hacker was not on the Berkeley campus or even in California .",3.9680640277291683,0.909812965760115,0.05850859185256918,0.19667115099633783,0.09018703423988518
780,Finding him became an obsession for Mr. Stoll .,2.1788489416040906,0.5862547422885616,0.282098448892586,0.7757768235684183,0.4137452577114384
781,He made a midnight requisition of all the printers he could lay hands on so that he could monitor all the telephone lines coming into the lab 's computers .,3.5974168451037096,0.9073536271494751,0.061947916336274764,0.1836591668108982,0.0926463728505251
782,"After discovering that the hacker had taken over the dormant account of a legitimate user named Joe Sventek , he rigged up an alarm system , including a portable beeper , to alert him when Sventek came on the line .",3.6283150179520502,0.8437007864421309,0.10181465114349082,0.3362248060314387,0.15629921355786966
783,Some nights he slept under his desk .,2.5,0.7142857142857143,0.19999999999999993,0.49999999999999983,0.28571428571428564
784,His boss complained about neglect of other chores .,2.0405031085111425,0.5983076481896766,0.28312083989852405,0.691145186776621,0.40169235181032353
785,The hacker was pawing over the Berkeley files but also using Berkeley and other easily accessible computers as stepping stones to the network of computers used by the military and national security agencies .,3.834813121668488,0.9494531209129657,0.033589887419870214,0.10207867608879972,0.05054687908703421
786,The White Sands missile range and CIA contractor Mitre Inc. were among the targets .,2.549438328012411,0.7361851652129097,0.18522087789257385,0.45827090234781764,0.2638148347870904
787,"When the hacker moved , Mr. Stoll moved too , calling up other systems managers to alert them but keeping his own system open to avoid arousing suspicion .",3.781299233360253,0.9056206058124724,0.0620341117665561,0.19720352794441612,0.09437939418752779
788,"Sometimes , if the hacker seemed to be into a sensitive file , he would drag his keychain across the terminal to create static or slow the system down to frustrate his quarry .",3.7933451941915166,0.8777626541970779,0.07951900553176006,0.2641308820984157,0.12223734580292223
789,"The FBI initially showed little interest , and he had the impression other federal security agencies were tangled up in legal red tape .",3.1451643106401685,0.7543496235279269,0.16157897998955498,0.5121039189772215,0.24565037647207325
790,The CIA told him it does not do domestic counterespionage .,2.8290377707967043,0.6917257946542736,0.20362905034570916,0.6341797669347863,0.3082742053457262
791,"One learns a lot from this book , or seems to , about crippling federal bureaucracy .",3.1787705892533973,0.7839179648175117,0.1432894340859204,0.4392009005866828,0.2160820351824881
792,`` Seems to '' because it 's possible that the CIA and the National Security Agency were more interested than they let on to Mr. Stoll .,3.9780994535052097,0.9394152024869928,0.039645222795024436,0.12840494943035877,0.06058479751300726
793,"Finally , he got help .",1.2516291673878228,0.38492371145548304,0.4441228664487977,0.9999999999999997,0.6150762885445168
794,Tymnet is a major network linking computers .,1.5,0.42857142857142855,0.39999999999999997,1.0,0.5714285714285714
795,"One of its international specialists , Steve White , took a quick interest in Mr. Stoll 's hunt , ultimately tracing the hacker to West Germany .",3.412017508499866,0.8146078557154884,0.1217299231603793,0.3886458510826611,0.18539214428451167
796,The West Germans then took over and finally found Markus Hess .,2.0220552088742005,0.6026292286090588,0.2830389359208858,0.6666666666666667,0.39737077139094124
797,"Eventually , Mr. Stoll was invited to both the CIA and NSA to brief high-ranking officers on computer theft .",3.0841837197791886,0.7198999673006905,0.18269379888416856,0.6000000000000001,0.28010003269930933
798,He savored the humor of his uncombed appearance among these buttoned-up chaps .,2.3389516889666693,0.6295929614882263,0.2530197218059192,0.6909874212586593,0.37040703851177387
799,"Back in Berkeley , he was violently scolded by a left-wing lady friend for consorting with such people .",3.3293884719042834,0.7699145023331744,0.14955878165545736,0.4984829352355683,0.23008549766682554
800,He became angry in return .,1.5849625007211563,0.44211410869774037,0.3868528072345413,0.9999999999999993,0.5578858913022592
801,He had developed a hatred for the hacker and a grudging appreciation of the federal `` spooks '' who make national security their business .,3.2148151536929843,0.8094255721946605,0.12730238108231895,0.3788919529435051,0.19057442780533945
802,"At several different levels , it 's a fascinating tale .",2.170391180084292,0.5933981725244266,0.2791727985162721,0.748051602972529,0.4066018274755731
803,Mr. Melloan is deputy editor of the Journal .,2.262725330733365,0.6228804047973538,0.2593035916654413,0.6911451867766207,0.37711959520264626
804,Mips Computer Systems Inc. today will unveil a new general-purpose computer that will compete with more expensive machines from companies such as Sun Microsystems Inc. and Digital Equipment Corp .,3.555052043543728,0.8944836106214316,0.07049550972752437,0.20968313518177742,0.10551638937856861
805,"The closely held Sunnyvale , Calif. , company also will announce an agreement to supply computers to Control Data Corp. , which will sell Mips machines under its own label .",3.4347632875824186,0.8024996094329794,0.128826733020466,0.4229763796208594,0.19750039056702062
806,"The new Mips machine , called the RC6280 , will cost $ 150,000 for a basic system .",2.989640973784727,0.7194901530569652,0.18470661162991245,0.5827902775373925,0.2805098469430349
807,"The computer processes 55 million instructions per second and uses only one central processing chip , unlike many rival machines using several processors .",3.2626567718249233,0.8350224709667327,0.11086205449252616,0.32230572889623305,0.16497752903326737
808,"The machine employs reduced instruction-set computing , or RISC , technology .",2.877443751081734,0.7935992546398357,0.14250260419366578,0.3741854163060887,0.2064007453601644
809,"At that price , an analyst familiar with the machine said , the computer offers up to 10 times the performance of similar machines .",3.128863769477903,0.8745521145416055,0.0870184981702461,0.22466528802535807,0.1254478854583945
810,"`` In the price range it 's a tremendously high-performing product , '' said Sandy Gant , an analyst at the market-research firm InfoCorp .",3.2439773918210064,0.8184142991053197,0.1213801741388155,0.3602947452682482,0.18158570089468024
811,"The machine is part of an effort by Mips to establish itself as a supplier of computers , not just of integrated-circuit technology .",3.266817833079501,0.8153048767341214,0.12305978657099627,0.3700243550515105,0.18469512326587867
812,Mips also wants to wedge into markets other than traditional RISC applications such as engineering ; Mips said the new machine will also be used by businesses and for communications .,3.5625342547660392,0.8450906128514146,0.10151842197588926,0.3267605973215093,0.15490938714858546
813,"`` This clearly demonstrates that Mips is a systems company rather than just a chip company , '' said Mips Vice President John Hime .",3.1650106537795226,0.8070054655281189,0.1294714096518049,0.3788919529435049,0.19299453447188095
814,"The Control Data deal is a boon for Mips because it gives the the five-year-old company one more ally as it battles more established electronic concerns such as Sun , Hewlett-Packard Co. , Motorola Inc. and Intel Corp. for the emerging market for RISC machines .",3.891197711273149,0.9207355870320096,0.05191675393020692,0.16749298423486003,0.07926441296799039
815,RISC technology speeds up a computer by simplifying the internal software .,2.6478697925681116,0.6867971317495237,0.21144561095455602,0.603759374819711,0.3132028682504763
816,"For Mips , which expects revenue of $ 100 million this year , big-name allies such as Control Data are essential to attract software developers to the company 's RISC architecture .",3.855838185872276,0.9066970047684879,0.06099424031901963,0.1983911107998992,0.09330299523151221
817,"`` The thing it says about Mips is that they 're on a roll right now , '' said Ms. Gant at InfoCorp .",3.4276942711037677,0.8456116401588206,0.1024746633222678,0.3129072918469556,0.15438835984117946
818,"`` They 're getting some major wins , '' she added .",2.584962500721156,0.7210570543488701,0.1934264036172708,0.49999999999999994,0.2789429456511298
819,"Last month , for example , Mips agreed to supply its computers to Nixdorf Computer AG of West Germany and France 's Groupe Bull .",3.3079989166034265,0.8772340490078057,0.0835005702047392,0.23173918874573335,0.12276595099219421
820,"Sony Corp. , Tandem Computers Inc. and Digital Equipment have agreed to sell MIPS computers and companies such as Japan 's NEC Corp. and West Germany 's Siemens A.G. have agreed to make Mips chips under license .",3.0188952922794368,0.8272952629175354,0.11894905793654613,0.31510969607992334,0.1727047370824645
821,"Today 's agreement gives Control Data a machine to compete against Digital and other general-purpose computer makers , said John Logan , a computer-market analyst at Aberdeen Group Inc. of Boston .",3.447799814773783,0.8830510803323839,0.07860740082513787,0.22830868595745782,0.11694891966761593
822,"The machine is essentially a mainframe computer , he said .",2.7158457255388377,0.7813708698288131,0.1530996084714646,0.38223136990731543,0.2186291301711868
823,"`` Suddenly CDC -LRB- Control Data -RRB- has a competitive product to fight back against the VAX9000 , '' a machine Digital announced last month , he added .",3.269066372247379,0.8071755218449654,0.12798673884045145,0.39080549672945103,0.19282447815503473
824,"Control Data , based in Minneapolis , Minn. , expects its sales of Mips systems , including the new RC6280 , to amount to more than $ 100 million by the end of 1991 , Mips said .",3.683661737775227,0.8837866107666691,0.07644819785112728,0.24219127678605556,0.11621338923333092
825,"Nixdorf , Bull and others will also sell versions of the machine , said Mips President Robert Miller .",2.987797682658332,0.7813591456283779,0.14792900157497768,0.41886192124940796,0.2186408543716219
826,"Mips will start shipping its new machine in the first quarter of 1990 , he said .",2.7814242655967227,0.6595693459691476,0.22295293552236764,0.7196004502933415,0.3404306540308524
827,"The machine uses a single processor , which makes it easier to program than competing machines using several processors .",2.803701696057348,0.7370982059301521,0.1783356627073113,0.5000000000000001,0.2629017940698478
828,The computer can process 13.3 million calculations called floating-point operations every second .,2.434729573415633,0.6727177031029389,0.22574938181779083,0.5947985653137744,0.3272822968970611
829,"The machine can run software written for other Mips computers , the company said .",2.5931064634826506,0.6847950717186616,0.21391162385173793,0.5987125220897028,0.3152049282813384
830,Another fight is brewing between Congress and the Bush administration over how to pay for the savings-and-loan bailout without adding to the federal budget deficit .,3.1039099102823626,0.725787312297978,0.1789502945737234,0.5863504806860202,0.27421268770202184
831,"In a hearing before the House Ways and Means Committee , the General Accounting Office and the Congressional Budget Office , which both are arms of Congress , advised the new S&L bailout agency to abandon plans to raise temporary working capital through debt issued from an agency that would n't be counted on the federal budget .",4.024205434028019,0.9537768574220082,0.030290791154930472,0.09751307137131746,0.04622314257799174
832,Officials of the Resolution Trust Corp. have said privately that such a plan was the most likely alternative to raise short-term cash for the bailout .,3.4773524466110817,0.8258056348591973,0.11422298846913878,0.3667540982034557,0.17419436514080266
833,"Instead , the GAO and the Congressional Budget Office said , the RTC should consider using Treasury debt , which is less expensive and subject to oversight by Congress .",3.7464602958649547,0.8863840872660255,0.07441366505489222,0.24010895059567067,0.11361591273397466
834,The spending could be exempted from meeting deficit-reduction targets in the Gramm-Rudman budget law .,2.7767656302935477,0.6993757234559884,0.20069955926290386,0.5987125220897028,0.3006242765440116
835,The RTC has projected that it will require between $ 50 billion to $ 100 billion in temporary working capital .,2.9770543453200204,0.6762416064304237,0.2093571082058914,0.7138174258965357,0.32375839356957625
836,The borrowing to raise these funds would be paid off as assets of sick thrifts are sold .,3.0588138903312005,0.7485994858489121,0.1664320383488563,0.5136173609909185,0.25140051415108783
837,The new S&L law allows the RTC to issue notes for as much as 85 % of the value of the assets it holds .,3.679200772670455,0.8620189333192296,0.09006887173727966,0.29480025329876797,0.1379810666807702
838,"But higher interest rates paid on off-budget debt could add billions to the bailout costs , and would n't be subject to congressional scrutiny , Ways and Means members argued .",3.3170619813971105,0.814214672752115,0.1230820134514068,0.3787234948431305,0.18578532724788516
839,"`` To allow this massive level of unfettered federal borrowing without prior congressional approval would be irresponsible , '' said Rep. Fortney Stark -LRB- D. , Calif. -RRB- , who has introduced a bill to limit the RTC 's authority to issue debt .",3.598445133732672,0.8727301836867757,0.08400978451097044,0.26237974791286706,0.12726981631322418
840,The RTC will have to sell or merge hundreds of insolvent thrifts over the next three years .,3.0588138903312005,0.7099864441695806,0.18883837005738688,0.6247284721020298,0.2900135558304194
841,"The new S&L bailout law allows $ 50 billion to be spent to sell or merge sick S&Ls and their assets , but that is a net cost .",3.655385976311866,0.8602487031422207,0.09135688828643894,0.2971719439749728,0.13975129685777948
842,"In the meantime , the agency must raise cash to maintain assets , such as real estate , until they can be sold .",3.4224568953090673,0.8303601641128588,0.11199138887519731,0.3495983135651329,0.16963983588714113
843,Then the short-term debt is paid off through the proceeds of selling the assets .,2.376765630293548,0.5937415651197294,0.27048164981849004,0.8157496903883706,0.4062584348802705
844,"David Mullins , assistant secretary of the Treasury , said that the working capital is necessary to reduce the final costs of the bailout , by allowing the agency to sell savings and loans without their bad assets , then hold the assets until they can be sold under favorable conditions .",4.2324807227969705,0.9632797245833249,0.023770006481980823,0.08067119750916615,0.03672027541667515
845,"He said it has n't yet been determined how the RTC will raise the cash , but the administration does n't want it to be included on the federal budget , because it would `` distort '' the budget process by requiring either exemptions from Gramm-Rudman or big increases in the budget deficit .",4.025202327013656,0.8919593883056168,0.06939859597729303,0.24378089815856277,0.10804061169438346
846,"But the worst possibility would be raising no working capital , he said .",2.5755611722121374,0.6610288662981044,0.2280036977611944,0.6603651784168951,0.33897113370189563
847,"`` If working capital financing is not provided , '' he said , `` the RTC may have to slow -LCB- S&L sales -RCB- or dump acquired assets through fire sales .",3.3260063595478,0.8260885123402543,0.11568994449174624,0.3501021411834413,0.17391148765974584
848,"Panhandle Eastern Corp. said it applied , on behalf of two of its subsidiaries , to the Federal Energy Regulatory Commission for permission to build a 352-mile , $ 273 million pipeline system from Pittsburg County , Okla. , to Independence , Miss .",3.4275490191164715,0.8531399498931191,0.09776418726707854,0.295010227076048,0.1468600501068806
849,The natural gas pipeline concern said the 500 million cubic feet a day capacity pipeline would be built by a proposed joint venture between two Panhandle Eastern units - Texas Eastern Transmission Corp. and Trunkline Gas Co .,3.748441987355529,0.9485753748200018,0.0344234656297005,0.1016061713837465,0.05142462517999813
850,"Texas Eastern Transmission will build and operate the system , which will connect the Arkoma Basin with several interstate pipelines .",3.172286034372872,0.7671370256511268,0.15348791611172732,0.48225980885626396,0.23286297434887313
851,Now was that a quarter cup or a half cup ?,2.352209361902474,0.612653256128761,0.26133363147855854,0.7480516029725288,0.3873467438712388
852,"Not a gripping question , unless you 're the pastry chef of this city 's Chez Panisse restaurant and you 've just lost your priceless personal dessert notebook .",3.813903236377733,0.8644898253124501,0.0875924628437952,0.2991744029159342,0.13551017468755008
853,Chez Panisse was listed among the top 30 restaurants in the world this year by Connoisseur magazine .,3.295739585136224,0.8379710567389034,0.10863618686492121,0.3186298607505331,0.1620289432610967
854,"The tattered black binder , bulging with 18 years ' worth of recipes held together by rubber bands , was in chef Lindsey Shere 's purse when it was stolen from her house recently .",3.541583653183841,0.8327229041189576,0.10932983422648017,0.35592568155212334,0.16727709588104225
855,The Berkeley police do n't have any leads but doubt the crime was driven by a passion for sweets .,3.113688243068336,0.7976245331996273,0.13603557384384457,0.39500672649450635,0.2023754668003727
856,"Instead , they figure the culprit probably took money from Ms. Shere 's wallet and discarded all the tips in the five-by-eight-inch looseleaf .",3.0780959575386335,0.7265759914027485,0.17895347427991465,0.5791722720787551,0.2734240085972513
857,"Chez Panisse , whose founder , Alice Waters , is considered the inventor of the cooking style known as California cuisine and whose patrons make reservations a month in advance , has n't exactly subjected diners to vanilla ice cream because of the theft .",3.671901931700271,0.891803113766697,0.07144403586048031,0.22282381277499302,0.1081968862333029
858,"For one thing , Ms. Shere can draw on her cookbook , published by Random House four years ago , which is teeming with recipes for such specialties as kiwi sherbet , gooseberry fool -LRB- a creamy dish made with crushed stewed berries -RRB- and hazelnut `` oeufs a la neige . ''",4.088603861563218,0.9530720619272839,0.03059365758958097,0.10068443088813143,0.0469279380727162
859,"For another , sympathetic fans have sent Ms. Shere copies of her recipes clipped from magazines over the years .",3.0269213683928555,0.7679722908140076,0.1554549498183207,0.457262351386333,0.23202770918599233
860,"Still , the restaurant 's ever-changing menu of five-course dinners -- it supposedly has n't repeated a meal since opening in 1971 -- requires constant improvisation .",3.2410574338796505,0.7401187513487526,0.16834547501646532,0.5695873238025573,0.2598812486512476
861,And that puts added pressure on Chez Panisse dessert-menu planners .,2.7158457255388377,0.7073654895876283,0.19743354116702447,0.5651414864399221,0.29263451041237154
862,"`` We make what we know how to make , '' says business manager Richard Mazzera .",3.280849265342197,0.9041152178743878,0.06611697571718025,0.17440871227614138,0.09588478212561224
863,"Many in the Bay Area 's pastry community express disbelief that Ms. Shere kept only one copy of such valuable notes , but she has received moral support from Baker 's Dozen , a group of California pastry chefs that meets regularly to discuss issues like how to keep meringues from weeping and how bovine eating habits affect butter texture .",4.091417374050456,0.9333273281023724,0.04318592819552434,0.14616448828814854,0.06667267189762772
864,Ms. Shere has offered a $ 500 reward for the book 's return but figures she 'll have to reinvent many recipes from scratch .,3.5886142724108403,0.8049259376075685,0.12569868952248184,0.43535351715572534,0.19507406239243152
865,"`` It 's an overwhelming job , '' she says .",2.6917854976760736,0.8005184472771587,0.14160035078333466,0.3373978143644372,0.19948155272284127
866,`` There are so many possible proportions when you consider how many things are made out of eggs and butter and milk .,3.540775034359324,0.8743945188231548,0.08336055191074454,0.2546609186588705,0.12560548117684528
867,"Newport Electronics Inc. named a new slate of officers , a move that follows replacement of the company 's five incumbent directors last week .",3.200874531869113,0.791109824640228,0.13868115901289482,0.4230790873100161,0.2088901753597719
868,"Milton B. Hollander , 60 years old , was named chief executive officer , succeeding Barrett B. Weekes .",3.025470708177054,0.8527765700357881,0.10242374736874967,0.261681911138025,0.14722342996421175
869,"Mr. Hollander 's Stamford , Conn.-based High Technology Holding Co. acquired most of its 49.4 % stake in Newport in August .",3.0078375989223263,0.7989592383157393,0.13687896370713779,0.3784285436042062,0.20104076168426063
870,"Mr. Hollander was named chairman last week , succeeding Mr. Weekes , who was among the ousted directors .",3.329388471904282,0.8529657174727283,0.09877097927609238,0.2875349098464325,0.14703428252727152
871,"The company has declined requests to discuss the changes , but Mr. Weekes has said that Mr. Hollander wanted to have his own team .",3.629396272756995,0.8603898287548525,0.091462217325009,0.29480025329876797,0.13961017124514746
872,"Scott Wakeman was named president and chief operating officer of U.S. operations , titles that had been held by Mr. Weekes .",3.3730618672786554,0.853075053135539,0.09833125571114802,0.29047088752559946,0.14692494686446098
873,"Mr. Wakeman was vice president of the instrument and controls division of closely held Omega Engineering Inc. , another company controlled by Mr. Hollander .",2.9608745318691128,0.7779377525274503,0.15053758388731736,0.4230790873100162,0.22206224747254966
874,A company spokesman did n't know Mr. Wakeman 's age .,2.534027543720655,0.6928185699280254,0.2109107576270682,0.5651414864399221,0.3071814300719743
875,"James R. Lees , 51 , vice president of Newport 's European operations , was named executive vice president and chief operating officer of European operations , assuming some former duties of Mr. Weekes .",3.51816025122858,0.8711658111787108,0.08560114032849758,0.2602985642866516,0.12883418882128903
876,"Arthur B. Crozier , 34 , an attorney , was named secretary , succeeding John Virtue , who was another of the ousted directors .",3.169005272583917,0.8215106296243019,0.12042739474655889,0.34466231717017376,0.17848937037569804
877,UNIFIRST Corp. declared a 2-for-1 stock split .,2.5,0.7142857142857143,0.19999999999999993,0.49999999999999983,0.28571428571428564
878,"The Wilmington , Mass. , garment service company also boosted its quarterly dividend 20 % to three cents a share adjusted for the split .",2.9619077938276286,0.7126392381600611,0.1891336788687709,0.5978619869403047,0.2873607618399387
879,The dividend had been five cents a share .,1.428305885808149,0.4188017807318523,0.4096401817090697,0.9999999999999997,0.5811982192681476
880,"The split and quarterly dividend will be payable Jan. 3 to stock of record Nov. 16 , the company said .",3.017756867809228,0.7234789471727939,0.18176589074773894,0.5776540002240854,0.2765210528272061
881,The split will raise the number of shares outstanding to about 10.2 million .,2.521640636343319,0.6562720364121506,0.23232898872175747,0.660365178416895,0.3437279635878494
882,"Separately , UniFirst reported that net income rose 21 % to $ 3 million , or 29 cents a share adjusted for the split , for the fourth quarter ended Aug. 26 .",3.4370283859086403,0.8017442455808731,0.12925994046979306,0.4252368447638616,0.19825575441912685
883,"A year earlier UniFirst earned $ 2.4 million , or 24 cents a share adjusted for the split .",2.4078213664133914,0.5852984819371135,0.27376515551854996,0.8547154803123522,0.4147015180628864
884,Sales rose to $ 52.4 million from $ 50.1 million .,2.1017650435239768,0.6250504323750146,0.26615488789344205,0.6341797669347863,0.3749495676249852
885,"Fibreboard Corp. said it completed the previously reported sale of approximately 27,500 acres of timberland near Truckee , Calif. , to closely held Sierra Pacific Industries Corp. , Arcata , Calif. , for $ 32.5 million .",3.441109644455585,0.8424776941459798,0.10427774000723654,0.32187043673867505,0.15752230585402002
886,"The lumber , insulation and fireproofing concern said the transaction , which includes a swap of other timber interests , would result in a $ 13.5 million after-tax gain , to be recorded in the fourth quarter .",3.945038697540244,0.9400434958786084,0.03935625734066559,0.12580839608227312,0.059956504121391675
887,Healthcare International Inc. said it reached a 120-day standstill agreement with its HealthVest affiliate calling for Healthcare to pay HealthVest $ 5 million right away and additional amounts in the future .,4.0503012648261505,0.8945963387898876,0.06764203122958902,0.2386085007312414,0.10540366121011246
888,"Under the agreement , Healthcare , a manager of health-care facilities , said it would pay HealthVest $ 3.9 million in overdue rent and mortgage payments and repay $ 1.1 million in funds that HealthVest advanced for construction work on facilities .",3.645360895154705,0.8698306027068129,0.08548176035577344,0.27276255236468266,0.13016939729318713
889,"In return , HealthVest agreed that it wo n't exercise its rights and remedies against Healthcare during the 120-day period .",2.596101964367638,0.5897077981129137,0.2653138593858528,0.9046058086321785,0.41029220188708615
890,"After the payment , Healthcare still will be $ 6.5 million in arrears on rent and mortgage payments to HealthVest , a real estate investment trust whose portfolio consists largely of properties operated by Healthcare .",3.7125807390336965,0.8728433936526541,0.08312021679291995,0.27042604148637756,0.12715660634734596
891,"Healthcare has given HealthVest a 12 % note for that overdue amount , to be repaid over three years .",3.6596724699955354,0.8347443227538505,0.10704372306225235,0.36225562489182667,0.16525567724614956
892,"In addition , Healthcare agreed to make monthly rent and mortgage payments of $ 2.7 million to $ 3 million to HealthVest during the standstill period , to be paid when Healthcare successfully completes asset sales .",3.3727450473703318,0.756498778790183,0.15693140651675916,0.5430944374986834,0.24350122120981693
893,"Because Healthcare actually owes HealthVest $ 4.2 million in rent and mortgage payments each month , the amount due above the amount paid will be added to the three-year note .",3.9530754014188485,0.8919163313587406,0.0697725014574088,0.23969955826483977,0.10808366864125943
894,"The funds should help ease a cash bind at HealthVest , which has been unable to pay its debts because Healthcare has n't made complete rent and mortgage payments since July .",3.929729685141035,0.9031973191247354,0.06284558078879525,0.21058984597374886,0.09680268087526467
895,A spokesman said HealthVest has paid two of the three banks it owed interest to in October and is in negotiations with the third bank .,3.37139523498941,0.8098530274291278,0.12513176542261098,0.3957882329020506,0.1901469725708722
896,"Healthcare , which has been in a severe liquidity bind , said it is able to make the payments because it completed a transaction with Greenery Rehabilitation Group Inc. in which Greenery purchased stock and warrants for $ 500,000 and loaned Healthcare $ 9 million .",4.1769936171650555,0.9193099653664714,0.05173027765403098,0.18331236053702465,0.0806900346335287
897,The loan is backed by Healthcare 's 5.4 % stake in HealthVest and interest in certain facilities .,2.710777084415067,0.6231372024382825,0.24467606803705866,0.8197159723424151,0.37686279756171737
898,I was pleased to note that your Oct. 23 Centennial Journal item recognized the money-fund concept as one of the significant events of the past century .,3.000678730336202,0.7187187536345472,0.18487870947289775,0.587761792925104,0.2812812463654528
899,"Actually , about two years ago , the Journal listed the creation of the money fund as one of the 10 most significant events in the world of finance in the 20th century .",3.601509460754645,0.930850291989158,0.04662581630073539,0.1337719554651916,0.06914970801084194
900,"But the Reserve Fund , America 's first money fund , was not named , nor were the creators of the money-fund concept , Harry Brown and myself .",3.6284646297213015,0.8659259027270677,0.08802633786501293,0.28114462707584836,0.13407409727293246
901,"We innovated telephone redemptions , daily dividends , total elimination of share certificates and the constant $ 1 pershare pricing , all of which were painfully thought out and not the result of some inadvertence on the part of the SEC .",3.875641146834228,0.9112577210150276,0.05801092141158435,0.18871347806792943,0.08874227898497244
902,President,-0.0,0.0,1.0,1.0,1.0
903,The Reserve Fund,1.3333333333333335,0.7259824578787192,0.2740175421212811,0.2740175421212811,0.2740175421212811
904,"The crowning moment in the career of Joseph F. O'Kicki came as 300 local and state dignitaries packed into his elegant , marble-columned courtroom here last year for his swearing in as President Judge of Cambria County .",3.7445988125471508,0.8838246052425709,0.07603365622933088,0.2461066611380826,0.11617539475742923
905,Baskets of roses and potted palms adorned his bench .,2.170950594454669,0.6164096869570246,0.26784615770201675,0.6754887502163469,0.38359031304297564
906,The local American Legion color guard led the way .,2.797416845103709,0.8116831794614799,0.1326463500885577,0.32451124978365314,0.1883168205385201
907,"As the judge marched down the center aisle in his flowing black robe , he was heralded by a trumpet fanfare .",3.5669101630282194,0.8893707826769273,0.07368789465680127,0.2218447509652843,0.1106292173230728
908,"To many , it was a ceremony more befitting a king than a rural judge seated in the isolated foothills of the southern Allegheny Mountains .",3.5731303310600464,0.9020239605985412,0.06553111511654269,0.1940531368314148,0.09797603940145885
909,"But then Judge O'Kicki often behaved like a man who would be king -- and , some say , an arrogant and abusive one .",3.6254016539526,0.8388405811024461,0.1048002590021836,0.34866155294832135,0.16115941889755392
910,"While his case may be extreme , it reflects the vulnerability of many small communities to domineering judges .",2.749412155659342,0.6903265337229348,0.20660863391093087,0.617914456214809,0.3096734662770651
911,"Last March , nine months after the judge 's swearing-in , the state attorney general 's office indicted him on a sweeping array of charges alleging more than 10 years of `` official oppression '' in Cambria County , a depressed steel and mining community in western Pennsylvania .",3.5619527225550702,0.880905828210269,0.07910453495669906,0.2408516838186427,0.11909417178973099
912,"The allegations , ranging from theft and bribery to coercion and lewdness , paint a disquieting picture .",2.3391128657543554,0.6498138669259356,0.24244520651773266,0.6302765537748004,0.3501861330740643
913,"According to testimony in a public , 80-page grand-jury report handed up to the state attorney general , Judge O'Kicki extorted cash from lawyers , muscled favorable loans from banks and bullied local businesses for more than a decade .",3.5762628915064503,0.9488915181646788,0.03478331401556197,0.0963109921049845,0.05110848183532108
914,"Prosecutors , in an indictment based on the grand jury 's report , maintain that at various times since 1975 , he owned a secret and illegal interest in a beer distributorship ; plotted hidden ownership interests in real estate that presented an alleged conflict of interest ; set up a dummy corporation to buy a car and obtain insurance for his former girlfriend -LRB- now his second wife -RRB- ; and maintained 54 accounts in six banks in Cambria County .",4.050663999974422,0.956148955684491,0.02870011036105243,0.09288607466132551,0.0438510443155092
915,"In testimony recorded in the grand jury report , court employees said the judge , now 59 years old , harassed his secretaries , made imperial demands on his staff and hounded anyone who crossed him .",3.599683369472517,0.9105511307996791,0.05985762950434837,0.1769024091103854,0.0894488692003208
916,"Bailiffs claimed they were required to chauffeur him to and from work , mow his lawn , chop his wood , fix his car and even drop by his house to feed his two grown mutts , Dixie and Husky .",3.3441993962021836,0.7961470916983898,0.13375576506964892,0.4283237827717572,0.20385290830161074
917,One former bailiff charged that the judge double-crossed him by reneging on a promise of a better paying job after pocketing a $ 500 bribe .,3.5794686786131438,0.8472353945911433,0.1000676119896971,0.3227061355985842,0.15276460540885678
918,Some of the allegations are simply bizarre .,1.75,0.4666666666666667,0.36363636363636354,1.0,0.5333333333333332
919,"Two former secretaries told the grand jury they were summoned to the judge 's chambers on separate occasions to take dictation , only to find the judge in his bikini underwear .",3.5855040971406646,0.8662525979091713,0.0881771800648295,0.2767967792166253,0.1337474020908286
920,One secretary testified that the judge once called her to his office while wearing nothing at all .,2.5724312513221195,0.6360932283234606,0.24172565453700262,0.7358395832131409,0.3639067716765393
921,"The judge , suspended from his bench pending his trial , which began this week , vehemently denies all the allegations against him , calling them `` ludicrous '' and `` imaginative , political demagoguery . ''",3.490011574581438,0.9028391941970271,0.06552133754067425,0.18789122584814,0.09716080580297266
922,"He blames the indictment on local political feuding , unhappiness with his aggressive efforts to clear the courthouse 's docket and a vendetta by state investigators and prosecutors angered by some of his rulings against them .",3.33120528530031,0.8520473527582021,0.09938281581270181,0.2893738848091996,0.14795264724179774
923,"`` I do n't know whose toes I 've stepped on , '' says the judge .",2.7658558828619926,0.7241058467611089,0.18670458489089753,0.5282335498720808,0.2758941532388911
924,"`` I 'll find out , eventually , who pushed the state police buttons into action . ''",2.869374471763587,0.7657449803216116,0.15976325110533013,0.4388963627716739,0.23425501967838844
925,"Even if only some of the allegations stand up , however , they provide ample testimony to the awesome power of judges in rural communities .",2.5843031793467124,0.6462460451624538,0.23585668710895366,0.707321520213969,0.3537539548375463
926,"That power can sometimes be abused , particularly since jurists in smaller jurisdictions operate without many of the restraints that serve as corrective measures in urban areas .",3.4398372772199863,0.8457857484791137,0.1022477628494931,0.31359710896879883,0.15421425152088625
927,Lawyers and their clients who frequently bring business to a country courthouse can expect to appear before the same judge year after year .,3.147869792568112,0.7826520594801137,0.14463425647206268,0.43709270815304413,0.21734794051988618
928,"Fear of alienating that judge is pervasive , says Maurice Geiger , founder and director of the Rural Justice Center in Montpelier , Vt. , a public interest group that researches rural justice issues .",3.6016582084057993,0.9021325157485752,0.06527366445517371,0.19547734681031492,0.09786748425142457
929,"As a result , says Mr. Geiger , lawyers think twice before appealing a judge 's ruling , are reluctant to mount , or even support , challenges against him for re-election and are usually loath to file complaints that might impugn a judge 's integrity .",3.8481222139945825,0.8954787312954466,0.06810351231057982,0.2246519075849894,0.10452126870455335
930,"Judge O'Kicki , a stern and forbidding-looking man , has been a fixture in the local legal community for more than two decades .",3.683484499746168,0.9005634470078419,0.06580729289722385,0.20335768838484392,0.09943655299215819
931,"The son of an immigrant stonemason of Slovenian descent , he was raised in a small borough outside Ebensburg , the Cambria County seat , and put himself through the University of Pittsburgh Law School .",3.735682555310617,0.9149738673971521,0.0563033399498167,0.17357361320796943,0.08502613260284796
932,"He graduated near the top of his class , serving on the school law review with Richard Thornburgh , who went on to become governor of Pennsylvania and , now , U.S. Attorney General .",3.362593295855543,0.8310881984656385,0.11216092278180134,0.34191099936380553,0.16891180153436117
933,It was also in law school that Mr. O'Kicki and his first wife had the first of seven daughters .,3.0841837197791886,0.7198999673006905,0.18269379888416865,0.6000000000000002,0.28010003269930944
934,He divorced his first wife three years ago and married the daughter of his court clerk .,2.9049457638384806,0.725384289227466,0.1828535774081102,0.5512533658281513,0.27461571077253416
935,"Last year , Pennsylvania Supreme Court Justice John P. Flaherty called Mr. O'Kicki one of the finest judges `` not only in Pennsylvania but in the United States . ''",3.11440934524794,0.8236833471303081,0.11985768526472353,0.3333333333333335,0.17631665286969195
936,"Clearly , the judge has had his share of accomplishments .",2.2149570887818437,0.5769047154587172,0.28545232126020553,0.817089883467393,0.42309528454128253
937,"After practicing law locally , he was elected to his first 10-year term as judge in 1971 ; in 1981 , he was effectively re-elected .",3.3637132757501904,0.7954444231341677,0.13395527279620253,0.4325043268398666,0.2045555768658323
938,"Six years ago , Judge O'Kicki was voted president of the Pennsylvania Conference of State Trial Judges by the state 's 400 judges .",3.0594134152175236,0.7677907286989047,0.15500460960170462,0.46264179365667657,0.2322092713010952
939,He has been considered several times for appointments to federal district and appellate court vacancies in Pennsylvania .,3.2593494722443577,0.8388466199298573,0.10850125290696556,0.31308177907776236,0.1611533800701428
940,"And when he ran unsuccessfully for a state appellate court seat in 1983 , the Pennsylvania Bar Association rated him `` one of the best available , '' after interviewing local lawyers .",4.20019041757635,0.9409528336412105,0.038039865085074905,0.13187364314737987,0.059047166358789385
941,"`` He probably was the smartest guy who ever sat on our bench , '' says a former president of Cambria County 's 150-member bar association , who , like most lawyers in Cambria County , refuses to talk about the judge publicly .",3.71996797844908,0.8791276358601028,0.07913878814993099,0.2557315375713007,0.12087236413989681
942,`` He 's sharp as a tack .,2.25,0.6,0.2727272727272726,0.7499999999999998,0.3999999999999998
943,He could grasp an issue with the blink of an eye . '',3.128541112542855,0.8555047074824481,0.09927990800611798,0.265339975665747,0.14449529251755194
944,"For more than a decade , virtually no one complained about Judge O'Kicki .",2.1820058147602146,0.5600211889931437,0.29594495186235964,0.8571428571428572,0.43997881100685654
945,"`` What about those institutions that are supposed to be the bedrock of society , the banks and the bar association ... ? '' wrote a columnist for the Tribune-Democrat , a newspaper in nearby Johnstown , shortly after the scandal became public .",3.619252370666205,0.857616570854396,0.09330005852218583,0.30043820338349125,0.1423834291456039
946,"`` If only a banker or a lawyer had spoken out years ago , the judicial process would n't be under the taint it is today . ''",3.637537511266051,0.8463517612899677,0.10011896052645228,0.3301825892084476,0.15364823871003236
947,"Officials with the Pennsylvania Judicial Inquiry and Review Board , the arm of the state that investigates judicial misconduct , counter that they had no inkling of anything amiss in Ebensburg .",3.7448500926131087,0.9036260589455823,0.06351240835050585,0.1996987351738497,0.09637394105441778
948,"`` Nobody told us ; nobody called us , '' says an official close to the case who asked not to be named .",2.5383201891060008,0.6398442418464784,0.2407696113989514,0.7143852928219442,0.36015575815352185
949,`` Nobody had the guts to complain . '',2.0405031085111425,0.5983076481896766,0.28312083989852393,0.6911451867766207,0.4016923518103234
950,Certainly not the lawyers .,1.3509775004326932,0.4102724782438432,0.4181656600790515,1.0,0.5897275217561565
951,"Johnstown attorney Richard J. Green Jr. shelled out $ 500 in loans to the judge over five years , he said in testimony to the grand jury .",3.5966358317043854,0.8993456738555878,0.06710752919437042,0.20126685797856136,0.10065432614441218
952,"`` The judge never made a pretense of repaying the money , '' said Mr. Green .",2.6038036768523765,0.711882295429907,0.19807842476608759,0.5282335498720809,0.28811770457009295
953,"Eventually , Mr. Green testified , he began ducking out of his office rather than face the judge when he visited .",3.2821527763695646,0.8496175106981161,0.10145347361352708,0.2904708875255996,0.15038248930188394
954,"When Mr. Green won a $ 240,000 verdict in a land condemnation case against the state in June 1983 , he says Judge O'Kicki unexpectedly awarded him an additional $ 100,000 .",3.357651357439259,0.7756851163564047,0.1458522504236682,0.48548770479030773,0.2243148836435954
955,"Mr. Green thought little of it , he told the grand jury , until the judge walked up to him after the courtroom had cleared and suggested a kickback .",3.3362434129830607,0.7577359865701538,0.1567286001833558,0.5333333333333334,0.2422640134298463
956,`` Do n't you think I ought to get a commission ... or part of your fee in this case ? '' Mr. Green said the judge asked him .,3.9713928767328293,0.9513643765652179,0.031978368491163936,0.10151271858722635,0.04863562343478214
957,"Appalled , Mr. Green never paid the money , he testified .",2.981203125901445,0.7732562083598599,0.15307643835228216,0.4370927081530443,0.22674379164014014
958,"But he did n't complain to the state 's Judicial Inquiry and Review Board , either , saying later that he feared retribution .",4.064536459234779,0.9156997381683227,0.05440763019650056,0.18709270815304427,0.08430026183167724
959,Mr. O'Kicki said he will respond to Mr. Green 's allegation at his trial .,3.443432296960215,0.8974246370091483,0.06928736497722313,0.1974250441794059,0.10257536299085174
960,"Like most of Cambria County 's lawyers and residents who had dealings with the judge , Mr. Green declined to be interviewed for this article .",3.0221523326257183,0.7153224832906608,0.1864764367899129,0.6013643085922968,0.28467751670933916
961,And no one with a complaint about the judge would allow his name to be printed .,3.3984963241657264,0.8535211066966218,0.09772027841585203,0.2923503248081212,0.1464788933033782
962,"`` I do n't have anything much to say , and I think that 's what you 're going to find from everyone else you talk to up here , '' says local attorney Edward F. Peduzzi .",3.6454576979282938,0.8792769335714609,0.07954845856426754,0.25025723695597185,0.12072306642853915
963,Says another lawyer : `` The practice of law is a matter of biting one 's lip when you live in a small community .,3.374815153692984,0.8369838074917273,0.10834843899462168,0.3290298890720993,0.1630161925082726
964,One had best not dance on top of a coffin until the lid is sealed tightly shut . '',3.3551897874660233,0.837003785807733,0.108514638077033,0.32734541683951257,0.1629962141922668
965,"The judge was considered imperious , abrasive and ambitious , those who practiced before him say .",2.9434764716063384,0.7421461289510444,0.17224772537713504,0.5126261884759639,0.25785387104895574
966,"He sipped tea sweetened with honey from his high-backed leather chair at his bench , while scribbling notes ordering spectators to stop whispering or to take off their hats in his courtroom .",3.393521080357732,0.8930678907486748,0.07254495413674117,0.20329749514320475,0.10693210925132515
967,"Four years ago , he jailed all nine members of the Cambria County School Board for several hours after they defied his order to extend the school year by several weeks to make up for time lost during a teachers ' strike .",4.038728090868791,0.9414583869158293,0.038163550991291026,0.12561677943245805,0.058541613084170656
968,"Visitors in his chambers say he could cite precisely the years , months , weeks and days remaining until mandatory retirement would force aside the presiding president judge , giving Judge O'Kicki the seniority required to take over as the county 's top court administrator .",3.964696277963733,0.9341921743016249,0.04304697051753673,0.13964366689449148,0.06580782569837505
969,"The judge , they say , was fiercely proud of his abilities and accomplishments .",2.6434322969602144,0.6603577606814149,0.22612944212718106,0.6819871977516049,0.339642239318585
970,"`` My name is judge , '' Judge O'Kicki told a car salesman in Ebensburg when he bought a new red Pontiac Sunbird in October 1984 , according to the grand-jury report .",3.6051761138369636,0.8719040894079167,0.0844611765540051,0.2650030385611795,0.12809591059208317
971,The dealership dutifully recorded the sale under the name `` Judge O'Kicki . '',3.111973672521205,0.853626119014792,0.1008506558840935,0.26680982096497097,0.14637388098520798
972,"Yet , despite the judge 's imperial bearing , no one ever had reason to suspect possible wrongdoing , says John Bognato , president of Cambria County 's 150-member bar association .",3.5039280318460246,0.8751226305709913,0.08322436401592678,0.25000000000000006,0.1248773694290088
973,"`` The arrogance of a judge , his demeanor , the way he handles people are not a basis for filing a complaint , '' says Mr. Bognato .",3.4633929937439216,0.9041525956646731,0.06483498930436121,0.18373129687587997,0.09584740433532703
974,"`` Until this came up and hit the press , there was never any indication that he was doing anything wrong . ''",3.111457513449444,0.7532165762502651,0.16273183537988484,0.5104142528048284,0.24678342374973491
975,"State investigators dispute that view now , particularly in light of the judge 's various business dealings in Cambria County .",2.960458366958269,0.7694457630422632,0.1556709940327926,0.44425803111873063,0.23055423695773664
976,"The judge came under scrutiny in late 1987 , after the state attorney general 's office launched an unrelated investigation into corruption in Cambria County .",3.3056450063529996,0.8307523707114071,0.11302966693136632,0.3367264423909028,0.16924762928859297
977,The inquiry soon focused on the judge .,2.5,0.7142857142857143,0.19999999999999993,0.49999999999999983,0.28571428571428564
978,"Even his routine business transactions caused trouble , according to the grand jury report .",3.1834233283008735,0.853531930141913,0.09994510528435958,0.27402059273618834,0.1464680698580871
979,"When the judge bought his new Sunbird from James E. Black Pontiac-Cadillac in Ebensburg five years ago , the dealership had `` certain apprehensions '' about the judge 's reputation , according to the grand-jury report .",3.743272235060784,0.8909709095773425,0.07153143182042497,0.22915493083918095,0.10902909042265745
980,"The dealership took the extra step of having all the paper work for the transaction pre-approved by Ebensburg 's local lender , Laurel Bank .",3.5690052725839174,0.9064061862323815,0.06270294129973267,0.18447738943699463,0.09359381376761848
981,"Then , as an additional precaution , the car dealership took the judge 's photograph as he stood next to his new car with sales papers in hand -- proof that he had received the loan documents .",3.8199100790622595,0.9417372333124127,0.03866316264372666,0.11816381567560688,0.058262766687587376
982,"But when the judge received his payment book , he disavowed the deal .",2.807354922057604,0.7660954082144722,0.16084510631494334,0.4285714285714286,0.23390459178552786
983,"`` There was no loan , there is no loan , there never shall be a loan , '' the judge wrote the bank on his judicial stationery , according to the report .",3.4516770874345295,0.8989337833862951,0.06832804999351175,0.19403428297304914,0.1010662166137049
984,"Later , the judge went a step farther .",3.067737830492979,0.9375405453324401,0.04479857657095299,0.10310729427367454,0.06245945466755991
985,"After Laurel Bank tried to repossess the car , a vice president asked him to intervene in an unrelated legal dispute involving a trust account .",3.5504345439145486,0.878385443609229,0.08079651717539543,0.24578305867550732,0.12161455639077105
986,The judge wrote again .,1.3509775004326934,0.4102724782438433,0.4181656600790515,1.0,0.5897275217561565
987,"`` I find myself in an adversary relationship with Laurel Bank , and I am not inclined to extend myself as far as any favors are concerned , '' the judge wrote back in a letter attached to the grand jury 's report .",3.844032266391903,0.8615189049722934,0.08924114212826371,0.3089460918962109,0.1384810950277062
988,"`` Perhaps if my personal matters can be resolved with Laurel bank in the near future , I may be inclined to reconsider your request ... . ''",3.3459376171096045,0.7711658172069493,0.1486859729310285,0.49643337606750404,0.22883418279305062
989,The judge now says it was `` unfortunate '' that he chose to write the letter but says `` there was certainly no intent to extort there . '',2.9875216468549475,0.7399550073226752,0.17278034556473773,0.5254083695791641,0.26004499267732484
990,The bank acquiesced .,1.0,0.3333333333333333,0.49999999999999994,0.9999999999999999,0.6666666666666666
991,"It refinanced the judge 's loan , lowered its interest rate and accepted a trade-in that had n't originally been part of the deal -- a beat up 1981 Chevy Citation the dealer had to repair before it could be resold .",4.125572934258043,0.9268394324733283,0.047179494177084454,0.1628271557445197,0.0731605675266715
992,The incident was n't the only time the judge got special treatment from his local bank .,3.1846450286716252,0.8549383152384042,0.09905688218971326,0.27085381612149273,0.14506168476159578
993,"Two years later , he wrote to complain that the interest he was paying on an unsecured $ 10,000 loan was `` absolutely onerous . ''",3.53641423712223,0.7828152107869932,0.1394639112873075,0.49057259623705646,0.21718478921300677
994,"Paul L. Kane , Laurel 's president at the time , quickly responded .",2.8962915290459286,0.7716377139036139,0.15564976987326842,0.42857142857142844,0.22836228609638615
995,"The bank , he wrote back , was `` immediately '' lowering the rate by 3.5 % , `` as a concession to you . ''",2.8629613523404247,0.7161068597183535,0.1892944052831978,0.5674956731601335,0.2838931402816465
996,"The judge says he ca n't discuss in detail how he will defend himself at his trial , although he contends that if he were as corrupt as state prosecutors believe , he would be far wealthier than he is .",3.5999956428409123,0.8623595802129139,0.09048644958154645,0.2874193465223976,0.13764041978708633
997,His seven-bedroom cedar and brick house outside of Johnstown is up for sale to pay for his lawyers .,3.0704577067177556,0.766978651084315,0.15520138129767316,0.46736333059610197,0.23302134891568485
998,The judge says he is confident he will return to his old bench .,2.521640636343319,0.6562720364121506,0.23232898872175745,0.660365178416895,0.3437279635878494
999,"Already , he notes , the 76 charges originally filed against him have been trimmed to 27 .",3.3649125016826975,0.8235125963853578,0.11683809965809941,0.3605680553151702,0.1764874036146423
1000,Most of the allegations no longer pending were ethics charges withdrawn by state prosecutors as part of a pre-trial agreement .,3.164767607694141,0.888528851426064,0.07744246693995933,0.19884469131989507,0.11147114857393595
1001,The heart of the case -- `` official oppression '' -- remains intact .,3.0112658486485575,0.8981491724867634,0.0725705120798832,0.17073996611165626,0.1018508275132366
1002,"`` If I lose , I lose my position , my career , my pension , my home and my investments , '' says the judge .",3.113572268124182,0.9193710103938535,0.05718256725370387,0.13666566331884944,0.08062898960614663
1003,`` My God and I know I am correct and innocent .,2.3145364592347786,0.6571550762188658,0.23939181533191672,0.6037593748197111,0.34284492378113435
1004,"Many thanks for Alexander Cockburn 's comic masterpiece -LRB- `` U.S. . Economy : A House Built on Junk-Bond Sand , '' Viewpoint , Oct. 19 -RRB- .",3.1156382951200814,0.8517233384864715,0.10203043262081175,0.271201001551189,0.1482766615135284
1005,The use of the abominable construction practices in the Soviet Union -- as evidenced by the collapse of sand apartment blocks during the Armenian earthquake -- as a metaphor for the U.S. economic system was a sublime example of Mr. Cockburn 's satirical muse .,3.6354280897197357,0.9560003773272286,0.02984539091081241,0.08368954301843605,0.04399962267277129
1006,I await his sequel : the economic and social resiliency of the San Francisco Bay area and the outstanding work of the local governments and the private charitable organizations there as metaphors for the supremacy of whatever failed system Mr. Cockburn now believes in .,3.592843377718243,0.8585692898887045,0.09290977021802975,0.29602705640302424,0.14143071011129535
1007,It should be a scream .,1.5849625007211563,0.44211410869774037,0.3868528072345413,0.9999999999999993,0.5578858913022592
1008,William S. Smith,0.9182958340544896,1.0,1.0,0.0,0.0
1009,"As a money manager and a grass-roots environmentalist , I was very disappointed to read in the premiere issue of Garbage that The Wall Street Journal uses 220,000 metric tons of newsprint each year , but that only 1.4 % of it comes from recycled paper .",3.8831131582132214,0.8505820687172467,0.09565501163927573,0.34117594216592956,0.1494179312827532
1010,"By contrast , the Los Angeles Times , for example , uses 83 % recycled paper .",2.648208824038463,0.6725897428507985,0.21925131225965713,0.6461751624040607,0.3274102571492015
1011,"With newspapers being the largest single component of solid waste in our landfills , and with our country overflowing with trash , all sectors of our society and all types of businesses must become more responsible in our use and disposal of precious natural resources .",3.7934561270162135,0.9291877965191998,0.04689207786533538,0.14454719926802742,0.07081220348080017
1012,The Wall Street Journal is an excellent publication that I enjoy reading -LRB- and must read -RRB- daily .,3.144663471676549,0.7453402058574947,0.1667808480843561,0.5382934422286485,0.25465979414250517
1013,"Please make me and thousands of other readers more comfortable with our daily purchase of your newspaper by raising your environmental standards to your overall impeccable quality levels , and increase your use of recycled paper .",3.307894726277373,0.8593137735346629,0.09501200591253607,0.27092583267115566,0.14068622646533702
1014,Virginia M.W. Gardiner,0.9182958340544896,1.0,1.0,0.0,0.0
1015,"FIRST AMERICAN FINANCIAL Corp. declared a special dividend of one share of Class B common stock for each share of Class A common stock , payable to holders of record on Nov. 10 if the Securities and Exchange Commission approves this as the effective date of the registration statement .",3.7817914304029903,0.9540083049665313,0.030753949371636023,0.0911580104920475,0.045991695033468526
1016,"Shareholders of the Santa Ana , Calif. , title-insurance company approved the creation of this second class of stock , which will be traded on the national over-the-counter market and which the company said would be used for acquisitions and other general corporate purposes .",3.7882689910214595,0.9069479991591093,0.061164043517775865,0.19440565214233618,0.09305200084089056
1017,"The following were among yesterday 's offerings and pricings in the U.S. and non-U.S. capital markets , with terms and syndicate manager , as compiled by Dow Jones Capital Markets Report :",3.1556390622295662,0.7829128367758165,0.14435899195404092,0.43750000000000006,0.21708716322418356
1018,Continental Cablevision Inc. --,1.1887218755408673,0.6562889815145492,0.3836885465963443,0.31127812445913283,0.34371101848545077
1019,"$ 350 million of senior subordinated debentures , due Nov. 1 , 2004 , was priced at par to yield 12 7/8 % .",2.9812031259014455,0.7412138747682441,0.17220930973006635,0.5204260414863775,0.2587861252317559
1020,"Rated single-B-1 by Moody 's Investors Service Inc. and single-B by Standard & Poor 's Corp. , the issue , which is non-callable for five years , will be sold through underwriters led by Morgan Stanley & Co .",3.678355287661685,0.8566398100313193,0.09342788012928258,0.30793569447277813,0.14336018996868075
1021,Beatrice Co. --,1.3333333333333335,0.7259824578787192,0.2740175421212811,0.2740175421212811,0.2740175421212811
1022,"$ 251 million of notes , due Nov. 1 , 1997 , was priced in a two-part offering through underwriters at Salomon Brothers Inc .",3.353642153173751,0.8194592673133303,0.11941582264862187,0.3698590251862449,0.1805407326866695
1023,The size of the issue was scaled back from an originally planned $ 350 million .,3.4693609377704333,0.8607471133501446,0.09260062200317157,0.28063906222956636,0.1392528866498553
1024,"The first part , consisting of $ 151 million of 13 3/4 % senior subordinated reset notes , was priced at 99.75 .",3.355354925381479,0.8398325025330561,0.10677189141065967,0.3203929710267065,0.16016749746694386
1025,The rate on the notes will be reset annually to give the issue a market value of 101 .,3.175720864612493,0.8146942087355886,0.12453773125984922,0.36188931790153395,0.18530579126441118
1026,"However , the maximum coupon at which the notes can be reset is 16 1/4 % .",3.7226007361849582,0.8827539772480633,0.07678610795283308,0.24783400016542215,0.11724602275193671
1027,The minimum coupon is 13 3/4 % .,2.25,0.6,0.2727272727272726,0.7499999999999998,0.3999999999999998
1028,"The second part , consisting of $ 100 million of senior subordinated floating-rate notes , was priced at 99 3/4 to float 4.25 % above the three-month London interbank offered rate .",3.9087598581705,0.9239829170544488,0.04977466125855392,0.1607889696164582,0.07601708294555133
1029,The initial coupon on the floating-rate notes will be 12.9375 % .,2.084962500721156,0.5103994223577519,0.3241530487862446,1.0,0.489600577642248
1030,The issue is rated single-B-3 by Moody 's and single-B-plus by S&P .,3.1662507275946288,0.7477044495303459,0.164929075703527,0.5364811318879886,0.2522955504696542
1031,New Jersey Wastewater Treatment Trust --,1.2682734124061352,0.7686401080169226,0.2936429548646673,0.19087450462110944,0.2313598919830773
1032,"$ 75.1 million , two-part offering of bonds apparently was won by a Merrill Lynch Capital Markets group .",3.3154588662995237,0.7784907126835128,0.14465193185002911,0.4726299365271608,0.22150928731648703
1033,"The group 's bid for $ 40.9 million of wastewater treatment insured bonds , Series 1989 A , produced a 7.0826 % true interest cost .",3.2098671219040353,0.8066821198481771,0.1291046480076813,0.38461538461538464,0.19331788015182283
1034,The Series 1989 A bonds are insured and rated triple-A by Moody 's and S&P .,3.172180468885217,0.7329742948103267,0.17363307286114163,0.5778195311147831,0.2670257051896734
1035,"The group 's bid for $ 34.2 million of wastewater treatment bonds , Series 1989 B , produced a 7.0808 % true interest cost .",2.934033153346829,0.7460975227920854,0.1701752823436926,0.49981355292424046,0.2539024772079145
1036,The Series 1989 B bonds are uninsured and rated double-A by Moody 's and S&P .,3.297180468885217,0.7845163096999912,0.1413815317147056,0.4528195311147832,0.21548369030000888
1037,"Both the Series 1989 A and Series 1989 B bonds were priced to yield from 6 % in 1991 to 7.15 % in 2008-2009 , according to a Merrill Lynch official .",3.686692764094909,0.8738420694581782,0.08267511861694979,0.2661267670198742,0.1261579305418218
1038,"Matagorda County Navigation District No. 1 , Texas --",1.5666517189010971,0.7071417629766221,0.26495496969033344,0.32733047070525584,0.292858237023378
1039,"$ 70.3 million of pollution control revenue bonds -LRB- Houston Lighting & Power Co . Project -RRB- , due Oct. 1 , 2019 , were tentatively priced by a Goldman , Sachs & Co. group at 98 1/4 to yield 7.649 % with a coupon of 7 1/2 % .",3.953589938135178,0.9252601728203541,0.04878772320303942,0.1596797513799297,0.07473982717964583
1040,Interest on the bonds will be treated as a preference item in calculating the federal alternative minimum tax that may be imposed on certain investors .,3.5912573896307136,0.9195620046571763,0.054061841556996566,0.1570712707348604,0.08043799534282373
1041,The bonds are insured and rated triple-A by Moody 's and S&P .,2.858558419902321,0.6750434610802696,0.2124285644676665,0.6909874212586592,0.3249565389197305
1042,Federal Home Loan Mortgage Corp. --,1.2682734124061352,0.7686401080169226,0.2936429548646673,0.19087450462110944,0.2313598919830773
1043,$ 500 million of Remic mortgage securities is being offered in 11 classes by a Morgan Stanley group .,3.4743825509655175,0.8754149236907618,0.08321860884936716,0.2477244028533522,0.12458507630923801
1044,"The offering , Series 109 , is backed by Freddie Mac 10 % securities .",3.0107506305820104,0.7521178229786976,0.1650367707961083,0.4977368881399756,0.24788217702130244
1045,Complete details were n't immediately available .,2.1078410717376386,0.6010607207034366,0.27740425825876003,0.7100019018292099,0.3989392792965634
1046,Lomas Mortgage Funding Corp. II --,1.2682734124061352,0.7686401080169226,0.2936429548646673,0.19087450462110944,0.2313598919830773
1047,$ 100 million issue of collateralized mortgage obligations is being offered in four classes by a Morgan Stanley group .,3.502410118609202,0.8613986429625348,0.09190395418901424,0.28177360116998595,0.1386013570374651
1048,The securities yield from 9.35 % to 10.48 % for a 30-year issue with an average life of 21.18 years .,2.994412820396224,0.7852001940993993,0.14548745272875466,0.4102479260137054,0.21479980590060066
1049,The 10.48 % yield represents a spread to the 20-year Treasury of 2.45 percentage points .,3.047180468885217,0.7708878295351481,0.15335157680423142,0.4528195311147832,0.229112170464852
1050,The collateral consists of collateralized whole loans with a weighted average coupon rate of 11.08 % and weighted average remaining term to maturity of 28 years .,2.8581427513745616,0.7555600897138957,0.16608045443279568,0.4627933110570101,0.24443991028610443
1051,"The issue is rated triple-A by S&P , Moody 's and Fitch Investors Service Inc .",2.5943609377704333,0.6642602904246407,0.22564367018334303,0.6556390622295662,0.33573970957535915
1052,"The issue is 6 % to 7 % overcollateralized , and 75 % of the loans are covered by a General Electric pool policy covering losses of as much as 10 % of the original principal balance of the loans .",4.063319968284232,0.9413564175157213,0.038158166258388,0.12662045048494647,0.05864358248427908
1053,J.C. Penney Co. --,1.1887218755408673,0.6562889815145492,0.3836885465963443,0.31127812445913283,0.34371101848545077
1054,"$ 350 million of JCP Master Credit Card Trust asset-backed certificates , Series B , with a final stated maturity of Oct. 15 , 2001 , was priced at 99.1875 to yield 9.192 % with a coupon of 8.95 % .",3.901565469607419,0.932157047303665,0.04456410649021416,0.14204010325537267,0.06784295269633533
1055,"The certificates , which have an average life of 10.05 years , were priced at 1.31 percentage points over the benchmark Treasury 10-year note .",3.1650106537795235,0.7753730760716864,0.14870045534230103,0.45898441681009455,0.22462692392831354
1056,"Rated triple-A by Moody 's and S&P , the issue will be sold through First Boston Corp .",3.0643619720039714,0.7509769816212096,0.16493075533168236,0.5080692793181478,0.24902301837879043
1057,The issue is backed by a 12 % letter of credit from Credit Suisse .,3.277417297248678,0.8187340185403832,0.12068456310479929,0.36397439550320976,0.18126598145961687
1058,Keio Teito Electric Railway Co . -LRB- Japan -RRB- --,1.9709505944546686,1.0,0.0,0.0,0.0
1059,"$ 300 million of bonds due Nov. 16 , 1993 , with equity-purchase warrants , indicating a 3 3/4 % coupon at par via Nomura International Ltd .",3.378783493486176,0.8478268691660006,0.1015742541127378,0.3032223212740376,0.15217313083399928
1060,"Each $ 5,000 bond carries one warrant , exercisable from Nov. 30 through Nov. 2 , 1993 , to buy company shares at an expected premium of 2 1/2 % to the closing share price when terms are fixed Tuesday .",3.778507382836278,0.8808654201598104,0.0776652490637085,0.25562597257419906,0.11913457984019003
1061,Diesel Kiki Co . -LRB- Japan -RRB- --,2.0,1.0,0.0,0.0,0.0
1062,"$ 200 million of bonds due Nov. 16 , 1994 , with equity-purchase warrants , indicating a 4 1/2 % coupon at par via Yamaichi International Europe Ltd .",3.2077842524723446,0.8073232578320856,0.12870176670037575,0.38311550204736644,0.19267674216791456
1063,"Each $ 5,000 bond carries one warrant , exercisable from Nov. 30 through Nov. 2 , 1994 , to buy company shares at an expected premium of 2 1/2 % to the closing share price when terms are fixed Monday .",3.778507382836278,0.8808654201598104,0.0776652490637085,0.25562597257419906,0.11913457984019003
1064,Chugoku Electric Power Co . -LRB- Japan -RRB- --,1.9677228827274098,0.9927204189800579,0.007279581019942721,0.007279581019942721,0.007279581019942721
1065,"$ 150 million of 8 7/8 % bonds due Nov. 29 , 1996 , priced at 101 7/8 to yield 8 7/8 % less full fees via Nikko Securities Ltd .",3.2918774958769053,0.8291689575614976,0.11414520732187994,0.33936230083578356,0.17083104243850267
1066,Fees 1 7/8 .,1.5,0.6,0.3333333333333333,0.49999999999999994,0.39999999999999997
1067,"Monte dei Paschi di Siena , Singapore branch -LRB- Italian parent -RRB- , via the Law Debenture Trust Corp. --",2.6759438679601626,0.8008340733228632,0.14211350229264233,0.33275110160267996,0.19916592667713698
1068,"10 billion yen -LRB- $ 70 million -RRB- of 6 % bonds due Feb. 24 , 1993 , priced at 101 1/4 , via Daiwa Europe Ltd .",3.177191551404889,0.8737811541653636,0.08704950083894704,0.22947476533580008,0.12621884583463636
1069,Okobank -LRB- Finland -RRB- --,1.1019550008653871,0.5674619322336873,0.43253806776631243,0.43253806776631243,0.43253806776631243
1070,"10 billion yen of 6 % bonds due Nov. 30 , 1992 , priced at 101.225 to yield 6.056 % via IBJ International .",3.1852279989114356,0.8121873516660237,0.12604632514775932,0.36828085588624315,0.1878126483339764
1071,"EG&G Inc. said it acquired Laboratorium Prof. Dr. Berthold , a German maker of scientific instruments .",3.1187970593325813,0.8424542173509428,0.10782637467441013,0.2923503248081212,0.15754578264905716
1072,Terms were n't disclosed .,1.3509775004326934,0.4102724782438433,0.4181656600790515,1.0,0.5897275217561565
1073,"The Wellesley , Mass. , maker of scientific instruments and electronic parts said Berthold expects 1989 sales of more than 100 million Deutsche marks -LRB- $ 54.5 million -RRB- and employs about 400 people .",3.219177581322576,0.7633011286059177,0.15510475892496228,0.49942590842869533,0.23669887139408216
1074,"Berthold is based in Wildbad , West Germany , and also has operations in Belgium .",2.7727829985375174,0.7439285121981186,0.17498314259795708,0.4772170014624824,0.2560714878018814
1075,"John M. Kucharski , EG&G 's chairman and chief executive , said the acquisition `` will extend EG&G 's core technologies , strengthen its position in the European Economic Community and assure a strength and presence in the Eastern European market . ''",4.003405361584995,0.9629829733493256,0.024367642579809584,0.07697540330778693,0.037017026650674495
1076,"He said it especially will strengthen the company 's efforts in the rapidly growing field of bio-analytical instrumentation , and in applied nuclear physics .",3.339591772843533,0.7788718224571088,0.14414278724246896,0.47461684490816924,0.221128177542891
1077,"Separately , EG&G said it sold most of its Mason Research Institute subsidiary to Transgenic Sciences Inc. , a closely held biotechnology company based in Worcester , Mass .",3.3093537727312032,0.8488330746583735,0.10162824916808035,0.2949310019531835,0.1511669253416266
1078,"The sale , for $ 7 million in cash and securities , will leave EG&G with a 12 % stake in Transgenic , executives said .",3.598323486139031,0.867492775097635,0.08730014964337696,0.2748171933741023,0.13250722490236502
1079,"Mason is the largest toxicology lab in New England , with annual revenue of $ 8 million and 140 employees .",3.5017948219225854,0.845847657530577,0.10156992566010453,0.3196170275292334,0.15415234246942297
1080,"Mason serves commercial and government customers , including the National Institutes of Health .",2.8423709931771093,0.7465474197611737,0.17186710545548448,0.48249196444024767,0.25345258023882633
1081,"The combined companies will become profitable by January 1990 , said James P. Sherblom , Transgenic 's chairman and chief executive officer .",3.073171229917434,0.7371164920008408,0.17284236765362285,0.5487528315323331,0.26288350799915927
1082,The Internal Revenue Service said it is willing to let the U.S. Tax Court decide how much oil man William Herbert Hunt will owe the government after his assets are liquidated .,3.3985902344426084,0.8417169248880947,0.10519475316643531,0.319548827786958,0.1582830751119053
1083,The surprise announcement came after the IRS broke off negotiations with Mr. Hunt on a settlement of the one-time tycoon 's personal bankruptcy case .,3.312103293914168,0.8566271371477714,0.09665631539636692,0.2774921314739462,0.14337286285222853
1084,"Although the action removes one obstacle in the way of an overall settlement to the case , it also means that Mr. Hunt could be stripped of virtually all of his assets if the Tax Court rules against him in a 1982 case heard earlier this year in Washington , D.C .",4.025066343549482,0.9249595309159953,0.04871491286740745,0.16327355760909745,0.07504046908400477
1085,The IRS has been seeking more than $ 300 million in back taxes from Mr. Hunt .,3.2964176480769276,0.7900103914678673,0.13798016582659856,0.4392009005866828,0.2099896085321327
1086,"Separately , a federal judge hearing Mr. Hunt 's bankruptcy case yesterday turned down a proposed $ 65.7 million settlement between Mr. Hunt and Minpeco S.A. , another major creditor in the case .",3.9961862810220965,0.9335099526801126,0.04337817425651491,0.14231589827264213,0.06649004731988732
1087,The Peruvian minerals concern had been seeking a claim of $ 251 million against Mr. Hunt .,3.4873066185378994,0.8269578194283344,0.11332781484521673,0.36577561269740194,0.17304218057166562
1088,"In addition to turning down the compromise , Judge Harold C. Abramson said he would allow a claim of only $ 19.7 million .",3.397869792568112,0.7953712268300813,0.13358353702822529,0.4370927081530442,0.2046287731699187
1089,Minpeco attorneys said they would appeal the decision to a federal district court .,2.9852281360342516,0.7557133862631444,0.1635448414635204,0.4824919644402475,0.24428661373685545
1090,"Regarding Mr. Hunt 's taxes , he and the IRS have apparently agreed on a basic formula for liquidating his estate in which the IRS would get 70 % of the proceeds from a liquidating trust and 30 % would go to other creditors .",4.0667594127023365,0.8652106920533135,0.08559965279536988,0.31688873131934886,0.1347893079466864
1091,But they have been at odds over how much Mr. Hunt would owe the government after his assets are sold .,3.787509107636871,0.855799428915501,0.09310270797857605,0.3196170275292331,0.1442005710844988
1092,The IRS had demanded $ 90 million but Mr. Hunt would agree to no more than $ 60 million .,3.259672469995535,0.7790462102767222,0.1451724101283585,0.46225562489182676,0.22095378972327778
1093,"Grover Hartt III , a government lawyer , warned that Mr. Hunt stood to lose certain oil and gas properties , $ 200,000 in English pottery , a Colorado condominium and other assets he might have kept if he had settled with the IRS .",3.9343559455904797,0.8722255099826715,0.08207673179789844,0.28827950643370165,0.12777449001732855
1094,"`` But they wanted to roll the dice and we 're going to let them , '' Mr. Hartt said .",2.9004047989182666,0.7352567140362515,0.17722488743005624,0.5230290431608928,0.26474328596374846
1095,"Stephen McCartin , Mr. Hunt 's attorney , said his client welcomed the gamble .",3.144083963915344,0.8726220638442785,0.08804768274964204,0.2302119028664439,0.12737793615572132
1096,The Tax Court is n't expected to rule before early next year .,2.550866112210013,0.6023824726301933,0.259928053231806,0.8454937106293297,0.39761752736980677
1097,Japan has found another safe outlet for its money : U.S. home mortgages .,2.5216406363433186,0.6383557629070581,0.24211334594564315,0.7142857142857142,0.36164423709294197
1098,An increasing number of big Japanese investors are buying up U.S. home mortgages that have been pooled and packaged for sale as interest-bearing instruments known as mortgage-backed securities .,3.0790741307188645,0.781689862605762,0.1462526207124351,0.43033068204631375,0.21831013739423819
1099,"As much as 10 % of new U.S. mortgage securities issued by the Federal National Mortgage Association , or Fannie Mae , and Federal Home Loan Mortgage Corp. , or Freddie Mac , now flow into Japanese hands .",3.5971117057846484,0.9113420118675162,0.05936126405981674,0.17505174690163156,0.08865798813248396
1100,That may not come as a surprise to Americans who have watched the Japanese snap up properties in the U.S. from golf courses to a stake in Rockefeller Center .,3.6931090252129377,0.94227136649448,0.038751493883461316,0.11312990344045208,0.057728633505520224
1101,"But it marks a big change for the Japanese , who shunned mortgage securities after getting burned by a big downturn in interest rates a few years back .",3.8728517172241705,0.9061829640344309,0.061220903223069965,0.20065012166375001,0.09381703596556941
1102,"`` You ca n't say it 's a `` tsunami '' -LRB- tidal wave -RRB- , but we 're making some headway , '' says Fannie Mae 's chairman , David O. Maxwell , who visits Tokyo at least once a year to explain and drum up investor interest in mortgage securities .",3.902163849700594,0.9128586686340852,0.056871591743379295,0.1862977885488548,0.08714133136591488
1103,`` Interest is a great deal higher than it was a year ago . '',2.776765630293548,0.7175666382120969,0.1902136288064116,0.5482247051148392,0.282433361787903
1104,The steady growth of the mortgage securities market in the U.S. has even triggered talk of building up a similar market here .,3.163070165957839,0.8029498600362827,0.13198359140138885,0.388651142596171,0.19705013996371729
1105,Evidence of the growing Japanese demand for mortgage securities abounds .,2.4654014071603405,0.7331933796652093,0.18939050009909217,0.4512696504021796,0.26680662033479047
1106,"Earlier this year , Blackstone Group , a New York investment bank , had no trouble selling out a special $ 570 million mortgage-securities trust it created for Japanese investors .",3.8417285138645423,0.9053980738711952,0.06187157961872048,0.20085528236717157,0.09460192612880489
1107,"Industrial Bank of Japan , which claims to be the biggest Japanese buyer of U.S. mortgage securities , says it will more than double its purchases this year , to an amount one official puts at several billion dollars .",4.053055907333276,0.93499776620574,0.04224707746700543,0.14088680058499292,0.06500223379425993
1108,"And a Fannie Mae seminar this week promises to draw hundreds of prospective investors , who can be expected to channel tens of billions of dollars into the market in the next few years .",3.8628725816934564,0.9285085635383108,0.047047819147973624,0.1488004839958893,0.07149143646168903
1109,"`` Last year , there were only several big investors who were interested , '' says Kinji Kato , a vice president at the international arm of Nomura Securities Co .",3.279285253116802,0.8233855875993044,0.11788415138680508,0.35196400435005804,0.1766144124006959
1110,"`` This year , some investors are changing their policies and investing a lot . ''",2.827819531114783,0.7903751171691117,0.1454717816641844,0.37499999999999994,0.2096248828308882
1111,"Ultimately , he says , strong demand could help to drive down interest rates on mortgage securities .",3.2593494722443577,0.8388466199298573,0.10850125290696556,0.31308177907776236,0.1611533800701428
1112,"At the moment , Nomura is the only Japanese institution authorized to act as a primary seller of Fannie Mae instruments .",3.471461732568679,0.8846224122948775,0.07741665231685636,0.22638409051573333,0.11537758770512267
1113,But other Japanese institutions say privately that they are considering asking to join the 59-dealer selling group .,3.21741127767972,0.7753408355206732,0.1479934642652731,0.46613108475351067,0.22465916447932682
1114,These securities are attractive to Japanese investors for three reasons .,2.534027543720656,0.6928185699280256,0.21091075762706818,0.5651414864399221,0.3071814300719743
1115,"First , they are safe .",1.2516291673878228,0.38492371145548304,0.4441228664487977,0.9999999999999997,0.6150762885445168
1116,"While they are n't backed by the full faith and credit of the U.S. government , as Treasury bonds are , it is widely assumed that the government would support them if necessary .",3.6642169728514222,0.807177060733682,0.12364984539033354,0.4376642506245957,0.192822939266318
1117,-LRB- U.S. Treasury bonds are still the dollar-denominated investment of choice for long-term Japanese investors -RRB- .,3.0899602948812244,0.8089569415554457,0.12928369269316575,0.365775612697402,0.19104305844455427
1118,"Second , they are liquid .",1.2516291673878228,0.38492371145548304,0.4441228664487977,0.9999999999999997,0.6150762885445168
1119,"The secondary market in federally backed mortgage securities now exceeds $ 900 billion , or nearly half of the $ 2.2 trillion in U.S. residential mortgages issued .",3.820373778364757,0.8860185314222963,0.07419889160105922,0.24573516147272315,0.11398146857770376
1120,"Third , they offer high yields .",2.1078410717376386,0.6010607207034366,0.27740425825876003,0.7100019018292099,0.3989392792965634
1121,"At the moment , some offer as much as 1.6 to 1.8 percentage points over Treasury securities of similar maturities .",3.2848826046871706,0.8414041122418248,0.10654390707597844,0.31009044176253425,0.15859588775817504
1122,"But there is a risk , which the Japanese discovered when they first dipped their toes into the market nearly five years ago .",3.2720552088742,0.7970147466516685,0.13417537322736112,0.41666666666666663,0.20298525334833148
1123,"Since most mortgages can be prepaid or refinanced at any time , issuers of mortgage securities retain the right to buy back their bonds before maturity .",3.534611733096429,0.8475507827896499,0.10023602677741265,0.31820077658220774,0.15244921721035018
1124,"That 's a headache for long-term investors , since it forces them to reinvest their money -- usually at lower rates than the original mortgage securities carried .",3.467720100474499,0.8400311200464741,0.10555421600445163,0.33018258920844745,0.1599688799535259
1125,"`` Two or three years ago , the problem was that people did n't understand the prepayment risk , '' says Nomura 's Mr. Kato .",3.5214004092159534,0.8451064828925359,0.10190250203131249,0.3227061355985843,0.15489351710746418
1126,`` So they were surprised and very disappointed by prepayment . '',2.981203125901445,0.7732562083598599,0.15307643835228216,0.4370927081530443,0.22674379164014014
1127,"Compounding the trouble to Japanese investors , mortgage securities pay interest monthly , since most mortgages require homeowners to make monthly payments .",2.7319333415711586,0.734899365161192,0.18123725403602509,0.4934189172726697,0.26510063483880797
1128,"But Japanese institutional investors are used to quarterly or semiannual payments on their investments , so the monthly cash flow posed administrative problems .",3.2322794404415665,0.8407845914478965,0.10759560947434649,0.30604074866443354,0.15921540855210345
1129,"As a result , Japanese investors steered clear of the mortgage securities .",2.550866112210013,0.7048063204496604,0.20361562879145953,0.5364811318879888,0.29519367955033976
1130,But they did n't lose touch with the U.S. issuers .,2.2835832253421593,0.5345912284263374,0.30327866010997645,0.9999999999999997,0.4654087715736624
1131,"Since 1985 , Japanese investors have bought nearly 80 % of $ 10 billion in Fannie Mae corporate debt issued to foreigners , money that Fannie Mae uses to buy mortgages from U.S. banks .",3.461755438341806,0.8235539925359529,0.11574185372742297,0.37105816540490616,0.17644600746404693
1132,"And Japanese investors took up nearly all of two $ 200 million Real Estate Mortgage Investment Conduits , a kind of collateralized mortgage obligation , that were offered to foreigners this year .",3.7085898561665314,0.8381440483738375,0.10453798600846723,0.3583246060984241,0.16185595162616248
1133,"In addition , further packaging of mortgage-backed securities , such as Blackstone 's fund , have reduced the effects of prepayment risk and automatically reinvest monthly payments so institutions do n't have to .",3.4855689163470993,0.8483767407044857,0.10020000144033901,0.311473248993616,0.15162325929551437
1134,Freddie Mac for years has offered a so-called participation certificate that guarantees it wo n't be prepaid for a set number of years and offers semiannual payments .,3.509193652572006,0.8366272839690961,0.10725767278116169,0.3426295729797606,0.16337271603090392
1135,"As Georgia-Pacific 's bid for Great Northern Nekoosa has shown , uninvited takeovers are still alive despite premature reports of their demise .",3.1114575134494444,0.7339789988692814,0.17400044381196406,0.5646235221840921,0.26602100113071864
1136,"Therefore , the debate about poison pills will continue to rage in the boardrooms of corporations and the halls of academia .",3.0456405710118313,0.8005160461127865,0.1353057294788739,0.37947797934530786,0.19948395388721354
1137,"Although poison pills come in different colors and shapes , they usually give current shareholders the right to buy more stock of their corporation at a large discount if certain events occur -- typically , if a hostile bidder acquires more than a specified percentage of the corporation 's stock .",3.7619222401866668,0.9162591171979106,0.05534712744339395,0.17195686306355365,0.08374088280208919
1138,"However , these discount purchase rights may generally be redeemed at a nominal cost by the corporation 's directors if they approve of a bidder .",3.080326139048241,0.7429009276930466,0.16940627424246127,0.5330111749970659,0.25709907230695334
1139,"Supporters of poison pills argue that their adoption forces bidders to negotiate with a corporation 's directors , who are thereby put in a better position to pursue the long-term interests of the corporation .",3.7223101663064844,0.9351810138099632,0.04327547974397137,0.12907584071815278,0.06481898619003656
1140,Recent studies by Georgeson & Co. conclude that corporations with poison pills have experienced greater stock-price appreciation than corporations without poison pills during the past few years .,3.243059598494024,0.8497841671772868,0.10177660542260437,0.2866368410343893,0.1502158328227132
1141,Critics of poison pills argue that they harm shareholders by letting corporate management defeat takeover bids at premium prices and by deterring premium bids from ever being made to shareholders .,3.413633544612948,0.8943918639710343,0.07153172642946513,0.20168918419363618,0.10560813602896574
1142,"These critics are backed by several academic studies showing that the adoption of poison pills reduces shareholder values not merely in the short run , but also over longer periods .",3.3895105656818916,0.8490015294503837,0.10070472644296202,0.30164577172011753,0.1509984705496163
1143,Institutional investors that must evaluate poison pills on a regular basis are interested less in this general debate than in the answers to specific questions about the corporation issuing the pill .,3.3125,0.8779077243473965,0.08305921840461769,0.2303377974034162,0.12209227565260364
1144,Does this corporation have a high-quality management team with a good track record ?,2.868408705791415,0.8205762406021435,0.12565985797941437,0.31359710896879905,0.17942375939785649
1145,"Does this team have a viable strategy for improving shareholder values , and does this strategy require implementation over an extended period ?",3.563908468082779,0.9251244644791656,0.05053880965380216,0.14442059143878522,0.07487553552083422
1146,Will the adoption of this particular form of a poison pill significantly improve the chances for management to carry out this strategy ?,2.819586055962616,0.7287017774462082,0.1828377640785582,0.5255877998754298,0.2712982225537919
1147,"If the answers to these questions are affirmative , then institutional investors are likely to be favorably disposed toward a specific poison pill .",3.7395252484106014,0.9416489819424274,0.0389947739848055,0.11586329379693255,0.05835101805757264
1148,"However , the problem is that once most poison pills are adopted , they survive forever .",3.340822795263013,0.8581777402662536,0.09534072490273539,0.2767429634120041,0.14182225973374632
1149,"Although the current management team may be outstanding , who will be the CEO in 10 years ?",3.767418751562505,0.8660316610905527,0.08697819635659731,0.29139513876869627,0.1339683389094472
1150,"Although the five-year strategy may be excellent , what will be the strategy in 25 years ?",3.2520125008908405,0.7711616616086054,0.14986952173760032,0.4837172252293817,0.22883833839139447
1151,The solution to this problem is a time-limited poison pill .,2.534027543720656,0.7693029776941499,0.1652028895393661,0.3822313699073156,0.23069702230585018
1152,"The limit could range from three years to seven years , depending on the composition of the management team and the nature of its strategic plan .",3.2322118428601128,0.8252799194883569,0.11727393043479305,0.34248488653421316,0.17472008051164323
1153,"At the end of this period , the poison pill would be eliminated automatically , unless a new poison pill were approved by the then-current shareholders , who would have an opportunity to evaluate the corporation 's strategy and management team at that time .",3.4988417988299996,0.8556408684974324,0.09553407682852305,0.29525808342238724,0.14435913150256757
1154,One rare example of a time-limited poison pill is the shareholder rights plan adopted by Pennzoil last year after it received a huge litigation settlement from Texaco .,3.577880156721804,0.9122927342262659,0.058862463703850586,0.17198760553448542,0.08770726577373404
1155,Pennzoil 's poison pill covers five years in order to give current management enough time to put these proceeds to work in a prudent manner .,2.4384111060975,0.6173093034572842,0.2562067763858846,0.7558263251693549,0.3826906965427158
1156,"Another interesting example is the poison pill adopted recently by Pittsburgh-based National Intergroup Inc. , a diversified holding company .",3.221928094887362,0.8323351115622442,0.11303268346395673,0.32451124978365314,0.16766488843775568
1157,"The State of Wisconsin Investment Board , which owned about 7 % of the company 's voting stock , worked with management to devise a time-limited poison pill .",3.590754839038514,0.8529658543474479,0.09639575887825452,0.3097526671547636,0.14703414565255227
1158,This pill automatically expires after three years unless continued by a vote of the shareholders .,3.2193609377704333,0.851538823140623,0.10092610221930241,0.28063906222956636,0.148461176859377
1159,"The attitude of the Wisconsin Investment Board reflects a growing receptivity to time-limited poison pills on the part of institutional investors , as shown by the discussions at recent meetings of the Council of Institutional Investors and my informal survey of several retirement plans with large stock positions .",3.588852461505696,0.928003660555112,0.04854788576927887,0.13925693817025425,0.07199633944488806
1160,More widespread time limits on poison pills would allow shareholders to evaluate a specific poison pill within the context of a specific management team 's strategy .,3.036240355343959,0.8277576125763761,0.11835622471087544,0.3162081449718536,0.172242387423624
1161,Such concrete analysis is likely to lead to more fruitful dialogue between management and shareholders than the abstract debate about poison pills .,2.6871781621531907,0.7207639715112935,0.19069786848472425,0.5212398922122431,0.2792360284887066
1162,Mr. Pozen is the general counsel and a managing director of Fidelity Investments in Boston .,2.631241591881867,0.6971289093301231,0.206018764557655,0.5715779392329161,0.302871090669877
1163,"Michael Blair , former president and chief executive officer of Enfield Corp. , failed to win election to the company 's board at a special shareholder meeting .",3.5310928687179763,0.8960436613164382,0.06965325071586397,0.20483348191105696,0.10395633868356183
1164,"Mr. Blair said after the meeting that he had filed separate lawsuits in the Ontario Supreme Court for unjust dismissal against Enfield and for libel against its largest shareholder , Canadian Express Ltd. , and two executives of Hees International Bancorp Inc. , which controls Canadian Express .",3.7719980429854782,0.9235241227643826,0.05063533445409894,0.15617721949962712,0.07647587723561755
1165,Holders at the meeting elected a full slate of Canadian Express nominees to Enfield 's 11-member board .,3.3704605833554684,0.8929787170070592,0.07279791243023186,0.2019706679666512,0.10702128299294075
1166,Mr. Blair and Hees have been feuding for months .,2.5974168451037087,0.7123159333226342,0.198195077034292,0.524511249783653,0.2876840666773658
1167,Yesterday 's election was a sequel to Enfield 's annual meeting in June when Mr. Blair disallowed proxies in favor of two Hees nominees .,3.4342826504138917,0.8778265049156216,0.0820299721874157,0.23926325992246752,0.12217349508437834
1168,The Ontario Supreme Court overturned Mr. Blair 's decision .,2.1319146418983497,0.6744507719480267,0.2380996127081913,0.5145247027726658,0.3255492280519734
1169,"He later resigned from his executive positions with Enfield , saying that actions by its board `` amounted to -LCB- my -RCB- dismissal . ''",3.039200772670456,0.8152953924942045,0.1261557501280604,0.3446623171701737,0.18470460750579534
1170,Mr. Blair said his libel suit seeks 10 million Canadian dollars -LRB- US$ 8.5 million -RRB- from Canadian Express and Hees executives Manfred Walt and Willard L'Heureux .,3.2557533706984514,0.8338790311562901,0.11165915907074773,0.3242969807662855,0.16612096884370978
1171,"He said his suit against Enfield seeks two years severance pay , equivalent to C$ 720,000 .",3.2076073537047542,0.7966950660632406,0.1351323845832989,0.4102919373401009,0.20330493393675936
1172,Hees and Canadian Express executives could n't be reached for comment .,2.314536459234778,0.6003380551391876,0.26981478355682986,0.7704260414863776,0.39966194486081247
1173,Enfield is a holding company with interests in manufacturing concerns .,2.4208354984627896,0.7105228049375266,0.2043611693943545,0.4961032059450581,0.2894771950624734
1174,"It is 38.5 % owned by Canadian Express , another holding company .",2.5508661122100134,0.6023824726301934,0.25992805323180596,0.8454937106293295,0.39761752736980666
1175,Hees is a merchant bank controlled by Toronto financiers Peter and Edward Bronfman .,2.582694420077129,0.7388409028225613,0.18290339680476606,0.456454251825942,0.2611590971774386
1176,All the concerns are based in Toronto .,2.25,0.6,0.2727272727272726,0.7499999999999998,0.3999999999999998
1177,Buying 51 % of Rockefeller Group Inc. is right up Mitsubishi Estate Co. 's alley in one sense : The huge Japanese real estate company is entering a long-term relationship with a similarly conservative U.S. owner of tony urban property .,3.7667861399853706,0.8803765841669289,0.07804451205613104,0.2560207154012407,0.11962341583307166
1178,"But in another sense , the $ 846 million purchase is uncharacteristically nervy , industry analysts say .",3.239097917988786,0.7846677011157344,0.14208641912018943,0.4444444444444446,0.2153322988842656
1179,The usually cautious giant will become the majority owner of the company that owns New York 's beloved Rockefeller Center at a time when tensions over Japanese purchases of U.S. property are at an all-time high .,3.543628398630707,0.8647719428596624,0.08942556010832278,0.2772121877590625,0.13522805714033745
1180,"Officials of Rockefeller Group and Mitsubishi Estate prefer to focus on the affinities , nearly dismissing the threat of a backlash from the U.S. public .",3.19869427361737,0.813461234003451,0.12507802648444624,0.3667540982034557,0.18653876599654903
1181,"`` We think there will be positive as well as negative reactions , '' says Raymond Pettit , senior vice president and chief financial officer of Rockefeller Group .",3.5989903892980832,0.8706091974334432,0.08531593984674973,0.26767239600731235,0.12939080256655702
1182,"`` On balance , we think it will be positive . ''",2.584962500721156,0.7210570543488701,0.1934264036172708,0.49999999999999994,0.2789429456511298
1183,But some Japanese government officials and businessmen worry that the prominent purchase is just the sort of deal that should be avoided for the time being .,3.4270683217060407,0.8283593003654022,0.11314057916789257,0.3554056577680005,0.17164069963459794
1184,"In particular , they criticize the timing , coming as it does on the heels of Sony Corp. 's controversial purchase of Columbia Pictures Entertainment Inc .",3.6077290831348394,0.8483162129740366,0.09912752821768106,0.32286083392750486,0.15168378702596355
1185,"`` Officially , yes , we encourage the free flow of direct investment , '' says a Foreign Ministry official .",3.4437338243571753,0.8514094230787598,0.09864342951518258,0.30099801188731984,0.1485905769212402
1186,`` But they did n't have to choose this particular moment . '',2.455088227761049,0.6103063885607136,0.25894167103849697,0.7871762772035439,0.3896936114392865
1187,"During the past year , government officials and leading business organizations have repeatedly urged Japanese companies to refrain from flashy real estate purchases in the",3.3758484156515,0.8650895976857846,0.09066103355239097,0.2635353971026193,0.13491040231421528
1188,"Since the mid-1980s , Japan 's other major real estate purchases in the U.S. include Dai-Ichi Seimei America Corp. 's $ 670 million purchase of an office building at 153 East 53rd St. in Manhattan in 1987 and Mitsui Fudosan Inc. 's $ 610 million purchase of the Exxon Building , part of Rockefeller Center , in 1986 .",3.6891892866072196,0.9144523547078409,0.056866634773451656,0.172598863044135,0.08554764529215929
1189,"In Los Angeles , Arco Plaza was sold to Shuwa Corp. for $ 620 million in 1986 , and Sumitomo Life Insurance Co. paid $ 300 million for Atlanta 's IBM Tower last year .",3.293809548227841,0.8576071551393865,0.09623947850232949,0.2736050482903711,0.14239284486061338
1190,"Altogether , annual Japanese investment in U.S. commercial real estate grew from about $ 1.3 billion in 1985 to about $ 7.1 billion in 1988 .",3.398197773913257,0.8876108967996996,0.07606197654200783,0.21513954013205025,0.11238910320030042
1191,Many Japanese companies have taken the warnings by the country 's leaders to heart and sought development partnerships rather than landmark properties .,3.3538360599971657,0.8793052313347969,0.08175173168835398,0.23049070780132566,0.12069476866520304
1192,Critics say Mitsubishi Estate 's decision to buy into Rockefeller reflects the degree to which companies are irritated by the pressure to act for the good of Japan .,3.672290286507489,0.9084602834391547,0.06079709052308471,0.18517543165425251,0.09153971656084559
1193,"`` Those who have no money and are n't buying think it 's right to refrain , but those with money who want to buy for themselves pay no attention , '' says an official of the Japan-U.S . Business Council .",3.8817259123488492,0.9228404101165526,0.05061236388005278,0.16227745130870444,0.07715958988344727
1194,"But to Mitsubishi Estate , the acquisition has just the elements that should win support from both sides .",2.999669392615314,0.7221913572229569,0.1828351657646762,0.5781039492217287,0.27780864277704304
1195,"First of all , it is a friendly acquisition in which Rockefeller sought out Mitsubishi Estate and asked it to buy a majority share .",3.405010653779523,0.7878468065358748,0.1379609691774469,0.45898441681009483,0.21215319346412526
1196,"Secondly , the two companies found a similarity in their business and development philosophies and intend to cooperate in a range of activities from real estate to telecommunications .",3.424697840591424,0.8546432534253944,0.09681914227925009,0.2914844082338497,0.14535674657460562
1197,"Finally , Mitsubishi Estate has no plans to interfere with Rockefeller 's management beyond taking a place on the board .",3.0722924405581153,0.7595763400306045,0.1596077951063072,0.48702310173961355,0.24042365996939546
1198,"`` We 'll continue to work with them , in keeping with the reputation of the company , and we 'll rely very much on their leadership , '' says Mitsubishi Estate President Jotaro Takagi .",3.6992162212337876,0.870268918695825,0.08482012371316767,0.2757212799681399,0.12973108130417513
1199,"Rockefeller may well have found its match in Mitsubishi Estate , a company of long history , strong government ties and sound resources .",3.3255640636718784,0.79602858607297,0.1340799546357715,0.426065103715944,0.20397141392702992
1200,"In asset terms , Mitsubishi Estate is the largest real estate firm in Japan .",3.0937581304377795,0.8468262596617709,0.1053236630350263,0.2806997198413078,0.1531737403382291
1201,"The core of its holdings is 190,000 square meters of incredibly expensive property in the Marunouchi district , the business and financial center of Tokyo , often jokingly called `` Mitsubishi Village . ''",3.492674061058458,0.8278328046195318,0.11282546305855848,0.36319163369402274,0.1721671953804683
1202,The Mitsubishi family company acquired that property from the government some 100 years ago when it was a portion of samurai residential land running from the moat of the Imperial Palace east toward the hodgepodge of tiny shops and twisted alleys that made up the merchants ' district .,3.6360576374684914,0.8973921348148023,0.06810824172360566,0.20793598922438597,0.10260786518519763
1203,"At the time , Japan had just opened its doors to the world after about 250 years of isolation and needed a Western-style business center .",3.1534082363517073,0.7577826673511016,0.15941767813089838,0.5039770402984709,0.2422173326488985
1204,"Mitsubishi built the government 's dream development , the story goes , in exchange for the official decision to locate Tokyo 's central railway station there .",3.2373587127644687,0.8220070359896821,0.119244135925335,0.35084732935340585,0.17799296401031806
1205,"That was just an early step in a relationship with government that has earned the Mitsubishi group the dubious moniker of `` seisho , '' literally government-business , a title that has the pejorative connotation of doing the government 's bidding , but also suggests the clout inherent in maintaining such close ties .",3.94520649451733,0.9067495180168839,0.060539347764664325,0.20286330448857853,0.09325048198311636
1206,Mitsubishi Estate is one of the dozens of companies in today 's Mitsubishi group .,2.910098963626882,0.7788585497051496,0.15080181344482482,0.4144622124780733,0.22114145029485022
1207,"It 's known for its cautiousness in part because it has had little need for bold overseas ventures : In the year ended March 31 , 57.4 % of its total revenue came from office building management .",3.690980054985985,0.8751706780268141,0.0818135171809845,0.263230104280491,0.12482932197318583
1208,"Its earnings can rise 10 % to 12 % annually simply from the natural turnover of tenants and automatic rent increases , says Graeme McDonald , an industry analyst at James Capel Pacific Ltd .",4.069216150594379,0.9213032761563908,0.05085572648005156,0.17389642269560582,0.07869672384360898
1209,"For the latest fiscal year , the company 's net income jumped a robust 19 % to 35.5 billion yen -LRB- $ 250.2 million -RRB- .",3.444477332292877,0.8623888300049448,0.09178588481732321,0.2748171933741023,0.13761116999505524
1210,"For Mitsubishi Estate , the Rockefeller purchase will catapult it firmly into the overseas real estate business , the one area where it has lagged notably behind Japanese competitors such as Mitsui , which had purchased the Exxon Building .",3.862169106748282,0.8841043408364142,0.07515092343714934,0.2531424254768198,0.11589565916358584
1211,"`` Japanese companies need to invest in overseas real estate for diversification , '' says Yoshio Shima , an industry analyst at Goldman Sachs -LRB- Japan -RRB- Corp .",3.4556149768755544,0.9208960355327213,0.053904925422454765,0.14854421316709635,0.07910396446727905
1212,Rockefeller is n't the first overseas purchase for Mitsubishi Estate -- it has already played a leading role in designing Los Angeles 's Citicorp Plaza .,3.552043927759411,0.835321864842577,0.10765620414490201,0.350130886452317,0.16467813515742302
1213,But the Rockefeller investment is its largest .,2.0,0.5,0.3333333333333332,0.9999999999999997,0.49999999999999983
1214,"Nonetheless , it will barely make a dent in Mitsubishi Estate 's finances , analysts say .",3.0611235304298687,0.7336204500716729,0.17503292057569123,0.5571425131186626,0.26637954992832724
1215,"Mitsubishi Estate has n't decided how it will raise the funds for the purchase , which are due in cash next April , but the Marunouchi holdings alone are estimated to have a market value of as much as 10 trillion yen to 11 trillion yen .",4.142488234497125,0.9155046834023111,0.05422841841413092,0.1912252368965983,0.08449531659768893
1216,"Moreover , as a member of the Mitsubishi group , which is headed by one of Japan 's largest banks , it is sure to win a favorable loan .",4.031401845392171,0.9097351100271068,0.05828521665819134,0.20000000000000032,0.09026488997289328
1217,Analysts say the company also could easily issue new convertible bonds or warrants .,2.556656707462823,0.6715046954648326,0.22275384647091626,0.6253491072973906,0.32849530453516745
1218,"Meanwhile , at home , Mitsubishi has control of some major projects .",2.608934381607203,0.6743404770763193,0.2192607133675678,0.6326699878328735,0.32565952292368083
1219,"It is the largest private-sector landowner of the Minato-Mirai 21 project , a multibillion-yen development in the port city of Yokohama , about an hour outside Tokyo .",3.121277115129129,0.7925813516502899,0.13900722681304617,0.40841932439928386,0.20741864834970977
1220,The project is one of a select group of public projects opened to U.S. firms under a U.S.-Japan construction trade agreement reached last year .,3.3250106537795223,0.907899657595996,0.06331978227726956,0.16884496133892013,0.09210034240400385
1221,"The centerpiece of that complex , the Landmark Tower , will be Japan 's tallest building when it is completed in 1993 .",3.3953412096660016,0.7656836992604323,0.15121131413625688,0.5202347130116018,0.2343163007395676
1222,"Mitsubishi is also pushing ahead with a controversial plan to redevelop Marunouchi into a business center of high-tech buildings , a project budgeted for 30 years and six trillion yen .",3.842245043896914,0.895352016367204,0.06820598819003527,0.2247078694595773,0.10464798363279613
1223,"Time Warner Inc. and Sony Corp. may be today 's public enemies , but the two entertainment giants could end up becoming partners in a number of ventures as part of a settlement of their acrimonious legal dispute over Hollywood producers Peter Guber and Jon Peters .",3.512954561931016,0.8506106971995602,0.09854908082217895,0.30858374801656496,0.14938930280043977
1224,"The Warner Bros. studio and Sony signaled they are close to a settlement yesterday , asking a Los Angeles Superior Court to postpone a hearing scheduled for tomorrow on Warner 's request for a preliminary injunction blocking Mr. Guber and Mr. Peters from taking the top posts at Columbia Pictures Entertainment Inc .",3.7452675993294915,0.9405743942183196,0.03967379192908978,0.11834362581814598,0.059425605781680525
1225,"In separate statements , the two sides said they want to have `` further discussions . ''",2.4129147063914043,0.6128299502521155,0.2592696460214347,0.7641167749360404,0.3871700497478844
1226,Sony is acquiring Columbia and Guber-Peters Entertainment Co. in two separate transactions valued at more than $ 5 billion .,3.102410118609202,0.7630208272537801,0.1571364343130634,0.48177360116998613,0.23697917274621988
1227,"Warner Communications Inc. , which is being acquired by Time Warner , has filed a $ 1 billion breach-of-contract suit against Sony and the two producers .",3.56161380543719,0.8178509655960493,0.11818681507587084,0.3970082939018539,0.18214903440395083
1228,Warner has a five-year exclusive contract with Mr. Guber and Mr. Peters that requires them to make movies exclusively at the Warner Bros. studio .,3.250679031782574,0.7821180097300602,0.14340448610710796,0.4533094873052001,0.2178819902699398
1229,"The two sides in the legal battle have hurled accusations of duplicity at each other for weeks , and both Warner and Sony have accused each other of trying to sabotage each other 's prospects for success in the entertainment business .",3.4909295525424815,0.8200777934231588,0.11758341621791363,0.38294888188348486,0.17992220657684124
1230,"But it may amount to little more than posturing ; the two have continued on-again , off-again settlement talks over the last few weeks , and people familiar with the talks say the matter could be resolved within a week .",3.8750477735688036,0.9241708108147617,0.04978219109625307,0.15904413271624235,0.07582918918523866
1231,Both Warner and Sony declined to comment on the terms of the settlement discussions .,2.8774172972486776,0.7435768558190473,0.17269622984991786,0.4977368881399756,0.25642314418095274
1232,But the people familiar with the talks said that Warner is n't expected to get any cash in the settlement .,3.2861126784473083,0.780201495473739,0.14404238856405105,0.4636407932143506,0.21979850452626093
1233,"Instead , Sony is likely to agree to let Warner participate in certain of its businesses , such as the record club of Sony 's CBS Records unit .",3.7672864072717465,0.9105621075472858,0.05895669498892637,0.18517543165425243,0.08943789245271443
1234,"Warner has surpassed Sony as the largest record company , but it does n't have a powerful world-wide record club like CBS .",3.503611861651787,0.8098738031754248,0.12359318499710306,0.41181617425307454,0.19012619682457518
1235,The two sides are also discussing certain business ventures involving cable rights to Columbia 's movies .,2.7658558828619935,0.6820888937383071,0.2108148531061163,0.6461751624040605,0.31791110626169294
1236,"In addition , Sony is expected to agree to swap Columbia 's 35 % stake in the sprawling Burbank , Calif. , studio that Warner and Columbia share , in exchange for the old MGM studio lot that Warner acquired with the purchase of Lorimar Telepictures Corp .",3.4777985901301354,0.8392664914531899,0.10592987852811586,0.3330281710895312,0.1607335085468103
1237,"Still , it may be tough for the two to have a smooth partnership in anything , in the wake of sworn affidavits filed over the last week .",3.82368199428553,0.8776382333105657,0.07938662458950534,0.2667808881185668,0.12236176668943449
1238,"One , for example , came from CBS Records Chairman Walter Yetnikoff , who will head a committee that will oversee Sony 's entertainment division , including both records and movies .",3.815620795940934,0.9154916725209614,0.055592650884964,0.17610850073124137,0.08450832747903861
1239,"In his affidavit , Mr. Yetnikoff accused Warner Chairman Steven J. Ross of having an `` antiSony , anti-Japanese bias '' and said that Mr. Ross had tried to talk him out of letting Sony buy CBS Records two years ago for that reason .",3.8868233792034212,0.8965831563047467,0.06720531530618597,0.22424370429775614,0.10341684369525318
1240,"Mr. Ross , who will be chairman and co-chief executive officer of Time Warner after the merger is complete , denied that in his own affidavit , and called Mr. Yetnikoff 's remarks `` vicious '' and his claims `` reckless , irresponsible and baseless , '' saying Warner under his leadership has started a number of businesses in Japan .",3.8540363773530766,0.8985019092157082,0.06617318879376456,0.2177252943256087,0.10149809078429194
1241,"Mr. Ross also said he enjoys `` warm professional and personal relationships '' with Japanese executives including Sony Chairman Akio Morita , `` who has visited my home here . ''",3.5836639977355103,0.8815028079398451,0.07855751638067839,0.24105037820098296,0.11849719206015495
1242,"But despite the acrimony between Mr. Ross and Mr. Yetnikoff , officials of the Time side of Time Warner have reportedly been increasingly interested in a settlement that might yield attractive business opportunities .",3.7938161480445607,0.8992094329852303,0.06605057583848023,0.21262059020097127,0.10079056701476972
1243,"Time executives such as the company 's president , N.J . Nicholas , who will eventually be co-chief executive of Time Warner alongside Mr. Ross , have no personal relationships or ego at stake in the fight over the Guber-Peters duo , and were never directly drawn into the fray .",3.87254425673476,0.9078830993663498,0.0601580517188511,0.19651524587436373,0.09211690063364993
1244,"Talks between the two sides could unravel , of course , as they have more than once since Sony announced its plans to hire Mr. Guber and Mr. Peters .",3.6435527779455144,0.8151896666610216,0.11903814625917401,0.4130119841854399,0.18481033333897853
1245,But both sides appear to be more willing now to meet each other 's terms to resolve the issue .,2.7709505944546677,0.720393680013084,0.18891826243018872,0.5377443751081736,0.2796063199869158
1246,"And although Warner has said it wanted the producers to fulfill the terms of their contract , the producers said in sworn court declarations that they did n't believe the relationship could be repaired after the acrimony of the legal battle .",3.783113782585128,0.8924850813915736,0.07035513939460825,0.22787001088402506,0.10751491860842631
1247,Any settlement is also expected to exclude Mr. Guber and Mr. Peters from any of the projects they were working on at Warner .,3.505790228642401,0.8337220421580157,0.10907948434654369,0.3495983135651329,0.16627795784198435
1248,"The Guber-Peters duo have 50 projects in various stages of development and production at Warner , including `` Bonfire of the Vanities '' and `` A Bright Shining Lie . ''",3.550775287778934,0.9056813674834271,0.06329041840587994,0.18502969173544412,0.09431863251657305
1249,But that does n't mean Mr. Guber and Mr. Peters might not eventually get their hands on some of their projects ; studios develop hundreds of movies but produce only 10 to 20 each year .,3.7572929744347197,0.8441089442412358,0.10053061572988127,0.34695069432425174,0.1558910557587642
1250,"Once a studio chooses not to actually make a movie that is in development , producers are typically free to take it elsewhere .",3.4266179565636454,0.8673168939309347,0.08882392158295022,0.26210391897722146,0.13268310606906533
1251,"Mr. Guber and Mr. Peters also almost certainly would n't be able to participate in future sequels to `` Batman , '' the blockbuster hit they produced for Warner .",3.8905497624194174,0.8931651475618744,0.06933483072392066,0.23268166637820442,0.10683485243812575
1252,"But in acquiring Guber-Peters Entertainment , Sony will actually get a piece of the profits from `` Batman , '' since the publicly held concern gets certain revenue from the movies Mr. Guber and Mr. Peters produce .",4.022791814445066,0.9468495294731957,0.0347557362850662,0.1129077383014031,0.05315047052680441
1253,The two producers own a combined 28 % stake in Guber-Peters .,2.418295834054489,0.5919995186314599,0.27012754065520383,0.8333333333333333,0.40800048136854
1254,"Southern Co. 's Gulf Power Co. subsidiary pleaded guilty to two felony charges of conspiracy to make illegal political contributions and tax evasion , and paid $ 500,000 in fines .",3.8376737713138076,0.9391027028192803,0.04030384688005778,0.12452287964346644,0.06089729718071971
1255,Gulf Power 's guilty plea before U.S. District Judge Robert L. Vining yesterday marks the end of only one part of a wide-ranging inquiry of Southern Co .,3.3118441013102036,0.9001137506464544,0.0685830581417396,0.18375882241880895,0.09988624935354552
1256,The company is the subject of a federal grand jury investigation into whether its officials and its utility subsidiaries conspired to cover up their accounting for spare parts to evade federal income taxes .,3.5892284102303194,0.9062676487382098,0.0626969322353049,0.18561118151735329,0.09373235126179034
1257,"`` The terms announced today are strictly between the United States and Gulf Power , '' said U.S. Attorney Robert L. Barr .",3.027324103287299,0.8519707926961609,0.10294721122376202,0.2633567339852438,0.148029207303839
1258,`` This is only a further step in a lengthy investigation . '',2.3012420739148958,0.5948101603980889,0.2728070485481424,0.787176277203544,0.40518983960191146
1259,"The plea settlement does not allow Southern Co. to charge any of the $ 500,000 to its customers , or take action against employees who provided information during the federal inquiry .",3.4725674825444504,0.7917587087361874,0.1348719728969195,0.45666181412772455,0.20824129126381283
1260,"Gulf Power had been under investigation for violating the Utility Holding Company Act , which prohibits public utilities from making political contributions .",2.7308102307466844,0.6772120633966994,0.21452012651445618,0.6516988177472739,0.3227879366033008
1261,"In a statement , Southern Co. President Edward L. Addison said , `` We believe our decision to plead -LRB- guilty -RRB- to these charges is responsible and proper .",2.965596230357602,0.7252182724137728,0.18186477255131434,0.5618250990757782,0.27478172758622726
1262,"And our action today will allow Gulf Power to avoid prolonged , distracting legal proceedings . ''",3.223175736439484,0.8036695390699407,0.13066365803536964,0.3946845759439838,0.1963304609300594
1263,"He did not say what effect , if any , the $ 500,000 fine would have on the company 's earnings .",3.5160276412662297,0.8286068239088292,0.11211923729413155,0.36363636363636376,0.1713931760911708
1264,"Mr. Barr said yesterday 's plea by Gulf Power , which came after months of negotiations , was based on evidence that Gulf Power had set up an elaborate payment system through which it reimbursed outside vendors -- primarily three Florida advertising agencies -- for making illegal political contributions on its behalf .",4.084045844201215,0.95302214821941,0.030636099025508443,0.10068443088813141,0.04697785178059001
1265,"The Appleyard Agency , for example , allegedly made contributions from 1982 to 1984 to various funds for political candidates , then submitted bills to Gulf Power .",3.232359726696538,0.8118117818082199,0.1256517184066679,0.37465089270260926,0.1881882181917802
1266,"The contributions were funded by monthly payments of $ 1,000 to $ 2,000 to Appleyard in the guise of a `` special production fee '' -- in effect , hiding the nature of the payments from the Internal Revenue Service , federal prosecutors said .",3.6235556173999894,0.8933356376652626,0.07077437058902476,0.21640354103561754,0.10666436233473742
1267,"The government also indicated that former Gulf Power senior vice president Jacob F. `` Jake '' Horton was the mastermind behind the use of the ad agencies -- Appleyard , Dick Leonard Group II Inc. and Hemmer & Yates Corp. -- to make payments to various political candidates from 1981 to 1988 .",3.604204807036849,0.8928406661527082,0.07121720041324393,0.21634509607744104,0.10715933384729195
1268,"Mr. Horton , who oversaw Gulf Power 's governmental-affairs efforts , died mysteriously in a plane crash in April after learning he might be fired following the uncovering of irregularities in a company audit .",3.732725251352207,0.8688531198055875,0.08545210775302546,0.28187948840136057,0.1311468801944123
1269,Government officials declined to say whether the investigation includes the ad agencies or the politicians involved .,2.839097794499436,0.8295783888239523,0.12026390128071449,0.2923503248081212,0.17042161117604773
1270,"In New York Stock Exchange trading , Southern Co. rose 50 cents a share to $ 27.125 .",2.5996659733039564,0.7005718517079135,0.20494328314547985,0.5555555555555557,0.29942814829208647
1271,` Frequent Drinker ' Offer Stirs Up Spirited Debate,1.6505281080303713,0.5176932385914895,0.34993078992809185,0.7757768235684187,0.48230676140851064
1272,"TO GRAB a bigger piece of the declining scotch market , Seagram Co. has launched a controversial `` frequent drinker '' promotion for its Chivas Regal brand .",3.8109215459901,0.9362067771116579,0.04228436334366848,0.12983828654998988,0.06379322288834217
1273,"Under the program , dubbed Chivas Class , customers who send in two labels from Chivas bottles will receive an upgrade in seating class on some Trans World Airlines flights .",3.204359962902806,0.8258924922277301,0.11725149338534538,0.338011480899641,0.17410750777227016
1274,Repeat customers also can purchase luxury items at reduced prices .,2.292661904443057,0.6747012764689383,0.2299029904081598,0.556008284052232,0.32529872353106176
1275,"But at a time of mounting concern over alcohol abuse , some liquor marketers consider Seagram 's frequent buyer promotion risky .",3.493744686917455,0.9221353099440536,0.05289282066267936,0.1475051135380242,0.0778646900559465
1276,"`` I 'm surprised they 're doing this , '' says Penn Kavanagh , president of Schieffelin & Somerset Co. , which markets Johnnie Walker scotches .",3.0944590627672945,0.8175666938178618,0.12392589373987113,0.3455936314646463,0.1824333061821382
1277,"`` I would be very leery of anything that says if you drink more , you get more . ''",2.789176993284683,0.7530781964038323,0.1691245569188094,0.4572623513863328,0.24692180359616756
1278,Others question the impact on Chivas 's upscale image of a promotion that has customers soaking off labels .,2.749412155659342,0.7190173368816839,0.19010849977892197,0.5382934422286486,0.28098266311831605
1279,"`` It 's really bizarre , '' says Albert Lerman , creative director at the Wells Rich Greene ad agency .",3.3208296285997165,0.8585166402270833,0.09535226245812377,0.2740845003412549,0.14148335977291648
1280,"`` Chivas has an image of something you would savor , rather than guzzle . ''",3.202819531114783,0.8102620182640913,0.1269972634793653,0.37499999999999994,0.18973798173590872
1281,Chivas Class is n't the first such promotion .,2.623293386048535,0.7058397480519879,0.20056338835008805,0.5515536471368371,0.294160251948012
1282,"Last year , J&B Scotch offered 500 TWA frequent flier miles in exchange for a label .",2.6696516461914213,0.7082422037373406,0.1983751814836563,0.5512533658281514,0.2917577962626595
1283,And Dewar 's gave discounts on Scottish merchandise to people who sent in bottle labels .,2.803422060767084,0.7277425076787661,0.1838560916223461,0.5243974703476993,0.27225749232123403
1284,But the scope of Seagram 's Chivas promotion sets it apart .,2.584962500721155,0.607993406515588,0.2562817868935487,0.8333333333333333,0.3920065934844118
1285,The current campaign is just the first leg of an aggressive three-to-five-year direct marketing plan .,2.928422060767084,0.8421740890877444,0.11076844304947948,0.2743974703476993,0.1578259109122557
1286,Seagram says the promotion is designed to build brand loyalty rather than promote heavy drinking .,2.9056390622295662,0.7264097655573916,0.18239348962840563,0.5471804688852168,0.27359023444260844
1287,"Seagram asks customers to buy only two or three bottles over a 12-month period , says Richard Shaw , vice president of U.S. direct marketing .",3.6423714487439014,0.8672957673933285,0.08708917584164214,0.27865817299371276,0.13270423260667152
1288,`` We 're not asking them to save up 50 proof-of-purchases .,2.918295834054489,0.7447870088550099,0.1713328697403966,0.49999999999999994,0.2552129911449901
1289,"We 're not saying drink more , we 're saying trade up . ''",3.2009102795095288,0.8330560180662875,0.11283901981960782,0.32073035683379014,0.16694398193371254
1290,Goya Concocts a Milk For Hispanic Tastes,2.1078410717376386,0.6010607207034367,0.27740425825876003,0.7100019018292099,0.3989392792965634
1291,MOST FOOD companies these days are trimming the fat and cholesterol content of their products to appeal to health-conscious consumers .,2.787808228603968,0.720946681835904,0.1880879155582645,0.5404159689402587,0.27905331816409584
1292,But Goya Foods Inc. believes it can milk some sales by bucking the trend .,2.7440839639153447,0.685501627417012,0.20938897848741728,0.6314993807767413,0.3144983725829881
1293,"The Secaucus , N.J. , company has formed a joint venture with a distributor called La Lecheria to market a higher-fat milk targeted at Hispanic consumers .",3.203296322448024,0.7990792437790337,0.1338059442439762,0.40311793473131213,0.2009207562209664
1294,"To give Leche Fresca the creamier taste Goya says Hispanics prefer , the new brand has a butterfat content of 3.8 % .",3.1869069696889922,0.7776600012856274,0.14698888534767932,0.4562049834255649,0.2223399987143727
1295,That compares with 3.5 % butterfat for whole milk .,2.3219280948873626,0.592037395564247,0.27379181623250703,0.7999999999999997,0.4079626044357531
1296,"A spokesman for Borden Inc. , the nation 's largest milk producer , concedes Goya may be on to something .",3.429900774097493,0.8284818736866628,0.11301212203416007,0.3556229689505126,0.17151812631333704
1297,"Borden sells considerably more whole milk than reduced-fat milks in southern and Hispanic markets , he says .",3.4396334999019427,0.8757927986573574,0.08331782283895932,0.24390886253128835,0.12420720134264264
1298,"Borden even tested a milk with 4 % butterfat in the South , but decided the market was too small .",3.239424583621302,0.7480556980955957,0.16371597404914975,0.5464113516861554,0.2519443019044042
1299,Goya is selling Leche Fresca in nearly 500 grocery stores and bodegas in New York and parts of New Jersey .,3.2461726526725547,0.8651194872883848,0.09188901753151499,0.2534696483830877,0.134880512711615
1300,"And it 's adding 15 to 20 new outlets a day , says Greg Ricca , sales director at La Lecheria .",3.265583322887734,0.7695857090626207,0.15072872299084447,0.4888585228256123,0.23041429093737942
1301,"Because of Leche Fresca 's success , he says , the joint venture is developing other dairy products tailored to Hispanic tastes .",3.4209973168739545,0.8336703019110738,0.10991333340133719,0.34173621422205214,0.16632969808892611
1302,Jewelry Makers Copy Cosmetics Sales Ploys,1.2682734124061352,0.7686401080169226,0.2936429548646673,0.19087450462110944,0.2313598919830773
1303,"FOR YEARS , costume jewelry makers fought a losing battle .",2.32814913403971,0.6923754999869639,0.21836473857768451,0.520307930897044,0.3076245000130359
1304,Jewelry displays in department stores were often cluttered and uninspired .,2.283583225342159,0.644284493983726,0.2471802475178764,0.6341797669347864,0.35571550601627383
1305,"And the merchandise was , well , fake .",1.6505281080303713,0.454355463341262,0.3751796245225803,0.9999999999999997,0.5456445366587379
1306,"As a result , marketers of faux gems steadily lost space in department stores to more fashionable rivals -- cosmetics makers .",3.007837598922327,0.8843828343162149,0.08188487549180928,0.1966103617860244,0.11561716568378522
1307,"But lately , retailers say , fake has become more fashionable .",2.147869792568112,0.5822802219950984,0.286539879224733,0.7704260414863776,0.4177197780049016
1308,And jewelry makers are beginning to use many of the same marketing tricks honed in the aggressive world of cosmetics .,2.9303662504940142,0.7557140232095183,0.16449539478711472,0.47439946884359696,0.24428597679048172
1309,"Last year , the total women 's fashion jewelry business topped $ 4.9 billion , says Karen Alberg , editor of Accessories magazine .",3.3215173341947453,0.8335683571636906,0.11109664863364489,0.331589834168066,0.1664316428363095
1310,"And it 's growing fast , with annual sales gains of more than 10 % .",2.577819531114783,0.5956393312109237,0.2629349313623641,0.875,0.40436066878907634
1311,"To increase their share of that business , jewelry makers such as Crystal Brands Inc. 's Trifari and Monet units and Swank Inc. , maker of Anne Klein jewelry , are launching new lines with as much fanfare as the fragrance companies .",3.581308867429691,0.8682450063454832,0.08694900709712516,0.2718354245051628,0.1317549936545168
1312,"They 're hiring models to stroll the aisles sporting their jewels , and they 're even beginning to borrow a perennial favorite of the beauty business -- offering a gift when consumers make a purchase .",3.782198445330268,0.9274067334047678,0.048087946120725346,0.14802682047063617,0.07259326659523234
1313,"`` We 've started trying just about anything to keep sales moving in the stores , '' says Kim Renk , a Swank vice president .",3.1986942736173694,0.7828331398042604,0.14376869233190673,0.4436771751265327,0.21716686019573972
1314,But there are limits .,1.3509775004326934,0.4102724782438433,0.4181656600790515,1.0,0.5897275217561565
1315,Ms. Renk says retailers nixed a promotion for pins with animal motifs .,2.4047019176030804,0.7196303304340753,0.19968811503840647,0.4704487768507361,0.28036966956592485
1316,Her idea : bring in live zoo animals .,2.040503108511142,0.5983076481896765,0.28312083989852393,0.6911451867766207,0.4016923518103234
1317,"Trifari , whose national ads earlier this year included paper cutouts of its costume finery , takes a tamer approach .",3.1509345574344594,0.8189519811867597,0.12224422950635809,0.3488638397509091,0.1810480188132401
1318,"The company focuses on the how-to aspects , says Andrew E. Philip , president .",2.794409797392909,0.7581066043091358,0.1657766007691937,0.4472490711651117,0.2418933956908642
1319,Trifari now trains sales help to advise customers on the best earring styles .,2.5287738842083103,0.6593525752867022,0.23039758539896021,0.653231930551904,0.3406474247132979
1320,But cosmetics firms still have one big marketing edge : They motivate sales people with commissions .,2.980649086062183,0.8069544895401254,0.13223291325073946,0.357418892170893,0.19304551045987453
1321,Jewelry makers rarely pay commissions and are n't expected to anytime soon .,2.8208488048505465,0.7713657403991758,0.15709015750433178,0.4198462650364175,0.22863425960082423
1322,Odds and Ends,4.440892098500626e-16,2.4180073206327504e-16,1.0,1.0,1.0
1323,"DESPITE GROWING interest in the environment , U.S. consumers have n't shown much interest in refillable packages for household products .",3.019749438283818,0.7971400556394117,0.13772705865197404,0.3848697811721885,0.20285994436058824
1324,"Procter & Gamble Co. recently introduced refillable versions of four products , including Tide and Mr. Clean , in Canada , but does n't plan to bring them to the U.S. .",3.5306390622295662,0.8158008985462768,0.11977519535414385,0.39859023444260855,0.1841991014537233
1325,Marketers believe most Americans wo n't make the convenience trade-off ... .,2.981203125901445,0.7732562083598599,0.15307643835228216,0.4370927081530443,0.22674379164014014
1326,"Braumeisters Ltd. tests a beer brewed with oat bran , rather than rice or corn .",2.9756025296523,0.7883649120234776,0.14395827368514905,0.39939747034769923,0.2116350879765223
1327,"Called Otto 's Original Oat Bran Beer , the brew costs about $ 12.75 a case .",2.7428935578288645,0.6976786140674011,0.20255316416301214,0.5957696904708504,0.3023213859325991
1328,"No cholesterol , of course .",2.2516291673878226,0.7715561736794712,0.1737653428714399,0.33333333333333315,0.2284438263205287
1329,"Northwest Airlines settled the remaining lawsuits filed on behalf of 156 people killed in a 1987 crash , but claims against the jetliner 's maker are being pursued , a federal judge said .",3.7352814162198373,0.9025684304113095,0.06423777012726362,0.20161038153745137,0.09743156958869051
1330,"Northwest , a unit of NWA Inc. , and McDonnell Douglas Corp. , which made the MD-80 aircraft , also are pursuing counterclaims against each other in the crash near Detroit Metropolitan Airport .",3.7201032825540725,0.9217226539798528,0.05203005783161417,0.15796498579145046,0.0782773460201473
1331,Terms of the settlements for the remaining 145 lawsuits against Northwest were n't disclosed .,3.277417297248677,0.8187340185403831,0.12068456310479929,0.36397439550320976,0.18126598145961687
1332,A total of 157 lawsuits were filed on behalf of crash victims .,2.616616340846424,0.761229075939179,0.16807235892651304,0.4121313434249503,0.2387709240608211
1333,U.S. District Judge Julian A. Cook Jr. announced the settlements as the jury trial was to begin yesterday .,3.1101886278842548,0.8981014872414433,0.07157642477626963,0.17679429122080578,0.10189851275855659
1334,He reset opening arguments for today .,1.536412500309067,0.43811519621460415,0.39070917633329016,1.0000000000000002,0.561884803785396
1335,"The jury will resolve the claims against McDonnell Douglas , Northwest 's claim that a defect in the aircraft caused the crash , and McDonnell Douglas ' claim that the plane was improperly flown .",3.6978886528129604,0.8872391569261356,0.07416427005801018,0.23512418045472544,0.11276084307386408
1336,The National Transportation Safety Board ruled that pilots failed to set the plane 's wing flaps and slats properly for takeoff and failed to make mandatory preflight checks that would have detected the error .,3.8093210679526783,0.8801298062744178,0.07792991738811057,0.2595600851141438,0.11987019372558191
1337,"Also , a cockpit warning system failed to alert the pilots the flaps and slats were not set for takeoff , the NTSB said .",3.478418772324301,0.8766773740320183,0.08240652423318205,0.24493818942736223,0.12332262596798155
1338,"The only passenger who survived the crash was Cecelia Cichan , then 4 , of Tempe , Ariz. , whose parents and brother died in the crash .",3.1820058147602133,0.7558408519472771,0.16011191339806807,0.5139414116272565,0.24415914805272276
1339,She now lives with relatives in Alabama .,1.75,0.4666666666666667,0.36363636363636354,1.0,0.5333333333333332
1340,"Sun Myung Moon , the Korean evangelist-industrialist who in 1954 founded the Unification Church , remains the mystery man behind a multimillion-dollar political and publishing operation based in this country and catering to the American right .",3.939011925200725,0.9542145201970316,0.030206266611621624,0.09455140212672268,0.04578547980296825
1341,But there may be less there than meets the eye .,2.2835832253421593,0.5345912284263374,0.30327866010997645,0.9999999999999997,0.4654087715736624
1342,"Mr. Moon planned to convert millions of Americans to his unique brand of Christianity -- in which he plays the role of Old Testament-style temporal , political messiah -- and then to make the U.S. part of a unified international theocracy .",3.6546876610800436,0.8578673541718064,0.0928644621289933,0.3027568448775168,0.14213264582819352
1343,His original strategy -LRB- in itself a brilliant innovation for spreading a religion -RRB- was to create new economic enterprises each time he wanted to extend and fund his various religious missions .,3.7568816150584503,0.929335348384776,0.04693485299267477,0.14292726844928175,0.07066465161522396
1344,Tax-exempt airport and street-corner solicitations were intended only to provide start-up funds .,2.974694958696701,0.7805959552488048,0.1485050438666571,0.4198462650364173,0.21940404475119538
1345,"More stable industries were to build an economically viable infrastructure for the Moon movement in North America , as they had in Japan and South Korea .",3.867712416788687,0.8678076751105331,0.08519196417380494,0.29487433850160377,0.13219232488946697
1346,Then he would move his movement to Europe .,2.401071163826312,0.6095978631794323,0.26083153397827474,0.7757768235684183,0.3904021368205676
1347,But that was not to be .,2.393555357451924,0.7430737542586323,0.18506851287354162,0.42000380365841933,0.25692624574136774
1348,Throughout the 1970s and early 1980s spokesmen for both the Unification Church and its opponents in the anticult movement gave wildly exaggerated membership figures .,3.406043915738038,0.866125498668763,0.08972788022075333,0.26353539710261936,0.13387450133123696
1349,Their legacy lives on .,1.3509775004326934,0.4102724782438433,0.4181656600790515,1.0,0.5897275217561565
1350,"It is still common to read in the press that the church has 10,000 or more full-time American members and 25,000 `` associates . ''",3.824619653606445,0.8727404086768747,0.08241418793140634,0.2791678252006936,0.12725959132312517
1351,"Some estimates have gone as high as 80,000 members .",2.521928094887363,0.6118321418598832,0.2562518980850722,0.7999999999999997,0.3881678581401169
1352,"But internal church documents clearly show that at its publicity-seeking heights , as when it organized a spectacular Yankee Stadium bicentennial rally in 1976 , there actually were only about 2,000 full-time Unification Church members in the U.S.",3.9046279987694597,0.8809478269437842,0.07686898445164794,0.26383767234112926,0.11905217305621599
1353,"Mr. Moon 's support for a Watergate-beleaguered Richard Nixon , the Koreagate scandal , and his prison sentence for income-tax evasion did not help the church 's recruitment efforts .",3.1287246633436387,0.7769812841537312,0.14835040311579473,0.4490224995673064,0.2230187158462688
1354,"Defections , burnouts , and abduction `` deprogrammings '' kept member turnover high .",2.420932812470671,0.8434560033023284,0.12012300149138026,0.2246605019804754,0.15654399669767147
1355,That the membership number has even kept close to its 1976 size is the result of the `` graying '' of the church .,3.001629167387823,0.7425214816073881,0.17105316308019963,0.5204260414863776,0.25747851839261204
1356,"Many of the enthusiastic young `` Moonies '' of the Nixon era who remained faithful to Father Moon are now parents , producing new members by procreation rather than conversion .",3.675752803292715,0.9139079532114748,0.057275933908869224,0.1732618900476346,0.08609204678852546
1357,The reputed wealth of the Unification Church is another matter of contention .,2.704712266056167,0.7396080130511231,0.1789102749259085,0.47816369846220313,0.260391986948877
1358,"For a while in the 1970s it seemed Mr. Moon was on a spending spree , with such purchases as the former New Yorker Hotel and its adjacent Manhattan Center ; a fishing/processing conglomerate with branches in Alaska , Massachusetts , Virginia and Louisiana ; a former Christian Brothers monastery and the Seagram family mansion -LRB- both picturesquely situated on the Hudson River -RRB- ; shares in banks from Washington to Uruguay ; a motion picture production company , and newspapers , such as the Washington Times , the New York City Tribune -LRB- originally the News World -RRB- , and the successful Spanish-language Noticias del Mundo .",3.904751359769661,0.9814003011354946,0.0124219086205844,0.03700182247165291,0.018599698864505625
1359,Yet these purchases can be misleading .,1.822126786023353,0.48044479398695383,0.3509453429964406,1.0000000000000002,0.5195552060130463
1360,"Most were obtained with huge inputs of church money from South Korea and Japan , minimum cash downpayments and sizable mortgages .",3.296084889390329,0.8822566943894226,0.08038930261350817,0.2199427518759018,0.11774330561057754
1361,"Those teams of young fund-raisers selling flowers , peanuts or begging outright at traffic intersections brought in somewhere near $ 20 million a year during the mid-to-late 1970s , but those revenues were a pittance compared to the costs of Mr. Moon 's lavish international conferences , speaking tours , and assorted land buys .",3.875718976908038,0.9340448678338307,0.043445363639962424,0.13686951267978806,0.06595513216616966
1362,"Only his factories in Japan and Korea , employing his followers at subsistence wages and producing everything from rifles to ginseng to expensive marble vases , kept the money flowing westward .",2.9880223634292986,0.7449612570696088,0.16987086648158026,0.5114772481018421,0.2550387429303913
1363,"Virginia Commonwealth University sociologist David Bromley , who more than any other researcher has delved into the complex world of Unificationist finances , has concluded that profitable operations in the U.S. have been the exceptions rather than the rule .",3.7993362921988494,0.892743563610688,0.07009982295382837,0.22823086491807865,0.10725643638931191
1364,"Likewise , journalists John Burgess and Michael Isikoff of the Washington Post have estimated that at least $ 800 million was transferred from Japan to the U.S. to deal with the church 's annual operating losses in this country .",3.9932969191941954,0.8923427912526439,0.06931853588966833,0.24088680058499298,0.10765720874735601
1365,Mr. Moon 's two English-language U.S. newspapers illustrate the scope of this financial drain .,3.0107506305820113,0.7521178229786976,0.1650367707961083,0.4977368881399756,0.24788217702130244
1366,"Start-up costs for the Washington Times alone were close to $ 50 million , and the total amount lost in this journalistic black hole was estimated at $ 150 million by 1984 .",3.8803371884265396,0.8870905289324915,0.07317151983209973,0.2471096550030179,0.11290947106750832
1367,"Since then , Moon 's organization has inaugurated a pair of high-quality glossy opinion magazines , The World and I and Insight , which are a further drain .",3.362619597150726,0.7694347311357868,0.14945058458822605,0.5042461438285437,0.2305652688642133
1368,"Insiders say that not even their editors know for sure how much these show-piece publications , along with the newspapers , have cost Mr. Moon .",3.575627698993533,0.8268303509964433,0.11262929114313905,0.3744360574426767,0.1731696490035568
1369,"Many American church-owned businesses , such as a $ 30 million factory to build fishing vessels , are defunct .",3.1891769932846823,0.8169622685323727,0.12303686424518889,0.3572623513863329,0.18303773146762714
1370,Some components of the American church had their budgets cut in half last year and again this year .,2.778630922077432,0.7191859746917915,0.1893068781300663,0.5435600481597073,0.28081402530820837
1371,The relatively small academic conferences that have attracted conservative guests -- and press scrutiny -- in recent years are much more narrowly targeted and austere than the thousand-person get-togethers in fancy digs and exotic locales of years past .,3.3115175552096243,0.8394279400173635,0.1075308042101934,0.3168762311059667,0.16057205998263654
1372,I attended several of these in the dual role as a presenter of research findings as well as an investigator of my hosts .,3.251629167387823,0.8718500299384655,0.08754933890599953,0.23897239556289981,0.12814997006153456
1373,-LRB- Mr. Moon 's Paragon House eventually even published three of my co-edited books on religion and politics . -RRB-,3.1219280948873616,0.7351872572500449,0.17319147693757495,0.5622556248918265,0.2648127427499548
1374,"According to veteran watchers of Unificationist affairs , such as Dr. J. Gordon Melton , director of the Institute for the Study of American Religion , almost all operations are being drastically reduced as Mr. Moon now concentrates more on developing his empire in the Far East .",3.920433530570501,0.9413870232792919,0.038567420599175936,0.12204771979007739,0.05861297672070809
1375,"`` Everything , '' one non-`` Moonie '' senior consultant to the Unification Church recently told me in an interview , `` is going back to Korea and Japan . ''",3.6101097741366113,0.8574575897207354,0.09345049770855429,0.3002949517839746,0.1425424102792645
1376,-LRB- Europe had proved even less hospitable than North America .,2.534027543720656,0.6928185699280256,0.2109107576270682,0.5651414864399221,0.3071814300719743
1377,European politicians were less reluctant to have their governments investigate and harass new religions . -RRB-,2.875,0.7604534452184702,0.1628472883322384,0.4528195311147832,0.23954655478152984
1378,"So Mr. Moon is in retreat , refocusing on the Far East .",2.2431738045177054,0.6197906929428939,0.2622568248978917,0.6909874212586593,0.38020930705710626
1379,South Korea and Japan continue to be profitable .,2.040503108511142,0.5983076481896765,0.28312083989852393,0.6911451867766207,0.4016923518103234
1380,"Moon 's Tong'Il industry conglomerate is now investing heavily in China , where church accountants have high hopes of expanding and attracting converts even in the wake of the bloody massacre in Tiananmen Square .",3.6116157954228494,0.8489663719646409,0.09870538211570423,0.3214478769135616,0.15103362803535886
1381,Panda Motors is one such investment .,2.1078410717376386,0.6010607207034366,0.27740425825876003,0.7100019018292099,0.3989392792965634
1382,"According to senior consultants to the church , Mr. Moon has successfully negotiated a joint venture with the Chinese government to build an automobile-parts plant in Guangdong Province , an area of China with a substantial Korean minority .",3.7802528100171613,0.934212187385214,0.043684522227683084,0.1331670584751956,0.06578781261478613
1383,Mr. Moon has agreed to put up $ 10 million a year for 25 years and keep the profits in China .,3.721906050947176,0.8680088907403873,0.08606801167793071,0.2829801131446664,0.13199110925961272
1384,"In return , he has the government 's blessing to build churches and spread Unificationism in that country .",3.1896504702172512,0.8047387946498095,0.13048599637644348,0.38774231660994146,0.19526120535019037
1385,"Whatever respectability and ties to intellectuals and opinion-makers the publications and conferences bring really are salvage -- not the Rev. Moon 's original final goals , but the ones for which he will have to settle .",3.790290307659477,0.8740678212783687,0.08182574171759491,0.2731888619968706,0.12593217872163143
1386,"Mr. Shupe is co-author -LRB- with David G. Bromley -RRB- of `` ` Moonies ' in America : Cult , Church , and Crusade '' and `` Strange Gods : The Great American Cult Scare .",3.3857095624915683,0.9516494158783825,0.03362715486722674,0.08600910812387491,0.048350584121617225
1387,The Manville Personal Injury Settlement Trust said it is considering several ways to ease a liquidity crunch that could include the sale of Manville Corp. to a third party .,3.3312839261371594,0.819533657389044,0.11967444252494827,0.366784585921679,0.18046634261095604
1388,"In a filing with the Securities and Exchange Commission , the majority holder of Manville acknowledged that the cash portion of its initial funding of $ 765 million will be depleted next year , and that alternative sources of funds will be necessary to meet its obligations .",4.101227480952955,0.9036884375848442,0.06176556738686233,0.21854635407652215,0.09631156241515582
1389,"The trust , which was created as part of Manville 's bankruptcy-law reorganization to compensate victims of asbestos-related diseases , ultimately expects to receive $ 2.5 billion from Manville , but its cash flow from investments has so far lagged behind its payments to victims .",3.851863550084964,0.8749725828454792,0.08088783838552054,0.27520208080840824,0.12502741715452093
1390,Spokespersons for both the trust and the company refused to comment on whether any talks with a possible acquirer of Manville had actually taken place .,3.2539150845089067,0.7720392511374443,0.1494363475855637,0.4803932690643487,0.2279607488625558
1391,"The trust is considering a sale of its Manville holdings , but Manville has the right of first refusal on any sales of its stock held by the trust .",3.0980685120588385,0.7795023742765272,0.14731448460879826,0.43817490092422196,0.22049762572347284
1392,"Manville , a forest and building products concern , has offered to pay the trust $ 500 million for a majority of Manville 's convertible preferred stock .",3.6520507954291483,0.8420082596771669,0.10266639269267001,0.3426295729797606,0.15799174032283314
1393,"Manville and the trust are discussing the offer , but no decision has been made .",2.577819531114783,0.6904642080965546,0.21138770220324754,0.5778195311147831,0.3095357919034454
1394,The filing also said the trust is considering a sale of Manville securities in the open market ; an extraordinary dividend on the common stock ; or a recapitalization of Manville .,3.027604015121716,0.7638307355501669,0.157928141424124,0.4680533133964832,0.23616926444983316
1395,"The Soviet Union 's jobless rate is soaring to 27 % in some areas , Pravda said .",3.32297430711806,0.7638654337963198,0.1533090492353285,0.5136173609909186,0.23613456620368012
1396,It said the situation is caused by efforts to streamline bloated factory payrolls .,2.359879028736862,0.6056731153571349,0.2652378886760716,0.7682062501545331,0.3943268846428651
1397,"Unemployment has reached 27.6 % in Azerbaijan , 25.7 % in Tadzhikistan , 22.8 % in Uzbekistan , 18.8 % in Turkmenia , 18 % in Armenia and 16.3 % in Kirgizia , the Communist Party newspaper said .",3.695631657551833,0.9294303488174015,0.04713284607633403,0.14036726688020476,0.07056965118259861
1398,"All are non-Russian republics along the southern border of the Soviet Union , and all but Kirgizia have reported rioting in the past six months .",3.30948598597261,0.7942488035350052,0.13536113135821326,0.4286633472202561,0.20575119646499485
1399,The newspaper said it is past time for the Soviet Union to create unemployment insurance and retraining programs like those of the West .,3.0686975204893567,0.7297757699947633,0.17726895404214857,0.5681446676416549,0.27022423000523665
1400,"Pravda gave no estimate for overall unemployment but said an `` Association of the Unemployed '' has cropped up that says the number of jobless is 23 million Soviets , or 17 % of the work force .",4.025419853132168,0.9423283310382783,0.037649333394441986,0.1231803573951713,0.05767166896172173
1401,"An 11-week dispute involving Australia 's 1,640 domestic pilots has slashed airline earnings and crippled much of the continent 's tourist industry .",3.021978318225816,0.740607620099635,0.17172377830264238,0.5299357075386162,0.25939237990036496
1402,"`` The only people who are flying are those who have to , '' said Frank Moore , chairman of the Australian Tourist Industry Association .",3.6171782936649177,0.9013726552958214,0.06568082144493974,0.19789411645102534,0.0986273447041786
1403,He added : `` How is a travel agent going to sell a holiday when he can not guarantee a return flight ? '',3.64100324938559,0.9328473680913141,0.04514196407103934,0.13105195948861076,0.06715263190868599
1404,"Transport giant TNT , which owns half of one of the country 's two major domestic carriers , said the cost of the dispute had been heavy , cutting TNT 's profits 70 % to $ 12 million in the three months to Sept. 30 .",3.8236274565448154,0.8803006406923009,0.07774973446962871,0.25995991347899083,0.1196993593076991
1405,"Brazilian financier Naji Nahas , who was arrested on Monday after 102 days in hiding , is likely to be interrogated next week by the Brazilian judiciary .",3.748945206936186,0.8840985465971148,0.07583445987302112,0.245735161472723,0.11590145340288506
1406,"Mr. Nahas , who single-handedly provoked a one-day closure of Brazil 's stock markets in June when he failed to honor a debt of $ 31.1 million owed to his brokers , yesterday blamed his predicament on the president of the Sao Paulo stock exchange ; a few days before Mr. Nahas 's failure , the exchange raised the required margin on stock-margin transactions .",4.064125438325508,0.9491742168810985,0.03315487099642923,0.1088301962254584,0.05082578311890146
1407,China 's parliament ousted two Hong Kong residents from a panel drafting a new constitution for the colony .,3.2293813913837495,0.8230126490369408,0.11867863894625008,0.34793180961686127,0.17698735096305906
1408,"The two , Szeto Wah and Martin Lee , were deemed unfit because they had condemned China 's crackdown on its pro-democracy movement .",3.6205772078992116,0.8070043961422013,0.1241758311056351,0.4329316468984662,0.19299560385779857
1409,"The committee is formulating Hong Kong 's constitution for when it reverts to Chinese control in 1997 , and Chinese lawmakers said the two can only return if they `` abandon their antagonistic stand against the Chinese government and their attempt to nullify the Sino-British joint declaration on Hong Kong . ''",4.361792785940383,0.9420166100020197,0.0369777902391756,0.13423942291050237,0.05798338999798018
1410,NUCLEAR REACTOR FOR ISRAEL ?,1.7509775004326937,0.6052716648242666,0.29707177702094517,0.5880325916843804,0.3947283351757332
1411,"Israeli officials confirmed that Energy Minister Moshe Shahal and his Canadian counterpart , Jake Epp , discussed a possible Israeli purchase of a $ 1.1 billion Canadian nuclear reactor for producing electricity .",3.6844464779201713,0.8604609956741543,0.09100971583311482,0.2989472076063218,0.13953900432584576
1412,"However , a Canadian Embassy official in Tel Aviv said that Canada was unlikely to sell the Candu heavy-water reactor to Israel since Israel has n't signed the Nuclear Non-Proliferation Treaty .",3.383142309391586,0.8429112684227467,0.10460732223887964,0.31524880140831335,0.1570887315772534
1413,Israel has been accused in the past of using subterfuge to seek elements needed to develop nuclear weapons .,3.0188550755942756,0.754088678255542,0.1637866100641536,0.4932163293045093,0.24591132174445765
1414,The South Korean government is signing a protocol today establishing formal diplomatic relations with Poland .,2.75,0.7333333333333333,0.18181818181818185,0.5,0.2666666666666667
1415,The two are also signing a trade agreement .,2.623293386048535,0.7058397480519879,0.20056338835008805,0.5515536471368371,0.294160251948012
1416,"South Korean government officials said they do n't expect that Seoul can loan money to Warsaw , but it can `` offer experience . ''",3.794424153519906,0.8922795058131006,0.07039487455088328,0.22930576132928776,0.10772049418689932
1417,Poland is the second Communist nation to recognize the Seoul government ; South Korea established diplomatic relations with Hungary in February 1989 .,3.3412058836731084,0.8422951329722529,0.10538237059180136,0.31321809570132086,0.15770486702774716
1418,"Venezuela will hold a debt-equity auction Friday , with 32 potential bidders participating .",2.0930692077718906,0.5113691221730593,0.32330346747086075,1.0,0.4886308778269409
1419,"Earlier this year , Venezuela announced it was opening up debt-equity swaps to foreign investors but said the program would be limited to a net disbursement of $ 600 million a year .",3.813761825470143,0.8677395313955175,0.0855919383345202,0.2908386093559337,0.13226046860448235
1420,Friday 's auction will be limited to $ 150 million disbursed by the Central Bank to potential investors .,3.539914787693756,0.8185982966746563,0.11791363651632186,0.3930089225410002,0.18140170332534342
1421,"The office of foreign investment has authorized some $ 1.78 billion worth of investment proposals , said Edwin Perozo , superintendent of foreign investment .",3.711070031955652,0.9104124637220571,0.059332655139152445,0.18280169571024743,0.08958753627794298
1422,"Most of the proposals are in tourism , basic industry and fishery and agro-industry projects , he said .",3.124118233489013,0.8181338210253359,0.12310767292316994,0.34793180961686127,0.18186617897466392
1423,"Under the debt-equity program , potential investors will submit sealed bids on the percentage of discount they are willing to purchase the debt at , and the bids will be allocated based on these discount offers .",3.6588895474547725,0.9094240404077246,0.060257107198455985,0.1823033888371301,0.09057595959227532
1424,The Venezuelan central bank set a 30 % floor on the bidding .,2.974694958696701,0.7805959552488048,0.14850504386665708,0.4198462650364173,0.21940404475119532
1425,A song by American singer Tracy Chapman praising jailed black leader Nelson Mandela was banned from South African state radio and television .,3.4636255773672646,0.9063870520172717,0.06336591475573587,0.17910840608426123,0.0936129479827284
1426,The South African Broadcasting Corp. said the song `` Freedom Now '' was `` undesirable for broadcasting . '' ...,3.1351612202118826,0.8453542946891197,0.10586901733042356,0.2867668746754798,0.1546457053108803
1427,Britain 's House of Commons passed a law that will force English soccer fans to carry identity cards to enter stadiums .,3.049452072789393,0.7703470915303559,0.15363827983211117,0.4545454545454546,0.2296529084696441
1428,"The `` anti-hooligan '' law , which would deprive troublemakers of cards , must be ratified by the House of Lords and is expected to become effective early next year .",3.7718963514006543,0.8845356405116772,0.07540094524457075,0.2463704056538865,0.11546435948832291
1429,"A federal judge ruled that Imelda Marcos was n't brought to the U.S. against her will and that marital privileges , which protect spouses from incriminating each other , do n't apply in her case .",4.0308616253226175,0.8978875108215778,0.06568859158305329,0.2292053899484878,0.10211248917842233
1430,"As a result , Judge John F. Keenan of New York ordered Mrs. Marcos to turn over to the court all pleadings and documents she may have filed in foreign countries in opposition to U.S. requests for evidence .",3.564131200279011,0.8963587315140441,0.06922108686728379,0.20614869635289365,0.10364126848595602
1431,Mrs. Marcos had claimed that she did n't have to turn over the documents because she was brought here involuntarily and because providing the materials would violate her marital privilege .,3.6567176269771364,0.816805783878793,0.11791649513822776,0.410374676106585,0.1831942161212071
1432,"In 1988 , a year and a half after Mrs. Marcos and her late husband , Ferdinand Marcos , the ousted president of the Philippines , fled the Philippines for Hawaii , they were charged with racketeering , conspiracy , obstruction of justice and mail fraud in a scheme in which they allegedly embezzled more than $ 100 million from their homeland .",3.9636935351935407,0.8975437195823986,0.06622045814671522,0.22627261032477852,0.10245628041760121
1433,"Much of the money was fraudulently concealed through purchases of prime Manhattan real estate , federal prosecutors have charged .",3.108694969562842,0.7802589409042442,0.14668814530647048,0.43774437510817354,0.21974105909575575
1434,Mrs. Marcos 's trial is expected to begin in March .,2.1703911800842928,0.5933981725244268,0.2791727985162721,0.7480516029725288,0.4066018274755732
1435,U.S. law requires criminal defendants to turn over foreign documents such as those sought in the Marcos case .,3.1843943928430467,0.8023487147773362,0.13202436022668232,0.3930089225410003,0.1976512852226636
1436,"The law is meant to overcome delays caused by defendants ' use of foreign procedures to block U.S. requests for records , Judge Keenan said in his opinion .",3.638481666116243,0.9196320832001074,0.05376030461800763,0.1591224774059258,0.08036791679989289
1437,"For instance , the documents could involve foreign business dealings or bank accounts .",2.699513850319967,0.7590032078878065,0.16762963417045323,0.42857142857142844,0.24099679211219363
1438,"The U.S. has charged that the Marcoses ' alleged crimes involved bank accounts in the Philippines , Hong Kong , the U.S. and other countries .",3.527738756769051,0.8556730733459056,0.09527230111925074,0.29751298051959973,0.14432692665409436
1439,"On the allegation of kidnapping , Judge Keenan wrote , `` The suggestion that Mrs. Marcos was brought to this country against her will is unsupported by affidavit or affirmation . ''",3.573170012196751,0.8687274719436826,0.0867201010364595,0.2699690500328154,0.13127252805631756
1440,The judge also said the two marital testimonial privileges cited by Mrs. Marcos do n't apply .,3.045555147695139,0.7026024140070833,0.19314579067985363,0.6461751624040605,0.2973975859929167
1441,The first one permits a witness to refuse to testify against her spouse .,2.2359263506290334,0.5819131870918669,0.28258883981088706,0.8032223212740378,0.4180868129081332
1442,But Judge Keenan said that privilege 's purpose is `` fostering harmony in marriage . '',2.797180468885217,0.7076418356231785,0.19568399796401983,0.5778195311147831,0.29235816437682155
1443,"Because Mr. Marcos died Sept. 28 , the privilege can no longer apply , the judge said .",3.629072918469557,0.8973723621745422,0.06817057240417537,0.20751874963942196,0.10262763782545783
1444,The second marital privilege cited by Mrs. Marcos protects confidential communications between spouses .,2.7723388509381,0.7493792328141504,0.17172999487888732,0.4635874996909331,0.25062076718584964
1445,"But Judge Keenan said that privilege is meant to protect private utterances -- not litigation papers filed with foreign governments , as Mrs. Marcos 's attorneys maintained .",3.348256601619271,0.7896057775528273,0.1376611919112348,0.44607946413118077,0.2103942224471727
1446,"Though Judge Keenan threw out most of Mrs. Marcos 's objections , he agreed with one of her concerns : that turning over the foreign documents could violate the defendant 's constitutional right against self-incrimination .",3.608821364213985,0.8244129609483137,0.11378759255747369,0.3843111934338739,0.17558703905168613
1447,"As a result , he said he will examine the Marcos documents sought by the prosecutors to determine whether turning over the filings is self-incrimination .",3.271776370920836,0.8153011866061566,0.12300006473863132,0.37059507782306617,0.18469881339384342
1448,Judge Keenan also directed the prosecutors to show that Mrs. Marcos 's Fifth Amendment right against self-incrimination wo n't be violated .,3.311926505099272,0.8248597374536187,0.11661361190284872,0.3516062497049817,0.1751402625463812
1449,"Mrs. Marcos 's attorney in New York , Sandor Frankel , declined to comment on the ruling .",2.794653473544342,0.7763646666858,0.15482998739574833,0.4025062498798075,0.2236353333142001
1450,Mrs. Marcos has n't admitted that she filed any documents such as those sought by the government .,3.5451965293402825,0.8149485474434363,0.12014362279596294,0.4025062498798075,0.1850514525565637
1451,"Charles LaBella , the assistant U.S. attorney prosecuting the Marcos case , did n't return phone calls seeking comment .",3.036452797660028,0.8503205847695954,0.10394944927131404,0.26724889839732036,0.14967941523040462
1452,U.S. . AND BRITISH LAW FIRMS announce rare joint venture in Tokyo .,3.1285411125428544,0.8555047074824481,0.09927990800611797,0.26533997566574696,0.14449529251755192
1453,"Sidley & Austin , a leading Chicago-based law firm , and Ashurst Morris Crisp , a midsized London firm of solicitors , are scheduled today to announce plans to open a joint office in Tokyo .",3.730579263387943,0.9093126386772444,0.059958244754115285,0.18602864142204287,0.09068736132275552
1454,The firms will be registered under Japanese law as foreign legal consultants and their practice with Japanese clients will be limited to advising them on matters of foreign law .,3.2491374779134876,0.8426118632744117,0.10624771465205785,0.3034467682586749,0.15738813672558835
1455,The office may also be able to advise foreign and multinational clients on international law and general matters .,3.0704577067177556,0.766978651084315,0.15520138129767316,0.46736333059610197,0.23302134891568485
1456,"The office will provide `` one-stop shopping '' for Japanese financial institutions and other clients seeking advice on access to the world capital markets , according to A. Bruce Schimberg , Sidley 's senior banking specialist , who will move to Tokyo from Chicago to open the office next year .",3.355812017218291,0.8209520802285581,0.11850698052803323,0.3660492914765797,0.17904791977144163
1457,"The Sidley-Ashurst venture will also be staffed by another Sidley partner specializing in corporate law , a partner from Ashurst concentrating on acquisitions and a Japanese attorney .",2.8891582811809364,0.6998785359290897,0.19803280397610162,0.6194634988552286,0.3001214640709103
1458,"The office will tap the resources of Sidley 's 700 lawyers in the U.S. , London and Singapore as well as the 400 Ashurst staff members in London and Brussels .",3.1623287077800173,0.7582015450545676,0.15899017452701317,0.5046288097974679,0.24179845494543253
1459,Ashurst is new to the Far East .,2.0943609377704338,0.6149685564151712,0.2725425740393134,0.6556390622295661,0.3850314435848287
1460,Sidley will maintain its association with the Hashidate Law Office in Tokyo .,2.7123942252953883,0.7432700033788426,0.17653323610774332,0.47044877685073594,0.2567299966211575
1461,THE UNITED AUTO WORKERS said it will seek a rehearing of a U.S. appellate court ruling against the union 's claim that the state of Michigan engages in wage-discrimination against female employees .,3.7133743095075418,0.9154486874845609,0.05609559943901666,0.17159826551703744,0.0845513125154391
1462,A three-judge panel of the court in Cincinnati made the ruling Saturday .,2.820848804850547,0.7713657403991759,0.15709015750433175,0.4198462650364174,0.22863425960082417
1463,The UAW is seeking a hearing by the full 14-judge panel .,2.981203125901445,0.7732562083598599,0.15307643835228216,0.4370927081530443,0.22674379164014014
1464,"The union sued the state in November 1985 , alleging that it intentionally segregated job classifications by sex and paid employees in predominantly female jobs less than males in comparable jobs .",3.473288969616458,0.8350121277195917,0.108603188985281,0.34313906222956647,0.16498787228040837
1465,The UAW also charged that the state applied its own standards for determining pay in a discriminatory manner .,3.539914787693756,0.8604902258634478,0.09209736002716833,0.2875349098464324,0.13950977413655186
1466,"In November 1987 , a district court judge in Detroit ruled against the UAW .",2.6937581304377796,0.7308004112358804,0.18449033147979427,0.49773688813997546,0.2691995887641196
1467,"The union is the bargaining representative for more than 20,000 Michigan state employees .",2.6716310270654526,0.723552448869748,0.18956264475735324,0.5103747876947611,0.27644755113025193
1468,NEW JERSEY MERGER :,1.5,0.6,0.3333333333333333,0.49999999999999994,0.39999999999999997
1469,"One of the largest law firms in central New Jersey has been created through the merger of Norris , McLaughlin & Marcus , a 41-lawyer firm , and Manger , Kalison , McBride & Webb , a health-care specialty law firm with 14 lawyers .",3.8155786574138935,0.9419227833321342,0.03855233974417985,0.11767268234860638,0.05807721666786573
1470,"Norris McLaughlin is a general-practice firm that has expanded recently into such specialties as banking , labor and environmental work .",3.529894367912249,0.8343985754610046,0.10837701777783018,0.350859676067163,0.1656014245389953
1471,The merged firm will carry Norris McLaughlin 's name .,2.521928094887362,0.6775864634116968,0.2204319802301129,0.5999999999999998,0.3224135365883031
1472,DRUG WARS :,1.3333333333333335,0.7259824578787192,0.2740175421212811,0.2740175421212811,0.2740175421212811
1473,A Texas legislator proposes color-coding drivers ' licenses of some drug offenders .,2.866240379141541,0.8199975370726447,0.12585223896799533,0.3159424874800655,0.18000246292735528
1474,The bill would authorize courts to order the licenses as a condition of probation .,3.1004158284451044,0.8743301493066115,0.08740418892512727,0.22353277576132452,0.1256698506933886
1475,"State Senator J.E. `` Buster '' Brown , a Republican who is running for Texas attorney general , introduced the bill .",2.622043006512582,0.7202382057820292,0.19285561161083933,0.5092394780850051,0.27976179421797076
1476,He said an altered license would be an `` embarrassment '' to teenagers and young adults and would act as a deterrant to drug use .,3.7106190453138,0.9194572679447865,0.053537454895823754,0.1625216341993331,0.08054273205521353
1477,"Richard Avena , executive director of the Texas Civil Liberties Union , called the proposal `` political gimmickry , '' and said it fails to recognize the drug problem as a health issue .",3.4692407821722844,0.8805561781468526,0.08003666752355541,0.235294117647059,0.11944382185314747
1478,"The amendment , offered by Rep. Douglas Bosco -LRB- D. , Calif. -RRB- , was approved 283-132 during debate on a bill designed to strengthen the Transportation Department 's authority in dealing with leveraged buy-outs of airlines .",3.863370196283396,0.9485193250563206,0.034116480404748364,0.10484177813148664,0.051480674943679416
1479,"The bill would require the agency to block the acquisition of 15 % or more of an airline 's stock if the purchase threatened safety , reduced the carrier 's ability to compete , or put the airline under foreign control .",3.719862550334459,0.8991766024374876,0.06648191037890959,0.20855145684039647,0.10082339756251232
1480,"Debate on the legislation , which faces a veto threat from President Bush , is to continue today .",3.2551827069454897,0.8524565548195269,0.09987415083793975,0.28226830391537355,0.14754344518047302
1481,The amendment would require the department to block the purchase of a major airline by anyone who has run two or more carriers that have filed for protection from creditors under Chapter 11 of the Bankruptcy Code .,3.6846950297878927,0.8601059253663123,0.0912463693732691,0.2996532091556004,0.13989407463368775
1482,"In 1983 , Texas Air 's Continental Airlines filed for bankruptcy .",2.9182958340544896,0.8140380362325801,0.12895093574484717,0.3333333333333332,0.18596196376741986
1483,"Earlier this year , Texas Air 's Eastern Airlines filed for bankruptcy .",3.0124045737484746,0.7983918688466607,0.13694387977553454,0.38197484251731834,0.20160813115333936
1484,"`` This ought to be subtitled the ` Do n't let Frank Lorenzo take over another airline ' amendment , '' said Rep. James Oberstar -LRB- D. , Minn. -RRB- , chairman of the House aviation subcommittee , who argued that the provision was unnecessary because the bill already would give the department ample power to block undesirable deals .",3.860255660184671,0.9043204928625421,0.062475551404879814,0.20421264469077594,0.09567950713745788
1485,"For years , a strict regimen governed the staff meetings at Nissan Motor Co. 's technical center in Tokyo 's western suburbs .",3.308384687926871,0.8647798747325206,0.0914927695083882,0.25900882632205724,0.1352201252674794
1486,Employees wore identification badges listing not only their names but also their dates of hire .,2.565336347351049,0.7364337133940659,0.18484750429378224,0.45906112299665003,0.2635662866059339
1487,"No one could voice an opinion until everybody with more seniority had spoken first , so younger employees -- often the most enthusiastic and innovative -- seldom spoke up at all .",3.628120795940933,0.8481835891933792,0.0990684746180009,0.32469873517384973,0.1518164108066208
1488,"But in 1986 , the badges and the `` do n't speak out of turn '' rule were abolished -- early steps in a cultural revolution still rolling on with all the subtlety of a freight train .",3.5206782496699076,0.8465462623897202,0.10101618747782064,0.3190972899755995,0.15345373761027975
1489,"In recent years , Nissan has instituted flex-time work schedules and allowed employees to dress casually , even in blue jeans .",2.9305465266645827,0.7145045155571,0.18877300071906974,0.5854811146016481,0.28549548444290007
1490,"A rule forbidding staffers to own competitors ' cars has been lifted , and now many designers drive foreign cars to get useful ideas .",3.3804835316960355,0.8743126868213568,0.08473341706539023,0.24326249570061492,0.12568731317864312
1491,Nissan 's decades-old corporate song filled with references to Mount Fuji has been scrapped in favor of a snappy tune sung by a popular Japanese vocalist .,3.5643558025167073,0.8992778459324534,0.06733193994724898,0.19980769580221328,0.10072215406754666
1492,"And in a Japanese corporate first , Nissan recently opened the first coed company dormitory for single employees at the suburban Tokyo technical center .",3.235064650760047,0.8398695278683861,0.1080961640783116,0.3087569876700952,0.1601304721316139
1493,"`` We had lots of internal debate about this one , '' concedes Tadahiko Fukuyama , a senior public-relations official .",3.117750461623983,0.8185627510353356,0.1229448796966186,0.3460963831838138,0.18143724896466437
1494,"`` But in the end , top management decided to follow the voice of the younger generation . ''",3.3154588662995246,0.8639009938104959,0.0919645848635424,0.2616819111380249,0.136099006189504
1495,"This corporate glasnost is a big reason Nissan , after years of making lackluster cars and lousy profits , has loosened up its rigid ways and now is riding a string of hits , ranging from the sleek Maxima sedan and Porsche-like 300ZX to the whimsically nostalgic Pao , a minicar sold only in Japan .",3.8328207621360706,0.8674898777188229,0.08563758441619876,0.29273399086110524,0.1325101222811775
1496,The company 's turnaround is far from complete ; many crucial tests are just beginning .,2.625,0.6512614896725507,0.23190472922820984,0.7028195311147831,0.34873851032744946
1497,But its surprising progress so far holds important lessons for companies in trouble .,2.8423709931771093,0.7465474197611737,0.17186710545548448,0.48249196444024767,0.25345258023882633
1498,The big one : A company 's culture ca n't be radically changed unless top management first admits that things have gone badly awry and then publicly leads the charge .,3.495629934729042,0.8464161116067072,0.10130244831101028,0.31738278092468786,0.15358388839329307
1499,"Atsushi Muramatsu , Nissan 's executive vice president for finance , helped set the tone in December 1986 , when the company was heading toward the first operating loss by a Japanese auto maker since the nation 's postwar recovery .",3.6800983871127237,0.9040741345681299,0.06357424464232762,0.195320369782079,0.09592586543187027
1500,"`` This is a time of self-criticism to discover what is wrong with us , '' he said .",3.0115411025722953,0.7983420355232405,0.13710100397779668,0.3811134321172655,0.20165796447675932
1501,"Yutaka Kume , who took the helm as Nissan 's president in June 1985 , added simply , `` I am deeply disappointed . ''",3.275206153866062,0.7812777029446675,0.14356899992738775,0.4589844168100947,0.21872229705533253
1502,No wonder .,0.666666666666667,0.26631956334878915,0.5793801642856952,1.0,0.7336804366512111
1503,"Nissan , Japan 's second-largest auto maker and the world 's fourth-largest , was getting beat up not only by its bigger rival , Toyota Motor Corp. , but also by Honda Motor Co. , the most successful Japanese car company in the U.S. but a relative pipsqueak in Japan .",4.16068046034474,0.9838578144529514,0.010569791739509508,0.0341416756831165,0.016142185547048306
1504,Nissan 's market share in Japan had been dropping year by year since the beginning of the decade .,3.249926629571286,0.8800753270633239,0.08216913344603223,0.22187140414494463,0.11992467293667587
1505,"Its U.S. sales sagged , partly because of price increases due to the rising yen .",2.952819531114783,0.7470160243521217,0.16932968463915374,0.49999999999999994,0.2529839756478783
1506,"Worst of all , Nissan was preoccupied with management infighting , cronyism and corporate rigidity .",2.922180468885217,0.7166036766924698,0.1877366509872974,0.5778195311147831,0.2833963233075303
1507,"Consider the experience of Satoko Kitada , a 30-year-old designer of vehicle interiors who joined Nissan in 1982 .",3.013598998220072,0.7517887005496663,0.16524653323979416,0.49848293523556836,0.24821129945033368
1508,"At that time , tasks were assigned strictly on the basis of seniority .",2.0041326007835663,0.5550726284792796,0.3076799674576793,0.8032223212740378,0.44492737152072026
1509,"`` The oldest designer got to work on the dashboard , '' she recalls .",2.8597731301493163,0.7552171780596872,0.16612015306285793,0.4649500294529372,0.24478282194031256
1510,`` The next level down did doors .,2.5,0.7142857142857143,0.1999999999999999,0.49999999999999983,0.2857142857142856
1511,"If a new person got to work on part of the speedometer , that was a big deal . ''",2.8841837197791884,0.7194819615057206,0.18687691194349326,0.5622556248918267,0.28051803849427925
1512,"This system produced boring , boxy cars that consumers just were n't buying .",2.718418315069282,0.6730176420538839,0.21728623693930182,0.660365178416895,0.3269823579461163
1513,"Desperately hoping to spark sales , Nissan transferred 5,000 middle managers and plant workers to dealerships .",2.8161354694663077,0.7032077677029758,0.19761987130955352,0.5957696904708503,0.29679223229702434
1514,"Meanwhile , President Kume ordered everyone from top executives to rookie designers to go `` town watching , '' to visit chic parts of Tokyo to try to gain insights into developing cars for trend-setters .",3.5406188338852678,0.8869182465006872,0.07543793525761751,0.22571380608535538,0.11308175349931304
1515,Some town-watching excursions were downright comic .,1.5364125003090674,0.4381151962146042,0.39070917633329016,1.0000000000000002,0.561884803785396
1516,One group of middle-aged manufacturing men from the company 's Zama plant outside Tokyo was supposed to check out a trendy restaurant in the city .,3.158137200059943,0.7777024383977484,0.14746175994515956,0.4513591343657537,0.2222975616022515
1517,"But when they arrived at the door , all were afraid to go in , fearing that they would be out of place .",3.464938145669646,0.7925921228396549,0.13446152914812176,0.45335768838484386,0.2074078771603452
1518,Other trips were more productive .,1.2516291673878228,0.38492371145548304,0.4441228664487977,0.9999999999999997,0.6150762885445168
1519,Mr. Kume himself visited Honda 's headquarters in Tokyo 's upscale Aoyama district .,2.385916741351168,0.6461730244614623,0.24262243233971903,0.653231930551904,0.35382697553853787
1520,He liked the well-lighted lobby display of Honda 's cars and trucks so much that he had Nissan 's gloomy lobby exhibit refurbished .,3.345990105158257,0.7738298992507415,0.14710648999459625,0.48897239556289973,0.22617010074925853
1521,"Later , Nissan borrowed other Honda practices , including an engineering `` idea contest '' to promote inventiveness .",3.1949065475914544,0.8709405450073101,0.08864678087042198,0.23719119099123448,0.12905945499268967
1522,One engineer developed a `` crab car '' that moves sideways .,2.877443751081734,0.7935992546398357,0.14250260419366578,0.3741854163060887,0.2064007453601644
1523,"Such sudden cultural shifts may come across as a bit forced , but they seem to be genuine -- so much so , in fact , that some older employees have resisted .",3.851409356839169,0.889944616914641,0.07154972288594116,0.23830096912009124,0.11005538308535906
1524,"Nissan handled the die-hards in a typically Japanese fashion : They were n't fired but instead `` were neglected , '' says Kouji Hori , the personnel manager at the Nissan Technical Center .",3.785561002824151,0.8743864603312069,0.08167111079325472,0.2719150734657805,0.1256135396687931
1525,"Despite the pain of adjusting , the cultural revolution has begun to yield exciting cars .",2.375,0.6129032258064516,0.26086956521739135,0.75,0.38709677419354843
1526,"A year ago , the company completely revamped its near-luxury sedan , the $ 17,699 Maxima , which competes against a broad range of upscale sedans ; it replaced its boxy , pug-nosed body with sleek , aerodynamic lines .",3.6132152062474425,0.8695746878492434,0.08588128036135953,0.27096851353174606,0.13042531215075662
1527,"Since then , Nissan also has launched new versions of the $ 13,249 240SX sporty coupe and 300ZX sports car .",3.398709248761608,0.7792254729021324,0.14315480207144365,0.4822598088562638,0.22077452709786746
1528,"The restyled 300ZX costs as much as $ 33,000 and is squared off against the Porche 944 , which begins at $ 41,900 .",2.875814583693912,0.6478924934542082,0.2272511922182031,0.7814536459234777,0.3521075065457918
1529,"Besides new styling , the new Nissans have more powerful engines and more sophisticated suspension systems .",2.530561765214934,0.6474517416816469,0.23667755088355863,0.6906914870467595,0.3525482583183531
1530,All three new models are outselling their predecessors by wide margins .,2.8145364592347777,0.6997756900563743,0.19978436298807,0.6037593748197109,0.30022430994362564
1531,"In its home market , Nissan has grabbed attention with limited-production minicars featuring styling odd enough to be cute .",3.208694969562842,0.7856392341077938,0.14193200369383746,0.4377443751081734,0.21436076589220618
1532,"One is the Pao , a tiny coupe with a peelback canvas top and tilted headlights that give it a droopy-eyed look .",2.659702751468436,0.6549525285841712,0.2287853406199076,0.7015601794633505,0.3450474714158287
1533,"Nissan initially planned to sell just 10,000 Paos , but sales have passed 50,000 , and there 's a one-year waiting list for the car .",3.6902603909683838,0.8168703585374015,0.11759560217620767,0.4136495193139796,0.18312964146259847
1534,"Then , there 's the S-Cargo , an offbeat delivery van with a snail-like body that inspired its name .",3.5596724699955358,0.8879878606437663,0.07462080804298817,0.2245112497836531,0.11201213935623369
1535,Nissan helped develop a Tokyo restaurant with both vehicles as its design theme .,2.8073549220576046,0.7660954082144723,0.1608451063149433,0.4285714285714286,0.23390459178552783
1536,"The chairs are S-Cargo seats , and a gift shop sells such items as alarm clocks styled like the Pao 's oversized speedometer .",2.721251836004466,0.705830762895384,0.19859586347682362,0.5670683531015338,0.29416923710461595
1537,All these vehicles have sharply improved Nissan 's morale and image -- but have n't done much for its market share .,3.1689607311116976,0.7377642168113607,0.17090656685485442,0.5631981602528724,0.2622357831886394
1538,Nissan had 29 % of the Japanese car market in 1980 before beginning a depressing eight-year slide that continued through last year .,3.3510129484201805,0.7904890612993443,0.13703803896092354,0.44468220043699264,0.20951093870065576
1539,"Strong sales so far this year are certain to turn the tide , but even the 25 % market share that Nissan expects in 1989 will leave it far below its position at the beginning of the decade .",3.8284568096432654,0.8586308536046976,0.091108278748571,0.3153174032038154,0.14136914639530243
1540,"Nissan concedes that it wo n't recoup all its market-share losses in Japan until at least 1995 , and even that timetable might prove optimistic .",3.787542122236876,0.8075334430323332,0.12231091753590584,0.4513591343657537,0.19246655696766674
1541,"`` Everyone else is going to catch up '' with Nissan 's innovative designs , says A. Rama Krishna , auto analyst at First Boston -LRB- Japan -RRB- Ltd .",3.463452796009186,0.8821776341689518,0.07904469240680255,0.23128686704599047,0.11782236583104834
1542,"Nissan 's pace of new-model hits will slow , he adds , just as arch-rival Toyota unleashes its own batch of new cars .",3.6682958340544896,0.8586723847656412,0.09225996144292492,0.3018796874098554,0.14132761523435866
1543,"Likewise , in the U.S. , Nissan has grabbed 5.2 % of the car market so far this year , up from 4.5 % a year ago .",3.4632309212219,0.8342161879044915,0.10919444783078887,0.344124000835704,0.16578381209550846
1544,"But even that brings Nissan only to the share it had in 1987 , and leaves the company behind its high of 5.5 % in 1980 and 1982 .",3.6384816661162436,0.8425950365662531,0.10239453809531737,0.34014372301116974,0.15740496343374705
1545,Why ?,0.0,0.0,1.0,1.0,1.0
1546,"So far , Nissan 's new-model successes are mostly specialized vehicles with limited sales potential .",3.1784220607670837,0.8527601316263413,0.10061446162903519,0.2743974703476993,0.14723986837365866
1547,"In compact and subcompact cars , the bread-and-butter sales generators for Japanese auto makers , Nissan still trails Toyota and Honda .",3.1708627302010797,0.8212133135620288,0.12063672917920193,0.34516491106515035,0.17878668643797133
1548,"Nissan hopes that that will start to change this fall , with its new version of the Stanza compact sedan .",3.203477559708757,0.7336645950670745,0.17264161040012313,0.5824172931074347,0.26633540493292546
1549,The Stanza has been a nonentity compared with Honda 's hugely successful Accord and Toyota 's Camry .,2.814905027799913,0.6715567348276004,0.21567577269457597,0.6883533069757329,0.3284432651723997
1550,"But this year , Honda has revamped the Accord and made it a midsized car .",2.672180468885217,0.6552964025248816,0.22834981843793253,0.7028195311147831,0.3447035974751185
1551,"Nissan instead has kept its new Stanza a bit smaller than that and cut the base price 6 % ; at $ 11,450 , Stanza prices start $ 749 below the predecessor model yet have a more-powerful engine .",4.224585259682364,0.9205780754780445,0.050768708665832815,0.18232234671092667,0.07942192452195573
1552,"Accord prices start at $ 12,345 .",1.822126786023353,0.48044479398695383,0.3509453429964406,1.0000000000000002,0.5195552060130463
1553,Nissan 's risk is that its low-base-price strategy might get lost amid the highly publicized rebates being offered by Detroit 's Big Three .,3.9607770844150685,0.8719413171162049,0.08210405713316064,0.2908520829727553,0.12805868288379513
1554,"But `` on a new car , a rebate does n't work well '' because it cheapens the vehicle 's image , contends Thomas D. Mignanelli , executive vice president of Nissan 's U.S. sales arm .",3.565785670750549,0.8359947011893251,0.10709856283922597,0.34995203196952285,0.16400529881067483
1555,"Even if the new Stanza succeeds , Nissan will remain behind in the subcompact segment , where its Sentra does n't measure up to the Honda Civic and Toyota Corolla .",3.4835542220013096,0.7874971176125178,0.13725655432987893,0.4703645700888845,0.2125028823874823
1556,Nissan will introduce a completely revamped Sentra next fall .,2.3219280948873626,0.592037395564247,0.27379181623250703,0.7999999999999997,0.4079626044357531
1557,"At the opposite end of the market , Nissan launches its luxury Infiniti division on Nov. 8 -- three years after Honda pioneered Japanese luxury cars and two months after Toyota 's Lexus went on sale .",3.5689219675150596,0.8430343543447268,0.10273843511281236,0.3324262568904694,0.15696564565527305
1558,Nissan started advertising Infiniti fully eight months before the cars hit American showrooms .,3.0580531366523864,0.7673470707991867,0.15529382632269745,0.46358749969093294,0.23265292920081332
1559,"The ads featured fences , rocks and pussy-willow buds -- almost anything but the cars themselves .",2.752587501145366,0.7775703327526595,0.1548482003339849,0.3946845759439838,0.22242966724734045
1560,The ads have generated some laughs but also plenty of attention because they are so unlike any other U.S. auto advertising .,2.9928560501604595,0.7016287864081256,0.194869820623932,0.6363636363636364,0.2983712135918743
1561,"On the other hand , Nissan 's sales goals for Infiniti are modest compared with Toyota 's targets for Lexus .",2.7973192257572896,0.7234062921377473,0.18643008551416063,0.5356526760569094,0.2765937078622527
1562,"Nissan will build only about 3,500 of the $ 38,000 Infiniti Q45 sedans each month , sending about 2,000 of them to the U.S. and keeping the rest for sale in Japan .",3.9163096432051177,0.9187186816578782,0.053085660123615125,0.17335765808132086,0.08128131834212168
1563,"Toyota wants to sell about 49,000 Lexus LS400 sedans next year in the U.S. alone .",3.0943609377704333,0.7446173480018882,0.1681558162278077,0.5306390622295664,0.2553826519981117
1564,"`` When I saw the Lexus sales projections , I got worried , '' confesses Takashi Oka , who led the Infiniti development team .",3.355206153866061,0.8847848639447782,0.07820746297506492,0.21870702521032578,0.11521513605522164
1565,"But on reflection , Mr. Oka says , he concluded that Nissan is being prudent in following its slow-startup strategy instead of simply copying Lexus .",3.4444773322928772,0.8007053112804094,0.12982701085513862,0.4286633472202562,0.1992946887195906
1566,"`` Infiniti is Nissan 's big business move for the 21st century , and we 're in no hurry to generate large profits right away , '' Mr. Oka says .",3.7276766895648707,0.8715920426172912,0.08377792827589818,0.27479769979988816,0.12840795738270894
1567,"Despite plans to add two new Infiniti models next year , bringing the total to four , Infiniti wo n't show profits for at least five years , he adds .",3.68512357927508,0.8741707788146721,0.0824610064523535,0.2654198834030668,0.12582922118532802
1568,"These days Nissan can afford that strategy , even though profits are n't exactly robust .",3.297180468885217,0.7845163096999912,0.1413815317147056,0.4528195311147832,0.21548369030000888
1569,"Nissan had record net income of 114.63 billion yen -LRB- $ 868 million -RRB- in the fiscal year ended last March 31 , a remarkable recovery from the 20.39 billion yen of two years earlier , when the company lost money on operations .",3.524680038692988,0.8662975423276831,0.08863630127081798,0.271995683154987,0.13370245767231667
1570,Nissan has increased earnings more than market share by cutting costs and by taking advantage of a general surge in Japanese car sales .,3.054585169337799,0.7594587867909445,0.16006822719443478,0.4837350197682005,0.24054121320905544
1571,"But Nissan expects to earn only 120 billion yen in the current fiscal year , a modest increase of 4.7 % .",3.744189005295952,0.8418823893759366,0.10199167379402066,0.3516062497049817,0.15811761062406335
1572,"The big reason : For all its cost-cutting , Nissan remains less efficient than Toyota .",3.672180468885217,0.9005254991952344,0.06589714863539195,0.20281953111478318,0.09947450080476562
1573,"In its last fiscal year , Nissan 's profit represented just 2.3 % of sales , compared with 4.3 % at Toyota .",3.785795557115833,0.8751016856189499,0.08119123368026135,0.2705316093106292,0.12489831438104998
1574,"To help close the gap , Nissan recently established a top-level cost-cutting committee .",2.807354922057604,0.7106846103256464,0.19369067675651452,0.5714285714285715,0.2893153896743536
1575,"Nissan is the world 's only auto maker currently building vehicles in all three of the world 's key economic arenas -- the U.S. , Japan and Europe .",3.720907856652905,0.8784512027466367,0.07953542494772142,0.25764675865811,0.12154879725336354
1576,"That gives it an enviable strategic advantage , at least until its rivals catch up , but also plenty of managerial headaches .",3.611882513637572,0.869870385179542,0.08566876446886035,0.27053160931062925,0.13012961482045782
1577,"For example , Nissan 's U.S. operations include 10 separate subsidiaries -- for manufacturing , sales , design , research , etc. -- that report separately back to Japan .",3.470971545648607,0.867414292461028,0.08837931596549846,0.2652718673344531,0.13258570753897223
1578,"And in July , Nissan 's Tennessee manufacturing plant beat back a United Auto Workers organizing effort with aggressive tactics that have left some workers bitter .",3.529956287945585,0.8454906411698487,0.10155490716537047,0.32286083392750475,0.15450935883015138
1579,"`` We are in a transitional phase from being a Japanese company to becoming an international company based in Japan , '' says Mr. Muramatsu , the executive vice president .",3.7434903991027113,0.93918174720442,0.040583142574381545,0.12129899252601363,0.06081825279558023
1580,"He promises that Nissan will soon establish a holding company overseeing all U.S. operations , just as it 's doing in Europe .",3.2470842733956946,0.7788304620113337,0.1454159939121828,0.4616775359691517,0.22116953798866645
1581,"Perhaps the biggest challenge , however , will be to prevent a return to its former corporate rigidity as its recovery continues .",3.470790665905549,0.8084203361975775,0.12482441119411752,0.41181617425307454,0.19157966380242253
1582,"Already , personnel officials are talking about the need for a `` Phase Two '' cultural-reform effort of some sort .",3.186881581347006,0.880087251761309,0.08277922771394204,0.21746370696180845,0.11991274823869098
1583,"`` We are still only half way through the turnaround of this company , and there are many more things to do , '' President Kume says .",3.9268184209128334,0.9144180522412391,0.05578022968854229,0.18375882241880892,0.08558194775876089
1584,"He adds , however , that `` the momentum we have generated is unstoppable .",2.5604247971044463,0.6531657486207396,0.23255056891510614,0.6819871977516047,0.3468342513792603
1585,"As expected , Warner Bros . Records said it agreed to form a recorded-music and music-publishing joint venture with former MCA Records Chairman Irving Azoff .",3.0279803544732444,0.7609715662485727,0.1596318032200107,0.47555876833078004,0.23902843375142735
1586,"Warner said it will provide financing for the venture , but did n't disclose terms .",2.8443609377704333,0.6844581291052714,0.20776744402648353,0.6556390622295664,0.31554187089472857
1587,"Mr. Azoff has n't named the company yet , but any records it produces will be distributed by Warner .",3.735161220211882,0.8668892197283693,0.08667068959619699,0.2867668746754797,0.1331107802716305
1588,"Warner is part of Warner Communications Inc. , which is in the process of being acquired by Time Warner Inc .",2.9245113430457224,0.767271401544448,0.15766014851614993,0.4442580311187306,0.23272859845555185
1589,"Mr. Azoff resigned as head of MCA Records , a unit of MCA Inc. , in September , and had been discussing a joint venture with both Warner and MCA .",3.1223866941764906,0.8005585240419818,0.1340694074113871,0.3892290580219541,0.19944147595801826
1590,"In a statement yesterday , Mr. Azoff said he chose Warner , the largest record company , because `` their standing in the entertainment industry is second to none .",3.6029100796497264,0.911532773308735,0.059214934675575495,0.1748370832612179,0.08846722669126508
1591,"President Bush and Soviet leader Mikhail Gorbachev will hold an informal meeting in early December , a move that should give both leaders a political boost at home .",3.4484894245877284,0.8422485263522939,0.10433676899549808,0.32322489822329975,0.15775147364770642
1592,The White House is purposely not calling the meeting a summit so that there wo n't be any expectation of detailed negotiations or agreements .,3.5886142724108394,0.8049259376075685,0.1256986895224818,0.43535351715572534,0.19507406239243152
1593,"Rather , senior administration officials said that the unexpected meeting was scheduled at Mr. Bush 's request because of his preference for conducting diplomacy through highly personal and informal meetings with other leaders .",3.7337619133396656,0.8635937278586849,0.08872451207533294,0.2948773984989089,0.136406272141315
1594,"The two leaders will meet on Dec. 2 and 3 , alternating the two days of meetings between a U.S. and a Soviet naval vessel in the Mediterranean Sea .",3.093878611423079,0.7390009406959364,0.1714525168802177,0.5463453175187729,0.2609990593040637
1595,"The unusual seaborne meeting wo n't disrupt plans for a formal summit meeting next spring or summer , at which an arms-control treaty is likely to be completed .",3.4794065608718583,0.8562653848077382,0.0953000843694653,0.2922812154772666,0.14373461519226205
1596,"In announcing the meeting yesterday , Mr. Bush told reporters at the White House that neither he nor Mr. Gorbachev expects any `` substantial decisions or agreements . ''",3.4914243383062287,0.8546397918730831,0.09621056970870097,0.29717194397497293,0.14536020812691705
1597,"Instead , he said that the purpose is simply for the two to get `` better acquainted '' and discuss a wide range of issues without a formal agenda .",3.351723194540065,0.7684959715170194,0.15018760544568402,0.5048415675908888,0.2315040284829807
1598,"Despite the informal nature of the session and the calculated effort to hold down expectations , the meeting could pay significant political dividends for both leaders .",3.6166763024009936,0.9380958781192686,0.041777650350939395,0.11944886606770348,0.0619041218807314
1599,Mr. Gorbachev badly needs a diversion from the serious economic problems and ethnic unrest he faces at home .,3.2101957084047874,0.7728770381534776,0.14947722274969,0.4726299365271606,0.22712296184652225
1600,"American officials have said that a meeting with the leader of the U.S. could help bolster his stature among Soviet politicians and academics , whose support he needs .",3.6997637858912786,0.8798817260695749,0.07877817219819061,0.2527560301604036,0.12011827393042529
1601,"For his part , Mr. Bush has been criticized regularly at home for moving too slowly and cautiously in reacting to Mr. Gorbachev 's reforms and the historic moves away from communism in Eastern Europe .",3.596174389440823,0.8141067331142543,0.12014528187763361,0.41057552919795487,0.18589326688574564
1602,"A face-to-face meeting with Mr. Gorbachev should damp such criticism , though it will hardly eliminate it .",3.5032583347756447,0.7976186034703875,0.13102156691309857,0.4444444444444446,0.20238139652961248
1603,"Senate Majority Leader George Mitchell -LRB- D. , Maine -RRB- , who has been the most prominent Democratic critic of Mr. Bush 's handling of the Soviet relationship , praised the president for arranging the meeting .",3.577280087761424,0.856297182486942,0.09444748578559725,0.3003257998491261,0.14370281751305788
1604,But he added : `` The mere fact of a meeting does n't deal with the substance of policy . '',3.2268216071217597,0.7907535677277477,0.13851059400845694,0.4276348517930713,0.2092464322722522
1605,"Mr. Bush said that the December meeting , which was announced simultaneously in Moscow , will be held in the unusual setting of ships at sea to hold down the `` fanfare '' and force the two sides to limit participation to just small groups of advisers .",4.08637240757385,0.9164706377037455,0.05383953606291734,0.18622095857041066,0.08352936229625453
1606,"`` By doing it in this manner we can have , I would say , more time without the press of social activities or mandatory joint appearances , things of that nature for public consumption , '' Mr. Bush said .",3.616819810077968,0.8608401499389737,0.09130122571854954,0.2924655632703263,0.13915985006102657
1607,"Soviet Foreign Minister Eduard Shevardnadze , at a news conference in Moscow , said , `` As the two sides plan to hold a full-scale summit in late spring-early summer next year , they found it useful , I would say even necessary , to hold an interim informal meeting . ''",3.846964612626143,0.881957365234388,0.07657752592745393,0.2574420582131991,0.11804263476561201
1608,"Although no specific agreements are expected , Mr. Shevardnadze said `` that does n't mean they will be without an agenda . ''",3.186906969688992,0.7460013685155172,0.16574436445456178,0.5432802789887462,0.2539986314844827
1609,"If the two leaders cover the subjects that have been featured in lower level U.S.-Soviet meetings , their talks would include human rights , Soviet reforms , regional disputes , relations with allies , economic cooperation , arms control , and joint efforts to fight narcotics , terrorism and pollution .",3.3518175825034824,0.8468505515611768,0.10245262319739243,0.3031653139063187,0.15314944843882294
1610,The president specifically mentioned U.S. economic advice to Moscow as a possible topic .,2.2898468864978523,0.5876990644636285,0.277327856404921,0.8032223212740381,0.41230093553637176
1611,Mr. Gorbachev has for months been publicly urging the U.S. to drop its restrictions on Soviet trade .,3.3649125016826984,0.7810355084247336,0.14257574123085415,0.47167916642628144,0.21896449157526654
1612,"He recently told a small group of American businessmen in Moscow that he hoped to sign a general trade agreement with the U.S. , possibly at the 1990 summit .",3.760545278089746,0.8541044922700115,0.09438462764583283,0.3211824007799908,0.14589550772998863
1613,"The Soviets hope a trade agreement would give them Most-Favored Nation status , which would lower the tariffs on Soviet exports to the U.S. .",3.314424153519907,0.8220063088847935,0.11830320832849044,0.3592602890672831,0.17799369111520635
1614,In an unusually candid article about the latest economic woe -- unemployment -- Pravda yesterday reported that three million Soviets have lost their jobs as a result of perestroika and the number could grow to 16 million by the year 2005 .,3.837931410513421,0.8597717763535784,0.09035551654116217,0.31298207208872986,0.1402282236464216
1615,Economists in Moscow are now proposing that the state start a system of unemployment benefits .,3.006241591881867,0.7709502852023464,0.1540243943095398,0.4465779392329161,0.22904971479765357
1616,But one Bush administration official knowledgeable about the summit plan cautioned against assuming that there will be bold new initiatives on the Soviet economy or other issues .,3.0747366155584146,0.7259691323269588,0.17936486873283916,0.5803089312673887,0.274030867673041
1617,"`` Do n't take this as some big opening for major movement on economic cooperation , or arms control , or the environment , '' he said .",3.6834022439497764,0.9040877029476975,0.06355588131047829,0.1953812495363997,0.09591229705230266
1618,"`` Those things will all come up , but in a fairly informal way . ''",3.297180468885217,0.8341338234471176,0.11101915564444297,0.3278195311147832,0.16586617655288238
1619,"Instead , this official said , `` This is vintage George Bush .",2.704712266056167,0.7168427174780189,0.19233677051331063,0.5364811318879888,0.2831572825219812
1620,This was George Bush 's own idea .,2.25,0.6,0.2727272727272726,0.7499999999999998,0.3999999999999998
1621,It 's George Bush wanting to meet a foreign leader and talk to him directly . '',3.3696595597143704,0.7773725400536903,0.1445860988912047,0.4837172252293816,0.22262745994630956
1622,"Aside from the Soviet economic plight and talks on cutting strategic and chemical arms , one other issue the Soviets are likely to want to raise is naval force reductions .",3.3269492874118463,0.7946581105846549,0.1348583346838473,0.43016947425507307,0.20534188941534517
1623,"Western analysts say that , given the meeting 's setting at sea , Gorbachev is unlikely to pass up the opportunity to press once again for negotiated cuts in the navies of both the North Atlantic Treaty Organization and the Warsaw Pact .",3.8613834865754457,0.91800117260903,0.053780032522966995,0.17252292958025667,0.08199882739097016
1624,That theme has been a recurring one for Soviet military officials for much of this year .,2.4573198535774905,0.6718334848059305,0.22561163496568062,0.6016588377613616,0.32816651519406953
1625,They argue that as the Kremlin follows through on announced plans to cut land forces -- the Soviets ' area of greatest strength -- the U.S. should show more willingness to cut sea forces -- Washington 's area of greatest superiority .,3.632474494249357,0.862461928038073,0.09018073500534178,0.2896380246757271,0.1375380719619272
1626,"One of the reasons Bush administration aides are anxious to insist that the coming meeting will be informal is to avoid comparisons with the last such loosely structured superpower gathering , former President Reagan 's 1986 meeting with Mr. Gorbachev in Reykjavik , Iceland .",3.9570126124494553,0.9217519227527545,0.05099976018286009,0.16801645080990338,0.07824807724724546
1627,That meeting sent shivers through the Western alliance because Mr. Reagan was pulled into discussing the possible elimination of nuclear weapons without consulting American allies .,3.278114718473933,0.8259465810760936,0.11633930513847915,0.3454019227440817,0.1740534189239063
1628,"Mr. Bush said that he initiated talks with the Soviets on the informal meeting by sending a proposal to Mr. Gorbachev last July , which the Soviet leader readily accepted .",3.8575422234023833,0.9231614656747447,0.05049411163297097,0.16066018653336014,0.07683853432525542
1629,"But word of the possible session was closely held by the president and a handful of top aides , and word of it did n't reach many second-level officials until the past few days .",3.7054504387126865,0.8967072836300383,0.06812194446345915,0.21354325634001628,0.10329271636996143
1630,"Indeed , many senior officials had been insisting for weeks that Mr. Bush was n't interested in such an informal get-together .",3.203273799391855,0.7517579757257106,0.16218275333761817,0.5288850919727146,0.24824202427428949
1631,"Though President Bush 's political critics at home have been urging him to open a more direct dialogue with Mr. Gorbachev , it actually was the arguments of leaders within the Soviet bloc itself that led the president to seek the December meeting .",4.080321309977831,0.9260241837779278,0.04784664970949765,0.1629790585611262,0.07397581622207193
1632,"Mr. Bush decided he wanted the meeting after talking in Europe in July with the leaders of Poland and Hungary , who urged him to support Mr. Gorbachev 's efforts to transform the Soviet system and to urge him to loosen his grip on Eastern Europe , a senior aide said .",3.9861080445309645,0.9439702190970869,0.03670786354963322,0.11829862630837876,0.05602978090291313
1633,"While flying home from those discussions , Mr. Bush drafted a letter to Mr. Gorbachev suggesting an informal get-together to precede their formal summit next year .",3.389205582027798,0.8010495061479078,0.13022352910423182,0.421292403853859,0.19895049385209226
1634,Peter Gumbel in Moscow contributed to this article .,2.4849475529555867,0.7286257590503594,0.19127001716170614,0.4669220103450395,0.27137424094964063
1635,"Banca Nazionale del Lavoro said its potential losses from lending to Iraq could reach 1.175 trillion lire -LRB- $ 872 million -RRB- , marking the bank 's first quantification of potential costs of unauthorized lending by its Atlanta branch .",4.040223092783841,0.8997468194986958,0.06448786421855228,0.22508843944125906,0.100253180501304
1636,BNL previously reported that its Georgia branch had taken on loan commitments topping $ 3 billion without the Rome-based management 's approval .,3.409490251374372,0.7639679802669311,0.1520365204882542,0.5274095883369873,0.2360320197330687
1637,"State-owned BNL , Italy 's largest bank , has filed charges against the branch 's former manager , Christopher Drogoul , and a former branch vice president , alleging fraud and breach of their fiduciary duties .",3.7197380349722207,0.9091014667565813,0.060139598288895035,0.18606119310838615,0.09089853324341862
1638,"BNL also said that its board had approved `` after an in-depth discussion , '' a letter to the Bank of Italy outlining measures the state-owned bank has taken or plans to take to improve controls on its foreign branches .",3.940261881513091,0.9064698260500214,0.06073028765868198,0.20336672910764514,0.09353017394997895
1639,The central bank had ordered BNL to come up with a suitable program by yesterday .,2.625,0.6512614896725507,0.23190472922820984,0.7028195311147831,0.34873851032744946
1640,"Bank of Italy has also ordered BNL to shore up its capital base to account for potential foreign loan losses , and the Rome bank has outlined a 3 trillion lire capital-raising operation .",3.717246767629038,0.8325164866369114,0.10790914366974669,0.3739130447705015,0.1674835133630887
1641,BNL was unable to elaborate on what measures were planned by the bank to improve controls on its branches abroad .,3.298715654946852,0.7595368472004982,0.15611966695753318,0.5230290431608928,0.24046315279950184
1642,Hardly a day passes without news photos of the police dragging limp protesters from some building or thoroughfare in one of our cities .,3.2872438745658794,0.8605859971132325,0.09442777889632274,0.26626498023179956,0.13941400288676764
1643,"Of recent note are the activities of the pro- and anti-abortionists , anti-nuclear activists , animal rights protesters , college students concerned about racism , anti-apartheid groups , various self-styled `` environmentalists '' and those dissatisfied with the pace of the war against AIDS .",3.2661050576240735,0.8891144892864855,0.07617099501037108,0.20373798799187934,0.11088551071351443
1644,"Maybe he did n't start it , but Mohandas Gandhi certainly provided a recognizable beginning to non-violent civil disobedience as we know it today .",3.6555971540391394,0.8101737148402941,0.12189756938206829,0.428754016814911,0.1898262851597059
1645,"The Mahatma , or `` great souled one , '' instigated several campaigns of passive resistance against the British government in India .",3.2355772078961116,0.8209767217917124,0.11989045917132238,0.35325899721062426,0.1790232782082876
1646,"Unfortunately , according to Webster 's Biographical Dictionary , `` His policies went beyond his control and resulted ... in riots and disturbances '' and later a renewed campaign of civil disobedience `` resulted in rioting and a second imprisonment . ''",3.8262593868069184,0.9104816663686809,0.05873567829729285,0.18809844118786015,0.08951833363131917
1647,"I am not a proponent of everything Gandhi did , but some of his law breaking was justified because India was then under occupation by a foreign power , and Indians were not able to participate fully in decisions that vitally affected them .",4.058100718416753,0.9142434479353231,0.05534741173051353,0.19032607033090154,0.08575655206467674
1648,"It is difficult , however , to justify civil disobedience , non-violent or not , where citizens have full recourse to the ballot box to effect change .",3.2620620619097194,0.8167184404931063,0.1222478134931258,0.3660232169816743,0.18328155950689345
1649,"Where truly representative governments are safeguarded by constitutional protections of human rights and an independent judiciary to construe those rights , there is no excuse for breaking the law because some individual or group disagrees with it .",3.86489707760296,0.9014738240844925,0.06424892713369991,0.2112060933937607,0.09852617591550744
1650,There may be a few cases where the law breaking is well pinpointed and so completely non-invasive of the rights of others that it is difficult to criticize it .,3.776886111278848,0.8710041737902785,0.08383040930518779,0.2796786508521066,0.12899582620972166
1651,"The case of Rosa Parks , the black woman who refused to sit at the back of the bus , comes to mind as an illustration .",3.258257191165211,0.831726898029593,0.11293720705793174,0.3299281466283644,0.16827310197040707
1652,But most cases of non-violent civil disobedience are not nearly so benign .,2.5885757272617873,0.6860624998879065,0.21324447097663748,0.5947985653137745,0.3139375001120935
1653,The public has a tendency to equate lawful demonstrations with non-violent civil disobedience .,2.753434386188785,0.7626022656831646,0.1641673042489567,0.42857142857142844,0.2373977343168353
1654,"It is true that both are non-violent , but there is a fundamental difference between them .",3.1343654420673106,0.7815255003394944,0.1454011628040654,0.4392009005866828,0.21847449966050547
1655,"Lawful demonstrations , such as peaceful picketing and other assemblages that do not disturb the peace or cause a public nuisance or interfere with the rights of others , are rights guaranteed by any truly free system of government .",3.721928094887362,0.9110147104336432,0.058912674275283,0.18177360116998592,0.08898528956635679
1656,"Civil disobedience , violent or non-violent , is intentional law breaking .",2.710777084415068,0.8672226108855198,0.09761846175635326,0.2075187496394221,0.13277738911448045
1657,"The subject of this discussion is non-violent civil disobedience ; but , before we get on with that , let me make just a few tangential remarks about lawful demonstrations .",3.8323577378821776,0.929399789689414,0.046590451919678255,0.14566849772809753,0.07060021031058622
1658,"They are useful to call public attention to grievances , but they have little value in educating anyone about the issues in dispute .",3.0493477935431006,0.7455253742124257,0.16841177343944125,0.5204260414863776,0.25447462578757435
1659,"The delight of television in dramatic confrontation encourages overuse of slogans chanted through bullhorns , militant gestures , accusatory signs and other emotionally inspired tactics .",3.014470373386497,0.8398870821024258,0.11097658326844269,0.2873336533468918,0.16011291789757412
1660,Civilized discourse and an environment where compromise can begin are lost in a hostile posture abetted by superficial media interviews .,3.347265655358941,0.855299507531817,0.09712794821264589,0.28361108610795405,0.14470049246818298
1661,"At best , demonstrations are overused and boringly uninformative ; at worst , they can become the stimuli that lead to law breaking .",3.375814583693911,0.8222886942337208,0.11746902981663424,0.3647869792568111,0.17771130576627917
1662,Demonstrations are particularly apt to degenerate into criminal conduct when they leave the site of the grievance and become mobile .,3.118980535384121,0.7576522161976452,0.15996957397018194,0.4996467346356298,0.2423477838023546
1663,"Petty criminals and street people looking for excitement attach themselves like remora to the fringes of the crowd and use the protest as an excuse for rock throwing , auto trashing , arson , window breaking , looting , pocket picking and general hooliganism .",3.2239601665056035,0.9350867032186153,0.04570969788748861,0.11194280929363569,0.06491329678138455
1664,Soon the whole purpose of the demonstration is lost in mob mania .,2.704712266056167,0.7168427174780189,0.19233677051331063,0.5364811318879888,0.2831572825219812
1665,There are better ways to promote a cause .,1.7344044971596462,0.4666697365251352,0.3636335094350841,1.0,0.533330263474865
1666,"Where non-violent civil disobedience is the centerpiece , rather than a lawful demonstration that may only attract crime , it is difficult to justify .",3.584619653606445,0.8653671564172559,0.08870641765577747,0.27916782520069344,0.13463284358274386
1667,"Some find no harm in the misdemeanors of trespass , minor property destruction , blocking traffic and the like .",3.0086949695628418,0.8337349083087828,0.11500003009177924,0.30000000000000004,0.16626509169121714
1668,They say these are small prices to pay for galvanizing action for the all-important cause .,2.547180468885217,0.6443958417112089,0.23801641912380825,0.7028195311147831,0.35560415828879105
1669,"The crimes may appear small , but the prices can be huge .",3.62778918913309,0.9614901715839443,0.0261580982999824,0.07296226377597756,0.0385098284160557
1670,Here are two cases to illustrate .,1.5364125003090674,0.4381151962146042,0.39070917633329016,1.0000000000000002,0.561884803785396
1671,Assume a neighborhood demonstration to protest speeding on a certain road or a careless accident involving a police car .,2.8057938950556687,0.7790388983999518,0.1529467821560042,0.397907801001679,0.22096110160004803
1672,"The protesters lie down in the street , blocking traffic , and will not move until the authorities carry them away .",3.186704345910024,0.7571190214126048,0.15928435651121622,0.5111414771743881,0.2428809785873952
1673,Assume that someone caught in the jam has a heart attack .,2.8774437510817346,0.7935992546398357,0.14250260419366576,0.3741854163060887,0.20640074536016437
1674,There is no way to get an ambulance in quickly to move him to a hospital .,2.133215441558259,0.5479721970687229,0.30387795603149614,0.8820583874680205,0.4520278029312772
1675,He dies .,0.666666666666667,0.26631956334878915,0.5793801642856952,1.0,0.7336804366512111
1676,"The demonstration was non-violent and involved only a simple misdemeanor , but its impact on that individual was violent and terminal .",3.5160276412662306,0.8805796144654232,0.07966109978270854,0.2384142044471154,0.11942038553457707
1677,Assume that a TV network is airing a celebrity interview program with a live audience .,2.64154140665565,0.7320414903825868,0.18534263667359924,0.48345859334434943,0.26795850961741313
1678,The politician appearing is highly controversial and has recently generated a good deal of rancor amid certain groups .,3.013598998220072,0.7517887005496663,0.16524653323979419,0.49848293523556836,0.24821129945033374
1679,"In a planned protest against his appearance , several members of the studio audience chain themselves in front of the TV cameras in such a way that the program can not continue .",3.107313703446935,0.7989225089364312,0.13530367320311829,0.39129267571871945,0.20107749106356868
1680,The network must refund money to the advertisers and loses considerable revenue and prestige .,2.217408328589336,0.5945262742117884,0.27668224380378015,0.7585827463083874,0.40547372578821167
1681,"The demonstrators have been non-violent , but the result of their trespasses has been to seriously impair the rights of others unconnected with their dispute .",3.6148411608648354,0.8510361047545316,0.09741657046787489,0.3163677880454869,0.14896389524546838
1682,"It might be alleged that TV has done more than its share to popularize and promote non-violent civil disobedience , so the second situation hypothesized above would be simply a case of `` chickens coming home to roost . ''",3.7275671571169284,0.8739261198049827,0.08234197101887784,0.268872187554087,0.12607388019501747
1683,Or maybe the TV network would lose nothing .,2.401071163826312,0.6095978631794323,0.26083153397827474,0.7757768235684183,0.3904021368205676
1684,Geraldo or Phil would probably pull up another camera and interview the chained protesters .,2.776765630293548,0.6553588464254617,0.22533163797522,0.7324750147264689,0.34464115357453834
1685,"Let us look for a moment at another type of non-violent civil disobedience that only harms other people indirectly , yet does irreparable damage to the nation as a whole .",3.5025893983168883,0.9007760978602106,0.06677079382894088,0.19305668819612284,0.09922390213978968
1686,I am referring to those young men who chose to disobey their country 's call to arms during the Vietnam war and fled to Canada or some other sanctuary to avoid combat .,2.7804325688001468,0.6557747894971196,0.22518904684669636,0.7302274297592977,0.34422521050288013
1687,"Their cowardly acts of civil disobedience , which they tried to hide under the cloak of outrage at a war they characterized as `` immoral , '' weakened the national fabric and threw additional burdens on those who served honorably in that conflict .",3.7853734456894808,0.9340066418489572,0.043805220920781235,0.13373004770196809,0.0659933581510426
1688,"Even more at fault are those leaders in and out of government who urged and supported their defections , thereby giving great help and comfort to the enemy propagandists .",3.668715694684296,0.9261144627246309,0.04941750682775062,0.14634531751877303,0.07388553727536905
1689,It is amazing that the ensuing mass executions in Vietnam and Cambodia do not weight more heavily on minds so morally fine-tuned .,3.6775249051300474,0.8172216203431935,0.11745436043969844,0.4118161742530744,0.1827783796568063
1690,"Worse , it remained to a well-meaning but naive president of the United States to administer the final infamy upon those who fought and died in Vietnam .",3.7628866185634418,0.8903134180595894,0.0718411930019988,0.2317937498454664,0.10968658194041053
1691,"Under the guise of `` healing the wounds of the nation , '' President Carter pardoned thousands of draft evaders , thus giving dignity to their allegations of the war 's `` immorality . ''",3.5466306061528554,0.9449124133285803,0.03753933472691867,0.10344368926205977,0.05508758667141939
1692,"The precedent having been set , who can complain if future generations called upon to defend the U.S. yield to the temptation to avoid the danger of combat by simply declaring the war immoral and hiding until it is over ?",3.8741957271337015,0.8788979457467743,0.07830840559545436,0.2670244597068352,0.12110205425322591
1693,"Finally , I think it important to point out the extraordinarily high visibility of non-violent civil disobedience in these days of intensive media coverage .",3.31339089156139,0.8296065496558244,0.11360939793044982,0.3406630813920263,0.17039345034417558
1694,"Give television a chance to cover live any breaking of the law , and no second invitation will be required .",3.267524129610967,0.8087952461050333,0.12698228764625,0.3868656174884424,0.19120475389496666
1695,This brings into question the motives of those who lead civil disobedience demonstrations .,2.4677201004744993,0.6834696875775528,0.218889738998609,0.5714285714285713,0.3165303124224471
1696,Do they want the spotlight for themselves or for their cause ?,2.6478697925681116,0.6867971317495237,0.21144561095455602,0.603759374819711,0.3132028682504763
1697,"Here is a good rule of thumb : If the movement produced the leader , the chance that he is sincere is much greater than if the leader produced the movement .",3.5013076243739505,0.8912062161028991,0.07297044165340225,0.21371064191468248,0.10879378389710097
1698,"In either case , ask yourself whether you have become better informed on the issues under protest by watching the act of civil disobedience .",3.469396272756995,0.8344056672001499,0.10897617778686412,0.3446623171701738,0.16559433279985
1699,"If you have not , it is probable that a thorough airing of the dispute by calm and rational debate would have been the better course .",3.1110657670527258,0.7226582350903564,0.18057432673433496,0.5975738192284582,0.2773417649096437
1700,Mr. Agnew was vice president of the U.S. from 1969 until he resigned in 1973 .,3.2193609377704333,0.7987222095718065,0.1338460482757547,0.40563906222956636,0.20127779042819344
1701,Gov. George Deukmejian and key legislators agreed to back a temporary one-quarter-cent increase in the state sales tax to raise $ 800 million for repairs and relief associated with last month 's earthquake .,3.859952914970646,0.9230456514053343,0.05057023179837315,0.16090220550056453,0.07695434859466573
1702,"The tax increase , which will be considered at a special session of the state legislature that begins tomorrow , would cover only part of the estimated $ 4 billion to $ 6 billion in total damage caused by the Oct. 17 quake .",3.456574868203825,0.8129539154073333,0.12228280959019709,0.39764787581777467,0.1870460845926665
1703,"Aside from as much as $ 3.45 billion in recently approved federal aid , the state is expected to draw from a gubernatorial emergency fund that currently stands at an estimated $ 700 million .",3.95014355062183,0.899072094140358,0.06532304234960543,0.22184797743891538,0.10092790585964179
1704,"`` I am not aware that there is anything but bipartisan agreement for the general outline '' of the revenue-raising plan , said a spokesman for the governor , after a Monday meeting with legislative leaders over the quake-relief question .",3.69166052090531,0.8956454773084429,0.06888169639259886,0.21515593101733693,0.1043545226915575
1705,"The tax increase -- on top of the current six-cent per dollar sales tax -- would become effective this Dec. 1 and expire Dec. 31 , 1990 .",3.1644977792004605,0.7633401395571825,0.15594761260831802,0.4905477676253423,0.2366598604428173
1706,The sales-tax plan was preferred over an alternative that would have boosted the state gasoline tax .,2.7081823539592795,0.7747447582128371,0.15760073983646142,0.3946845759439838,0.22525524178716286
1707,Some legislators expressed concern that a gas-tax increase would take too long and possibly damage chances of a major gas-tax-increasing ballot initiative that voters will consider next June .,3.4190151841645093,0.8290815200036059,0.11278521259712207,0.3527244461909606,0.17091847999639434
1708,"Despite continuing problems in its newsprint business , Kimberly-Clark Corp. posted a 20 % gain in third-quarter net income .",3.340154493717376,0.8139369625541852,0.12300589378642775,0.38177360116998604,0.1860630374458147
1709,"The consumer-products and newsprint company said net rose to $ 108.8 million , or $ 1.35 a share , from $ 90.5 million , or $ 1.12 a share , a year ago .",3.7338426181237443,0.9372651988958081,0.04188009822145677,0.12496029633784991,0.06273480110419186
1710,Sales rose 6.2 % to $ 1.45 billion from $ 1.37 billion .,2.038941340513583,0.6209637286708279,0.27200338490573583,0.6249550662214066,0.3790362713291724
1711,"After a flat second quarter tied largely to lower newsprint earnings , Kimberly-Clark attributed the gain to improved results in its consumer businesses in North America , Brazil and Korea .",3.60321570408346,0.8905952311151976,0.07264411723167104,0.22148398234212432,0.10940476888480255
1712,"Those gains came from higher prices , particularly for disposable diapers and tissue products , and from increased sales , primarily for feminine-care products , the company said .",3.5526118386792414,0.930362929081167,0.047157652245324415,0.13306952315759896,0.06963707091883334
1713,"Newsprint results continued to be depressed , the company added , because of industrywide price discounting .",2.7428935578288645,0.7603618987413827,0.16561470957632124,0.43331175329617166,0.23963810125861748
1714,"The quarter-to-quarter comparison was also enhanced by charges taken in the year-earlier period , including $ 11 million related to the modernization of a pulp and newsprint mill in Alabama .",3.833707543687546,0.9018030206036926,0.06418551262939118,0.20888227882784993,0.09819697939630764
1715,"In the 1989 period also , interest expense and tax rates were lower than a year ago .",2.9204680572382533,0.7558486749632688,0.16470243030734957,0.4716791664262813,0.24415132503673112
1716,"In the first nine months , profit rose 10 % to $ 313.2 million , or $ 3.89 a share , from $ 283.9 million , or $ 3.53 a share .",3.693741591881867,0.9435526477397824,0.03790683786277356,0.11048770479030785,0.05644735226021765
1717,Sales rose 6.7 % to $ 4.27 billion from $ 4 billion .,2.038941340513583,0.6209637286708279,0.27200338490573583,0.6249550662214066,0.3790362713291724
1718,"In New York Stock Exchange composite trading , Kimberly-Clark closed at $ 66.50 a share , up $ 1.50 .",2.589176993284682,0.6309369406095592,0.2439868342851015,0.7572623513863331,0.3690630593904407
1719,"INTENSIVE AUDITS are coming to 55,500 taxpayers as research guinea pigs .",2.5932846232303124,0.7514968235574081,0.17494943402462357,0.428770585643888,0.2485031764425919
1720,"This is the year : Unsuspecting filers of 1988 personal returns are being picked randomly for thorough audits to help the IRS update its criteria for enforcement , audit selection , and use of resources .",3.54913748848611,0.8288981043691568,0.11161961621469464,0.36630808354702976,0.1711018956308432
1721,The last Taxpayer Compliance Measurement Program survey covered 1985 returns .,2.6472195889785226,0.7468799535840359,0.17588852514619352,0.4512696504021797,0.2531200464159639
1722,"The 1988-return project starts Jan. 1 and is to be done by May 31 , 1991 .",2.6193720595871075,0.610537422243281,0.25372263812938484,0.8375420628253213,0.38946257775671905
1723,Specially trained IRS agents will look for under-reported income and unsupported deductions and credits .,2.993106463482651,0.7635430754041672,0.1585431430719573,0.4649500294529373,0.23645692459583284
1724,The agents will make more than routine inquiries about such items as marital status and dependents ; they want to look at living standards and business assets .,3.297902689682947,0.8446745151124807,0.10440291280213805,0.30322232127403764,0.15532548488751916
1725,But they also are to see that taxpayers get all allowable tax benefits and to ask if filers who sought IRS aid were satisfied with it .,3.4549254898358477,0.8077782423380072,0.1254012860110586,0.411480377550505,0.19222175766199293
1726,"Courts have ruled that taxpayers must submit to TCMP audits , but the IRS will excuse from the fullscale rigors anyone who was audited without change for either 1986 or 1987 .",3.9795305614983247,0.8991037072048422,0.06517276658599726,0.22328896961645814,0.10089629279515783
1727,Rewards have been suggested -- but never adopted -- for filers who come through TCMP audits without change .,3.184394392843047,0.8023487147773362,0.13202436022668237,0.3930089225410004,0.19765128522266365
1728,"PENALTY OVERHAUL is still likely , congressional sources say .",1.797416845103709,0.5536579169588194,0.3225153848477292,0.724511249783653,0.44634208304118056
1729,Long-debated proposals to simplify the more than 150 civil penalties and make them fairer and easier to administer are in the House tax bill .,3.288223272237763,0.7795108732944341,0.14444810320542356,0.4655839171509091,0.22048912670556586
1730,But they were stripped from the Senate bill after staffers estimated penalty revenue would fall by $ 216 million over five years .,3.5194609041126683,0.8165287819627366,0.11939882006187455,0.39594548360131543,0.18347121803726324
1731,"Still , congressional aides say penalty reform is a strong candidate for enactment , even if not this time around , although some provisions may be modified .",3.69651909892331,0.9024563912507024,0.06452464572995027,0.1997724301226176,0.09754360874929753
1732,"Sen. Pryor -LRB- D. , Ark. -RRB- , a leader on the issue who generally backs the House plan , wants some changes -- for one , separate sanctions for negligence and large misstatements of tax owed , not a single penalty .",3.736645478165943,0.9102158066839164,0.05934157057532147,0.18436432615872422,0.08978419331608349
1733,He would ease the proposed penalties for delayed payroll-tax deposits and for faulty Form 1099 and other reports that taxpayers correct voluntarily .,3.1355947552730843,0.7572618815161317,0.1599435381625775,0.5032393774794429,0.24273811848386842
1734,The General Accounting Office urges Congress to ensure that all penalties retain their force as deterrents .,3.207607353704754,0.814665288330478,0.12410997472901554,0.365775612697402,0.18533471166952195
1735,TAXPAYERS ' RIGHTS are defined by a growing number of states .,1.9182958340544893,0.5350950905814502,0.322377339362118,0.8333333333333333,0.4649049094185497
1736,The 1988 tax act created a federal bill of rights spelling out IRS duties to protect taxpayers ' rights in the assessment and collection of taxes .,3.308333232766957,0.8703918812300541,0.08790929014591042,0.24656230089412373,0.1296081187699461
1737,States are following suit .,1.7509775004326937,0.6052716648242666,0.29707177702094517,0.5880325916843804,0.3947283351757332
1738,California enacted a rights law in 1988 .,2.25,0.6,0.2727272727272726,0.7499999999999998,0.3999999999999998
1739,"In 1989 , Illinois , Kansas , Ohio , Oregon and South Carolina have adopted rights laws , the Federation of Tax Administrators , a state officials ' group , reports ; the features vary .",3.0453930614319695,0.7942253332411227,0.13918659514313061,0.39451319174662286,0.2057746667588774
1740,And taxpayer groups are urging legislation in many other states .,2.5099673158578923,0.7081559384685405,0.20279714025923912,0.520307930897044,0.2918440615314594
1741,"One group is the Committee on State Taxation , which comprises 330 multistate corporations and advises the Council of State Chambers of Commerce .",3.7516291673878226,0.9475849970780483,0.03506393655507004,0.10375937481971097,0.05241500292195168
1742,"The group 's Mark Cahoon says its efforts begun in 1989 have led to the introduction of bills in Massachusetts , Minnesota and Colorado to establish evenhanded procedures affecting all kinds of taxpayers .",3.6461823242606224,0.8624707228312298,0.09006982246717288,0.29070947349666504,0.1375292771687702
1743,The group also seeks uniformity among states in provisions for taxpayers ' rights .,1.9170411044354507,0.5705684901269074,0.30570167087626043,0.721418962150705,0.42943150987309253
1744,"This week , New York City announced a 10-point policy patterned on the federal bill of rights for taxpayers .",3.164665743501029,0.848842539166483,0.10328138116913971,0.2817736011699861,0.15115746083351697
1745,"THE MILEAGE RATE allowed for business use of a car in 1989 has risen to 25.5 cents a mile for the first 15,000 from 24 cents in 1988 , the IRS says ; the rate stays 11 cents for each added mile .",3.416714181411149,0.9028202309244511,0.06603082375080317,0.1839597089810912,0.09717976907554894
1746,Also unaltered : 12 cents for charitable activities and nine cents for medical and moving costs .,2.787298705014951,0.7632758830653584,0.1628440094412202,0.4333117532961716,0.23672411693464177
1747,"IRA BALANCES could be used to qualify for bank services under a bill entered by Reps. Chandler -LRB- R. , Wash . -RRB- and Andrews -LRB- D. , Texas -RRB- .",3.2190520974514314,0.85256848287845,0.1002460788203269,0.27853850502701927,0.14743151712154998
1748,The bill would thwart a recent Labor Department opinion that investing individual-retirement-account funds to earn free checking violates the law .,3.0003983927330227,0.7784611577345418,0.14949205689804343,0.4276348517930715,0.2215388422654582
1749,HUGO FELLED vast timberlands .,1.3509775004326934,0.4102724782438433,0.4181656600790515,1.0,0.5897275217561565
1750,South Carolina 's congressional delegation has entered Senate and House bills to provide special casualty-loss treatment and other tax relief for timber growers in the hurricane disaster areas .,3.2988792029450598,0.8493412598789118,0.1014185531175527,0.29283384236689347,0.15065874012108824
1751,"HE RODE HIS HOBBY , but he could n't milk it , the Tax Court says .",2.501725000763577,0.6353859105344289,0.24416497601434856,0.7196004502933415,0.36461408946557106
1752,The court often weighs deductions of sideline-business costs : Do they stem from a profit-seeking activity or a nondeductible hobby ?,2.8991747251581286,0.7072399230504228,0.1935082033430331,0.6010363087493482,0.2927600769495772
1753,But it 's rare to see both functions in one case .,2.918295834054489,0.6863947252124706,0.20502542951483896,0.6666666666666664,0.3136052747875294
1754,"Charles O. Givens of Mount Vernon , Ind. - investment broker , ex-accountant , and son of a former stable owner - bred Tennessee Walking Horses for six years , raised cattle for four , and never made a profit on either .",3.663775694207997,0.9208839625438208,0.05283209815487888,0.15744467552583172,0.0791160374561791
1755,"He claimed losses totaling $ 42,455 -- and the IRS denied them all .",3.0041326007835667,0.7437539057873178,0.1702805921750765,0.5175080355597522,0.25624609421268213
1756,"Special Judge Galloway noted that Givens managed horse-breeding in a businesslike way : He kept detailed accounts , practiced soil conservation , enhanced his experience by consulting experts , spent several hours a day doing chores , and dropped the sideline when his best brood mare died .",3.68830561130673,0.925116157376201,0.04997748101432071,0.149275577311776,0.07488384262379914
1757,Yet he took little businesslike care with his cattle : He had no prior experience and did n't seek business counsel about them .,3.703910541232545,0.8742977836581465,0.08227093317249494,0.26626498023179956,0.12570221634185347
1758,"The judge said Givens may deduct his $ 30,180 of losses from horse breeding , but rejected the $ 12,275 in deductions from the cattle operation .",3.668895174038662,0.8829365829965924,0.07705762940637712,0.24345967606439628,0.11706341700340765
1759,BRIEFS :,0.0,0.0,1.0,1.0,1.0
1760,"The IRS already is doing intensive TCMP audits of 19,000 returns for 1987 and fiscal 1988 filed by corporations with under $ 10 million in assets ... .",3.757001010121281,0.8804007868357971,0.07810163557493181,0.25518739384738054,0.11959921316420288
1761,"President Bush says he will name Donald E. Kirkendall to the new Treasury post of inspector general , which has responsibilities for the IRS ... .",3.562223254932119,0.9053966073285004,0.06342122578337092,0.18610540543345533,0.09460339267149971
1762,"The U.S. and Finland signed an income-tax treaty , subject to ratification .",2.608934381607203,0.6743404770763193,0.2192607133675678,0.6326699878328735,0.32565952292368083
1763,"An arbitrator awarded Eastern Airlines pilots between $ 60 million and $ 100 million in back pay , a decision that could complicate the carrier 's bankruptcy-law reorganization .",3.613893958454276,0.8223049199396825,0.11498987274329182,0.390805496729451,0.17769508006031773
1764,"Eastern , a unit of Texas Air Corp. , said it is examining the ruling to determine if it can appeal .",3.42511855035714,0.8248544805517833,0.11535254719704868,0.36363636363636387,0.1751455194482168
1765,"It 's unclear whether Eastern will succeed in overturning the arbitrator 's decision , made in a long-simmering `` pay parity '' dispute that predates both the carrier 's Chapter 11 petition and its 1986 acquisition by Texas Air .",3.994920208350962,0.9016434351836543,0.06351300857027257,0.2178946871213929,0.09835656481634569
1766,All Eastern 's previous court efforts to head off the pilots ' demands have failed .,3.202819531114783,0.8102620182640913,0.1269972634793653,0.37499999999999994,0.18973798173590872
1767,An Eastern spokesman said he does n't expect that the arbitrator 's ruling `` will have any overall material effect on the company 's strategic plan . '',3.6294817080809567,0.8606741454754879,0.09131740451900816,0.2937700888993806,0.13932585452451213
1768,Bankruptcy experts said the law is n't clear on how such an arbitration ruling can affect a company 's case .,3.1868815813470053,0.8361065527377147,0.11102831971520964,0.3128578983296298,0.1638934472622851
1769,"Like any other creditor , the pilots will have to apply to the court for payment of their claim .",3.1891769932846827,0.8169622685323729,0.12303686424518889,0.3572623513863329,0.18303773146762714
1770,"That may leave a lot of leeway for U.S. Bankruptcy Judge Burton R. Lifland to decide what , if anything , the pilots actually collect .",3.469670487371861,0.8224808457582828,0.11633714501093718,0.3744360574426768,0.1775191542417172
1771,"In August , he issued the ruling that let the pilots pursue their back-pay grievance before the arbitrator .",3.2691123125502486,0.8898941864878904,0.07558771625984916,0.20264728992921316,0.11010581351210941
1772,The pilots ' contract with Eastern calls for a mutually acceptable private arbitrator to resolve such grievances .,3.1007520848958388,0.7511535840496505,0.16420061614761286,0.5136173609909186,0.24884641595034948
1773,"In a statement to employees , Eastern said the company was disappointed by the ruling .",3.0,0.8206499462696699,0.12344280357118982,0.32781953111478307,0.17935005373033008
1774,"`` The obligation is totally unwarranted , '' the statement said .",3.084962500721156,0.9024855221679389,0.06891905627080996,0.1666666666666666,0.0975144778320611
1775,"James Linsey , a lawyer for the Air Line Pilots Association , said the pilots were extremely pleased .",3.144663471676549,0.8456616172139753,0.10547743545498368,0.28753490984643254,0.15433838278602469
1776,"`` This is a blow not only to Eastern but to the creditors committee , '' he said .",3.5259851820889985,0.8709786320704714,0.08561735558853376,0.2616819111380248,0.1290213679295284
1777,"Eastern 's creditors committee , along with the company , has consistently opposed the pilots ' claim , which if paid would have to come out of money both hope to use to pay off other bankruptcy claims .",3.8850373485239564,0.9267824785529208,0.048070662571601974,0.15353537373060738,0.07321752144707928
1778,"Eastern and its creditors are in the final , delicate stages of negotiating a second reorganization plan to pay off the airline 's debts .",3.2555971540391386,0.7729844073013739,0.14879601188644623,0.47861608068631667,0.22701559269862598
1779,"An earlier plan , which had received the creditors ' approval in July , fell apart when Eastern changed its business plan .",3.5079538386130853,0.8242108634078149,0.11483997606667976,0.3746022404059699,0.17578913659218504
1780,It is n't known whether the pilot claim was figured into either plan .,2.8612754579264243,0.6841873456578355,0.20753110360568536,0.660365178416895,0.3158126543421647
1781,The dispute between Eastern and its pilots is over a `` pay parity '' clause in the pilots ' contract .,3.222828605259552,0.8535877751357884,0.09952206752171353,0.2768519569083505,0.1464122248642115
1782,The clause was part of an agreement in which pilots accepted a substantial pay cut as long as no other labor group got a raise .,3.264094411681615,0.8720567751577867,0.08729351889021433,0.23944471112240978,0.12794322484221332
1783,"Shortly after Texas Air took control of Eastern , some Machinists union supervisors received a 20 % pay raise .",3.4841837197791885,0.8691566073831622,0.08716590666216047,0.2622556248918265,0.1308433926168376
1784,The pilots argued that this triggered a pay raise for them .,2.481203125901445,0.6726457590510624,0.2245525579689264,0.6037593748197111,0.32735424094893767
1785,"Eastern has disputed the claim , but a federal district court , an appeals court and now the arbitrator have all sided with the pilots .",3.13071244920621,0.795721162649705,0.13694661365205532,0.40186080829640947,0.2042788373502948
1786,The two sides do n't even agree about how much money is at issue .,3.227091463771113,0.7470079252745937,0.1644380808897769,0.5482247051148391,0.25299207472540625
1787,"The pilots put the amount as high as $ 100 million , the company at $ 65 million .",3.6451779455884936,0.909345799691613,0.06035298295347876,0.18206089715186446,0.09065420030838682
1788,"Another arbitrator is hearing another pay parity case between Eastern and its pilots , resulting from a similar set of circumstances involving a separate pay raise granted another union .",3.1923658928358525,0.8283045086892754,0.11592652248577731,0.330865535961768,0.17169549131072467
1789,A decision on that case is n't expected before mid-November .,2.6472195889785226,0.6773834837436927,0.21633452563580177,0.6341797669347863,0.32261651625630705
1790,"Ironically , many of the pilots involved have left Eastern or are still striking the carrier , which filed for bankruptcy protection March 9 .",3.314424153519906,0.7511432242810229,0.16083644099141306,0.5496756167956461,0.24885677571897705
1791,About 800 have crossed the picket lines and returned to work .,2.981203125901445,0.7732562083598599,0.15307643835228216,0.4370927081530443,0.22674379164014014
1792,Few people in the advertising business have raised as many hackles as Alvin A. Achenbaum .,2.928422060767084,0.7856859580802599,0.14644873148470425,0.3993974703476993,0.21431404191974018
1793,"The general public may not know his name , but he 's famous -- make that infamous -- in advertising circles : A marketing consultant , he pioneered slashing ad agency commissions , to the delight of advertising clients and the dismay of agencies .",3.4760595096490055,0.8783078883216244,0.08140849062612829,0.24089489487730087,0.12169211167837549
1794,"Now , after beating them , Mr. Achenbaum is joining them .",2.0220552088742005,0.5481723147201799,0.30993660627903324,0.8333333333333334,0.4518276852798202
1795,"Backer Spielvogel Bates Worldwide named Mr. Achenbaum , 62 , vice chairman of professional services , reporting directly to Carl Spielvogel , chairman and chief executive officer .",2.8752168695536806,0.7631882307096763,0.16119222567575311,0.4460794641311806,0.23681176929032366
1796,"He joins Nov. 13 , dissolving his consulting firm , Canter , Achenbaum Associates .",2.359121463194188,0.6965862399722464,0.21498160658019796,0.5154378464278009,0.30341376002775355
1797,"In years past , the ad industry 's most distinguished executives did n't hesitate to excorciate Mr. Achenbaum .",3.2896575507377843,0.7920080316900253,0.1368864756097429,0.4328194295340806,0.20799196830997457
1798,"They have since mellowed , although one senior Young & Rubicam executive , echoing others , said : `` I think ad agencies owe Carl -LCB- Spielvogel -RCB- a vote of thanks for getting him out of the consulting business . ''",3.7637588065778194,0.8834696993465002,0.07613679200060704,0.24822127212862835,0.1165303006534996
1799,"But industry executives also believe hiring Mr. Achenbaum is a shrewd move for Backer Spielvogel , a unit of Saatchi & Saatchi .",3.296877622427288,0.8356101372879277,0.11004947526776794,0.3247408786898931,0.16438986271207234
1800,"Mr. Achenbaum has counted among his clients some of the most visible blue-chip advertisers in the country , including Nissan , Toyota , Seagram and Backer Spielvogel clients Hyundai and J.P. Morgan .",3.4747590676612616,0.851188255481847,0.09852484983534265,0.30394436779140044,0.1488117445181529
1801,"At Backer Spielvogel , he will work with clients and potential clients on marketing strategies ; aside from agency compensation issues , he helped Nissan , for example , come up with its positioning and pricing for its new Infiniti line .",3.5975904572447615,0.9093631439712161,0.06064857066100349,0.1792871695348484,0.09063685602878392
1802,"His client contacts , meanwhile , could prove a gold mine for an agency that has had few new business wins of late .",3.0594134152175236,0.7677907286989047,0.15500460960170465,0.4626417936566766,0.2322092713010952
1803,"`` I 've done over 40 ad agency searches -LCB- for clients -RCB- , so I have a pretty good notion of what clients are interested in when they look for an agency , '' Mr. Achenbaum said .",3.658402975670885,0.8439755098684119,0.10139172004894144,0.3383222128727058,0.1560244901315885
1804,"As a consultant , he has given seminars at agencies including Ogilvy & Mather on how to win new business .",3.262768631034306,0.7254480177406838,0.17644216738685103,0.6184232345287141,0.2745519822593161
1805,"Mr. Spielvogel said he hopes Mr. Achenbaum will do some strategic consulting at the agency for `` non-clients , in hopes that they become clients . ''",3.601625489194819,0.8761443777362339,0.08180935156940584,0.2548230147826141,0.12385562226376626
1806,"At Backer Spielvogel , Mr. Spielvogel 's hallmark has been personal involvement with all major clients .",2.69261397122455,0.6762410894148999,0.21598887162850558,0.6461751624040605,0.3237589105851001
1807,He pampers them ; he invites them to fabulous parties ; he strokes them .,2.7114022975371403,0.8379615081035617,0.11708988935105373,0.26299876155348206,0.1620384918964382
1808,"Mr. Achenbaum , too , delves into his clients ' business .",2.6478697925681116,0.6867971317495237,0.21144561095455602,0.603759374819711,0.3132028682504763
1809,`` Carl has a much higher degree of intimacy with his clients than is ordinary for an agency his size .,3.1722860343728714,0.7671370256511267,0.15348791611172727,0.4822598088562638,0.23286297434887301
1810,"And with Al 's record of being a delver and a detail guy , you can see how the two fit , '' said Alan Gottesman , an analyst with PaineWebber .",3.7090611229966504,0.8430838877359974,0.1015380451054522,0.3451681736755247,0.1569161122640028
1811,"Mr. Achenbaum 's move follows the announcement last month that his consulting partner , Stanley Canter , 66 , would retire .",3.425118550357138,0.8248544805517831,0.11535254719704867,0.36363636363636376,0.17514551944821677
1812,"When the announcement came out , `` I picked up the phone and said , ` Why do n't you come to us ? ' '' Mr. Spielvogel said .",3.5525842461721617,0.8588914847276934,0.09305068037683764,0.2918295834054491,0.14110851527230672
1813,"Mr. Achenbaum , who had been considering paring down his firm or merging it with another small consulting outfit , soon agreed .",3.4707906659055485,0.8084203361975774,0.12482441119411752,0.41181617425307454,0.19157966380242253
1814,"The two men are longtime friends and tennis partners , having met about 25 years ago .",2.8605406166523943,0.7064625870808976,0.19474422090801807,0.5957696904708502,0.29353741291910246
1815,"Before becoming a consultant in 1974 , Mr. Achenbaum was a senior executive at J. Walter Thompson Co .",2.9599384714488157,0.7583152471632195,0.16235288331047246,0.4726299365271609,0.24168475283678045
1816,"He spent most of his career formulating marketing strategies , but became best-known for chipping away at ad agency compensation .",3.180133512295753,0.8174697301567052,0.12277290121450102,0.3556229689505126,0.18253026984329468
1817,"Ad agencies typically earned a straight 15 % commission ; if a client spent $ 100 million on TV time , the agency made $ 15 million .",3.380277921342119,0.8426223929570835,0.10481723079636787,0.31566930504535085,0.1573776070429164
1818,"But Mr. Achenbaum pioneered negotiated fees , which often worked out to less than 15 % .",2.8990713244202526,0.6688089402872555,0.21509306768831749,0.7196004502933414,0.33119105971274454
1819,"More recently , he negotiated `` indemnification '' clauses in which an ad agency in some cases must pay a client if it drops the account .",3.623736620376676,0.9213411943806585,0.052720383286522454,0.1548401324413959,0.07865880561934141
1820,"He ultimately became so well-known for cutting compensation , however , that clients did n't seek him out for anything else .",3.3462395733794312,0.7908356999261854,0.13694779629870804,0.44251534061407277,0.20916430007381473
1821,"`` I was very frustrated , '' he said .",1.9219280948873623,0.6156221528723916,0.2827617021734422,0.5999999999999998,0.38437784712760825
1822,"`` The fact of the matter is , I am a marketer .",3.0327632280938905,0.8803276180915445,0.0841616105100142,0.20702254223996136,0.11967238190845571
1823,That 's another reason -LCB- for the Backer Spielvogel job -RCB- .,2.4812031259014455,0.6726457590510625,0.2245525579689264,0.6037593748197111,0.32735424094893767
1824,It struck me as a way to get back to what I really want to do . '',2.4193819456463714,0.63060709998332,0.24980855341216493,0.7086048612313041,0.36939290001668007
1825,Mr. Spielvogel added pointedly : `` The pressure on commissions did n't begin with Al Achenbaum . '',3.0588138903312014,0.7748338873007815,0.15077654625750175,0.4444444444444446,0.2251661126992185
1826,"Mr. Spielvogel said Mr. Achenbaum will work with clients to determine the mix of promotion , merchandising , publicity and other marketing outlets , and to integrate those services .",2.705495796276305,0.6655826744687127,0.22176549058744707,0.6796786508521063,0.3344173255312874
1827,"He will concentrate on , among others , J.P. Morgan and Hyundai .",2.667002651004393,0.6998537701909401,0.203155912985799,0.5743525544070877,0.3001462298090599
1828,"Mr. Achenbaum helped Morgan in its recent agency search , and he has a long relationship with Hyundai , which is having severe troubles , including declining sales .",3.1409140956724184,0.7646135286152487,0.1555200269401494,0.4838807253213399,0.23538647138475152
1829,"`` The trail of revenue is increasingly going away from pure advertising , and going towards other services , '' Mr. Spielvogel said .",3.2557902286424003,0.7899233186188621,0.1386866427636605,0.4329316468984662,0.2100766813811379
1830,"Instead of being just an ad agency , he said : `` We have redefined our mission here .",3.4088503142372795,0.8914714622636836,0.07342872070211466,0.20791389586027204,0.10852853773631625
1831,"Our mission is to help our clients grow , and to use every tool of marketing communications to accomplish that . ''",3.389631320760486,0.9025500249268569,0.06640705478116204,0.1829923431346777,0.09744997507314312
1832,Industry executives are wishing Mr. Achenbaum well .,2.5,0.7142857142857143,0.19999999999999993,0.49999999999999983,0.28571428571428564
1833,"Leonard Matthews , then-president of the American Association of Advertising Agencies , called Mr. Achenbaum a `` quisling '' in an incendiary 1987 speech .",3.0497872729300726,0.8292140771004806,0.11723015631502111,0.3144319171749899,0.17078592289951935
1834,"Yesterday , Mr. Matthews , now a consultant with the Stamford , Conn. , firm Matthews & Johnston , quipped , `` I think he 'll be very good at that -LCB- new job -RCB- .",3.619917527559528,0.881244117485131,0.07848444050228987,0.2439088625312882,0.11875588251486906
1835,And much better at that than at -LCB- the price-cutting -RCB- he 's been doing recently . '',3.100752084895838,0.7511535840496505,0.16420061614761286,0.5136173609909186,0.24884641595034948
1836,Cotton Inc . Campaign,1.5,0.6,0.3333333333333333,0.49999999999999994,0.39999999999999997
1837,"Cotton Inc. , the fiber company that represents cotton growers , will begin a new ad campaign , developed by Ogilvy & Mather , Thanksgiving Day .",3.3430903043301488,0.8517736015126636,0.09941863478300919,0.2911719530277082,0.14822639848733665
1838,"J. Nicholas Hahn , Cotton Inc. 's president and chief executive , was an outspoken critic of WPP Group 's acquisition of Ogilvy Group earlier this year .",3.3307485660595177,0.8500518424734009,0.10066518932289951,0.2937700888993802,0.14994815752659887
1839,"During the takeover , Mr. Hahn said he would put his account up for review if WPP 's bid were successful , but he did n't .",3.7377207499617633,0.8528150751928594,0.09531944882190496,0.3228608339275047,0.14718492480714065
1840,Cotton Inc. 's new $ 9 million campaign calls cotton the `` Fabric of Our Lives . '',3.3502090290998976,0.7903117818730131,0.13721241397987988,0.4444444444444446,0.20968821812698696
1841,The campaign replaces its `` Take Comfort in Cotton '' ads and marks the end of its national cooperative advertising efforts .,3.36588518726714,0.8927406179686564,0.07298860925003103,0.20219913707757492,0.1072593820313436
1842,"For years , the company 's ads were tied in with pitches for Cannon sheets or Martex towels , for example , and an announcer at the end of the ads would tell customers where to `` find the true performance label . ''",3.693282410570262,0.920269660616704,0.05309507863569251,0.15998933390664657,0.0797303393832959
1843,"With the new TV spots , Ogilvy & Mather has opted for a family style with lots of laughter , hugs and tears .",2.781453645923478,0.7312862286136135,0.18228143048757361,0.5110276044371002,0.2687137713863865
1844,"`` We 're making a fairly obvious plea for some emotional reaction , '' says Tom Rost , creative director at Ogilvy & Mather .",3.2082232722377624,0.7570268920577942,0.15894975901798988,0.515445981022315,0.24297310794220572
1845,"Cotton Inc. will spend nearly $ 2 million on broadcasting on Thanksgiving Day alone , advertising on such programs as `` Good Morning America , '' `` Macy 's Thanksgiving Day Parade '' and the NFL holiday game .",3.507121707703792,0.8308100932267506,0.11083952934316069,0.3572724830345374,0.16918990677324955
1846,Frank Mingo Dies at 49,1.750977500432694,0.6052716648242668,0.29707177702094517,0.5880325916843804,0.3947283351757332
1847,"Frank L. Mingo , one of the pioneers of advertising targeted at black audiences , died at the age of 49 after a stroke .",3.380373773189689,0.8832178494927612,0.07901112395379897,0.22374071718943855,0.11678215050723882
1848,"Mr. Mingo was chief executive officer of the Mingo Group , which he founded in 1977 and which created ads for the black market .",3.374815153692984,0.8050387387150515,0.12797229036133034,0.4091223529386888,0.19496126128494823
1849,Clients include Miller Brewing Co. and General Motors .,1.9677228827274096,0.6853691315648207,0.24024866167040607,0.4557259338831051,0.31463086843517934
1850,"Mr. Mingo was hospitalized Sept. 23 and died Monday , according to Samuel J. Chisholm , the agency 's president and chief operating officer .",2.9724942940872454,0.753207735704029,0.1652110395011996,0.4875391230785313,0.24679226429597087
1851,Ad Notes ... .,2.0,1.0,0.0,0.0,0.0
1852,EARNINGS :,0.0,0.0,1.0,1.0,1.0
1853,"Omnicom Group Inc. , New York , reported third-quarter net income rose 54 % to $ 5.6 million , or 22 cents a share , from $ 3.6 million , or 15 cents a share , a year earlier .",4.031510204143923,0.9545144404571744,0.029797814414015314,0.09605695297300512,0.04548555954282578
1854,Revenue increased 20 % to $ 246.6 million from $ 204.8 million .,2.038941340513583,0.6209637286708279,0.27200338490573583,0.6249550662214066,0.3790362713291724
1855,"Prime Minister Lee Kuan Yew , Singapore 's leader and one of Asia 's leading statesmen for 30 years , recently announced his intention to retire next year -- though not necessarily to end his influence .",3.866384574572776,0.9158266213840237,0.05514099931241059,0.17777286623400382,0.08417337861597625
1856,"The prime minister , whose hair is thinning and gray and whose face has a perpetual pallor , nonetheless continues to display an energy , a precision of thought and a willingness to say publicly what most other Asian leaders dare say only privately .",3.767985114078865,0.9167408693394312,0.05500813116808768,0.17116667196778992,0.08325913066056875
1857,"The 66-year-old Mr. Lee recently spent an hour discussing the state of Asia and the world with two Journal reporters in his plainly furnished , wood-paneled office .",3.5836169753972325,0.8443996335320554,0.10178310901625451,0.33018258920844734,0.15560036646794453
1858,The interview did not touch on Singapore 's domestic affairs .,2.1017650435239776,0.5139009135600089,0.32109042413938854,0.9999999999999997,0.48609908643999106
1859,"Skipping personal pleasantries , Mr. Lee picked up exactly where he left off several months earlier -- before the government crackdown in China -- when he had warned that the orthodox leadership in Beijing feared a plurality of views .",4.0229741943865225,0.9432726698162696,0.03705108816956479,0.12096851353174597,0.056727330183730405
1860,Excerpts follow :,0.666666666666667,0.26631956334878915,0.5793801642856952,1.0,0.7336804366512111
1861,"On China 's turmoil : `` It is a very unhappy scene , '' he said .",2.6252464990053355,0.6483524207332552,0.23329678209491445,0.7137113030028301,0.3516475792667449
1862,"`` It took Zhao Ziyang -LRB- former premier and party chief -RRB- 10 years to build a team of economists who understood how the Western economies work and now that team is part in exile , part being rusticated and part missing . ''",3.871743197048122,0.9133212303951881,0.05671907867247497,0.18372393270696277,0.08667876960481184
1863,"Rebuilding that team , Mr. Lee predicted , will take another 10 years .",2.6644977792004614,0.720229167129625,0.19170416017625302,0.5175080355597522,0.27977083287037496
1864,"`` That 's very sad for China and for Asia because China could have been a good engine for growth , not just for Hong Kong and Taiwan but for Japan , Korea and the rest of Asia . ''",3.8194314581346145,0.889695414133507,0.07190081271956976,0.23676687467547952,0.11030458586649287
1865,"On similarities between China and the Soviet Union : `` In important particulars , the Soviets are different from the Chinese .",2.975112435362134,0.7815877013635482,0.1481180347861433,0.41569304671484825,0.21841229863645203
1866,They are already industrialized ... .,1.9182958340544893,0.589949140970322,0.2960819109658651,0.6666666666666663,0.4100508590296778
1867,Their problem is one of inefficiency of an industrial economy .,1.8513207251454797,0.48219248199984993,0.3493524115717397,0.9999999999999999,0.51780751800015
1868,The Chinese problem is much greater -- it 's how to industrialize to begin with . '',2.5749669124010204,0.6420445674785595,0.23822979890800672,0.7196004502933414,0.35795543252144035
1869,"Asked if the Soviets , like Chinese officials , wo n't one day face a similar conflict between the desire to liberalize economically and yet retain political control , Mr. Lee said , `` I would think that the Soviets face a deeper dilemma because they have been more in blinkers than the Chinese -- I mean keeping their people cut off from the outside world . ''",4.079995677292234,0.8986797981042051,0.06497091163778568,0.2299962604196018,0.10132020189579494
1870,"Mikhail Gorbachev , he said , is ahead of China 's leaders in his awareness of the world .",3.198323998447806,0.7927685150710296,0.13767237124852916,0.4188619212494078,0.2072314849289702
1871,`` But I think the Soviet peoples are more introverted than the Chinese . '',2.8270914637711124,0.6752569805300023,0.21310998392206043,0.681987197751605,0.3247430194699977
1872,"Regardless , he said , he still believes the Soviet Union , while falling far short of the efficiency of a Western economy , may well manage to improve considerably .",3.8725226571672273,0.9021238018355798,0.06378628127325864,0.21023309876399265,0.09787619816442027
1873,"On Asia-Pacific prosperity : `` If America can keep up the present situation -- her markets open for another 15 years , with adjustments , and Japan can grow and not cut back , and so too , Korea , Taiwan , Hong Kong , Singapore , ASEAN , Australia and New Zealand -- then in 15 years , the economies of these countries would be totally restructured to be able to almost sustain growth by themselves . ''",4.248852949528991,0.950176959788018,0.03208616490469664,0.11140832258228482,0.04982304021198223
1874,"In such an arrangement , `` all benefit , '' he said .",2.2508557637569266,0.6439432631045567,0.24894402448267858,0.6249550662214064,0.3560567368954434
1875,"`` And if the Europeans come in , they benefit too .",2.314536459234779,0.6003380551391877,0.26981478355682986,0.7704260414863776,0.39966194486081247
1876,It 's not a zero-sum game . '',2.25,0.6,0.2727272727272726,0.7499999999999998,0.3999999999999998
1877,"Asked about the possibility of greater economic cooperation among Asia-Pacific nations , which will be discussed Nov. 6 and 7 at a ministerial meeting in Canberra , Mr. Lee said the goal `` is to have a free and open world trading system . ''",3.888468577451132,0.8904095222813697,0.07106164995612183,0.23937917589253216,0.10959047771863022
1878,"An Asian bloc is n't intended , he said .",2.521928094887363,0.6775864634116969,0.22043198023011293,0.5999999999999998,0.3224135365883031
1879,`` That 's not possible . '',1.9299678577609913,0.6199079888675725,0.2780305772758099,0.6005439318490574,0.3800920111324275
1880,On U.S.-Japan relations : `` I 'm encouraged .,2.0405031085111425,0.5983076481896766,0.28312083989852405,0.691145186776621,0.40169235181032353
1881,I think the earlier strident notes struck by -LCB- U.S. Commerce Secretary Robert -RCB- Mosbacher and -LCB- U.S. Trade Representative -RCB- Carla Hills have been more rounded .,3.3212963336848613,0.8589513887049739,0.09512563146779957,0.2726954294071328,0.14104861129502627
1882,"I believe the U.S. is becoming more patient and circumspect , '' he said .",2.376765630293549,0.5937415651197296,0.27048164981849004,0.8157496903883706,0.4062584348802705
1883,`` It 's the total relationship that is important . '',3.079482089175201,0.88599200463188,0.07983647668455132,0.1993212533747088,0.1140079953681198
1884,"The total relationship , as Mr. Lee sees it , is `` the flow of dollars to the U.S. to fund the deficits , the investments the Japanese are making in the U.S. in order to satisfy American demand that American products consumed in America should be made as much as possible in America by Americans with Japanese technology and capital . ''",4.042316611369449,0.9187715674608304,0.05255782841922939,0.17872273340203884,0.08122843253916934
1885,"Japan 's recent political turbulence , Mr. Lee said , may mean Japan will slow market adjustments .",3.127986806877675,0.8429465677189127,0.10749505757740076,0.2913951387686963,0.15705343228108734
1886,"`` They 'll be more timorous in tackling their own voters , like opening up more to agricultural imports from America , hurting their farmers . ''",3.3332879892749476,0.7983849003682836,0.1325162623239127,0.42129240385385924,0.2016150996317166
1887,"On U.S. military presence in Asia : Asked if his offer to allow the American military to use facilities in Singapore would help preserve America 's presence in the region at bases in the Philippines , he said , `` What we have done is make it easier for the Philippines to continue to host American bases without it being said they are lackeys of the imperialists and the only ones in Asia or in Southeast Asia .",4.241411771929471,0.962993937894013,0.023938063327316017,0.0814947744075834,0.03700606210598691
1888,"We are willing to share the political burden of being host to America , an imperial power .",3.2957395851362237,0.7931561680276548,0.13619993649605278,0.4297409718616442,0.2068438319723452
1889,"We think it is n't such a great burden , that it carries no stigma , and we are prepared to do it . ''",3.1624133911286965,0.7978367375516769,0.13513515590459915,0.40112388138239397,0.20216326244832314
1890,On U.S.-Philippine relations : `` It 's such a mixed-up relationship going back into history ... .,2.7658558828619926,0.7241058467611089,0.18670458489089753,0.5282335498720808,0.2758941532388911
1891,I really do not understand how it is that Filipinos feel so passionately involved in this father figure that they want to dispose of and yet they need .,3.470185648142579,0.8042626329126854,0.12736100155719005,0.4226406873642296,0.1957373670873148
1892,I just do n't understand it .,2.1078410717376386,0.6010607207034366,0.27740425825876003,0.7100019018292099,0.3989392792965634
1893,My relationships with the British are totally different .,2.17884894160409,0.5236357572409647,0.3126496871021502,0.9999999999999996,0.47636424275903516
1894,They lorded it over me .,0.7924812503605783,0.2837910729958346,0.5578858913022595,0.9999999999999997,0.7162089270041652
1895,They did me some good .,1.2516291673878228,0.38492371145548304,0.4441228664487977,0.9999999999999997,0.6150762885445168
1896,They did themselves even more good .,1.8221267860233528,0.5656750688511216,0.31285191935019313,0.7100019018292097,0.4343249311488784
1897,They let me down when the Japanese came down -LCB- during World War II -RCB- ... .,2.8546661772341655,0.7771604180047573,0.1529571840865308,0.41029193734010105,0.2228395819952428
1898,I do n't feel down or done in because I show British serials on my television network or read their books .,3.322179345516666,0.7935070334646608,0.13564562421721563,0.43226250019667917,0.20649296653533927
1899,I mean it is a normal adult relationship .,1.9566267193818683,0.5599426094989057,0.30714122746940076,0.7757768235684184,0.44005739050109427
1900,"`` But the Filipinos and the Americans , when I talk to them , there 's so much passion about Filipino manhood being diminished as a result of being squatted upon by the Americans and so on .",4.158193052016821,0.9251679532221296,0.048123056189069674,0.16816735593587345,0.07483204677787052
1901,The occasional Englishman tries to put on airs but we let it pass ... .,2.910098963626883,0.7091433503455769,0.19208646510603905,0.5987125220897029,0.2908566496544233
1902,It 's just comic when they try to pretend they 're still the master race . '',3.3252544125282832,0.8705573479079386,0.0875971322418675,0.24783400016542223,0.1294426520920615
1903,Mr. Lee added that the Filipinos are `` making it very difficult '' for the U.S. military presence to last beyond five or 10 years .,3.6235166412180146,0.7805313903088128,0.13986146413996936,0.5094274037629435,0.21946860969118728
1904,On military alternatives if the U.S. pulls back : `` The Soviets already are present .,3.172180468885217,0.777910950860058,0.14712348353666224,0.4528195311147832,0.22208904913994207
1905,"I suppose sooner or later , the Japanese would have to fill up a large part of the gap on the naval side .",3.3664161466446343,0.7638328259718572,0.15273996833082246,0.5204260414863775,0.23616717402814286
1906,"Maybe the Chinese , maybe even the Indians . ''",2.872905595320056,0.9669987783312132,0.02487251568113012,0.04902249956730646,0.033001221668786974
1907,On economic consequences of a diminished U.S. presence : `` America is the only major power in recent history that has used its military might to sustain a system that enables all participants to equally benefit without her as the provider of the security taking royalties . '',3.947043998050024,0.9169394593851702,0.05409773889402033,0.17877058564388823,0.08306054061482983
1908,"Asked why so few nations seem to share his views of America , he said , `` Many people see it that way .",3.4743365827189234,0.8536927906937999,0.09698389593330367,0.2977186261552774,0.14630720930620017
1909,But they have just taken it for granted . '',2.521928094887363,0.6775864634116969,0.2204319802301129,0.5999999999999998,0.3224135365883031
1910,On Cambodia : `` Let 's assume that -LCB- former Cambodian leader Prince Norodom -RCB- Sihanouk does what the press wants him to do and joins up with -LCB- Vietnamese-backed Cambodian leader -RCB- Hun Sen .,3.5226157239984235,0.8616169644039474,0.09159535594815091,0.28288106970045096,0.13838303559605253
1911,Is the trouble over ?,1.3509775004326934,0.4102724782438433,0.4181656600790515,1.0,0.5897275217561565
1912,Can Sihanouk and Hun Sen knock off the Khmer Rouge still supported by China ?,2.3440839639153443,0.6505867559175532,0.24152555294885475,0.6314993807767411,0.3494132440824468
1913,He ca n't .,1.0,0.3333333333333333,0.49999999999999994,0.9999999999999999,0.6666666666666666
1914,`` What is the way forward ?,1.5364125003090674,0.4381151962146042,0.39070917633329016,1.0000000000000002,0.561884803785396
1915,To get the Khmer Rouge as part of a process for elections .,2.820848804850547,0.7713657403991759,0.15709015750433175,0.4198462650364174,0.22863425960082417
1916,"And when they lose , then we can expect China to stop aid .",2.7184183150692807,0.6730176420538837,0.21728623693930182,0.660365178416895,0.3269823579461163
1917,Let 's put it bluntly .,0.9182958340544891,0.31466852103841336,0.52129602861432,1.0,0.6853314789615865
1918,The Chinese can not be seen to have made use of the Khmer Rouge and then discard them . '',3.7351612202118822,0.8668892197283694,0.08667068959619699,0.2867668746754797,0.1331107802716305
1919,Ms. House is vice president of Dow Jones International Group .,2.3281491340397102,0.8135647828296712,0.1428317859800185,0.26835953386957323,0.1864352171703289
1920,Mr. Wain is editor of The Asian Wall Street Journal .,2.146330952221528,0.7052220948737719,0.2188758995529376,0.4512696504021799,0.2947779051262281
1921,Everything looked good as neurosurgeon Walter Levy and colleagues carefully cut away a woman 's spinal tumor at the Cleveland Clinic in 1978 .,3.4387218755408666,0.7638838624142528,0.1517732519688646,0.5314536459234777,0.2361161375857471
1922,"Using small electrical shocks applied to her feet , they were able to monitor sensory nerves .",2.721450735675907,0.7499597896227644,0.1724142470926512,0.45480826198280006,0.2500402103772357
1923,"The shocks generated nerve impulses that traveled via spine to brain and showed up clearly on a brain-wave monitor , indicating no damage to the delicate spinal tissue .",2.9245773763149443,0.7607067057828972,0.1616595584246947,0.4603828569036016,0.23929329421710285
1924,"Then , says Dr. Levy , `` she woke up paralyzed . ''",2.558548071449234,0.7319704000886007,0.18739813172533695,0.47044877685073594,0.26802959991139935
1925,"The damage was to her motor nerves , which could n't be monitored along with the sensory nerves , he explains .",3.277613436819116,0.8093967721814248,0.1265536590749339,0.3859193179851395,0.19060322781857533
1926,"The tragedy , he adds , `` galvanized me '' to look for a way to prevent similar cases .",3.5646657435010294,0.9371570192257487,0.04262863501000454,0.11951797627815944,0.06284298077425124
1927,"Dr. Levy 's answer may come with a new kind of magnetic brain probe , a device that he and dozens of U.S. researchers are studying with great hope .",3.4938786114230784,0.8446985011704842,0.1024099084434572,0.32118240077999083,0.15530149882951594
1928,"Besides holding the promise of safer spinal surgery , the probe could improve the diagnosis of brain and nerve disorders such as strokes and multiple sclerosis .",3.25455847005003,0.862589186376937,0.09344851768517508,0.2594830721279113,0.13741081362306307
1929,"Perhaps most exciting , the device is thrusting open a window to the workings of the brain .",3.2118631960069495,0.8464180506598287,0.10426879093497482,0.29139513876869627,0.15358194934017136
1930,"The probe , which is painless , non-invasive and apparently harmless , employs strong magnetic fields to induce small whirlwinds of electricity within the brain .",3.4256225247669896,0.8536384497823254,0.09746938716727292,0.2936720008999893,0.1463615502176746
1931,"If positioned over the brain 's motor-control area , the hand-held electromagnets generate nerve impulses that zip down motor nerves and activate muscles , making , say , a finger twitch .",3.315836735819908,0.8594796935927205,0.09484419123602959,0.2710607345277908,0.14052030640727944
1932,"In principle , they will enable doctors to check the body 's motor system the way an electrician tests a home 's electrical circuits by running current through them .",3.507751647240616,0.8976393496545636,0.06878166510189931,0.20000000000000007,0.1023606503454365
1933,"`` Until now , we 've had no objective way of measuring motor function , '' says Keith Chiappa , a neurologist conducting clinical tests with the devices at Boston 's Massachusetts General Hospital .",3.8301512380441234,0.9029408898188671,0.0634876733569016,0.20597701441362498,0.09705911018113274
1934,"`` All we could do was tell a patient , ` squeeze my fingers as hard as you can ' or ` raise your arm . '",3.5389035072117387,0.8997722311820339,0.0671767940846644,0.19729871151594827,0.10022776881796616
1935,"`` Under the best circumstances such tests are subjective ; when a patient is unconscious , they do n't work at all .",3.2312352309348125,0.7843971973813048,0.1422977043172722,0.44468220043699264,0.21560280261869524
1936,"Magnetic brain tweaking started in the early 1900s , when researchers produced flashes of light in the visual field with magnets .",3.0151390045092366,0.8575413256487914,0.09953957352092407,0.2504443183784971,0.14245867435120865
1937,"In the 1960s , Mayo Clinic researchers developed magnetic devices to stimulate motor nerves in the hand and other limbs .",2.9245113430457232,0.7530670220489813,0.16619093239828311,0.48026397254001013,0.24693297795101865
1938,"But for brain tests , the unwieldy machines `` would have required patients to stand on their heads , '' says Reginald Bickford , a researcher at the University of California at San Diego .",3.7198359662560554,0.8987868030694487,0.06671735191478005,0.2095704741308417,0.10121319693055106
1939,"The field took off in 1985 after scientists at Britain 's Sheffield University developed a handy , compact magnet for brain stimulation .",3.3340407951348245,0.7833491456322554,0.14153422340390284,0.4616775359691517,0.21665085436774456
1940,"Since then , at least two commercial versions have been put on the U.S. market , and an estimated 500 have been sold .",3.4497494799779678,0.7978264156897102,0.13149857677467922,0.4370927081530443,0.20217358431028978
1941,"In August , a Chicago conference on such devices attracted more than 100 researchers , who reported studies on everything from brain mapping to physical therapy .",3.2352097686850816,0.8344206598608744,0.11152576657791899,0.32130952151264114,0.16557934013912567
1942,"`` We do n't feel we can use -LCB- the devices -RCB- routinely in surgery yet , but we 're getting close , '' says Dr. Levy , who is now with the University of Pittsburgh .",3.943107291904393,0.9126651121877901,0.05680956222570264,0.18876168297175852,0.08733488781220983
1943,"A problem , he adds , is that anesthetized brains are more resistant to magnetic stimulation than awake ones .",3.0709505944546684,0.7781573023797913,0.1485672446982103,0.4377443751081734,0.22184269762020867
1944,"The devices could help indicate when surgery would help , says Charles Tator , a University of Toronto neurosurgeon .",2.970950594454669,0.7723898203596327,0.15378665135714203,0.43774437510817354,0.2276101796403674
1945,"For example , paralyzed car-crash victims occasionally have some intact spinal tissues that , if preserved by emergency surgery , enable partial recovery .",3.2039105412325455,0.8343082767190222,0.11201488679449245,0.31814466764165505,0.16569172328097773
1946,But such operations typically are n't performed because there is no sign right after an injury that surgery would be beneficial .,3.2998963911678905,0.7515469324792182,0.16086282399202576,0.5454545454545455,0.24845306752078178
1947,"`` The cost -LCB- of magnetic stimulators -RCB- would seem like peanuts if we could retrieve limb function '' in such people , Dr. Tator says .",3.385506860912617,0.83995329019656,0.10639382026570408,0.322860833927505,0.16004670980344018
1948,Scientists caution there is a chance the magnet technique might spark seizures in epileptics .,2.5277431307262423,0.739242053463893,0.1840245421722994,0.44724907116511153,0.26075794653610684
1949,But no significant problems have been reported among hundreds of people tested with the devices .,3.077819531114783,0.8040659979125044,0.13261100854345095,0.37499999999999994,0.19593400208749548
1950,"The main sensation , besides feeling like a puppet jerked with invisible strings , is `` like a rap on the head , '' says Sam Bridgers , a neurologist who has studied the brain stimulators at Yale University .",3.4852298192783486,0.8736176337324825,0.08432944102197257,0.252096325977659,0.1263823662675175
1951,One apparent side effect is a minor increase in a brain hormone .,2.5585480714492337,0.7319704000886007,0.18739813172533692,0.47044877685073594,0.26802959991139935
1952,And some doctors who have conducted hours of tests on themselves report temporary headaches .,2.6761139633384197,0.674024886631365,0.21762401338929196,0.6492003390645668,0.32597511336863516
1953,"At least two companies , Cadwell Laboratories Inc. of Kennewick , Wash. , and Novametrix Medical Systems Inc. of Wallingford , Conn. , now sell versions of the magnetic devices .",2.480086104139377,0.6614222830541568,0.2307938040550907,0.6352467961931902,0.33857771694584315
1954,"The machines , which at $ 12,500 are inexpensive by medical standards , have n't been approved in the U.S. for marketing as brain stimulators but are sold for stimulating nerves in the hand , legs and other non-brain areas .",3.64020882556639,0.8258158039027658,0.11263299173917238,0.38406814103316095,0.1741841960972345
1955,Researchers can apply for permission to use the probes for brain studies .,2.0592999948589985,0.589141418900756,0.28725980461401496,0.721143922166291,0.41085858109924417
1956,"At the University of Kentucky , a team led by Dean Currier , a physical therapy researcher , is testing the stimulators in conjunction with electric shocks to induce muscle contractions to help prevent wasting of thigh muscles after knee surgery .",3.606727478252716,0.9402401645230193,0.040415988405586925,0.11461829054070967,0.05975983547698079
1957,"Similarly , a Purdue University team led by heart researcher W.A. Tacker hopes to develop ways to magnetically induce cardiac muscle contractions .",3.2427422964343955,0.8333231865029856,0.11210899051065681,0.3247408786898929,0.1666768134970143
1958,"The devices might someday serve as temporary pacemakers or restarters for stopped hearts , says Dr. Tacker , whose prototype was dubbed the `` Tacker whacker . ''",3.330748566059519,0.7989347530354046,0.13225652288621725,0.4191191961967711,0.20106524696459546
1959,"The devices ' most remarkable possibilities , though , involve the brain .",1.665498804184864,0.4554333844532535,0.3741611408421265,1.0,0.5445666155467466
1960,"Probing with the stimulators , National Institutes of Health scientists recently showed how the brain reorganizes motor-control resources after an amputation .",3.5103141403992857,0.9034679732372703,0.06499381183576235,0.18753168268512668,0.09653202676272979
1961,Similar studies are expected to reveal how stroke patients ' brains regroup -- a first step toward finding ways to bolster that process and speed rehabilitation .,3.0030836031610417,0.7762031474507424,0.15084978667914645,0.4333572321469475,0.22379685254925766
1962,Scientists also are exploring memory and perception with the new machines .,1.9182958340544896,0.48957401771001985,0.34266573948079315,0.9999999999999997,0.51042598228998
1963,"At the State University of New York at Brooklyn , researchers flash two groups of different letters on a computer screen in front of human guinea pigs .",3.2899448851642332,0.9089607465721963,0.0628971275594231,0.1647563590031131,0.09103925342780364
1964,"Between flashes , certain areas in subjects ' brains are jolted with a magnetic stimulator .",2.7727829985375174,0.7439285121981186,0.17498314259795708,0.4772170014624824,0.2560714878018814
1965,"When the jolt is timed just right , the subjects do n't recall seeing the first group of letters .",3.3596724699955356,0.8380963120179524,0.10785780980343246,0.32451124978365314,0.16190368798204757
1966,`` Where does that first stimulus go ? '' exclaims SUNY neurologist Paul Maccabee .,2.8597731301493177,0.7552171780596875,0.16612015306285793,0.4649500294529372,0.24478282194031256
1967,"`` Trying to answer that is suggesting all kinds of theories , '' such as precisely where and how the brain processes incoming signals from the eyes .",3.5966358317043854,0.8289463007825265,0.11114286065645397,0.37108426877011363,0.1710536992174734
1968,He and others say that the machines are weak enough that they do n't jeopardize the memory .,2.8365916681089782,0.6584060698716416,0.22242422704080395,0.7358395832131409,0.34159393012835826
1969,"Both the SUNY team and researchers at the National Magnet Laboratory in Cambridge , Mass. , are working with more potent magnetic brain stimulators .",3.446825916084194,0.8507059524262928,0.0990701516186692,0.30279872485506315,0.14929404757370707
1970,"Among other things , the stronger devices may be able to summon forth half-forgotten memories and induce mood changes , neurologists say .",2.8747251900556923,0.7286134900448462,0.18167752270482468,0.5361054036633609,0.2713865099551536
1971,"Du Pont Co. , Hewlett-Packard Co. and Los Alamos National Laboratory said they signed a three-year , $ 11 million agreement to collaborate on superconductor research .",3.5179034005643803,0.8591019891147734,0.09318242564327997,0.2887646976721453,0.14089801088522666
1972,"The collaboration will include at least 25 researchers and will be aimed primarily at developing thin films of high-temperature superconductors for use in electronics , the companies said .",3.545819184280583,0.8519697740528894,0.09739706267769571,0.30830853237639105,0.14803022594711074
1973,"The materials , discovered during the past three years , conduct electricity without resistance and promise smaller , faster computers and other new technologies .",3.1112115350616665,0.8170778538801258,0.12398483774694437,0.34866155294832135,0.1829221461198742
1974,"Joint-research programs have proliferated as U.S. companies seek to spread the risks and costs of commercializing new superconductors and to meet the challenges posed by foreign consortia , especially in Japan .",3.662096593990409,0.8486661432782067,0.0984917187336229,0.32651190674083286,0.15133385672179345
1975,The latest research pact bolsters Du Pont 's growing portfolio of investments in superconductors .,2.4840749952560026,0.666024309889624,0.22789428127809236,0.6248202536716218,0.3339756901103761
1976,"The Wilmington , Del. , chemicals concern previously signed research superconductor agreements with Oak Ridge National Laboratory and with Argonne National Laboratory .",2.626881555722198,0.7541283702833727,0.17234547644809262,0.4288115097852338,0.24587162971662738
1977,"Last year , Du Pont agreed to pay $ 4.5 million for rights to superconductor work at the University of Houston .",3.413088436425757,0.8333151986194631,0.11026356111120962,0.3413534092875882,0.16668480138053698
1978,"Hewlett-Packard is a Palo Alto , Calif. , computer maker .",2.578593452418207,0.8285680007681925,0.12594317009952571,0.2683595338695731,0.17143199923180746
1979,The Los Alamos laboratory is one of three U.S. Department of Energy national laboratories designed as pilot centers to foster joint industry-government programs to speed the transfer of new superconductors to the marketplace .,3.67378838341885,0.9252533674484694,0.04995448643948612,0.14839357522402308,0.07474663255153056
1980,"J.C. PENNEY Co. , Dallas , said it issued $ 350 million of securities backed by credit-card receivables .",3.210195708404788,0.8308867907416765,0.11400532313196404,0.3273454168395126,0.16911320925832338
1981,The offering was priced with an 8.95 % coupon rate at 99.1875 % to yield 9.19 % .,3.4068506962473353,0.8424227689965333,0.10467092747122161,0.3186298607505331,0.1575772310034667
1982,The retailer said the securities are expected to be rated triple-A by Standard & Poor 's Corp. and Aaa by Moody 's Investors Service Inc .,3.1093602737468364,0.7551913714012274,0.16167026581589733,0.503977040298471,0.24480862859877278
1983,"They pay interest only for 115 months , with principal payments beginning thereafter .",2.1820058147602146,0.5600211889931437,0.2959449518623597,0.8571428571428572,0.43997881100685665
1984,"The expected average life of the certificates is 10 years , with the final scheduled payment in October , 2001 .",3.262768631034306,0.8465337976738868,0.10355736274261025,0.2962347190039706,0.1534662023261133
1985,First Boston Corp. is sole underwriter .,1.9299678577609913,0.6199079888675725,0.2780305772758099,0.6005439318490574,0.3800920111324275
1986,"As part of the transaction , J.C. Penney will sell a portion of its credit-card receivables to its JCP Receivables Inc. unit , which will then transfer them to a master trust .",3.1744791620622794,0.8014271013391584,0.13278775762123926,0.3935376151376943,0.19857289866084157
1987,The trust will issue the certificates .,1.2506982145947814,0.38827638344361104,0.4406353258268446,1.0000000000000002,0.611723616556389
1988,"Credit support will be provided by a letter of credit facility from Credit Suisse in favor of the trustee , Fuji Bank & Trust Co. , for the benefit of the certificate holders .",3.342103017565406,0.917579574501097,0.05680653523002503,0.15010008964000712,0.08242042549890304
1989,J.C. Penney will continue to service the receivables .,2.1788489416040906,0.5862547422885616,0.2820984488925861,0.7757768235684186,0.4137452577114385
1990,"Battle-tested Japanese industrial managers here always buck up nervous newcomers with the tale of the first of their countrymen to visit Mexico , a boatload of samurai warriors blown ashore 375 years ago .",3.7445640292002227,0.8805060012726335,0.07811519965319412,0.25408851767794377,0.1194939987273666
1991,"`` From the beginning , it took a man with extraordinary qualities to succeed in Mexico , '' says Kimihide Takimura , president of Mitsui group 's Kensetsu Engineering Inc. unit .",3.573977248101842,0.9180663725829793,0.05512777611290854,0.15948134524250762,0.08193362741702076
1992,"Here in this new center for Japanese assembly plants just across the border from San Diego , turnover is dizzying , infrastructure shoddy , bureaucracy intense .",3.5789151909693686,0.946486584557735,0.03636410987663717,0.10127439694515661,0.053513415442265067
