id,sentence,VI,normalized-VI,homogeneity,completeness,V-score
0,-,4.709419643867054,0.630922373066789,0.39016625362388146,0.35015179609973934,0.3690776269332112
1,"In an Oct. 19 review of `` The Misanthrope '' at Chicago 's Goodman Theatre -LRB- `` Revitalized Classics Take the Stage in Windy City , '' Leisure & Arts -RRB- , the role of Celimene , played by Kim Cattrall , was mistakenly attributed to Christina Haag .",2.2472775094876916,0.37042231372066264,0.6511589692110907,0.6093810440658898,0.6295776862793369
2,Ms. Haag plays Elianti .,0.5509775004326936,0.16732395949356627,1.0,0.7133204400839018,0.8326760405064336
3,"Rolls-Royce Motor Cars Inc. said it expects its U.S. sales to remain steady at about 1,200 cars in 1990 .",1.1182263988300143,0.18716175343053884,0.818694499981516,0.8070651795565094,0.8128382465694612
4,"The luxury auto maker last year sold 1,214 cars in the U.S.",1.4266179565636454,0.2810161544407253,0.7446515435353629,0.6950266870164189,0.7189838455592744
5,"Howard Mosher , president and chief executive officer , said he anticipates growth for the luxury auto maker in Britain and Europe , and in Far Eastern markets .",1.7810856708414908,0.2821069354821714,0.776680280983675,0.6673789091353934,0.7178930645178286
6,BELL INDUSTRIES Inc. increased its quarterly to 10 cents from seven cents a share .,1.2243018651066855,0.22168086093110567,0.770370573987157,0.7864334383139179,0.778319139068894
7,The new rate will be payable Feb. 15 .,0.6666666666666679,0.11751192005564601,0.8492234537424981,0.9184649394575018,0.8824880799443541
8,A record date has n't been set .,1.0,0.2222222222222222,0.7000000000000001,0.8750000000000001,0.7777777777777779
9,"Bell , based in Los Angeles , makes and distributes electronic , computer and building products .",1.4043707635839535,0.25509552373262884,0.7708088804062714,0.7206845881690803,0.7449044762673712
10,Investors are appealing to the Securities and Exchange Commission not to limit their access to information about stock purchases and sales by corporate insiders .,1.5011412559195625,0.23731964798151614,0.7567221235868226,0.7687331520891726,0.7626803520184836
11,"A SEC proposal to ease reporting requirements for some company executives would undermine the usefulness of information on insider trades as a stock-picking tool , individual investors and professional money managers contend .",2.116395570586176,0.35896990932677286,0.686402011925655,0.6012845279033869,0.6410300906732271
12,"They make the argument in letters to the agency about rule changes proposed this past summer that , among other things , would exempt many middle-management executives from reporting trades in their own companies ' shares .",2.94835973634237,0.45953491602652796,0.5936204992316662,0.49604684679495226,0.540465083973472
13,The proposed changes also would allow executives to report exercises of options later and less often .,1.3096860297935535,0.22444374819533977,0.7893649644817722,0.7622223568443679,0.7755562518046604
14,Many of the letters maintain that investor confidence has been so shaken by the 1987 stock market crash -- and the markets already so stacked against the little guy -- that any decrease in information on insider-trading patterns might prompt individuals to get out of stocks altogether .,2.0668319189258284,0.3172922305528768,0.7071728211435986,0.6598788789629915,0.6827077694471233
15,"`` The SEC has historically paid obeisance to the ideal of a level playing field , '' wrote Clyde S. McGregor of Winnetka , Ill. , in one of the 92 letters the agency has received since the changes were proposed Aug. 17 .",2.5137089512489608,0.37735943182423026,0.6481870284502387,0.5990314366625303,0.6226405681757697
16,`` Apparently the commission did not really believe in this ideal . '',0.9811451924741128,0.16903619790053995,0.8393609944582764,0.8227329610436623,0.83096380209946
17,"Currently , the rules force executives , directors and other corporate insiders to report purchases and sales of their companies ' shares within about a month after the transaction .",2.0582868653951483,0.3329743223972672,0.6990292249284724,0.6378242674185952,0.6670256776027329
18,"But about 25 % of the insiders , according to SEC figures , file their reports late .",1.3208020839342973,0.20089456178702286,0.8042355096171157,0.7940403995535678,0.7991054382129771
19,"The changes were proposed in an effort to streamline federal bureaucracy and boost compliance by the executives `` who are really calling the shots , '' said Brian Lane , special counsel at the SEC 's office of disclosure policy , which proposed the changes .",1.9998474424393073,0.2895263277401627,0.7588215508791716,0.6679176813943352,0.7104736722598376
20,"Investors , money managers and corporate officials had until today to comment on the proposals , and the issue has produced more mail than almost any other issue in memory , Mr. Lane said .",2.1315245409750787,0.31754666750255306,0.7368540199110849,0.6355330044767593,0.6824533324974469
21,"The SEC will probably vote on the proposal early next year , he said .",1.350977500432693,0.2180354461455879,0.7476581294903355,0.8195706990832183,0.7819645538544118
22,Not all those who wrote oppose the changes .,0.8344194449252154,0.16487289753610745,0.8734806581894542,0.7999999999999999,0.8351271024638925
23,"The Committee on Federal Regulation of Securities for the American Bar Association argues , for example , in its lengthy letter to the SEC , that the proposed changes `` would substantially improve the -LCB- law -RCB- by conforming it more closely to contemporary business realities . ''",2.318811852266802,0.3423602490083744,0.6916807466606726,0.6267922365662856,0.6576397509916257
24,What the investors who oppose the proposed changes object to most is the effect they say the proposal would have on their ability to spot telltale `` clusters '' of trading activity -- buying or selling by more than one officer or director within a short period of time .,2.6104416955701306,0.4033131076558493,0.6220194009019635,0.573337033348203,0.5966868923441505
25,"According to some estimates , the rule changes would cut insider filings by more than a third .",1.7652465283787406,0.310470478564689,0.7663966607053498,0.626675925969078,0.6895295214353108
26,The SEC 's Mr. Lane vehemently disputed those estimates .,1.1509775004326928,0.2095399453597916,0.8203288689862429,0.762689919431809,0.7904600546402081
27,"The rules will eliminate filings policy-making divisions , such as sales , marketing , finance and research and development , Mr. Lane said .",1.2337350197682007,0.20081274580613565,0.8971460750748927,0.7205147027853287,0.7991872541938643
28,"The proposed rules also would be tougher on the insiders still required to file reports , he said .",0.8023743419913938,0.11989243606296857,0.9332841139700275,0.8326641274007995,0.8801075639370309
29,Companies would be compelled to publish in annual proxy statements the names of insiders who fail to file reports on time .,1.8068795420233221,0.31688499248328084,0.6944179966936808,0.67217408087408,0.6831150075167189
30,"Considered as a whole , Mr. Lane said , the filings required under the proposed rules `` will be at least as effective , if not more so , for investors following transactions . ''",2.632999369097747,0.40887793817602086,0.6076096974725304,0.5755055791666445,0.5911220618239791
31,"But Robert Gabele , president of Invest/Net , a North Miami , Fla. , company that packages and sells the insider-trading data , said the proposal is worded so vaguely that key officials may fail to file the reports .",1.747257885298267,0.24885780114883774,0.7948753807768159,0.7119703612437178,0.7511421988511622
32,"Many investors wrote asking the SEC to require insiders to report their purchases and sales immediately , not a month later .",1.3802058171181946,0.21036707214738093,0.8412397939168866,0.7439918535515897,0.789632927852619
33,"But Mr. Lane said that while the SEC regulates who files , the law tells them when to do so .",1.4944799040597214,0.24311168142695053,0.741635328358494,0.7727818907463561,0.7568883185730493
34,"Investors who want to change the required timing should write their representatives in Congress , he added .",1.9930168322737352,0.32541117290039145,0.6693987417486343,0.6798600224622967,0.6745888270996087
35,"The SEC would likely be amenable to legislation that required insiders to file transactions on a more timely basis , he said .",2.03282119574624,0.30493187162433105,0.7007586603658181,0.6894692722050447,0.695068128375669
36,"The nation 's largest pension fund , which oversees $ 80 billion for college employees , plans to offer two new investment options to its 1.2 million participants .",1.8182433087310548,0.29784732358366484,0.7081922616404226,0.6962152333463374,0.7021526764163353
37,"The Teachers Insurance and Annuity Association-College Retirement Equities Fund said it will introduce a stock and bond fund that will invest in `` socially responsible '' companies , and a bond fund .",2.0475039822817243,0.33677172812940104,0.6334103843065552,0.6959922080471764,0.6632282718705991
38,"Both funds are expected to begin operation around March 1 , subject to Securities and Exchange Commission approval .",2.229711998768434,0.40138091129060716,0.5098996428260405,0.7247151260611231,0.5986190887093925
39,"For its employees to sign up for the options , a college also must approve the plan .",1.0147034725827995,0.16934831564778766,0.7955771605945152,0.8689614952929914,0.830651684352212
40,"Some 4,300 institutions are part of the pension fund .",1.0,0.19069935631529206,0.9138646883853214,0.726208183767493,0.8093006436847079
41,"The new options carry out part of an agreement that the pension fund , under pressure to relax its strict participation rules and to provide more investment options , reached with the SEC in December .",2.4213227180818837,0.40255177303580253,0.5996101004908069,0.5953018865542732,0.5974482269641975
42,"The new `` social choice '' fund will shun securities of companies linked to South Africa , nuclear power and in some cases , Northern Ireland .",2.163097333107706,0.35106710557721077,0.676820794561542,0.6232522466707267,0.6489328944227896
43,"Also excluded will be investments in companies with `` significant '' business stemming from weapons manufacture , alcoholic beverages or tobacco .",1.4118815449372848,0.23905458448002354,0.8280658406687029,0.7038902731937737,0.7609454155199763
44,"Sixty percent of the fund will be invested in stocks , with the rest going into bonds or short-term investments .",1.4245784267092212,0.2440915287391652,0.7240834788499958,0.7906596253924489,0.7559084712608349
45,"The bond fund will invest in high-grade or medium-grade bonds , mortgages or asset-backed securities , including as much as 15 % in foreign securities .",1.5545490685234817,0.27129083499160656,0.665382323769119,0.8053579971196478,0.7287091650083931
46,"The fund also might buy and sell futures and options contracts , subject to approval by the New York State Insurance Department .",1.3208930612001657,0.2416844911345764,0.6729681619129362,0.8684549307287313,0.7583155088654236
47,"Under two new features , participants will be able to transfer money from the new funds to other investment funds or , if their jobs are terminated , receive cash from the funds .",1.1979134103882512,0.18927960399098986,0.8043303418050713,0.8172127956976013,0.8107203960090099
48,"The investment choices offered by the pension fund currently are limited to a stock fund , an annuity and a money-market fund .",1.2234332820616363,0.2298275846311341,0.8142601415423034,0.7306136865221573,0.7701724153688659
49,"New Brunswick Scientific Co. , a maker of biotechnology instrumentation and equipment , said it adopted an anti-takeover plan giving shareholders the right to purchase shares at half price under certain conditions .",2.500105862545998,0.43103704191925707,0.5543505840561302,0.5843665359544318,0.5689629580807429
50,"The company said the plan , under review for some time , will protect shareholders against `` abusive takeover tactics .",2.0319540220503374,0.3287285390055128,0.820831957591451,0.5678126051219209,0.6712714609944871
51,"W. Ed Tyler , 37 years old , a senior vice president at this printing concern , was elected president of its technology group , a new position .",2.058057737778751,0.33615155493791693,0.6773364573918402,0.6508871265151357,0.663848445062083
52,"Solo woodwind players have to be creative if they want to work a lot , because their repertoire and audience appeal are limited .",1.7914049358204567,0.29633574861339074,0.7275070079822178,0.6813347102570276,0.7036642513866093
53,"The oboist Heinz Holliger has taken a hard line about the problem : He commissions and splendidly interprets fearsome contemporary scores and does some conducting , so he does n't have to play the same Mozart and Strauss concertos over and over again .",2.8182291978882836,0.4307144823106756,0.5292757259798577,0.6158389222706827,0.5692855176893244
54,"Richard Stoltzman has taken a gentler , more audience-friendly approach .",1.7826945885851653,0.34708645889967926,0.5754118814053467,0.7545420694297353,0.652913541100321
55,"Years ago , he collaborated with the new music gurus Peter Serkin and Fred Sherry in the very countercultural chamber group Tashi , which won audiences over to dreaded contemporary scores like Messiaen 's `` Quartet for the End of Time . ''",2.29473903315618,0.38246013213858815,0.5919106318937027,0.645489002526179,0.6175398678614117
56,"Today , the pixie-like clarinetist has mostly dropped the missionary work -LRB- though a touch of the old Tashi still survives -RRB- and now goes on the road with piano , bass , a slide show , and a repertoire that ranges from light classical to light jazz to light pop , with a few notable exceptions .",2.736639443120096,0.45025484356001777,0.5361777812100162,0.5640169710325192,0.5497451564399823
57,"Just the thing for the Vivaldi-at-brunch set , the yuppie audience that has embraced New Age as its very own easy listening .",1.4612887162798618,0.23428754836285842,0.7531626363270387,0.7786875846297049,0.7657124516371416
58,But you ca n't dismiss Mr. Stoltzman 's music or his motives as merely commercial and lightweight .,2.1064526089385347,0.3638745429982936,0.5684453563616934,0.7220999419677281,0.6361254570017063
59,"He believes in what he plays , and he plays superbly .",1.688721875540867,0.37684564347909616,0.5927856912608119,0.6568026373937647,0.6231543565209038
60,"His recent appearance at the Metropolitan Museum , dubbed `` A Musical Odyssey , '' was a case in point .",2.3516227612025786,0.42907882405791126,0.5487275315263873,0.5949857649047914,0.5709211759420887
61,"It felt more like a party , or a highly polished jam session with a few friends , than a classical concert .",2.1258196951991786,0.4154806318765434,0.5045384228503181,0.6946349921839776,0.5845193681234566
62,"Clad in his trademark black velvet suit , the soft-spoken clarinetist announced that his new album , `` Inner Voices , '' had just been released , that his family was in the front row , and that it was his mother 's birthday , so he was going to play her favorite tune from the record .",2.586046599520418,0.4461871046146666,0.49200457271829234,0.6333818040661208,0.5538128953853335
63,"He launched into Saint-Saens 's `` The Swan '' from `` Carnival of the Animals , '' a favorite encore piece for cellists , with lovely , glossy tone and no bite .",2.17065663182843,0.39688301560846173,0.5783920157533173,0.6300502263136623,0.603116984391538
64,"Then , as if to show that he could play fast as well , he offered the second movement from Saint-Saens 's Sonata for Clarinet , a whimsical , puckish tidbit that reflected the flip side of the Stoltzman personality .",2.5810399971463758,0.38983130081344275,0.582091862238601,0.6410913389991152,0.6101686991865575
65,"And so it went through the first half : an ingeniously chosen potpourri of pieces , none longer than five minutes , none that would disturb or challenge a listener .",2.919744783625835,0.5168034872168453,0.4213663059418286,0.566292870576252,0.48319651278315456
66,"Mr. Stoltzman introduced his colleagues : Bill Douglas , pianist/bassoonist/composer and an old buddy from Yale , and jazz bassist Eddie Gomez .",2.1948002555527686,0.40679275780317864,0.5862721018843587,0.6003084211857153,0.5932072421968213
67,"An improvisational section was built around pieces by Mr. Douglas , beginning with `` Golden Rain , '' a lilting , laid-back lead in to the uptempo `` Sky , '' which gave Mr. Stoltzman the opportunity to wail in a high register and show off his fleet fingers .",2.6683220569452213,0.4469673157348316,0.5283386040013563,0.5801483042115729,0.553032684265168
68,Bach 's `` Air '' followed .,0.6792696431662097,0.15565257401499102,0.8657411483701791,0.8239855452567992,0.844347425985009
69,"Mr. Stoltzman tied the composer in by proclaiming him `` the great improviser of the 18th century , '' and then built on the image by joining with Mr. Douglas in some Bach two-part inventions , cleverly arranged for clarinet and bassoon by Mr. Douglas .",2.885604959776736,0.47083492682820555,0.49878525658264944,0.5634856350093422,0.5291650731717947
70,"Keeping the mood light , the two then chanted and chortled their way through some murderous polyrhythms , devised by Mr. Douglas as an alternative to Hindemith 's dry theory-teaching techniques , and then , with Mr. Gomez , soared and improvised on the composer 's tight `` Bebop Etudes . ''",2.742813104639586,0.43227745992334593,0.5390806527440679,0.5995787511070545,0.5677225400766541
71,"The end of the first half , however , brought what the standing-room-only crowd seemed to be waiting for : the pop singer Judy Collins , who appears on `` Inner Voices . ''",2.1847257334557035,0.3480362760031448,0.6423999107304669,0.6618166058690353,0.6519637239968552
72,"Glamorous and pure-voiced as ever , Ms. Collins sang Joni Mitchell 's `` For Free '' -- about an encounter with a street-corner clarinetist , to which Mr. Stoltzman contributed a clarinet obligatto -- and Mr. Douglas 's lush setting of a Gaelic blessing , `` Deep Peace . ''",2.828415144715859,0.48063748345249974,0.4826678488038944,0.5620956578944393,0.5193625165475001
73,"`` Deep Peace '' also featured a slide show of lovely but predictable images of clouds , beaches , deserts , sunsets , etc .",2.247232378695361,0.4355356415189685,0.5542061516434144,0.575109480311262,0.5644643584810315
74,"It was all too mellow to be believed , but they probably would have gotten away with it , had they not felt compelled to add Ms. Collins 's signature tune , `` Amazing Grace , '' and ask for audience participation .",2.7341024912958245,0.4582359509296528,0.48631847837092257,0.6114793093021138,0.5417640490703471
75,That went over the permissible line for warm and fuzzy feelings .,1.3553885422075336,0.2472793857616114,0.7224611506818256,0.7856256510484163,0.7527206142383885
76,Was this why some of the audience departed before or during the second half ?,1.9849625007211547,0.37484052298177767,0.5506087398589278,0.7230595219487415,0.6251594770182222
77,Or was it because Ms. Collins had gone ?,1.1949875002403858,0.23226811204890577,0.7246199192766694,0.8162983545263642,0.7677318879510943
78,"Either way it was a pity , because Mr. Stolzman offered the most substantial music of the evening just after intermission : Steve Reich 's `` New York Counterpoint , '' one of a series of Reich works that juxtapose a live performer with recorded tracks of his or her own playing .",2.8330321553450553,0.4523289877061552,0.5147493073347296,0.5850915822082726,0.5476710122938446
79,-LRB- Mr. Reich 's new `` Different Trains '' for string quartet uses the technique magisterially . -RRB-,2.062189748820208,0.40572939646147516,0.5283745456326037,0.6789450070876568,0.5942706035385249
80,Mr. Stoltzman must have worried that his audience might not be able to take it : He warned us in advance that `` New York Counterpoint '' lasts 11 1/2 minutes .,2.5539224492359436,0.4101555615854649,0.5562970988296969,0.6276975628354916,0.5898444384145352
81,"He also unfortunately illustrated this intricate , jazzy tapestry with Mr. Pearson 's images , this time of geometric or repeating objects , in a kitschy mirroring of the musical structure that was thoroughly distracting from Mr. Reich 's piece and Mr. Stoltzman 's elegant execution of it .",2.5542025829223296,0.39107928769662653,0.5863073124497336,0.6333484509019025,0.6089207123033734
82,"The rest of the concert was more straight jazz and mellow sounds written by Charlie Parker , Ornette Coleman , Bill Douglas and Eddie Gomez , with pictures for the Douglas pieces .",1.8428104216101033,0.3199354485046417,0.6956027051389125,0.6652054031871578,0.6800645514953583
83,"It was enjoyable to hear accomplished jazz without having to sit in a smoke-filled club , but like the first half , much of it was easy to take and ultimately forgettable .",2.0912039663846818,0.36343638973744696,0.5686238128141439,0.7229414482142488,0.6365636102625529
84,Is this the future of chamber music ?,0.5943609377704338,0.10995202064513875,1.0,0.8018796874098555,0.8900479793548612
85,"Managers and presenters insist that chamber music concerts are a hard sell , but can audiences really enjoy them only if the music is purged of threatening elements , served up in bite-sized morsels and accompanied by visuals ?",2.80717101974951,0.4491249699411701,0.5489768491357733,0.5527863830941478,0.55087503005883
86,What 's next ?,0.5,0.14285714285714285,0.75,1.0,0.8571428571428571
87,Slides to illustrate Shostakovich quartets ?,0.6666666666666679,0.14804095548293286,0.8519590445170674,0.8519590445170674,0.8519590445170674
88,"It was not an unpleasant evening , certainly , thanks to the high level of performance , the compositional talents of Mr. Douglas , and the obvious sincerity with which Mr. Stoltzman chooses his selections .",2.4176545122127058,0.370112202403927,0.637910131069615,0.6220647352163172,0.629887797596073
89,But it was neither deep nor lasting : light entertainment that was no substitute for an evening of Brahms .,2.0692038992627073,0.37118080042130425,0.5398912499325536,0.7528195385888692,0.6288191995786957
90,Ms. Waleson is a free-lance writer based in New York .,1.5917977276660853,0.320705238425301,0.6610158802871773,0.6986133138369531,0.6792947615746989
91,One of Ronald Reagan 's attributes as President was that he rarely gave his blessing to the claptrap that passes for `` consensus '' in various international institutions .,2.259415292161096,0.3480827359092958,0.6349000753350211,0.6698717978333955,0.6519172640907044
92,"In fact , he liberated the U.S. from one of the world 's most corrupt organizations -- UNESCO .",1.862319893960744,0.3102854863289215,0.6506066676451733,0.7338245725115103,0.6897145136710785
93,"This is the U.N. group that managed to traduce its own charter of promoting education , science and culture .",1.4937151490463618,0.23522550750700053,0.8084068231636542,0.7256109242523014,0.7647744924929996
94,"Ever since , the remaining members have been desperate for the United States to rejoin this dreadful group .",1.2565422621540634,0.19642043217210942,0.7727162136626563,0.8370109423711121,0.8035795678278906
95,Now UNESCO apologists are lobbying President Bush to renege on President Reagan 's decision to depart .,1.2867237047604245,0.22527734884814773,0.811184635574447,0.7413975312590498,0.7747226511518522
96,But we can think of many reasons to stay out for the foreseeable future and well beyond .,1.972765278018163,0.3330888226555596,0.5894967997661132,0.7677318879510943,0.6669111773444404
97,"The U.S. , along with Britain and Singapore , left the agency when its anti-Western ideology , financial corruption and top leadership got out of hand .",2.0694186289232324,0.3260260988448133,0.6773521792795134,0.6706291539621159,0.6739739011551871
98,"The personal antics of agency Director Amadou-Mahtar M'Bow drew much attention , such as when several of his top aides were uncovered as KGB plants and ejected from France and when a mysterious office fire was set just before Congress sent accountants to trace U.S. funds .",2.817779847998191,0.46560575692890477,0.47766091225642326,0.606420802304311,0.5343942430710951
99,"Mr. M'Bow was an extreme case , but even his replacement , the more personally genial Spanish biochemist Federico Mayor , has had little success at achieving reforms .",2.6197989121047276,0.42498471362065743,0.5481696967371242,0.6046257037877442,0.5750152863793425
100,"Several ridiculous projects continue , including the `` New International Economic Order , '' which means redistributionism from the West to pay for everyone else 's statism .",2.267283694834431,0.34461284614237286,0.6908046265090666,0.6234242645091898,0.6553871538576271
101,"The Orwellian `` New World Information Order '' would give government officials rights against the press ; journalists would be obliged to kowtow to their government , which would have licensing and censorship powers and , indeed , duties to block printing of `` wrong '' ideas .",1.9812031259014447,0.3132331406007555,0.7112204343940329,0.6639389428411935,0.6867668593992444
102,UNESCO somehow converted the founding U.N. ideals of individual rights and liberty into `` peoples ' rights . '',1.9536534462507227,0.31916450040829925,0.6785579639347329,0.6831283755378497,0.6808354995917005
103,Million-dollar conferences were held to chew on subjects such as `` ethical responsibilities of scientists in support of disarmament '' and `` the impact of the activities of transnational corporations . '',2.331855355160353,0.38890415064715944,0.6646189793966557,0.5655508768687294,0.6110958493528406
104,The agency was so totally subverted from the high principles of its founding that even the Soviets now wonder about an agency that seemed so congenial to them .,2.0737574306006072,0.3577269545877381,0.575793782653516,0.7261069768651555,0.6422730454122618
105,"Glasnost may be partly responsible , but Soviet Foreign Minister Eduard Shevardnadze last year admitted , `` The exaggerated ideological approach undermined tolerance intrinsic to UNESCO . ''",1.8786913905045646,0.29125624801617117,0.7410527133572878,0.6791343528440302,0.708743751983829
106,UNESCO is now holding its biennial meetings in Paris to devise its next projects .,1.5999999999999988,0.25749216954429344,0.7119540643482227,0.7758016382853936,0.7425078304557063
107,Mr. Mayor 's hope that references to `` press freedom '' would survive unamended seems doomed to failure ; the current phrasing is `` educating the public and media to avoid manipulation . '',2.2244064417326124,0.3723802303948792,0.6162374900480437,0.6394304369339107,0.627619769605121
108,He has n't been able to replace the M'Bow cabal .,1.7049897729239514,0.3270101939722271,0.5667176609561722,0.8283177825865047,0.6729898060277729
109,"Soviets remain in charge of education programs , a former head of an African military tribunal for executions is in charge of culture , and a hard-line Polish communist in exile directs the human-rights and peace division .",2.5327826587803863,0.44283824097330443,0.5951628877238206,0.5237221207011123,0.5571617590266956
110,"Of the agency 's 2,750 staff members , 230 are in the field working on actual projects , such as literacy and oceanographic research .",1.6162548782626676,0.27723574677613905,0.7221550402466829,0.7233744949380575,0.7227642532238608
111,"The position of the United States , which once contributed 25 % of the budget , is that nothing has changed .",1.080656250491698,0.1559587454409701,0.8482417582078534,0.8398821478040333,0.8440412545590299
112,"John Bolton , the assistant secretary of state for international organizations , told Congress that the continuing `` statist , restrictive , nondemocratic '' programs make rejoining any time soon `` extremely unlikely . ''",1.8569633845625981,0.28316400351537324,0.803647804215199,0.6469509305407634,0.7168359964846264
113,"This has n't much bothered the UNESCO delegates , who last week could n't even agree to raise funds by selling off a fancy 19th-century French chateau the agency somehow owns .",2.2036919141162636,0.3626314102139985,0.5710867655650722,0.7210562666927475,0.6373685897860016
114,"Other countries , including West Germany , may have a hard time justifying continued membership .",1.9615048740783845,0.35415845450473094,0.6657892604779032,0.6270543668327336,0.645841545495269
115,We see an even stronger argument against UNESCO than its unsurprising failure to reform .,1.833985000288461,0.32101232651913275,0.6451823384695281,0.7165314568432714,0.6789876734808669
116,This is that the Reagan Revolution spanning Eastern Europe and Tiananmen Square shows the power of ideas unencumbered by international civil servants or government functionaries .,1.6616578245652533,0.27607456414761694,0.7117643295617211,0.736509331808082,0.723925435852383
117,"Free markets , free minds and free elections have an appeal that seems to get muddled only when delivered through U.N. organizations -- which of course are made up largely of governments that fear these principles at home .",2.674866024482093,0.4100107198808557,0.5888483695059198,0.5911346204090987,0.5899892801191442
118,The Babelists of the United Nations are experts at obfuscation .,0.8645250003933578,0.1622891625481235,0.8990841569354387,0.7841810392837507,0.8377108374518766
119,"This can have its purposes at times , but there 's no reason to cloud the importance and allure of Western concepts of freedom and justice .",2.1118351855057,0.351463559389647,0.646582658981781,0.6505020655267026,0.6485364406103529
120,"We can see plenty of reasons to stay out , and none to rejoin UNESCO .",1.3443609377704329,0.20987147803836928,0.7901285219616305,0.7901285219616307,0.7901285219616307
121,Researchers at Plant Genetic Systems N.V. in Belgium said they have developed a genetic engineering technique for creating hybrid plants for a number of key crops .,2.3186429234862156,0.3802189985610647,0.6241221530092177,0.6154998234480777,0.6197810014389357
122,The researchers said they have isolated a plant gene that prevents the production of pollen .,1.4921439363079516,0.2709119336186377,0.7858424089407146,0.6799792681315744,0.7290880663813624
123,The gene thus can prevent a plant from fertilizing itself .,1.6363636363636367,0.3097707070496415,0.6256288009440101,0.7697068366169503,0.6902292929503585
124,"Such so-called male-sterile plants can then be fertilized by pollen from another strain of the plant , thereby producing hybrid seed .",2.1074785443909225,0.36840967273131403,0.6234878780978365,0.639906137625811,0.631590327268686
125,"The new generation of plants will possess the flourishing , high-production trait known as `` hybrid vigor , '' similar to that now seen in hybrid corn .",2.092977104790277,0.3281106635704314,0.7396585766314453,0.61549614699481,0.6718893364295686
126,"`` The development could have a dramatic effect on farm production , especially cotton , '' said Murray Robinson , president of Delta & Pine Land Co. , a Southwide Inc. subsidiary that is one of the largest cotton seed producers in the U.S. .",2.0178427732260884,0.3094589791813138,0.7269269424294896,0.6576240183204468,0.6905410208186864
127,"On a commercial scale , the sterilization of the pollen-producing male part has only been achieved in corn and sorghum feed grains .",2.061996607183504,0.32784875752421083,0.7269066872826063,0.6250670372312065,0.6721512424757893
128,"That 's because the male part , the tassel , and the female , the ear , are some distance apart on the corn plant .",0.9709658653014035,0.17324440504480262,0.8718411571694178,0.7861037740143003,0.826755594955197
129,"In a labor-intensive process , the seed companies cut off the tassels of each plant , making it male sterile .",2.0726565445395457,0.3770367319630276,0.6379561320740426,0.6086589293621367,0.6229632680369723
130,"They sow a row of male-fertile plants nearby , which then pollinate the male-sterile plants .",1.6975787161706353,0.320151610990943,0.6104068551554498,0.7671177814482649,0.679848389009057
131,The first hybrid corn seeds produced using this mechanical approach were introduced in the 1930s and they yielded as much as 20 % more corn than naturally pollinated plants .,2.2989295636909346,0.38010239081118663,0.5799737701750981,0.6657242835872689,0.6198976091888132
132,The vast majority of the U.S. corn crop now is grown from hybrid seeds produced by seed companies .,1.7225818922737135,0.31719606577228227,0.6470026268064837,0.7227993870881628,0.6828039342277178
133,"A similar technique is almost impossible to apply to other crops , such as cotton , soybeans and rice .",1.5559707739381867,0.2504622382773835,0.8018085841952199,0.7036650302486525,0.7495377617226163
134,"The male part , the anthers of the plant , and the female , the pistils , of the same plant are within a fraction of an inch or even attached to each other .",1.7670991837704069,0.2897525383401155,0.7977373676285674,0.6400513826545386,0.7102474616598841
135,The anthers in these plants are difficult to clip off .,0.7958988638330426,0.13819300836452342,0.9083346436511923,0.8198136529169125,0.8618069916354767
136,"In China , a great number of workers are engaged in pulling out the male organs of rice plants using tweezers , and one-third of rice produced in that country is grown from hybrid seeds .",2.260190035129839,0.3976311761342754,0.5848888491119048,0.6209257980504747,0.6023688238657247
137,"At Plant Genetic Systems , researchers have isolated a pollen-inhibiting gene that can be inserted in a plant to confer male sterility .",2.0673423922449863,0.3587647338905516,0.5759640373966323,0.7231910191595493,0.6412352661094484
138,"Jan Leemans , research director , said this gene was successfully introduced in oil-producing rapeseed plants , a major crop in Europe and Canada , using as a carrier a `` promoter gene '' developed by Robert Goldberg at the University of California in Los Angeles .",2.08551317732062,0.352534630918511,0.6503474946576612,0.6446086760563814,0.647465369081489
139,The sterilizing gene is expressed just before the pollen is about to develop and it deactivates the anthers of every flower in the plant .,1.8127658567593388,0.31503545817793316,0.6439133686912691,0.7316063750666505,0.6849645418220668
140,Mr. Leemans said this genetic manipulation does n't hurt the growth of that plant .,1.3073093649624532,0.23320572687187752,0.7149316631766304,0.8267698550178995,0.7667942731281222
141,The researchers also pulled off a second genetic engineering trick in order to get male-sterile plants in large enough numbers to produce a commercial hybrid seed crop .,2.890560606055268,0.5514592914349692,0.4250176260448838,0.474820169323307,0.4485407085650307
142,"They attached a second gene , for herbicide resistance , to the pollen-inhibiting gene .",1.0666666666666673,0.18244649673621754,0.8996197380662533,0.7492082894003669,0.8175535032637825
143,"Both genes are then inserted into a few greenhouse plants , which are then pollinated and allowed to mature and produce seed .",1.2901987843785854,0.22619538624721688,0.6819314065796763,0.894287494360685,0.7738046137527832
144,The laws of heredity dictate that half of the plants springing from these greenhouse-produced seeds will be male sterile and herbicide resistant and half will be male fertile and herbicide susceptible .,2.0404160896881427,0.33889102223312323,0.7005790996330279,0.625849090773949,0.6611089777668768
145,"The application of herbicide would kill off the male-fertile plants , leaving a large field of male-sterile plants that can be cross-pollinated to produce hybrid seed .",1.8865072951684265,0.31475161999049367,0.6955917703346386,0.6752080932252662,0.6852483800095065
146,Mr. Leemans said the hybrid rapeseeds created with this genetic engineering yield 15 % to 30 % more output than the commercial strains used currently .,1.851498672592986,0.2886476875849608,0.7262004052337695,0.697099230208794,0.7113523124150393
147,"`` This technique is applicable to a wide variety of crops , '' he said , and added that some modifications may be necessary to accommodate the peculiarities of each type of crop .",2.3296900538504186,0.364637043298911,0.6526423613418747,0.6189749332331548,0.6353629567010892
148,"He said the company is experimenting with the technique on alfalfa , and plans to include cotton and corn , among other crops .",1.323934896284058,0.20009849243770156,0.8697639878197017,0.7404277643478274,0.7999015075622985
149,"He said that even though virtually all corn seeds currently planted are hybrids , the genetic approach will obviate the need for mechanical emasculation of anthers , which costs U.S. seed producers about $ 70 million annually .",2.4707255644545265,0.3584379291946233,0.6512591123163438,0.6321495643986548,0.6415620708053766
150,"In recent years , demand for hybrid seeds has spurred research at a number of chemical and biotechnology companies , including Monsanto Co. , Shell Oil Co. and Eli Lilly & Co .",2.2496615441675005,0.39039811955651155,0.6356767724698836,0.5855818377833001,0.6096018804434885
151,One technique developed by some of these companies involves a chemical spray supposed to kill only a plant 's pollen .,1.852218902487607,0.33952683905605796,0.6668964144883107,0.654172458954367,0.6604731609439422
152,"But there have been problems with chemical sprays damaging plants ' female reproductive organs and concern for the toxicity of such chemical sprays to humans , animals and beneficial insects .",2.2106233875155095,0.3686318722943607,0.6590200042207472,0.6059433010996886,0.6313681277056393
153,"However , Paul Johanson , Monsanto 's director of plant sciences , said the company 's chemical spray overcomes these problems and is `` gentle on the female organ . ''",1.7030318554668131,0.2723629957191919,0.7517824034694746,0.704994322999614,0.7276370042808081
154,"Biosource Genetics Corp. , Vacaville , Calif. , is developing a spray containing a gene that spreads from cell to cell and interferes with the genes that are responsible for producing pollen .",1.7771273610331573,0.28851562345488363,0.6931158098929805,0.7308530339548914,0.7114843765451162
155,"This gene , called `` gametocide , '' is carried into the plant by a virus that remains active for a few days .",2.271589218821685,0.4448989301338734,0.5052913608089095,0.6158047725971753,0.5551010698661267
156,"Robert Erwin , president of Biosource , called Plant Genetic 's approach `` interesting '' and `` novel , '' and `` complementary rather than competitive . ''",1.377294961315001,0.24158821009177878,0.7988161421068729,0.7218979806304588,0.7584117899082213
157,"`` There is a large market out there hungry for hybrid seeds , '' he said .",1.7358691179015846,0.2908399646486396,0.7382645381326047,0.682263263236797,0.7091600353513604
158,"Mr. Robinson of Delta & Pine , the seed producer in Scott , Miss. , said Plant Genetic 's success in creating genetically engineered male steriles does n't automatically mean it would be simple to create hybrids in all crops .",2.3762419991517216,0.3671406655642673,0.6129637729806406,0.6540897621268523,0.6328593344357327
159,"That 's because pollination , while easy in corn because the carrier is wind , is more complex and involves insects as carriers in crops such as cotton .",1.6262503261631096,0.25479920418718793,0.789332501661286,0.7057426138986539,0.7452007958128121
160,"`` It 's one thing to say you can sterilize , and another to then successfully pollinate the plant , '' he said .",2.1825225169834916,0.36451909198497146,0.6164666414205799,0.6557054546229429,0.6354809080150288
161,"Nevertheless , he said , he is negotiating with Plant Genetic to acquire the technology to try breeding hybrid cotton .",1.255453713171442,0.19300104992455797,0.8120803019166757,0.8019807929189212,0.8069989500754419
162,"A bitter conflict with global implications has erupted between Nomura Securities Co. and Industrial Bank of Japan , two of the world 's most powerful financial companies .",1.9525369451091832,0.31322774713299967,0.6726990418224651,0.7014468835943022,0.6867722528670006
163,The clash is a sign of a new toughness and divisiveness in Japan 's once-cozy financial circles .,1.5338689152464893,0.25330436992018124,0.7834948359198872,0.71319812212251,0.7466956300798185
164,Not only are Japan 's financial institutions putting their enormous clout to work ; increasingly they 're squaring off against one another in unprecedented public fashion .,2.4556949082888218,0.3983160985244333,0.5436351261531569,0.6736114042814277,0.6016839014755669
165,"Already , the consequences are being felt by other players in the financial markets -- even governments .",1.3899750004807716,0.2293314939925971,0.8155192523535042,0.730493862851424,0.770668506007403
166,What triggered the latest clash was a skirmish over the timing of a New Zealand government bond issue .,1.8828651321482814,0.3386229852851226,0.6823360701846856,0.6416671702524047,0.6613770147148774
167,"Nomura was attempting to organize the 50 billion-yen -LRB- $ 352 million -RRB- borrowing in Japan at a time when many Japanese banks , led by Industrial Bank of Japan , were pressuring the Wellington government to help them recover loans made to a defunct investment bank that had been owned by New Zealand 's civil-service pension fund .",2.4544095767736973,0.35424931688675027,0.6460111181215608,0.6454904580055393,0.6457506831132498
168,"Unwilling to put up new money for New Zealand until those debts are repaid , most banks refused even to play administrative roles in the new financing , forcing an embarrassed Nomura to postpone it this week .",2.1007417188375683,0.31555734918187744,0.6877880336240116,0.6811296541936911,0.6844426508181226
169,The dispute shows clearly the global power of Japan 's financial titans .,1.134991346320267,0.18113814514793944,0.8475254479299283,0.7920736597298406,0.8188618548520604
170,"Aside from Nomura 's injured pride , the biggest victim so far has been the New Zealand government .",0.9407527884698528,0.15674102898876638,0.7954449242649335,0.8971888247286025,0.8432589710112336
171,"Barred by its budget law from making any new domestic bond issues , Wellington 's Debt Management Office had been casting abroad to raise the 3 billion New Zealand dollars -LRB- US$ 1.76 billion -RRB- to NZ$ 4 billion it needs to come up with by the end of its fiscal year next June 30 .",2.932919545501733,0.4248064236938563,0.5498707651043349,0.6029613299098506,0.5751935763061439
172,"With Japan 's cash-flush banks aligned against it , though , raising money may be difficult .",1.220875735421382,0.19092138972530484,0.7856265966446961,0.8339738547747828,0.8090786102746955
173,"Not only can they block Wellington from raising money in Japan , bankers here say , but as the largest underwriters in the Eurobond market , they might be able to scuttle borrowings there , too .",1.995206483324365,0.2904491964482451,0.7063679929689738,0.7127624266961763,0.709550803551755
174,"New Zealand 's finance minister , David Caygill , lashed out at such suggestions .",1.6000000000000005,0.30114078580124015,0.6776841727783385,0.7214002149264923,0.6988592141987598
175,"He told reporters in Wellington Tuesday that the government had n't guaranteed the loans to DFC New Zealand Ltd. , an investment bank 80%-owned by the National Provident Fund , and would n't bail it out .",1.8922504991444553,0.2789851682248373,0.7470773827261268,0.6967094182646122,0.7210148317751625
176,"`` It may very well be what the Japanese banks want , '' he told Radio New Zealand .",1.5928769740258089,0.2539906880795792,0.7874072839388745,0.7087469123417462,0.7460093119204206
177,`` I think it would be irresponsible and I am not about to be blackmailed by Japanese banks or any other international interests . '',2.295363119410165,0.3706772701251893,0.6044715719748013,0.6563048687892031,0.6293227298748106
178,No less significant than the Japanese banks ' attempt to cut off funds to pressure a foreign government are the implications of a confrontation between Japan securities and banking industries .,2.438187384692707,0.3768698158639339,0.6758170971008044,0.5780641236564206,0.6231301841360662
179,Anxiety is rising over recent government proposals to eventually lower the strict barriers that now separate -- and protect -- the two industries from each other .,2.0368043873959625,0.30254528215079146,0.7003633106262573,0.6945701837951141,0.6974547178492088
180,"Both sides are jealously guarding their turf , and relations have been at a flashpoint for months .",2.0949725524748155,0.41485509053608777,0.4975631317099452,0.7101457928456381,0.5851449094639121
181,The banks badly want to break into all aspects of the securities business .,1.250698214594781,0.22711603749634962,0.8151780547108093,0.7347621113239287,0.7728839625036507
182,"Meanwhile , the securities companies -- most of them smaller than the banks -- are seeking access only to limited kinds of banking that would n't open them to the full brunt of competition from the banks .",1.9005961433513274,0.30234973445654884,0.7153186822400521,0.6808336317745924,0.6976502655434512
183,"Nomura , the world 's biggest securities company largely by virtue of its protected home field , and Industrial Bank of Japan , Japan 's most innovative and aggressive bank in capital markets abroad , captain the opposing sides .",2.1808823344969266,0.3270052086087492,0.70304624189132,0.6454071044155546,0.6729947913912505
184,And their suspicions of each other run deep .,0.7505430557959407,0.13428195354110548,0.7632300273809491,1.0,0.8657180464588945
185,"In the past year , both have tried to stretch the limits of their businesses .",1.813721875540867,0.31896467880093093,0.6389009330047575,0.7291194620527659,0.6810353211990692
186,"Nomura started a credit-card venture with American Express Co. that allowed cardholders to use their Nomura securities accounts like a bank account , attracting the wrath of banks .",2.1383885678739616,0.35285006707164107,0.7177361668236539,0.5892042542449355,0.6471499329283593
187,"And Industrial Bank of Japan started up a London securities subsidiary that sells Japanese stocks to non-Japanese institutions overseas , a move that stirred the anger of the stock brokerage firms .",2.09043290592441,0.3377000463538937,0.678238514227715,0.6470933034736206,0.6622999536461065
188,The New Zealand bond issue simply has brought the two institutions face-to-face .,0.9811451924741119,0.1690361979005398,0.8393609944582763,0.8227329610436623,0.8309638020994599
189,"ITEL CORP. reported third-quarter earnings , which were mistakenly shown in the Quarterly Earnings Surprises table in yesterday 's edition to be lower than the average of analysts ' estimates .",2.3487096758217643,0.3775661186740583,0.6200807693041109,0.6248049207826928,0.6224338813259416
190,"On a pretax basis , Itel 's third-quarter earnings of 30 cents a share were actually 7.14 % higher than the average of estimates .",2.455363119410165,0.40703265237554775,0.5654287453458884,0.6233257621833911,0.5929673476244524
191,"Raymond E. Ross , 53 years old , formerly group vice president , U.S. plastics machinery , at this machine tool , plastics machinery and robots concern , was named senior vice president , industrial systems , succeeding David A. Entrekin , who resigned Monday .",2.139527734382838,0.361555911710177,0.6804418347162797,0.6013292711793682,0.6384440882898231
192,"John A. Conlon Jr. , 45 , was named a managing director at this investment-banking company .",1.662627206264144,0.28634310234736327,0.6876354746590176,0.7417251769755877,0.7136568976526371
193,"He will be in charge of research , equity sales and trading , and the syndicate operation of Rothschild .",1.2203185978283342,0.19848876110830313,0.8914563530552291,0.728053003609277,0.8015112388916968
194,Mr. Conlon was executive vice president and director of the equity division of the international division of Nikko Securities Co .,1.1543607104850553,0.21701145157406687,0.8065342743534498,0.7607786002771025,0.7829885484259329
195,"As Yogi Berra might say , it 's deja vu all over again .",1.6981741079155248,0.38770007519439864,0.4629970949192668,0.9037241607669086,0.6122999248056014
196,"Crouched at shortstop , Bert Campaneris , once Oakland 's master thief , effortlessly scoops up a groundball and flips it to second .",1.9701755214643444,0.3432001855310188,0.5817478588841426,0.7540852082972757,0.6567998144689812
197,"In the outfield , Paul Blair , the Orioles ' eight-time Gold Glove winner , elegantly shags a fly .",1.3580629729365081,0.25504348209746003,0.6920490698626794,0.8066232079085464,0.7449565179025399
198,"On the mound , former Red Sox great Luis Tiant , the wily master of 1,001 moves , throws an off-speed strike .",1.722158281497253,0.3119742991843976,0.6690056509503775,0.7081588900989062,0.6880257008156025
199,"`` Babies , kiddies , '' growls their manager -- a fellow named Earl Weaver , who , in a different time , handled four World Series teams and now handles the Gold Coast Suns .",2.1647059841455123,0.35784230424034397,0.6494105595152396,0.6350650481232981,0.6421576957596559
200,"`` Old-time kiddies , '' he says .",1.0,0.2222222222222222,0.875,0.7,0.7777777777777777
201,Perhaps .,1.0,1.0,0.0,1.0,0.0
202,"But for the next few months , these boys of summers long past are going to be reveling in an Indian summer of the soul .",1.9661313645678362,0.3458836484518186,0.6301966758056452,0.6799234513149456,0.6541163515481812
203,"Now that the baseball season is officially over , you see , it 's time for a new season to begin .",2.296787500590037,0.40691735346988656,0.5309574376439995,0.67167234459765,0.5930826465301133
204,"Today is the debut of the Senior Professional Baseball Association , a new eight-team pro sports circuit , modeled after the highly successful senior tennis and golf tours and complete with good salaries , a cable television contract and even expansion plans .",2.3924794481163065,0.38599414838196444,0.657466916120802,0.5759343968324707,0.6140058516180356
205,"One hundred and ninety two former greats , near greats , hardly knowns and unknowns begin a 72-game , three-month season in spring-training stadiums up and down Florida .",2.282987621253343,0.4104122087939063,0.5421259654006797,0.6461573114185717,0.5895877912060937
206,"For everyone involved , it 's one more swig of that elixir of youth , baseball .",1.8305538516919864,0.33879098008725284,0.6329573289183806,0.6921005342988099,0.6612090199127473
207,"`` Someone always makes you quit , '' says legendary St. Louis Cardinals centerfielder Curt Flood , the league 's commissioner .",2.015395292165335,0.350873763889325,0.6471271918699927,0.6511376691391999,0.649126236110675
208,"`` You feel you want one more -- one more at-bat , one more hit , one more game . ''",1.7502327381982594,0.34604993699551695,0.6681973413813979,0.6402976605640837,0.6539500630044831
209,"Until the baby-faced heroes of today reclaim these ballparks for spring training , there is one more .",1.8252640540151863,0.31666385692732424,0.6632304293188444,0.7046989682879938,0.6833361430726758
210,And not just for the players .,0.0,0.0,1.0,1.0,1.0
211,"It 's one more for the baseball-loving lawyers , accountants and real estate developers who ponied up about $ 1 million each for the chance to be an owner , to step into the shoes of a Gene Autry or have a beer with Rollie Fingers .",2.389353451369982,0.3699019605778701,0.6057864024733692,0.6564426302535761,0.6300980394221302
212,"`` Nothing can be better than this , '' says Don Sider , owner of the West Palm Beach Tropics .",1.327347760996533,0.2237048589812864,0.818081463660811,0.7385701328897623,0.7762951410187134
213,"Early in the morning Mr. Sider , an estate lawyer , pores over last wills and testaments .",1.798029332033349,0.2845163892372633,0.7722706151407367,0.6664759543825246,0.7154836107627367
214,"Midmorning , he dons an orange-and-blue uniform and , for fun , may field a bunt from Dave Kingman .",1.8754887502163458,0.31826359392199766,0.6434148732805183,0.7249118672785861,0.6817364060780021
215,"It 's one more , too , for the fans who dream of a season that never ends .",2.0353176033187927,0.3491734606841234,0.6166309551398989,0.689037463340466,0.6508265393158763
216,"`` I feel like a little kid , '' says a gleeful Alex de Castro , a car salesman , who has stopped by a workout of the Suns to slip six Campaneris cards to the Great Man Himself to be autographed .",3.0839351116244664,0.4752507095188019,0.5025403351998418,0.5490119849739004,0.5247492904811979
217,The league 's promoters hope retirees and tourists will join die-hard fans like Mr. de Castro and pack the stands to see the seniors .,2.1998584968939845,0.3762325042641938,0.5868213164771624,0.6656785118071,0.623767495735806
218,The league is the brainchild of Colorado real estate developer James Morley -- once a minor-leaguer himself -- who says he had the idea last January while lying on a beach in Australia .,2.4138566140974933,0.4090118825726926,0.5602222104747672,0.6253295452465009,0.5909881174273075
219,"When he sent letters offering 1,250 retired major leaguers the chance of another season , 730 responded .",2.12581458369391,0.3547865251823019,0.6407288538105083,0.6497613162818796,0.645213474817698
220,"Eventually , about 250 made the trip to Florida to compete for the available slots .",1.5165414066556506,0.2645072571756459,0.6583132683128334,0.8331723890671063,0.7354927428243542
221,"-LRB- Players have to be 35 or older , except for catchers , who are eligible at 32 because life behind the plate is so rough . -RRB-",1.9974303852120543,0.3333534049969,0.6062678316159834,0.7403819001505623,0.6666465950031001
222,"For some players , the lure is money -- up to $ 15,000 a month .",1.9449634674227338,0.3501261343677187,0.6491444923923191,0.6506048797510802,0.6498738656322813
223,"Others , just released from the majors , hope the senior league will be their bridge back into the big-time .",1.5537709753852695,0.25826826360522603,0.7324004349195838,0.7513038811951543,0.7417317363947735
224,"But as they hurl fireballs that smolder rather than burn , and relive old duels in the sun , it 's clear that most are there to make their fans cheer again or recapture the camaraderie of seasons past or prove to themselves and their colleagues that they still have it -- or something close to it .",2.9114606162872017,0.5185401304568154,0.4184298384804969,0.5668466083634145,0.4814598695431846
225,`` My fastball is good .,0.6666666666666674,0.1480409554829328,0.8519590445170675,0.8519590445170675,0.8519590445170675
226,"Real good , '' says 39-year-old Pete Broberg , working in the midday heat of the Tropics camp .",1.4478828949645752,0.23330872633637098,0.8188433618793377,0.7207845459832988,0.7666912736636289
227,"Mr. Broberg , who started with the now-defunct Washington Senators , says that when he left baseball in 1978 , he `` never looked back . ''",2.4003198261916214,0.4237638330419227,0.5161938484485462,0.6520849873661423,0.5762361669580774
228,"For a long time , he ignored baseball altogether , even the sports pages .",1.9673183336217952,0.35257888752642763,0.6474211124735721,0.6474211124735721,0.6474211124735721
229,"Now Mr. Broberg , a lawyer , claims he 'd play for free .",1.3935553574519242,0.24665893148801185,0.7002241445328237,0.8151780547108092,0.7533410685119882
230,"`` You ca n't give it up that easily , '' he says .",2.3686613899092976,0.5067067375116715,0.44165682106482257,0.5586024360153992,0.4932932624883285
231,`` I tried . '',0.9509775004326939,0.3287305146725625,0.7082316448032829,0.6379740263133313,0.6712694853274375
232,"The nagging memory of one afternoon fourteen years ago drove Jim Gideon , a lean 36-year-old righthander to take a four-month leave from selling insurance in Texas to try out for Mr. Weaver 's team .",2.9243649266623204,0.49096699003142397,0.46508031034917213,0.5621603148839183,0.5090330099685761
233,"`` It does n't replace pitching in the majors , but it proves to me that I would have been able to play if I 'd stayed healthy , '' he says .",2.6679978390015417,0.45063769248370705,0.5175432993914263,0.58535013855677,0.5493623075162929
234,"Back in 1975 , late in the season , a then-21 Mr. Gideon made his only major league appearance , five and two-thirds innings for the Texas Rangers against the Chicago White Sox .",2.3919428380914907,0.39119309723113554,0.5808046433788201,0.6396460765921984,0.6088069027688645
235,"He gave up seven hits , walked five and did n't get a decision .",1.750977500432692,0.3166627881589481,0.5922591794375737,0.8075178780350405,0.6833372118410516
236,Arm troubles forced him back to the minors the next year .,0.833333333333333,0.1599249631740634,0.7954276330115604,0.8900326248722426,0.8400750368259363
237,"`` There 's a satisfaction in going against the rules , '' offers Will McEnaney , once a stopper with Cincinnati 's Big Red Machine .",2.144177152379017,0.3305104534994313,0.6694895465005687,0.6694895465005686,0.6694895465005687
238,He means the rule that a player ca n't cut it after a certain age .,2.242143936307951,0.4342298930528686,0.4628779039687812,0.7274802318852175,0.5657701069471314
239,These days he hustles to house-painting jobs in his Chevy pickup before and after training with the Tropics .,1.6400662873015852,0.28261621078020505,0.6736321544646091,0.7672134196705264,0.7173837892197946
240,"While sipping a beer after practice , he vividly recounts getting the Red Sox 's Carl Yastrzemski to pop out to end the 1975 World Series , and repeating the feat against the Yankees ' Roy White in 1976 .",2.0991787700811306,0.3502308754789957,0.5947480913754343,0.7160081021525688,0.6497691245210042
241,Some of the game 's reigning philosophers dislike the idea of middle-aged men attempting a young man 's sport .,2.088721875540867,0.37599844709226177,0.6398676258575615,0.6089032680746672,0.6240015529077383
242,"`` I personally do n't enjoy seeing players who I remember vividly from their playing days running about and being gallant about their deficiencies , '' says Roger Angell , New Yorker magazine 's resident baseball sage .",2.744228287828787,0.4820600773256767,0.45297937602764404,0.6046513344909616,0.5179399226743232
243,`` I feel people should be allowed to remember players as they were . '',1.8909685317733516,0.3691270123430011,0.6082750501211046,0.6552147760960707,0.6308729876569986
244,"Worse , says baseball author Lawrence Ritter , `` Someone will get a heart attack and that will be the end of the whole story . ''",1.829039925379786,0.2907167658600957,0.7192955597555214,0.6995458175613185,0.7092832341399045
245,But the ballplayers disagree .,0.40000000000000036,0.09425390072448082,0.8277293767706427,1.0,0.9057460992755192
246,Most are trim .,0.5,0.14285714285714285,1.0,0.75,0.8571428571428571
247,Some have been training for months ; others only recently left active status .,1.3935553574519242,0.24665893148801185,0.7347621113239283,0.7728839625036503,0.7533410685119883
248,"-LRB- No one has worked out the players ' average age , but most appear to be in their late 30s . -RRB-",2.1186546066608947,0.34967620808446026,0.6321779378801258,0.66954213720129,0.6503237919155398
249,And there 's pride .,0.0,0.0,1.0,1.0,1.0
250,"`` I 'm not going to look stupid , '' vows former Pittsburgh Pirate second baseman Rennie Stennett , sweat dotting his brow as he prepares for some practice swings .",2.5302761902499107,0.40494438812880157,0.5807229139754594,0.6101136973994863,0.5950556118711983
251,"`` It 's going to be a tough league , '' promises the 47-year-old Mr. Campaneris .",1.6182220590780556,0.2658875088425923,0.7485828997555783,0.7201909111212934,0.7341124911574077
252,`` There will be a lot of malice . '',1.275488750216347,0.2567219042739965,0.6977070335615609,0.7952181416542045,0.7432780957260035
253,"Men who have played hard all their lives are n't about to change their habits , he says .",2.6271656295207158,0.5016441136011756,0.44310874805434514,0.5693418667366482,0.4983558863988242
254,"Nonetheless , one ca n't help wonder whether the game will be just a little bit slower .",2.2152390544959557,0.38999544343598497,0.5348599420544382,0.7097153003777832,0.610004556564015
255,"At the weatherbeaten Pompano Beach municipal stadium , Mr. Blair , the 45-year-old former Oriole , knows his power is n't what it used to be .",1.7783708307779076,0.2968929607409029,0.693220598924836,0.7132795525234299,0.7031070392590973
256,So he adjusts .,0.0,0.0,1.0,1.0,1.0
257,He no longer crowds the plate .,0.2857142857142865,0.060054705797450265,0.8866950819254699,1.0,0.9399452942025498
258,"He 's not thinking about home runs anymore , just base hits .",1.5084338826489851,0.28584734955697194,0.6784542268473294,0.7538164289706335,0.7141526504430278
259,"Still , `` how sweet it is , '' he says , savoring the fat sound of the well-hit line drive that bounces off the center field wall .",1.7753083950125514,0.2896430427049001,0.7493311646957844,0.6752365580664236,0.7103569572951
260,"And do n't expect many complete games by pitchers -- perhaps three out of 288 , laughs Mr. Fingers , the former Oakland reliever .",2.5117595007788474,0.3890610027589233,0.5795044654395334,0.6459793819782963,0.6109389972410766
261,"Expect `` tricky '' stuff from pitchers , says Mr. Weaver , the manager .",1.2812853965915738,0.2513058122804641,0.7486941877195356,0.7486941877195357,0.7486941877195356
262,"Expect brushbacks but no beanballs , says Mr. McEnaney .",1.3509775004326938,0.2761109739702879,0.7022208912477994,0.7469369452896579,0.7238890260297122
263,"Even expect stolen bases , says the wiry and fit Mr. Campaneris : `` If you know how to slide , it 's no problem , '' he says .",1.9452484273766508,0.3179780718961711,0.671877267862951,0.6924776328065254,0.6820219281038288
264,And expect slower fastballs .,0.40000000000000036,0.09425390072448082,0.8277293767706427,1.0,0.9057460992755192
265,"`` I 'm not so young anymore , '' concedes the cigar-chomping , 48-year-old Mr. Tiant .",1.6455393206492417,0.2944662696406471,0.7111849627868346,0.6999716017694358,0.705533730359353
266,"`` I wo n't be throwing 90 mph , but I will throw 80-plus , '' he says .",2.020028442505461,0.39352173068250684,0.5393358811692801,0.6927149497542449,0.6064782693174929
267,"White-haired Pedro Ramos , at 54 the league 's oldest player and a pitcher-coach with the Suns , has lost even more speed .",1.422456895309069,0.22768533926769774,0.7146439905393906,0.8401102662840675,0.7723146607323026
268,"Stuffing a wad of Red Man into his cheek , he admits the fastball he brought into the majors in 1955 has become a slowball .",2.2409485579419397,0.39196285730069463,0.5950468013942645,0.6216073211122297,0.6080371426993055
269,Its maximum velocity is 72 mph .,0.9649839288804953,0.207535658331763,0.7306239305568805,0.8657411483701791,0.792464341668237
270,But he is n't worried .,1.9349400790728022,0.5981295509889202,0.25146299858006077,1.0000000000000002,0.40187044901108
271,He will compensate with the guile learned from his years in the majors .,1.546534603885945,0.32102583897268505,0.6058391627368094,0.7721905791074021,0.6789741610273149
272,He has good control .,0.40000000000000036,0.09425390072448082,0.8277293767706427,1.0,0.9057460992755192
273,"He will keep the ball down , move it around .",1.0909090909090917,0.19964232211330865,0.7504192006293401,0.8574165552566343,0.8003576778866914
274,"After all , he says , `` Even to make love , you need experience .",1.7546271200716848,0.3406373620901818,0.7006336974017602,0.6226832738767887,0.6593626379098179
275,Alltel Corp. said it will acquire the 55 % of Pond Branch Telephone Company Inc. 's cellular franchise that it does n't own already .,1.7410314974132177,0.26677201425344954,0.714729434489992,0.7527095338992026,0.7332279857465503
276,Terms were n't disclosed .,0.40000000000000036,0.09425390072448082,0.8277293767706427,1.0,0.9057460992755192
277,"Alltel holds 45 % of the franchise , which has operations in Aiken , S.C. , and Augusta , Ga .",0.8697458336424013,0.13943194189674263,0.8943972233384908,0.829204697405797,0.8605680581032575
278,"Alltel , which provides local telephone service in 25 states , said it exercised its right of first refusal following an offer from an undisclosed third party to acquire the majority position in the franchise .",2.4617254257719434,0.41203651380894457,0.5866704530526603,0.5892622316601289,0.5879634861910557
279,Stewart & Stevenson Services Inc. said it received two contracts totaling $ 19 million to build gas-turbine generators .,1.373677130005782,0.24099191548633875,0.7345267128554679,0.7851776231761077,0.759008084513661
280,"The separate contracts were from Paragould Light & Water Commission , a utility in Paragould , Ark. , and PSE Inc. , a cogeneration-plant operator in Houston .",2.0485088012961157,0.36572565562552706,0.6635509084039587,0.60747203904712,0.6342743443744729
281,Stewart & Stevenson makes equipment powered with diesel and gas turbines .,1.6666666666666665,0.322377339362118,0.7243237749167601,0.6365789359075154,0.677622660637882
282,"Liberty National Bancorp said its acquisition of Florence Deposit Bank , Florence , Ky. , first announced in April , has been completed in a transaction valued at $ 13.1 million .",2.2657341707505596,0.37477755320274686,0.617988117830008,0.6326281558412516,0.6252224467972531
283,"Liberty National exchanged about 78.64 shares of its common stock for each of Florence Deposit 's 5,600 shares outstanding .",2.402687390250514,0.4651250885297171,0.44792932427111803,0.6637034665545125,0.534874911470283
284,"Liberty National , a bank holding company , has assets exceeding $ 3 billion .",1.033985000288463,0.19341966324939594,0.8016792631276269,0.8115417045005395,0.8065803367506039
285,"Hani Zayadi was appointed president and chief executive officer of this financially troubled department store chain , effective Nov. 15 , succeeding Frank Robertson , who is retiring early .",2.2746276985842497,0.34966468605097145,0.6437381174966564,0.6570691301022978,0.6503353139490287
286,"Mr. Zayadi was previously president and chief operating officer of Zellers Inc. , a retail chain that is owned by Toronto-based Hudson 's Bay Co. , Canada 's largest department store operator .",2.180420676815163,0.35491191229743657,0.6201472367710805,0.6721191246938245,0.6450880877025634
287,"Tuesday , October 31 , 1989",1.1258145836939115,0.33333333333333337,0.7103099178571527,0.6280760724651604,0.6666666666666669
288,The key U.S. and foreign annual interest rates below are a guide to general levels but do n't always represent actual transactions .,2.020191019422181,0.3258374747891693,0.6600660710916052,0.6888742095622974,0.6741625252108305
289,PRIME RATE : 10 1/2 % .,1.1428571428571428,0.2930084280109052,0.6166497805700455,0.8283480523167006,0.7069915719890949
290,The base rate on corporate loans at large U.S. money center commercial banks .,1.3188852461935827,0.27711095806458297,0.7598977182155289,0.6893177633960347,0.722889041935417
291,"FEDERAL FUNDS : 9 % high , 8 13/16 % low , 8 7/8 % near closing bid , 8 15/16 % offered .",1.7056540403978135,0.3344052302696653,0.6649269117619334,0.6662639706514994,0.6655947697303347
292,Reserves traded among commercial banks for overnight use in amounts of $ 1 million or more .,1.6240964984962827,0.3072711487788403,0.6659752014034038,0.7217219680180735,0.6927288512211597
293,Source : Fulton Prebon -LRB- U.S.A . -RRB- Inc .,1.6099865470109873,0.5140582458643014,0.5591360395397741,0.4296924204585199,0.4859417541356986
294,DISCOUNT RATE : 7 % .,1.0000000000000009,0.23981246656813168,0.8262346571285601,0.7039180890341349,0.7601875334318687
295,The charge on loans to depository institutions by the New York Federal Reserve Bank .,1.3073093649624536,0.2720262768120355,0.8138890331381867,0.658465181087978,0.7279737231879644
296,CALL MONEY : 9 3/4 % to 10 % .,0.7509775004326933,0.14745638886005255,0.8873919556532504,0.8203288689862432,0.8525436111399474
297,The charge on loans to brokers on stock exchange collateral .,1.1835954553321701,0.30216223648966256,0.8451360788970589,0.5942638370418862,0.6978377635103373
298,COMMERCIAL PAPER placed directly by General Motors Acceptance Corp. : 8.55 % 30 to 44 days ; 8.25 % 45 to 59 days ; 8.40 % 60 to 89 days ; 8 % 90 to 119 days ; 7.90 % 120 to 149 days ; 7.80 % 150 to 179 days ; 7.55 % 180 to 270 days .,1.771788446203813,0.3392263762723135,0.656062201237052,0.6655532045827839,0.6607736237276868
299,"COMMERCIAL PAPER : High-grade unsecured notes sold through dealers by major corporations in multiples of $ 1,000 : 8.62 % 30 days ; 8.55 % 60 days ; 8.45 % 90 days .",2.1370378744751535,0.4151336161326664,0.5696775533300861,0.6008873343868486,0.584866383867333
300,CERTIFICATES OF DEPOSIT : 8.09 % one month ; 8.04 % two months ; 8.03 % three months ; 7.96 % six months ; 7.92 % one year .,1.298327050151836,0.2700308313875333,0.8357728401413281,0.647943526314879,0.7299691686124669
301,"Average of top rates paid by major New York banks on primary new issues of negotiable C.D.s , usually on amounts of $ 1 million and more .",1.585941855591667,0.25923805748240325,0.7672613233333302,0.7160319039732722,0.7407619425175965
302,"The minimum unit is $ 100,000 .",0.5714285714285721,0.11330491807453026,0.7964530359382731,1.0,0.8866950819254699
303,Typical rates in the secondary market : 8.53 % one month ; 8.50 % three months ; 8.30 % six months .,1.5277109306562182,0.2787649136587833,0.773178670713345,0.6758314684790081,0.7212350863412165
304,BANKERS ACCEPTANCES : 8.49 % 30 days ; 8.44 % 60 days ; 8.27 % 90 days ; 8.12 % 120 days ; 8.05 % 150 days ; 7.98 % 180 days .,1.5595879182389698,0.3836020421717996,0.6432352959963655,0.5917103648763891,0.6163979578282004
305,"Negotiable , bank-backed business credit instruments typically financing an import order .",2.142458828712224,0.5058952671579997,0.45805173294244306,0.5363180299177358,0.49410473284200024
306,LONDON LATE EURODOLLARS : 8 3/4 % to 8 5/8 % one month ; 8 3/4 % to 8 5/8 % two months ; 8 11/16 % to 8 9/16 % three months ; 8 9/16 % to 8 7/16 % four months ; 8 1/2 % to 8 3/8 % five months ; 8 7/16 % to 8 5/16 % six months .,1.2722096465395687,0.30338399392410986,0.6726924499483123,0.7223039394516391,0.69661600607589
307,LONDON INTERBANK OFFERED RATES -LRB- LIBOR -RRB- : 8 3/4 % one month ; 8 11/16 % three months ; 8 7/16 % six months ; 8 7/16 % one year .,1.7426443247768106,0.3780489965134445,0.6579359967902266,0.5896981922657176,0.6219510034865553
308,The average of interbank offered rates for dollar deposits in the London market based on quotations at five major banks .,1.909517403338564,0.3304264501235316,0.7719889375130468,0.5911491497569191,0.6695735498764681
309,FOREIGN PRIME RATES : Canada 13.50 % ; Germany 9 % ; Japan 4.875 % ; Switzerland 8.50 % ; Britain 15 % .,1.1368421881310118,0.22577736456173647,0.8107520249563929,0.7408430761318469,0.7742226354382635
310,These rate indications are n't directly comparable ; lending practices vary widely by location .,1.8406426982957864,0.3383655561728283,0.6336054042458943,0.6922581258208349,0.6616344438271714
311,"TREASURY BILLS : Results of the Monday , October 30 , 1989 , auction of short-term U.S. government bills , sold at a discount from face value in units of $ 10,000 to $ 1 million : 7.78 % 13 weeks ; 7.62 % 26 weeks .",2.5073233563155553,0.3973992534964927,0.6663908618644966,0.5499563030914925,0.6026007465035075
312,FEDERAL HOME LOAN MORTGAGE CORP . -LRB- Freddie Mac -RRB- : Posted yields on 30-year mortgage commitments for delivery within 30 days .,1.3548373677708776,0.2430798055772363,0.8599670939237988,0.6759262735269777,0.756920194422764
313,"9.78 % , standard conventional fixed-rate mortgages ; 7.875 % , 2 % rate capped one-year adjustable rate mortgages .",1.287567496225655,0.2842423764851463,0.6574028915931102,0.7854813069396839,0.7157576235148536
314,Source : Telerate Systems Inc .,0.3333333333333335,0.10251271475741955,1.0000000000000002,0.8140380362325803,0.8974872852425808
315,"FEDERAL NATIONAL MORTGAGE ASSOCIATION -LRB- Fannie Mae -RRB- : Posted yields on 30 year mortgage commitments for delivery within 30 days -LRB- priced at par -RRB- 9.75 % , standard conventional fixed-rate mortgages ; 8.75 % , 6/2 rate capped one-year adjustable rate mortgages .",2.4709008968461896,0.407235957176768,0.6322097891802888,0.5579515253263245,0.592764042823232
316,Source : Telerate Systems Inc .,0.3333333333333335,0.10251271475741955,1.0000000000000002,0.8140380362325803,0.8974872852425808
317,MERRILL LYNCH READY ASSETS TRUST : 8.63 % .,0.8021423276526249,0.24193812309580337,0.7580618769041967,0.7580618769041967,0.7580618769041967
318,Annualized average rate of return after expenses for the past 30 days ; not a forecast of future returns .,2.2132331253245203,0.3930707312478622,0.630818526546239,0.5847833738799484,0.6069292687521378
319,"Canada 's gross domestic product rose an inflation-adjusted 0.3 % in August , mainly as a result of service-industry growth , Statistics Canada , a federal agency , said .",2.339129979708562,0.39937291554761056,0.5469468778893991,0.6659908883234922,0.6006270844523897
320,The August GDP was up 2.4 % from its year-earlier level .,1.9709570378669348,0.3791054400942087,0.47216669978497006,0.9064023837383747,0.6208945599057909
321,GDP is the total value of a nation 's output of goods and services .,0.6406426982957871,0.10970275219610132,0.9069631531464247,0.874232779582332,0.8902972478038986
322,Statistics Canada said service-industry output in August rose 0.4 % from July .,1.6545980772559181,0.34304954293944345,0.6038853173087443,0.7202400191251782,0.6569504570605565
323,Output of goods-producing industries increased 0.1 % .,0.5,0.1,0.8181818181818181,1.0000000000000002,0.9000000000000001
324,"Separately , Statistics Canada reported that its industrial-product price index dropped 0.2 % in September , its third consecutive monthly decline .",2.1962913777954847,0.3899898605528831,0.5259965909760737,0.7259628152054519,0.6100101394471169
325,It also reported a 2.6 % decline in its raw-materials price index for September .,2.133333333333334,0.41447170509960485,0.4850156609114126,0.7385907861545651,0.585528294900395
326,"Columbia Pictures Entertainment Inc. was dropped , effective today , from the recreational products and services industry group of the Dow Jones Equity Market Index .",1.4630423083579895,0.2353108063779148,0.8666559486914909,0.6841904861196311,0.7646891936220851
327,"Columbia Pictures is being acquired by Sony Corp. , which is based in Japan .",1.7316112300691398,0.3523221780228489,0.6588044467799826,0.6369207927484147,0.647677821977151
328,People 's Savings Financial Corp. said it will buy back as much as 10 % of its 2.4 million shares outstanding because the stock is undervalued .,1.750412034401486,0.26479305414571885,0.6635947302102021,0.824145042933264,0.7352069458542816
329,The holding company said it has been `` unfairly associated '' with other banks in New England that have had major loan losses in recent quarters .,2.2273690921265787,0.3483793167368359,0.6558738068734813,0.6474223644475291,0.6516206832631642
330,The company said its People 's Savings Bank unit does n't have a `` large exposure to construction and commercial loans that have caused the loan-loss problems in many of the banks .,1.9398791645758644,0.28529583222461197,0.7386934487964916,0.692223995539394,0.7147041677753881
331,"A seat on the Chicago Mercantile Exchange was sold for $ 410,000 , down $ 6,000 from the previous sale Oct .",1.5574846593859268,0.23476934110741138,0.7692091795393168,0.7612930820594582,0.7652306588925883
332,"Seats currently are quoted at $ 400,000 bid , $ 425,000 asked .",1.23076923076923,0.22157156295110408,0.7375721817727352,0.8240764116807032,0.7784284370488955
333,"The record price for a full membership on the exchange is $ 550,000 , set March 9 .",1.9091404431444614,0.3189201290578241,0.6517170505941174,0.7132133809614576,0.681079870942176
334,"In a surprise move , the British government cleared the way for a bidding war for Jaguar PLC by agreeing to remove an obstacle to a takeover of the auto maker .",2.353132029567118,0.4156767917396806,0.5916442590110215,0.5771811254171767,0.5843232082603195
335,Trade and Industry Secretary Nicholas Ridley told the House of Commons yesterday that he will relinquish the government 's so-called golden share in the company as long as Jaguar shareholders agree .,2.143940715524576,0.3449890655518929,0.6093645060837268,0.7080496977571255,0.6550109344481071
336,The golden share restricts any individual holding to 15 % and expires at the end of 1990 .,1.0985798617120741,0.17920903133585814,0.8264449178671728,0.815213854421127,0.8207909686641417
337,"It was in Jaguar 's best interests `` for the company 's future to be assured and the present climate of uncertainty resolved as quickly as possible , '' Mr. Ridley said .",2.3077266035885193,0.3410964082584887,0.6554187606456313,0.6624256782929409,0.6589035917415113
338,Mr. Ridley 's decision fires the starting pistol for perhaps a costly contest between the world 's auto giants for Britain 's leading luxury-car maker .,2.1317662294315602,0.3903855441336904,0.5813740279091903,0.6407385335285645,0.6096144558663095
339,Both General Motors Corp. and Ford Motor Co. have been trying to amass 15 % stakes in Jaguar .,0.8185062623312271,0.140547405460874,0.8333347595584679,0.8872605360656382,0.8594525945391257
340,"Ford , which already has an unwelcome 13.2 % holding , is prepared to bid for the entire company and had lobbied the government to lift the takeover restrictions early .",1.9918905148985298,0.28801728405364374,0.7011573972983104,0.7231475451791076,0.7119827159463563
341,GM has been negotiating a friendly transaction with Jaguar that likely would involve joint ventures and an eventual stake of just under 30 % .,2.02916223812802,0.3171478222612808,0.6130937318233345,0.7705231020178007,0.6828521777387191
342,"But the government 's action , which caught Jaguar management flat-footed , may scuttle the GM minority deal by forcing it to fight for all of Jaguar .",1.8445978747051646,0.28685241115093796,0.677728299890397,0.7524731783857553,0.7131475888490625
343,"`` I ca n't believe they -LRB- GM -RRB- will let Ford have a free run , '' said Stephen Reitman , a European auto industry analyst at UBS-Phillips & Drew .",2.4474929673375514,0.404376724244948,0.5720046158409902,0.6212764191933795,0.5956232757550518
344,`` I am sure they will be going for a full bid . '',1.4824919644402481,0.26659739872571364,0.7040550481376404,0.7653031981565246,0.7334026012742865
345,Many investors certainly believe a bidding war is imminent .,1.7509775004326928,0.35786243878205687,0.642137561217943,0.642137561217943,0.642137561217943
346,"Jaguar shares skyrocketed yesterday after Mr. Ridley 's announcement , following their temporary suspension on London 's Stock Exchange .",2.050977500432693,0.33118321919698407,0.7540492741895012,0.6008957034618446,0.6688167808030159
347,"In late trading , the shares were up a whopping 122 pence -LRB- $ 1.93 -RRB- -- a 16.3 % gain -- to a record 869 pence on very heavy volume of 9.7 million shares .",2.1076195272479787,0.34785344292246384,0.668813871403359,0.6362897664323608,0.6521465570775364
348,"In the U.S. over-the-counter market , Jaguar shares trading as American Depositary Receipts closed at $ 13.625 , up $ 1.75 .",2.015395292165336,0.3362143021794344,0.6344400235389737,0.6959777665531988,0.6637856978205656
349,"Analysts expect Ford will make the first move , perhaps today , with an initial offer of about 900 pence -LRB- $ 14.25 -RRB- a share .",2.4947498680107887,0.39761504431805356,0.5950095243254007,0.6099455260164588,0.6023849556819466
350,Such a proposal values Jaguar at more than # 1.6 billion -LRB- $ 2.53 billion -RRB- .,1.2736167326119543,0.24656501170046446,0.652063960910451,0.8921265788133684,0.7534349882995356
351,Speculation about a takeover fight has sent Jaguar shares soaring in the past six weeks .,1.9449634674227338,0.3501261343677187,0.6225557382309517,0.6796994961588758,0.6498738656322812
352,The share price was languishing at about 400 pence before Ford 's Sept. 19 announcement of its interest in a minority stake .,1.9465608666594347,0.3213692619283344,0.7078535299568067,0.6517251324540964,0.6786307380716657
353,"Ford is `` in the driving seat at the moment , '' observed Bob Barber , an auto analyst at brokers James Capel & Co .",2.2437960164475905,0.3544822195064819,0.7380287425601173,0.5736157743981066,0.6455177804935178
354,An aggressive Ford bid for Jaguar would put pressure on GM to make a better offer as the British company 's `` white knight . '',2.4611608031554084,0.4130453081880331,0.5713129341056693,0.6034770587509687,0.5869546918119668
355,Such a countermove could end Jaguar 's hopes for remaining independent and British-owned .,1.5903330361778867,0.2771260777261781,0.6518419084595161,0.8112801131916285,0.7228739222738219
356,But it is n't clear how long GM would be willing to fight Ford for Jaguar .,2.0683093799253047,0.3893710667088417,0.518030414723507,0.7435370088920346,0.6106289332911584
357,"Because of their longstanding rivalry , GM just `` wants to make sure Ford pays a huge packet for -LRB- Jaguar -RRB- , '' said John Lawson , an auto analyst at London 's Nomura Research Institute .",2.263579274500092,0.3602200959903871,0.6692453892162118,0.6127996093166939,0.6397799040096128
358,People close to the GM-Jaguar talks agreed that Ford now may be able to shut out General Motors .,1.263157894736839,0.19368666921546465,0.790428246310893,0.8228499887822042,0.806313330784535
359,"`` It 's either going to be a shootout , or there only may be one player in town , '' one person said .",2.200334649895739,0.39813562592019486,0.5165851040203976,0.7208670641777325,0.601864374079805
360,"Another person close to the talks said , `` It is very hard to justify paying a silly price for Jaguar if an out-and-out bidding war were to start now . ''",2.585282998537518,0.39067151134119293,0.627096520153604,0.5925395866335809,0.6093284886588073
361,"In a statement , Jaguar 's board said they `` were not consulted about the -LRB- Ridley decision -RRB- in advance and were surprised at the action taken . ''",1.9446232142545776,0.29380156077363684,0.7512195417111607,0.6662685103301565,0.706198439226363
362,The statement emphasized that holders representing 75 % of the shares voting at a special shareholders ' meeting must agree to lift the takeover restrictions .,2.066366091367315,0.34179240575100556,0.6552352773907185,0.6612070003888655,0.6582075942489943
363,"Jaguar officials in the U.S. noted that Ford , as Jaguar 's largest shareholder , now has the power to call for such a meeting .",1.8224645378943887,0.2738350095299648,0.755210156030596,0.6992712203012927,0.726164990470035
364,U.S. auto analysts also noted that Ford is in the best position to benefit from the large number of Jaguar shares that have moved over the past month into the hands of arbitragers waiting for the highest takeover bid .,2.5424921706646813,0.40433194117784566,0.6039784873422173,0.5875832206088824,0.5956680588221542
365,"Jaguar 's own defenses against a hostile bid are weakened , analysts add , because fewer than 3 % of its shares are owned by employees and management .",2.28633663875166,0.3324177780047112,0.6584873338390488,0.6769318620850455,0.6675822219952887
366,Ford officials in the U.S. declined to comment on the British government 's action or on any plans to call a special Jaguar shareholders meeting .,2.463042308357991,0.40308108260915293,0.6104036898758659,0.5840170666937535,0.596918917390847
367,"But GM officials said they , too , were surprised by the move , which left them to `` consider all our options and explore matters further . ''",2.1250225139806993,0.3328998503947449,0.6728929021578698,0.6614062822490575,0.6671001496052551
368,"Although GM has U.S. approval to buy up to 15 % of Jaguar 's stock , it has n't yet disclosed how many shares it now owns .",2.3240463504880053,0.37263782814665114,0.554253981086421,0.7226873607308258,0.6273621718533486
369,"In a prepared statement , GM suggested its plans for Jaguar would be more valuable in the long run than the initial windfalls investors might reap from a hostile Ford bid .",2.673052851886698,0.4468055716882852,0.530793035442023,0.5775699779553585,0.553194428311715
370,"`` Our intensive discussions with Jaguar , at their invitation , '' GM said , `` have as their objectives to create a cooperative business relationship with Jaguar that would provide for the continued independence of this great British car company , to ensure a secure future for its employees and to provide an attractive long-term return for its shareholders . ''",2.966490286797527,0.44334774071242206,0.5721080754523664,0.5420095708752876,0.5566522592875782
371,"Jaguar was shocked by Mr. Ridley 's decision , because management had believed the government would n't lift the golden share without consulting the company first .",1.5499433863690486,0.2470311016603041,0.7205998207245461,0.7883827605598517,0.7529688983396959
372,"Indeed , the government is taking a calculated risk .",1.075488750216346,0.20809061329204634,0.751834461944411,0.8364970703764618,0.7919093867079535
373,"Mr. Ridley 's announcement set off a howl of protests from members of the opposition Labor Party , who accused the Thatcher administration of backing down on promised protection for a privatized company .",2.796870115582378,0.44058598021492107,0.5744120171546335,0.5451792938888763,0.5594140197850789
374,The British government retained the single golden share after selling its stake in Jaguar in,1.3006516669551296,0.23880667158894422,0.7215362727883594,0.8054631718151388,0.7611933284110558
375,"The Conservative government 's decision may reflect its desire to shed a politically sensitive issue well before the next election , expected in late 1991 .",2.1480181319986267,0.3637037426663395,0.5741218488759807,0.7135724389886194,0.6362962573336604
376,"`` It 's now a very good time politically to get this over and done with , '' observed Daniel Jones , professor of motor industry management at the University of Cardiff in Wales .",2.5533528226047864,0.4040971330956193,0.5845620377499755,0.6076924387221094,0.5959028669043805
377,"The government , already buffeted by high interest rates and a slowing economy , has been badly hurt by last week 's shake-up in Mrs. Thatcher 's cabinet .",2.300854560967842,0.3645403696616294,0.6123991123959756,0.6603248408387501,0.6354596303383709
378,"At the same time , the government did n't want to appear to favor GM by allowing a minority stake that might preclude a full bid by Ford .",2.108118203785078,0.32410670604931,0.671666290247905,0.6801738382845516,0.6758932939506902
379,Mr. Ridley hinted at this motive in answering questions from members of Parliament after his announcement .,2.295267647567876,0.44363493677490096,0.5235668994599333,0.593547041476099,0.5563650632250989
380,He said he was giving up the golden share `` to clear the way so the playing field is level between all contestants . '',2.143352357018956,0.34657625836956807,0.6498311621859576,0.6570562649204442,0.6534237416304318
381,Bradley A. Stertz in Detroit contributed to this article .,1.2754887502163461,0.23759341449274432,0.8364970703764618,0.7003729312339234,0.7624065855072557
382,"Dow Chemical Co. , Midland , Mich. , and Eli Lilly & Co. , Indianapolis , said they completed the formation of Dow Elanco , a joint venture combining their plant-sciences businesses as well as Dow 's industrial pest-control business .",1.6781065807454647,0.2800483301555487,0.7005972211396498,0.7404058577313014,0.7199516698444515
383,"The companies said Dow Elanco will be the largest research-based agricultural concern in North America , with projected first-year revenue of $ 1.5 billion .",1.555754119583244,0.253712444479656,0.7165389374108657,0.7786133220099096,0.746287555520344
384,"Dow will own 60 % of the venture , with Eli Lilly holding the rest .",0.8915414066556497,0.15218020106321276,0.7753976048971918,0.9351642053567849,0.8478197989367873
385,The venture will be based in Indianapolis .,0.8443609377704338,0.1637742533134754,0.7838687499016604,0.8960775105770448,0.8362257466865245
386,"William A. Wise , 44 years old , president of the El Paso Natural Gas Co. unit of this energy and natural-resources concern , was named to the additional post of chief executive officer , succeeding Travis H. Petty , 61 , who continues as a vice chairman of the parent .",2.303331023485403,0.3534328449446199,0.6986228104954493,0.6017310786661584,0.6465671550553801
387,"Erwin Tomash , the 67-year-old founder of this maker of data communications products and a former chairman and chief executive , resigned as a director .",2.0101793271727075,0.31362229566915584,0.794919390150681,0.6039163840606935,0.6863777043308438
388,"Dataproducts is fighting a hostile tender offer by DPC Acquisition Partners , a group led by New York-based Crescott Investments Associates .",1.8302119321132002,0.34493533021019057,0.6441703885971614,0.6663337807330726,0.6550646697898094
389,"Under the circumstances , Dataproducts said , Mr. Tomash said he was unable to devote the time required because of other commitments .",2.00604197771381,0.30770616579536536,0.7107815859952789,0.674743450677162,0.6922938342046344
390,Mr. Tomash will remain as a director emeritus .,1.0566416671474381,0.2183701645473637,0.6938450201808326,0.8948450410714238,0.7816298354526364
391,The company had no comment on whether a replacement would be named .,1.8084442311020723,0.34220098615615685,0.6932133390995524,0.6258272546466898,0.6577990138438431
392,"Robert Q. Marston , president emeritus , University of Florida , and a director of this maker of medical devices , was named chairman .",1.860139738560715,0.3259519852214634,0.6809440628223913,0.6672902415397471,0.6740480147785365
393,"Dr. Marston , 66 years old , succeeds Alexander T. Daignault , 72 , who did n't stand for re-election due to mandatory board retirement policy .",2.1001194223791746,0.3404557744912288,0.6633463216522993,0.655785465854394,0.6595442255087718
394,SFE Technologies said William P. Kuehn was elected chairman and chief executive officer of this troubled electronics parts maker .,1.7169348213818667,0.28022798370468294,0.7810207951977799,0.6674311049744419,0.7197720162953168
395,"The 45-year-old Mr. Kuehn , who has a background in crisis management , succeeds Alan D. Rubendall , 45 .",2.0364527976600284,0.3506649461315409,0.649335053868459,0.649335053868459,0.649335053868459
396,"Jerome J. Jahn , executive vice president and chief financial officer , said Mr. Rubendall was resigning by `` mutual agreement '' with the board .",2.0359883449825964,0.3570273906840055,0.6378656064532149,0.6481620495509167,0.6429726093159942
397,"`` He is going to pursue other interests , '' Mr. Jahn said .",1.4824919644402481,0.26659739872571364,0.7405837168778859,0.726359412513652,0.7334026012742862
398,Mr. Rubendall could n't be reached .,1.250698214594781,0.28659369423637937,0.6962021387801476,0.7314822967403581,0.7134063057636205
399,"Mr. Kuehn , the company said , will retain the rest of the current management team .",1.1476338237839379,0.1913582527223294,0.8592059868996718,0.7636981407650347,0.8086417472776707
400,"For the nine months ended July 29 , SFE Technologies reported a net loss of $ 889,000 on sales of $ 23.4 million .",2.07346890623154,0.37901750678900237,0.5590544106355212,0.698339601348008,0.6209824932109975
401,That compared with an operating loss of $ 1.9 million on sales of $ 27.4 million in the year-earlier period .,1.7628357146978022,0.36931468161938563,0.5572024220507983,0.7264941112926293,0.6306853183806143
402,"In national over-the-counter trading , SFE Technologies shares closed yesterday at 31.25 cents a share , up 6.25 cents .",1.855970773938187,0.32490229278163857,0.6629134254427507,0.6877382670747441,0.6750977072183614
403,Sales of new cars in Europe fell 4.2 % in September from a year earlier and analysts say the market could continue to soften in the months ahead .,2.719129412837011,0.46968499019274346,0.4589035217899309,0.6280475582665176,0.5303150098072564
404,"After a stronger-than-expected pace early this year , analysts say the market , after a series of sharp swings in recent months , now shows signs of retreating .",2.7591728424483972,0.5095982588143405,0.4951119045844011,0.48578035193541597,0.49040174118565955
405,"Statistics from 12 countries which normally account for 94 % of non-communist Europe 's passenger car sales showed new car registrations totaled 911,606 in September , down 21 % from August and down 4.2 % for the year to date .",2.007236277280425,0.2992786630981067,0.70400916126706,0.6974640790152382,0.7007213369018935
406,Tokyo stocks rebounded Tuesday from two consecutive daily losses in relatively active dealings .,1.3585392863324213,0.25162665606835044,0.7107602111065713,0.7901898605537104,0.74837334393165
407,"London shares also rose , while trading in Frankfurt , West Germany , ended higher .",0.9528195311147831,0.17473887145500067,0.8571428571428571,0.7956660512607058,0.8252611285449993
408,"In Tokyo , the Nikkei index of 225 selected issues was up 132.00 points to 35549.44 .",1.4043707635839553,0.2409126077560881,0.7641381509222925,0.7541029635994383,0.7590873922439121
409,The index fell 109.85 Monday .,0.33333333333333304,0.06891905627080991,0.8710490642551529,1.0000000000000002,0.9310809437291903
410,"Volume on the First Section was estimated at 900 million shares , up from 582 million shares Monday .",1.2770875003416,0.222292250624224,0.7323858469476796,0.8290089346816495,0.777707749375776
411,"Advancing issues outnumbered decliners 542 to 362 , while 208 issues were unchanged .",1.2156821434752771,0.2193625774995624,0.817624287979294,0.7468520790527776,0.7806374225004379
412,Small-lot buying targeted at incentive-backed issues pushed up the Nikkei .,0.9090909090909101,0.1610111614029819,0.8669051185911276,0.8128144004720051,0.8389888385970181
413,"But other sectors failed to attract investor interest and remained sluggish , making overall trading appear mixed .",1.4227578041353786,0.258688764763567,0.8445329923078438,0.6605736306103416,0.7413112352364329
414,"Individuals and corporations , as well as dealers trading for their own account , actively bought Tuesday .",1.5010861115918832,0.24320519540792288,0.7850603770914552,0.7304938628514236,0.7567948045920769
415,"An official at Wako Securities said these investors feel the need to make quick profits , despite destabilizing external factors , such as political uncertainty tied to the ruling party 's fate at next year 's Lower House elections - an event which could directly affect the stock market .",2.776178814801438,0.43539909081811573,0.5799208178700116,0.5500695876711489,0.5646009091818843
416,"The Tokyo Stock Price Index of all issues listed in the First Section , which declined 5.16 on Monday , was up 16.05 , or 0.60 % , at 2692.65 on Tuesday .",2.170835052438915,0.3568262592967176,0.5965542689927743,0.697697331786878,0.6431737407032824
417,"The Second Section index , which fell 21.44 points Monday , was up 6.84 points , or 0.19 % , to close at 3642.90 .",1.804776619150549,0.3016737344197363,0.6236824466299737,0.7932662874809016,0.6983262655802637
418,"Second Section volume was estimated at 14 million shares , unchanged from Monday .",1.4474758933207434,0.27258965388583434,0.6668208572227632,0.8001110069306573,0.7274103461141659
419,Institutional investors mostly remained on the sidelines Tuesday .,0.44444444444444464,0.07538827312875093,0.9246117268712489,0.9246117268712489,0.9246117268712489
420,A fund manager at a life-insurance company said three factors make it difficult to read market direction .,2.0008895795001944,0.3394493435337189,0.7202671485387637,0.6099780982913049,0.660550656466281
421,"First , he said , domestic interest rates are likely to stay at higher levels as increased anticipation of inflation followed rising consumer prices reported last week .",2.3001295712110013,0.4147087018972239,0.5922905515863298,0.5784555366356476,0.585291298102776
422,"Second , the dollar is showing persistent strength despite a slowdown in the U.S. economy shown by economic indicators .",1.8741971727682003,0.30377645954209453,0.72412738610542,0.6703904189214235,0.6962235404579054
423,"Third , oil prices have n't declined although supply has been increasing .",0.3076923076923075,0.05781024949821371,0.942189750501786,0.942189750501786,0.942189750501786
424,"The topic that attracted participants ' attention was Mitsubishi Estate 's purchase of 51 % of Rockefeller Center Properties , announced late Monday in New York .",1.8798106482282773,0.30394061464463595,0.7012883546001831,0.6909078158244389,0.6960593853553642
425,"Mitsubishi Estate ended the day at 2680 , up 150 .",1.2727272727272743,0.22541562596417472,0.75041920062934,0.8003576778866915,0.7745843740358256
426,"The gains also sparked buying interest in other real-estate companies , traders said .",1.536412500309067,0.2845720721393891,0.8001110069306572,0.6469547760363442,0.715427927860611
427,Sumitomo Realty & Development rose 40 to 2170 .,0.8050124997596155,0.17976268328691444,0.7591160508632745,0.8920629867197594,0.8202373167130855
428,Heiwa Real Estate gained 40 to 2210 .,1.0943609377704333,0.22308223737786706,0.884025111448191,0.6929596589925695,0.7769177626221327
429,"Investor focus shifted quickly , traders said .",1.6887218755408666,0.3916986626217077,0.6881041381073281,0.545085148078627,0.6083013373782921
430,Many of the morning-session winners turned out to be losers by afternoon .,1.404974038960801,0.2611223143450191,0.7748249363822368,0.7061180253640846,0.7388776856549811
431,"In other stock-market news , the Tokyo Stock Exchange said that for the week ended Friday , the balance of margin buying rose 189.8 billion yen -LRB- $ 1.34 billion -RRB- , to 7.160 trillion yen -LRB- $ 50.46 billion -RRB- .",2.2520757481893026,0.38089557317079564,0.5944396466587194,0.6459046166733657,0.6191044268292043
432,"The balance of short positions outstanding fell 159.7 billion yen , to 779.8 billion yen .",1.0,0.17391304347826086,0.9047619047619047,0.76,0.8260869565217391
433,"In London , prices finished at intraday peaks , comforted by a reassuring early performance on Wall Street and news that the British government will waive its `` golden share '' in auto maker Jaguar .",2.5025012875597348,0.3767487504107225,0.6621804580088388,0.588645140224658,0.6232512495892775
434,"But trading was very sketchy , as investment decision makers remain wary from gyrations and upsets of recent weeks .",1.9008006215501752,0.3353821282724971,0.6971337272389901,0.6350000672384211,0.6646178717275028
435,"`` Volume has been appalling , '' said a dealer at a British brokerage concern .",1.5,0.2608695652173913,0.8095238095238096,0.6800000000000002,0.7391304347826088
436,`` The market was dragged up by the scruff of its neck by Wall Street and by market makers getting caught short .,1.896071324975515,0.3138187165039062,0.6405472749285722,0.7388161873392536,0.686181283496094
437,No one wants stock on their books . '',1.5010861115918828,0.3102209872841815,0.6897790127158187,0.6897790127158187,0.6897790127158187
438,"Meanwhile , the broad-based Financial Times 100-share index added 30.4 points to end at 2142.6 , while reaching its minimum of 2120.5 a half hour into the session .",2.201671428688423,0.35690497548504274,0.5825577852454362,0.7176729269983135,0.643095024514957
439,"At the close , the narrower 30-share index was up 19.7 points to 1721.4 .",1.21764416709936,0.2100785681968444,0.7831218582138629,0.7968401162357459,0.7899214318031554
440,"Volume totaled a modest 334.5 million shares , up from 257.8 million shares Monday .",0.957635198440018,0.18219341695531246,0.7352327208840007,0.9212747994947492,0.8178065830446875
441,The market also moved at early afternoon on news that Jaguar shares were being temporarily suspended at 746 pence -LRB- $ 11.80 -RRB- each .,2.1997487383876377,0.33289358989282797,0.6484424402522431,0.6868766221952657,0.6671064101071721
442,"Secretary of State for Trade and Industry Nicholas Ridley said later in the day that the government would abolish its golden share in Jaguar , the luxury auto maker being stalked by General Motors and Ford Motor .",1.54979798071333,0.2600193770441831,0.7057525768271143,0.7776979210425081,0.7399806229558167
443,The golden share dates from Jaguar 's public offering in 1984 and was designed to protect the company from takeover .,1.564512046298729,0.24497849605875224,0.7459251339177457,0.7643424687462212,0.7550215039412477
444,The golden share was scheduled to expire at the beginning of,1.409979545847904,0.27403532930912233,0.683574405893512,0.773959985377715,0.725964670690878
445,"But although the golden share has been waived , a hostile bidder for Jaguar would still have to alter the British concern 's articles of association which ban shareholdings of more than 15 % .",2.4623088419252577,0.3541300267546896,0.6212322653097632,0.6725426197997714,0.6458699732453104
446,"Jaguar shares closed at 869 pence , up 122 pence , on hefty turnover of 9.7 million shares .",1.3928628129847445,0.26887187192007006,0.6974360303156286,0.7682406938774258,0.73112812807993
447,"As the London trading session drew to a close , the market was still listening to the parliamentary debate on the economy , with new Chancellor of the Exchequer John Major expected to clarify his approach to the British economy and currency issues .",1.4864280540662822,0.22945165821608574,0.7593839462695465,0.7820459115038358,0.7705483417839143
448,"On the Frankfurt Stock Exchange , share prices closed higher in fairly thin trading , as selective buying by foreigners helped propel prices .",1.501629167387823,0.27404122633562406,0.6746578106289828,0.7857036603320143,0.7259587736643758
449,"The DAX index closed at 1472.76 , up from 1466.29 .",0.545454545454545,0.1032569023498804,0.8128144004720051,1.0,0.8967430976501195
450,"Despite the modest gains , traders said the market remains dull , with investors remaining cautiously on the sidelines .",1.18048202372184,0.2094201362587395,0.7878519010096735,0.7933267834306018,0.7905798637412604
451,"Contributing to the market 's reserved stance was the release later in the day of new data on the health of the U.S. economy , in the form of the U.S. index of leading indicators .",1.3881713458621414,0.2424227442471527,0.7928111413730642,0.7253418222830074,0.7575772557528473
452,"Additionally , the end of the month position-squaring might have also played a minor role , traders said .",1.7623128134402117,0.2991312354371786,0.7319611050662946,0.6723102796984172,0.7008687645628215
453,"Elsewhere , share prices closed higher in Amsterdam , Brussels , Milan and Paris .",0.6163408331891018,0.1121274380057733,0.9481910368625492,0.8347693257887421,0.8878725619942264
454,Prices were mixed in Zurich and lower in Stockholm .,0.5999999999999996,0.10631029208133469,0.9265226732566291,0.8631040918837465,0.8936897079186652
455,"Stocks closed higher in Hong Kong , Manila , Singapore , Sydney and Wellington , but were lower in Seoul .",0.6887806403195311,0.13245757964626378,0.8615863797650612,0.8735813809088258,0.8675424203537361
456,Taipei was closed for a holiday .,1.1428571428571428,0.255566812953303,0.5929060718765461,1.0,0.7444331870466969
457,"Here are price trends on the world 's major stock markets , as calculated by Morgan Stanley Capital International Perspective , Geneva .",1.8809184751669603,0.3139341667267709,0.6934527516645712,0.6788346325607001,0.6860658332732296
458,"To make them directly comparable , each index is based on the close of 1969 equaling 100 .",1.306098611351497,0.19821486870156552,0.7631782270528598,0.8445061731271866,0.8017851312984344
459,The percentage change is since year-end .,1.250698214594781,0.28659369423637937,0.7314822967403581,0.6962021387801476,0.7134063057636205
460,"French consumer prices rose 0.2 % in September from the previous month and were up 3.4 % from a year earlier , according to definitive figures from the National Statistics Institute .",2.5475951085209934,0.4646315313226466,0.44093992067120424,0.6812628638790504,0.5353684686773534
461,"The state agency 's figures confirm previous estimates and leave the index at 178.9 , up from 178.5 in August and 173.1 a year earlier .",1.7126663466531085,0.29128123704545833,0.6415710619635772,0.7915650376968856,0.7087187629545415
462,The index is based on 1980 equaling 100 .,0.7505430557959416,0.14588204357457457,0.8061549798191674,0.9081491772631822,0.8541179564254255
463,A breakdown showed that food prices were the most active part of growth with a rise of 0.6 % .,2.3026873902505134,0.44366137152855467,0.4859562313541297,0.6505612263707798,0.5563386284714453
464,An official linked the gain essentially to higher prices for beef and pork .,1.686402891031201,0.29887021630737576,0.7347010620881713,0.6704924407616853,0.7011297836926244
465,He said summer drought problems that had hit several southern agricultural regions had stopped being a major source of price pressure in September .,2.6835988315236126,0.4530489716771822,0.5684924125306994,0.5269825412478006,0.5469510283228178
466,"Japan 's index of leading indicators rose to 63.6 in August , above the so-called boom-or-bust line of 50 for the first time since May , the Economic Planning Agency said .",2.262699123642709,0.35224897574313707,0.6947885665149532,0.6066785736975294,0.6477510242568628
467,"The leading index recovered from July 's revised level of 36.6 on strong performances in consumer durables and machinery orders , among other factors , according to an agency spokeswoman .",2.2141384786440965,0.48007869467099423,0.4195606667684339,0.6833913228507017,0.5199213053290057
468,The index is intended to measure future economic performance .,1.2000000000000002,0.22043198023011296,0.779568019769887,0.7795680197698871,0.7795680197698871
469,A figure above 50 indicates the economy is likely to expand ; one below 50 indicates a contraction may be ahead .,1.7158457255388369,0.2893358767252711,0.6794184452157609,0.7449222463077336,0.7106641232747286
470,"Metromedia Co. said its Metromedia Long Distance unit has been renamed Metromedia-ITT Long Distance , reflecting acquisitions from ITT Corp. , which licenses its name to closely held Metromedia .",1.8247901246967695,0.35184243673767257,0.6083356699679109,0.6935581540329272,0.6481575632623275
471,"Metromedia said its unit is the fifth-largest provider of long-distance communications service in the U.S. , with projected 1989 revenue of more than $ 550 million .",1.5607024254599127,0.24341576724582775,0.7819216957969571,0.732837304860886,0.7565842327541725
472,"Metromedia , headed by John W. Kluge , has interests in telecommunications , robotic painting , computer software , restaurants and entertainment .",1.5615716069953756,0.29646466800202226,0.7492177284947343,0.6631036111120956,0.7035353319979778
473,"South Korean consumer prices rose 5 % in the first 10 months of this year , matching the government 's target for the entire year , according to the Bank of Korea and the Economic Planning Board .",2.014844574674907,0.32098335996244703,0.6663558702822641,0.6921678374881606,0.6790166400375528
474,"According to reports released by the two government agencies , domestic consumer and wholesale prices each rose by 0.2 % in October from the previous month .",2.0725181829948176,0.377898235109177,0.5549471998934342,0.7077467099282861,0.6221017648908231
475,"As a result , consumer prices for the first 10 months of 1989 surged by 5 % and wholesale prices by 1.3 % .",2.1860163936129235,0.37989038296075756,0.604630449945894,0.6364021732259448,0.6201096170392426
476,The South Korean government had been projecting a 5 % consumer price increase for the entire year .,1.7071697751778094,0.3139511297787557,0.6464228220400091,0.7308503700927582,0.6860488702212443
477,Martin Marietta Corp. said it won a $ 38.2 million contract from the U.S. Postal Service to manufacture and install automated mail-sorting machines .,1.645164310640169,0.2613368563321542,0.725435490206919,0.7523821447580876,0.7386631436678457
478,"Under terms of the three-year contract , Martin Marietta said it will make and install 267 of the new machines at 156 postal offices .",1.5647766191505506,0.23698195407795677,0.7625567172778175,0.7634799330898377,0.7630180459220434
479,"The new machines are capable of sorting by zip code up to 10,000 large flat mail pieces , including magazines and parcels , an hour .",2.068247596569897,0.3389534850454708,0.7091181270489615,0.6190787359415428,0.661046514954529
480,"Thomas A. Donovan , 37 years old , formerly vice president , West Coast operations , at this hazardous-waste-site remediation concern , was named executive vice president and chief operating officer , both newly created posts , and a director , filling a vacancy .",2.4033829767947226,0.38275079231509274,0.6708172667845281,0.5716038296589213,0.6172492076849074
481,"Canonie said it anticipates naming Mr. Donovan to succeed Richard F. Brissette , 55 , as president and chief executive officer , effective March 1 .",1.9387066137141034,0.30924734483907007,0.7235427257991719,0.6608057475787532,0.6907526551609297
482,Mr. Brissette will remain a Canonie board member and will be a consultant to the company .,1.3599656163978686,0.2411932525077991,0.7580170102722754,0.7595981319979513,0.7588067474922009
483,Yields on savings-type certificates of deposit dropped slightly in the week ended yesterday .,1.7663611395143257,0.3538946686428325,0.6461053313571674,0.6461053313571674,0.6461053313571674
484,"The average yield on a six-month CD of $ 50,000 or less was 7.90 % , compared with 7.94 % a week earlier .",2.1903510429286905,0.4091239238787139,0.48975629177833513,0.7446168087793669,0.5908760761212862
485,"The average one-year savings-type CD was down to 7.99 % from 8.01 % , according to Banxquote Money Markets , a New York information service that tracks CD yields .",2.0915022794734686,0.32316400539075507,0.6639200253023231,0.690264471516084,0.6768359946092448
486,"`` This week was uneventful for the CD market , '' said Norberto Mehl , chairman of Banxquote .",1.6431200499407161,0.2872265346381063,0.7694033563985773,0.6639082607195743,0.7127734653618935
487,`` The major banks have n't even reacted to sharp rises in the three-month Treasury bill rates '' in the past two weeks .,1.515188665691678,0.24053103834729728,0.7537591087756055,0.7652659810355373,0.7594689616527027
488,"Banks that adjusted payouts on CDs in the most recent week made only fractional moves , he said .",1.5326008146717758,0.24512931838713953,0.825014565572212,0.6957196324069042,0.7548706816128603
489,The CD trend runs counter to the direction of short-term interest rates at the Treasury bill auction Monday .,1.7955725211112301,0.34018646621417103,0.6677173559603062,0.6520946389256144,0.659813533785829
490,"The average six-month bill was sold with a yield of 8.04 % , up from 7.90 % .",1.6596834989404012,0.2865833084267612,0.6377692525393481,0.8094246108265319,0.713416691573239
491,The average three-month issue rose to 8.05 % from 7.77 % .,1.0,0.19342640361727081,0.714445217099339,0.9259795222585336,0.8065735963827293
492,"Typically , banks offer CD yields higher than those on Treasury bills , which are considered the safest short-term investments ; banks need a competitive edge to sell their products .",1.624662192793556,0.25661319998532056,0.7534288238545025,0.7336089440683758,0.7433868000146793
493,"But when market interest rates move up rapidly , increases in bank CD yields sometimes lag .",1.1559696737884257,0.22900497816275114,0.8743269654297688,0.689506055315916,0.7709950218372489
494,"Most yields on short-term jumbo CDs , those with denominations over $ 90,000 , also moved in the opposite direction of Treasury bill yields .",1.3393577382145603,0.20579052802504522,0.8476866918408009,0.7470791841320833,0.7942094719749548
495,"The average six-month yield on a jumbo CD was at 7.90 % , down from 7.93 % , Banxquote said .",1.625665023210363,0.27021851315261114,0.6781960470790568,0.7898604234223354,0.7297814868473889
496,"For longer-term CDs , yields were up .",0.0,0.0,1.0,1.0,1.0
497,"The average two-year and five-year jumbos were up 0.02 of a percentage point to 7.91 % and 7.96 % , respectively .",1.5804954515075895,0.2717871243894741,0.6483835083113005,0.8304595552594624,0.728212875610526
498,"However , CDs sold through major broker-dealer networks were up slightly almost across the board .",1.516541406655651,0.2814091529937484,0.7083619737916437,0.7291194620527659,0.7185908470062519
499,"The average six-month CD in that category added 0.05 percentage point to 8.35 % , for example .",1.5960586640666987,0.283356874444209,0.716643125555791,0.716643125555791,0.716643125555791
500,Mr. Mehl attributed the rise specifically to the Treasury bill increase .,1.125814583693911,0.19713859726136096,0.8730552662007037,0.7431147865896833,0.8028614027386389
501,"Among the major banks surveyed by Banxquote in six regions of the country , 8.33 % is the highest yield available .",1.5917977276660844,0.26593289169065465,0.725746431854172,0.7425807905387066,0.7340671083093452
502,It is offered by the flagship banks of New York 's Manufacturers Hanover Corp. in the one-year maturity only .,1.4182263988300123,0.23060063004051876,0.7473118179116341,0.7928323263971967,0.7693993699594809
503,The yield is offered across a range of maturities at San Francisco 's BankAmerica Corp. and Wells Fargo & Co .,1.6383986645984132,0.2796097339711007,0.7502448330693421,0.6928207800256853,0.7203902660288991
504,"Just two weeks ago , BankAmerica 's yields in many of those maturities was 8.61 % .",1.0299867649604089,0.1543201449843181,0.8456798550156822,0.8456798550156821,0.8456798550156822
505,"Still , on average , the major California banks have the highest yields on CDs , according to Banxquote .",1.1622556248918254,0.18958197440508553,0.8613125796193647,0.7652025668851448,0.8104180255949142
506,The average yield there on six-month issues is 8.32 % .,0.6140806820148619,0.10336064156789738,0.8603710954403706,0.936099909688466,0.8966393584321029
507,I had to reach back to French 101 when the monsieur avec clipboard leaned over my shoulder during the coffee phase of dinner and asked whether I wanted to ride in a montgolfiere .,2.4293235453502984,0.43153646229439485,0.47374647139792686,0.7105190032480186,0.5684635377056052
508,"I was a last-minute -LRB- read interloping -RRB- attendee at a French journalism convention and so far the festivities had been taken up entirely by eating , drinking , smoking , sleeping and drinking .",2.484260871916168,0.4680266490811426,0.460865405858908,0.6290273796806238,0.5319733509188572
509,The man with the clipboard represented a halfhearted attempt to introduce a bit of les sportif into our itinerary .,1.6937151490463602,0.2945519313438996,0.6984921862307388,0.7125438838660435,0.7054480686561003
510,"But as the French embody a Zen-like state of blase when it comes to athletics -LRB- try finding a Nautilus machine in Paris -RRB- , my fellow conventioners were having none of it .",2.6311209384235625,0.44187698914398954,0.4973698783427213,0.6357831591694643,0.5581230108560106
511,"The diners at my table simply lit more Gauloises and scoffed at the suggestion of interrupting a perfectly good Saturday morning to go golfing or even montgolfing -LRB- ballooning to you ; the brothers Montgolfier , French of course , were the world 's first hot-air balloonists -RRB- .",3.2132876379308017,0.5094814403605474,0.4643796861770816,0.5197755393395767,0.49051855963945257
512,Back in the U.S.A. this kind of chi-chi airborne activity wins heartwarmingly covetous responses .,1.7249535320618135,0.31049505784647186,0.6666666666666665,0.7139634842653448,0.6895049421535279
513,As in : `` You went ballooning ? ? ! !,0.9331511369536729,0.2453147109110164,0.8514402748659148,0.6776762937451775,0.7546852890889836
514,In France ? ? ! ! '',0.6935361388961918,0.23185837894960323,0.9999999999999997,0.6235632554656043,0.7681416210503965
515,Americans it seems have followed Malcolm Forbes 's hot-air lead and taken to ballooning in a heady way .,2.0728462097502174,0.3453617696740157,0.5977415451916115,0.7235059371649447,0.6546382303259843
516,"During the past 25 years , the number of balloonists -LRB- those who have passed a Federal Aviation Authority lighter-than-air test -RRB- have swelled from a couple hundred to several thousand , with some estimates running as high as 10,000 .",2.643088114236213,0.4153353169541431,0.5444151933744167,0.6313407162402414,0.5846646830458572
517,"Some 30 balloon shows are held annually in the U.S. , including the world 's largest convocation of ersatz Phineas Foggs -- the nine-day Albuquerque International Balloon Fiesta that attracts some 800,000 enthusiasts and more than 500 balloons , some of which are fetchingly shaped to resemble Carmen Miranda , Garfield or a 12-story-high condom .",2.919515727340479,0.45419359258264325,0.5034962720936008,0.5958797750171427,0.5458064074173569
518,-LRB- The condom balloon was denied official entry status this year . -RRB-,1.374946383148247,0.30639668210765747,0.6802489904081326,0.707492476654924,0.6936033178923423
519,"But in Epinal , a gray 16th-century river town adjacent to France 's Vosges mountain region , none of these Yankee-come-lately enthusiasms for things aloft was evident .",2.4516143897890785,0.40130040840411235,0.6107929177766324,0.5870758488729014,0.5986995915958876
520,Ballooning at the de rigueur hour of 6 a.m. held all the attraction for most people of sunrise root-canal work .,1.7356293303110992,0.31203036950348423,0.6947815267664257,0.6812900100697602,0.6879696304965155
521,"Feeling the naggings of a culture imperative , I promptly signed up .",0.9811451924741146,0.1690361979005402,0.8868484804466561,0.7817047468033618,0.8309638020994597
522,"The first thing anybody will tell you about ballooning is that it requires zip in the way of athletic prowess , or even a measure of derring-do .",2.6294876037657255,0.45153350723814506,0.5041800411720606,0.601282264345853,0.5484664927618547
523,-LRB- So long as you do n't look down . -RRB-,2.7196497237176036,0.7090587980413541,0.2150226559902587,0.4497275455938,0.2909412019586457
524,"They will also tell you that even if you hate heights , you can still balloon .",2.000000000000001,0.4073614449753069,0.5528925917717054,0.638541595055007,0.5926385550246931
525,-LRB- I still say do n't look down .,2.1677527782585484,0.5815329125565508,0.31157391553494795,0.6370087710606402,0.418467087443449
526,At least not when you are ascending . -RRB-,1.3333333333333335,0.26631956334878903,0.6230586343562454,0.8920629867197594,0.7336804366512107
527,What they wo n't tell you is not to go aloft in anything you do n't want to get wet .,2.215345231318099,0.5171720026879643,0.3808602293330947,0.6593580224141904,0.48282799731203574
528,I 'm not referring to the traditional champagne drenching during the back-on-terra-firma toast .,0.9649839288804953,0.15875892117450055,0.8412410788254996,0.8412410788254996,0.8412410788254996
529,I 'm talking about landing in a canal .,1.5121822749374236,0.3132324675502112,0.5623846264932783,0.8817944864489706,0.6867675324497886
530,In a porous wicker basket .,1.125814583693912,0.2783837401553246,0.6480409554829326,0.8140380362325801,0.7216162598446755
531,With a pilot who speaks no English .,0.75,0.15789473684210525,0.7272727272727273,1.0,0.8421052631578948
532,"To wit , my maiden voyage -LRB- and novitiates are referred to as virgins -RRB- began at dawn on a dew-sodden fairway and ended at noon in a soggy field .",2.52256664067891,0.49989724354428733,0.44239285853252724,0.5751278601942481,0.5001027564557127
533,"-LRB- Balloon flights almost always occur at dawn or dusk , when the winds are lightest . -RRB-",2.265049996287054,0.4367699223676308,0.5398546885422165,0.5887213649422404,0.5632300776323692
534,In between came lots of coffee drinking while watching the balloons inflate and lots of standing around deciding who would fly in what balloon and in what order -LRB- the baskets hold no more than four passengers -RRB- .,2.658732935172076,0.4517099759871468,0.5087942587363189,0.5944336498579527,0.5482900240128533
535,"When it was n't my turn in the balloon I followed its progress from the `` chase car , '' listening to the driver holler into a walkie-talkie .",2.282749342766198,0.3999402155594492,0.5817171629379072,0.6195968218737833,0.6000597844405507
536,After long stretches of this attendant ground activity came 20 or so lovely minutes of drifting above the Vosges watching the silver mists rise off the river and the French cows amble about the fields .,2.4509599242331754,0.40239959936599284,0.5930937731403754,0.6021760397991192,0.5976004006340072
537,"It 's hard not to feel that God 's in his heaven with this kind of bird's-eye view of the world , even if your pilote in silly plaid beret kept pointing out how `` belle '' it all was .",2.4298270473849177,0.39042233935028386,0.5600525668170802,0.6687113849632673,0.6095776606497163
538,Eventually little French farmers and their little French farmwives came out of their stone houses and put their hands above their tiny eyes and squinted at us .,2.1735328244907817,0.47396206813163166,0.4309569618428189,0.6749506200354022,0.5260379318683682
539,No wonder .,0.666666666666667,0.26631956334878915,0.5793801642856952,1.0,0.7336804366512111
540,We were coming down straight into their canal .,1.4172097224626086,0.2878962592694487,0.6430848587341713,0.7977186457105617,0.7121037407305515
541,"See , the other rule of thumb about ballooning is that you ca n't steer .",2.4080828133113004,0.43063635116836685,0.5044674486834231,0.6534217791912051,0.569363648831633
542,And neither can your pilot .,0.792481250360578,0.18103744911964742,0.6934264036172707,0.9999999999999998,0.8189625508803525
543,"You can go only up or down -LRB- by heating the balloon 's air with a propane burner , which does make the top of your head feel hot -RRB- and ride the air currents .",2.606983229940446,0.4563554747065403,0.46976781140255436,0.6450933108456033,0.5436445252934597
544,Which makes the chase car necessary .,0.5714285714285712,0.1133049180745301,0.8866950819254699,0.8866950819254699,0.88669508192547
545,"Most balloonists seldom go higher than 2,000 feet and most average a leisurely 5-10 miles an hour .",2.555555555555557,0.45946105194749876,0.5099762246631192,0.5749984330411885,0.5405389480525014
546,When the balloon is cruising along at a steady altitude there is little sense of motion .,1.9326325277807856,0.3400788955791268,0.6191331669330035,0.7064622002640406,0.6599211044208733
547,"Only when one is ascending -- or in our case descending a tad trop rapidement -- does one feel , well , airborne in a picnic basket .",2.945630782680536,0.48307635662430176,0.45666426468044735,0.5955036475178983,0.5169236433756984
548,"`` What 's he doing ? '' hissed my companion , who was the only other English-speaking member of the convention and whose knuckles were white .",2.068461904887568,0.35370437187839004,0.6191612902007667,0.6759172592022229,0.6462956281216101
549,"`` Attention , '' yelled our pilot as our basket plunged into the canal .",1.3073093649624532,0.2577255318378199,0.7223392720461522,0.7633412409811424,0.7422744681621798
550,"`` You bet attention , '' I yelled back , leaping atop the propane tanks , `` I 'm wearing alligator loafers ! ''",2.0576699160522574,0.37079491006969195,0.6659304609866965,0.5963187331330281,0.6292050899303083
551,"Our pilot simply laughed , fired up the burner and with another blast of flame lifted us , oh , a good 12-inches above the water level .",1.970044980668936,0.32539428575684576,0.6791010769195177,0.6701694750040169,0.6746057142431545
552,We scuttled along for a few feet before he plunged us into the drink again .,1.647782998537517,0.2941305197758952,0.6424083613331079,0.783243140071024,0.7058694802241046
553,Eventually we came to rest in a soggy patch of field where we had the exquisite pleasure of scrambling out of the basket into the mud while the French half of our ballooning tag team scrambled in .,2.5230079731822945,0.4660657862858083,0.4738447282274909,0.6114772364280617,0.5339342137141916
554,I looked at my watch .,1.6666666666666665,0.47574757765427617,0.40783617806826955,0.733680436651211,0.524252422345724
555,Barely half-an-hour aloft .,0.5,0.14285714285714285,1.0,0.75,0.8571428571428571
556,"Back in the chase car , we drove around some more , got stuck in a ditch , enlisted the aid of a local farmer to get out the trailer hitch and pull us out of the ditch .",2.16763897029138,0.35480577817899056,0.6333540367275566,0.6574855311578842,0.6451942218210096
557,"We finally rendezvoused with our balloon , which had come to rest on a dirt road amid a clutch of Epinalers who watched us disassemble our craft -- another half-an-hour of non-flight activity -- that included the precision routine of yanking the balloon to the ground , punching all the air out of it , rolling it up and cramming it and the basket into the trailer .",2.759126844747094,0.46017821051944946,0.523387358877791,0.5573217648081663,0.5398217894805506
558,It was the most exercise we 'd had all morning and it was followed by our driving immediately to the nearest watering hole .,2.427694271103767,0.42746187946438824,0.5048838402928383,0.6611292360401351,0.5725381205356119
559,"This meant returning to the golf course , where we watched a few French duffers maul the first tee while we sat under Cinzano umbrellas , me nursing an espresso and my ego .",2.6160235095418765,0.5040126449413378,0.4101885735457032,0.6271724655493559,0.4959873550586623
560,A whole morning of ballooning and I had been off the ground barely 30 minutes .,1.4221804688852169,0.23768535316132502,0.7017350960706359,0.8343419094705348,0.762314646838675
561,"Still , I figured the event 's envy-quotient back in the U.S.A. was near peerless .",1.8915414066556497,0.32287356418368873,0.6544687614120462,0.70140918524685,0.6771264358163113
562,"As for the ride back to camp , our pilot and all the other French-speaking passengers clambered into the chase car .",1.8810944538751881,0.3454102922370181,0.6151838246056158,0.6993894190461917,0.6545897077629819
563,My American companion and I were left to ride alfresco in the wicker basket .,1.3006516669551278,0.20822210851276107,0.7441268079890477,0.845949304922877,0.7917778914872386
564,"As we streaked by a blase gendarme , I could n't resist rearing up on my soggy loafers and saluting .",2.153299092803505,0.3714161917319811,0.5352892403916613,0.761262906938398,0.6285838082680186
565,Ms. de Vries is a free-lance writer .,0.5943609377704338,0.12115871759637824,0.8960775105770448,0.8622556248918265,0.8788412824036218
566,"Treasury Undersecretary David Mulford defended the Treasury 's efforts this fall to drive down the value of the dollar , saying it helped minimize damage from the 190-point drop in the stock market Oct. 13 .",2.260668832923725,0.36639447501510497,0.6546649147737271,0.6138587945018873,0.6336055249848949
567,"Testifying before a House subcommittee , Mr. Mulford said that if the Treasury had n't intervened in foreign-exchange markets in September and early October to reduce the dollar 's value , the plunge in the stock market might have provoked a steep fall in the currency that might have `` unhinged financial markets . ''",2.216187552944194,0.3242866927503444,0.6882950172997409,0.663583315516379,0.6757133072496556
568,"Mr. Mulford , responding to critics of intervention , also said intervention is `` highly visible , '' is taken seriously by financial markets and works better than `` was recognized some time ago . ''",2.322858581743934,0.3534183308205949,0.679145090056549,0.6169980535537987,0.6465816691794052
569,Differences between the Treasury and the Federal Reserve on the usefulness of intervention to help restrain the dollar resurfaced at the hearing .,1.1134626293233394,0.1914808858077546,0.8539773566008587,0.7676558684796846,0.8085191141922454
570,"Fed Vice Chairman Manuel Johnson , who had dissented from the Treasury 's policy , told lawmakers , `` I became convinced about what looked to me like an attempt to push the dollar down against the fundamentals in the market . ''",2.3850521225355372,0.35173874720099674,0.6844846368212885,0.6156791035405268,0.6482612527990028
571,"Intervention , he added , is useful only to smooth disorderly markets , not to fundamentally influence the dollar 's value .",1.493397862376061,0.24825889459567568,0.8009172990287928,0.708254398972243,0.7517411054043243
572,"Rep. John LaFalce -LRB- D. , N.Y . -RRB- said Mr. Johnson refused to testify jointly with Mr. Mulford and instead asked to appear after the Treasury official had completed his testimony .",2.7078256495845827,0.4550909893870356,0.5342963232068516,0.5559518399073472,0.544909010612964
573,A Fed spokesman denied Mr. LaFalce 's statement .,0.9727652780181644,0.19761047377095148,0.8162983545263643,0.7889467394418684,0.8023895262290488
574,"Mr. Mulford said reports of tension between the Treasury and Fed have been exaggerated , insisting that they involved `` nuances . ''",1.3699902175794332,0.20858518531903988,0.8156594198981488,0.7685698952958679,0.7914148146809602
575,"Mr. Johnson also said that `` in the scheme of things , these things are minor . ''",1.8819057211626236,0.32495519059046907,0.6479172972520121,0.704543178606021,0.6750448094095309
576,"On other matters , Mr. Mulford said West Germany is contributing to imbalances in the world economy because of its success as an exporter .",1.8651676193236266,0.3036473794055115,0.7522450797813871,0.6481914369475116,0.6963526205944883
577,"`` The solution is stronger domestic growth -LCB- in Germany -RCB- , '' he said .",1.8915414066556506,0.3372658236080006,0.6998159575887783,0.6293844150518478,0.6627341763919994
578,"But because the growth of the German economy has been stronger than expected , Mr. Mulford said , it 's difficult for the U.S. to argue that Germany ought to adopt more stimulative monetary and fiscal policies .",2.458504684277944,0.3560337743095625,0.6393990434665593,0.6485991234359825,0.6439662256904375
579,"Germany 's trade surplus is largely with other European countries rather than with the U.S. , Mr. Mulford acknowledged .",1.3754887502163466,0.2151595262568505,0.8234842994498404,0.7496609713120226,0.7848404737431495
580,"But nonetheless U.S. companies might be more successful in European markets if not for the German export push , he said .",1.9376904765041214,0.292811457348884,0.6900787947534259,0.7251682963075854,0.7071885426511157
581,"Five officials of this investment banking firm were elected directors : E. Garrett Bewkes III , a 38-year-old managing director in the mergers and acquisitions department ; Michael R. Dabney , 44 , a managing director who directs the principal activities group which provides funding for leveraged acquisitions ; Richard Harriton , 53 , a general partner who heads the correspondent clearing services ; Michael Minikes , 46 , a general partner who is treasurer ; and William J. Montgoris , 42 , a general partner who is also senior vice president of finance and chief financial officer .",2.3406270519484416,0.36513200305718163,0.644029807207585,0.6259631978370515,0.6348679969428186
582,The board increased by one to 26 members .,1.3333333333333335,0.26631956334878903,0.733680436651211,0.733680436651211,0.733680436651211
583,"In the past year , one inside director resigned , while three others retired .",1.407961031917583,0.26370491761668835,0.7045405111940092,0.7710471977585384,0.7362950823833114
584,"Some U.S. allies are complaining that President Bush is pushing conventional-arms talks too quickly , creating a risk that negotiators will make errors that could affect the security of Western Europe for years .",2.2638420845113743,0.36097766498384254,0.6230452372346637,0.6558404179751944,0.6390223350161574
585,"Concerns about the pace of the Vienna talks -- which are aimed at the destruction of some 100,000 weapons , as well as major reductions and realignments of troops in central Europe -- also are being registered at the Pentagon .",1.6097560975609753,0.23649096137241749,0.7963520166296161,0.73326776760889,0.7635090386275829
586,Mr. Bush has called for an agreement by next September at the latest .,1.857142857142858,0.3875035309001552,0.5163717558325945,0.7525951289500715,0.6124964690998449
587,But some American defense officials believe the North Atlantic Treaty Organization should take more time to examine the long-term implications of the options being considered .,1.9763106917405446,0.33038259040943074,0.6521538609807517,0.6880419797383028,0.6696174095905695
588,"For one thing , Pentagon officials , who asked not to be identified , worry that the U.S. will have a much tougher time persuading Europeans to keep some short-range nuclear weapons on their soil once Soviet armored forces are thinned out .",2.825580369450406,0.43063824081208124,0.5300265164263753,0.6150034573773456,0.5693617591879184
589,"At the same time , they contend that a reduction of NATO forces under a treaty will increase the possibility of a conventional Soviet attack unless the West retains a residual force of nuclear weapons in Europe .",2.440659694321159,0.377675558353719,0.6636367549653216,0.585854200779153,0.622324441646281
590,"Allies concerned about the deadline include the British , French and smaller NATO allies , some of whom do n't have adequate staffs to provide quick answers to the questions being raised by what generally are considered the most complex arms-control talks ever attempted .",2.3965377277073587,0.35839019020026486,0.6184218320391162,0.6666044130026478,0.6416098097997353
591,"So far , no ally has complained openly , preserving the impression that NATO is in line with the Bush position that a quick agreement bringing Soviet conventional forces down to parity with NATO is the West 's top bargaining priority .",2.51128867470011,0.3906872088947,0.6048834169121303,0.613807513699337,0.6093127911052998
592,"But even though NATO negotiators have only 10 months left under the Bush timetable , they are still wrestling over such seemingly fundamental questions as `` What is a tank ? ''",2.7631995121115698,0.4375876147410293,0.5090024441187995,0.6283450162763737,0.5624123852589707
593,Five of the six categories of weapons under negotiation have n't even been defined .,0.9509775004326944,0.1640709142098755,0.8058507055950002,0.868339874413704,0.8359290857901246
594,Tanks currently are defined as armored vehicles weighing 25 tons or more that carry large guns .,1.6396648812310133,0.2703632988250637,0.7525960963127862,0.7080366770451104,0.7296367011749363
595,"The Soviets complicated the issue by offering to include light tanks , which are as light as 10 tons .",1.6754887502163456,0.25508450397059346,0.7229038217909284,0.7683097333468771,0.7449154960294064
596,"Oleg A. Grinevsky , the chief Soviet negotiator in the conventional-arms talks , argued that this would mean the Soviets would have to destroy some 1,800 tanks , while the U.S. would lose none because it has no light tanks in Europe .",2.3093075568871564,0.3262816363341178,0.703726876231759,0.646164443968674,0.673718363665882
597,But the issue is stickier than it seems .,0.666666666666667,0.12750047008764348,0.7738351806137475,1.0,0.8724995299123566
598,"France , Britain and Italy all have light tanks they would like to keep out of the talks .",1.8034032898152832,0.2782203084123868,0.7032494314629396,0.7413129046152025,0.7217796915876129
599,"And some U.S. Army analysts worry that the proposed Soviet redefinition is aimed at blocking the U.S. from developing lighter , more transportable , high-technology tanks .",1.9627303133218899,0.3014943173109107,0.7222326109290934,0.6762881315510488,0.6985056826890897
600,Defining combat aircraft is even tougher .,1.1428571428571432,0.25556681295330314,0.7444331870466971,0.7444331870466971,0.7444331870466971
601,"The Soviets insisted that aircraft be brought into the talks , then argued for exempting some 4,000 Russian planes because they are `` solely defensive . ''",2.147191424112486,0.3171631141072972,0.6932856329143274,0.6726984159228597,0.6828368858927027
602,NATO has n't budged from its insistence that any gun-carrying plane has offensive capability .,1.70065166695513,0.278196570219157,0.6638836252976908,0.7907955248402121,0.721803429780843
603,"The dispute over that issue , according to one U.S. official , is a `` potential treaty stopper , '' and only President Bush and Soviet leader Mikhail Gorbachev may be able to resolve it .",2.282724041797925,0.3416303160481393,0.6491673076841318,0.6678367113740996,0.6583696839518604
604,Accounting problems raise more knotty issues .,0.7871107149038479,0.21361352241724701,0.7863864775827529,0.7863864775827529,0.7863864775827529
605,"Greece and Turkey , for example , are suspected of overstating their arsenals in hopes that they can emerge from the arms-reduction treaty with large remaining forces to deter each other .",2.1451625910654446,0.3129414256083524,0.689614222181811,0.6845217986613953,0.6870585743916476
606,Other nations are n't sure how many weapons they have in their own arsenals .,2.160424797104447,0.44514035683123754,0.4826218565807497,0.6525287181166166,0.5548596431687626
607,"`` It 's just going to be sloppy , both on our side and theirs -LCB- the Warsaw Pact 's -RCB- , '' says one NATO analyst .",2.3087572469319353,0.3502539324191477,0.6332333650863045,0.6671430256556415,0.6497460675808524
608,"So far , neither the Bush administration nor arms-control experts in Congress seem moved by arguments that these problems may take more time to thrash out than President Bush has allowed .",2.5150126836785525,0.3906629607379603,0.5704542809312172,0.6539080966500325,0.6093370392620399
609,They argue that the bigger danger would be that the West would delay action so long that the Soviets might back away from the current conciliatory attitude .,1.835145642330505,0.2981932893399114,0.6513626530903853,0.7607198120006562,0.7018067106600886
610,"`` So what if you miss 50 tanks somewhere ? '' asks Rep. Norman Dicks -LRB- D. , Wash. -RRB- , a member of the House group that visited the talks in Vienna .",2.553666109946389,0.43389918300621577,0.5495889633841641,0.5836355669335086,0.5661008169937842
611,"`` The bottom line is that if we can get that -LCB- Warsaw Pact -RCB- superiority brought down to parity , we ought to keep pressing ahead as quickly as possible .",2.5056171955306614,0.41586856462373023,0.5153288939699724,0.6741367106269945,0.5841314353762698
612,I worry more about things becoming so unraveled on the other side that they might become unable to negotiate .,1.8580629729365086,0.30037586252943516,0.6588745656702607,0.7457464983293148,0.699624137470565
613,"International Lease Finance Corp. announced a leasing contract with charter carrier American Trans Air Inc. , in a transaction involving six Boeing Co. 757-200s .",2.2993577382145607,0.461089687518599,0.5244196805264463,0.554224503772864,0.538910312481401
614,"The value of the jets , including spares , is in excess of $ 250 million .",1.1920389709700245,0.1973015790946114,0.8965813808312001,0.7266131944299205,0.8026984209053888
615,"Two of the 757-200s are new aircraft to be delivered to American Trans Air , the main subsidiary of Amtran Inc. , in December 1991 and January 1992 .",1.6219159461950836,0.24343316608024226,0.7862180558207138,0.7290708468933761,0.7565668339197578
616,Four of the planes were purchased by International Lease from Singapore Airlines in a previously announced transaction .,1.521490108217379,0.2640688156095965,0.6931163959836909,0.7843836833146769,0.7359311843904037
617,"Delivery of the first aircraft is set for early November , a second for December and two for April 1990 .",2.4654494052770155,0.4022787351766991,0.5764254112982433,0.6206510193756425,0.5977212648233008
618,"Norway 's unemployment rate for October was 3.6 % , unchanged from September but up from 2.6 % in the same month last year .",1.9637433571920329,0.37169673324274144,0.49053905963342326,0.8736657146822477,0.6283032667572587
619,"The figure excludes a record number employed by extraordinary government work programs , the Labor Directorate announced Tuesday .",2.2781164481654868,0.3930032554702056,0.6830612168316696,0.5461756081586696,0.606996744529794
620,"Including those in the state programs , there were 143,800 Norwegians , or about 6.5 % of the work force , without permanent employment in October , up from September 's 136,800 .",2.177226407029222,0.32722090332306575,0.658149910366344,0.6880734149222388,0.6727790966769343
621,"The number of people registered as jobless at the end of October declined by 900 from September to 78,600 .",1.8580629729365081,0.3449933738873292,0.6528941817353684,0.6571327845233917,0.6550066261126707
622,"Those employed in state-funded special programs increased by 7,400 to 65,200 in the same period , the Directorate said .",1.9580629729365082,0.32174326388858,0.6774679842423484,0.6790473267527819,0.6782567361114199
623,"In October 1988 , there were 40,800 fewer employed by government programs .",1.7503759617048824,0.3276132932703665,0.6127907064618506,0.7448233333018607,0.6723867067296333
624,"Coca-Cola Co. , aiming to boost soft-drink volume in Singapore , said it is discussing a joint venture with Fraser & Neave Ltd. , its bottling franchisee in that country .",2.45129615748518,0.3844485383391625,0.6201570815542657,0.6110137450995178,0.6155514616608374
625,The venture would be the latest in Coke 's rapid expansion of overseas investment .,1.1346366672435915,0.18461951271324598,0.8334624496465455,0.7980664410994391,0.8153804872867539
626,"So far this year , it has put nearly $ 700 million into bottling operations in Australia , New Zealand and France .",1.3530180642940772,0.20018322757098322,0.791620018301686,0.8081850475751795,0.7998167724290167
627,The move also reflects Coke 's eagerness to have a hand in developing the soft-drink markets in Pacific Basin countries .,2.0018619055860825,0.33248725040661636,0.6979261457622977,0.6396393079738949,0.6675127495933835
628,"Aside from Europe , the Pacific division is where Coke will be focusing much of its attention for years to come .",1.9173095212447286,0.30558234874726664,0.6814247444642175,0.7079156675147955,0.6944176512527332
629,"That 's because when Coke looks to the Pacific area , it sees an economic and demographic gold mine .",1.5132331253245193,0.22482808958907713,0.779543479166003,0.7708490985037462,0.7751719104109228
630,"In countries such as Taiwan , South Korea and Singapore , economies are growing , resulting in a rise in disposable income that consumers can use for soft drinks .",1.9896861490570323,0.32667279466435195,0.693707058990125,0.6541106230634728,0.6733272053356479
631,"And unlike Europe and the U.S. , where populations are aging , the Pacific Basin countries have growing proportions of youths -- the heaviest consumers of Coca-Cola and other sodas .",1.1856415323278533,0.1827265893482821,0.843545389494891,0.7925884704156373,0.8172734106517179
632,"A Coca-Cola spokesman said it is too early to say how the joint venture would be structured , or how much the company would invest in the transaction .",1.8577345855492142,0.2829847514378232,0.7035796977431519,0.73097391915731,0.7170152485621768
633,"In the past , however , Coke has typically taken a minority stake in such ventures .",1.6182220590780547,0.2658875088425922,0.7485828997555783,0.7201909111212934,0.7341124911574077
634,"By acquiring stakes in bottling companies in the U.S. and overseas , Coke has been able to improve bottlers ' efficiency and production , and in some cases , marketing .",1.9169652246845335,0.28267841872513205,0.7361857090064402,0.6994000544095125,0.7173215812748679
635,Coke has tended to increase its control when results were sluggish in a given country .,1.2193609377704338,0.19414599783378927,0.7901285219616306,0.8222181439315813,0.8058540021662108
636,"That does n't appear to be the case in Singapore , a country of about three million people with a relatively high soft-drink consumption rate -- a key indicator of Coke 's success in a market .",2.6164864851479663,0.40565605604399596,0.6142962430415932,0.5756469705427943,0.5943439439560041
637,"In Singapore , per-capita consumption is about one-third that of the U.S. .",1.2307692307692317,0.2099422545818117,0.8827176077871355,0.7150030674151631,0.7900577454181883
638,"And combining Fraser & Neave 's own soft drinks with Coca-Cola 's gives the Singapore company more than half the share of the soda market there , Coke said .",2.10451426365891,0.31923948052091267,0.7032433281338212,0.6596707340582755,0.6807605194790874
639,"Fraser & Neave , which also has interests in packaging , beer and dairy products , holds the Coke licenses for Malaysia and Brunei , where per-capita consumption is n't as high as in Singapore .",1.7429185662278908,0.2545748896016844,0.798236614856267,0.6991680061906336,0.7454251103983156
640,Coke could be interested in more quickly developing some of the untapped potential in those markets .,1.5952597340449275,0.2611293895653083,0.7010061076234302,0.7810591386509047,0.7388706104346917
641,A Coke spokesman said he could n't say whether that is the direction of the talks .,1.6421262918172737,0.2818173454643096,0.6683436135196913,0.7760537461453971,0.7181826545356907
642,"Coke said the joint-venture arrangement , which needs approval from both companies ' boards , should be completed early next year .",2.0202487260852022,0.35909868798533773,0.6300936491392273,0.6520862015008068,0.6409013120146623
643,"AMERICAN BRANDS Inc. , Old Greenwich , Conn. , said it increased its quarterly 11 % to 68 cents a share from 61 cents , payable Dec. 1 to stock of record Nov. 10 .",2.436951853429159,0.39442593327016745,0.613675423029138,0.5976838214789619,0.6055740667298325
644,"The increase follows the company 's report of strong earnings for the third quarter , and reflects what American Brands called its `` tradition of sharing earnings growth '' with shareholders .",2.348703609252233,0.36691061714420475,0.6486684745250944,0.6182410672091496,0.6330893828557952
645,"American Brands is a consumer products company with core businesses in tobacco , distilled spirits and life insurance .",1.7762424190449684,0.3527508608620438,0.6704449269972571,0.6256047151559175,0.6472491391379558
646,"As of Sept. 30 , American Brands had 95.2 million shares outstanding .",1.367264423909027,0.2675382513580504,0.7032986497424147,0.764148038423083,0.7324617486419497
647,Giovanni Agnelli & Co. announced a transaction that will strengthen its indirect control of Fiat S.p . A. and will admit Prince Karim Aga Khan as its first non-family shareholder .,1.9533250050180526,0.3691390253588351,0.5543400732858088,0.7318909316737111,0.630860974641165
648,"Giovanni Agnelli , a limited partnership that is the master holding company for Fiat 's Agnelli family , owns approximately 75 % of the shares in Istituto Finanziario Industriale , which in turn owns approximately 40 % of Fiat , Italy 's biggest private-sector industrial group .",2.0025694484758594,0.31270287883964926,0.6554521887285442,0.7223944202423102,0.6872971211603509
649,"The company said Maria Sole Agnelli Teodorani , sister of Fiat Chairman Giovanni Agnelli , agreed to trade her shares in IFI for new ordinary shares in the limited partnership , which will give her control of 4.67 % of Giovanni Agnelli & Co .",2.0893373009882676,0.3225197948600968,0.678291116878831,0.6766712300108535,0.6774802051399034
650,"The Aga Khan , meanwhile , agreed to trade some of his stake in Luxembourg-based Ifint S.A. , another Agnelli family company , for 7.45 % of Giovanni Agnelli & Co. 's capital .",1.876746218078135,0.30084710857305774,0.6584258612944418,0.7452504707647685,0.6991528914269425
651,"His new stake would be in the form of preferred shares , which receive higher dividends but have voting rights only in extraordinary shareholders assemblies .",2.5918008441504927,0.4375299064801413,0.5567097476863915,0.568350891736102,0.5624700935198585
652,"The Aga Khan owns 10 % of Ifint 's capital , while IFI owns 23 % .",0.3973463236566763,0.06740136773472521,0.8737094222058823,1.0,0.9325986322652751
653,"As a result of the transaction , which is expected to be approved at a shareholders meeting Nov. 24 , Giovanni Agnelli & Co. will control 79.18 % of IFI 's ordinary shares .",2.068025437608072,0.30756007673372165,0.666620285665371,0.7203402506662856,0.6924399232662783
654,Its capital will also be raised to 232.4 billion lire -LRB- $ 172.5 million -RRB- from the current 204.3 billion lire .,0.8932492933819649,0.14715367832154272,0.8242571935756603,0.8834899201845431,0.8528463216784571
655,"IFI also has nonvoting preferred shares , which are quoted on the Milan stock exchange .",1.297180468885216,0.23129001441226676,0.6730441853772722,0.8960775105770448,0.7687099855877331
656,"The value of the two transactions was n't disclosed , but an IFI spokesman said no cash would change hands .",1.4225858562346296,0.235968311894306,0.7571822412979899,0.7710061858825574,0.7640316881056939
657,"The move strengthens the existing links between the Agnellis and the Aga Khan , the head of the world 's Ismaili Moslems who is a longtime family friend and frequently goes sailing with Mr. Agnelli .",2.6245273544777437,0.4499125276337118,0.5231508012226129,0.5799486239240421,0.5500874723662882
658,"Mr. Agnelli and the Aga Khan also have some business ties , and a spokesman for the Agnelli company did n't rule out that the current agreement could lead to further collaboration .",1.7801535874001235,0.2632355647391416,0.7407584745599861,0.7328132352932569,0.7367644352608587
659,"For instance , Ifint earlier this year bought an 18 % stake in Alisarda , the Aga Khan 's airline , which flies between Italy and Sardinia .",1.7097965350331163,0.25488401386755266,0.7640518313757217,0.7270960332991933,0.7451159861324476
660,"Giovanni Agnelli & Co. , which was formed in January 1987 as a way of keeping the Agnellis ' controlling stake in Fiat together despite an ever-growing family tree , has been playing a more active role in the Agnelli group of late .",2.9491958725649545,0.43776316863508324,0.5422733461081249,0.5837263867707521,0.5622368313649168
661,"It raised financing of 300 billion lire for the purchase this summer by another Agnelli-related group of the food concern Galbani S.p . A. , by selling a chunk of its IFI shares to Mediobanca S.p . A.",2.6794306894175843,0.4426797435645776,0.5653637693834053,0.5495024054297901,0.5573202564354225
662,Mediobanca said during the weekend that it agreed to sell the shares back to Giovanni Agnelli for 333 billion lire .,1.6675976194597064,0.27050942427553404,0.7157230644857,0.7437981335939128,0.7294905757244657
663,Your Oct. 2 page-one article on people riding so-called `` railbikes '' on railroad tracks was a disservice to your readers .,2.4209602240381836,0.43856497557404506,0.5415968493664758,0.58278176353648,0.5614350244259548
664,It unfortunately encourages others to engage in a highly dangerous and illegal activity that only a very few are doing now .,1.6769933177082308,0.2809437497018552,0.6650925413554153,0.782550132678638,0.7190562502981447
665,"And it treats such activities in a frivolous , cavalier fashion , with total indifference to common sense and public safety .",2.3699529767008007,0.4119499881476766,0.6256675024788209,0.5546993917739129,0.5880500118523232
666,Saul Resnick,-0.0,0.0,1.0,1.0,1.0
667,Vice President,1.0,1.0,1.0,0.0,0.0
668,Public Affairs,1.0,1.0,1.0,0.0,0.0
669,Conrail,-0.0,0.0,1.0,1.0,1.0
670,"MCI Communications Corp. said it received a three-year contract valued at more than $ 15 million to provide network , credit-card and other telecommunications services to Drexel Burnham Lambert Inc .",1.9919790298230016,0.3097328396769061,0.682568609384701,0.6981413530337336,0.6902671603230937
671,"Congressional Democrats and the Bush administration agreed on a compromise minimum-wage bill , opening the way for the first wage-floor boost in more than nine years .",2.4315364612741934,0.40625248467931907,0.609364908701134,0.5789106335649167,0.5937475153206808
672,The agreement ended a long impasse between the congressional leaders and the White House over the wage issue .,1.813915444563691,0.3148955127223119,0.7281096295257568,0.6468961465628652,0.685104487277688
673,President Bush in June vetoed a measure passed by Congress and said he would n't accept any minimum-wage rise that went beyond limits he set early in this year 's debate on the issue .,2.859253395484954,0.4468453335864051,0.5631068938020671,0.5435481165523766,0.5531546664135947
674,The compromise was a somewhat softened version of what the White House had said it would accept .,1.3899750004807707,0.21366379797569787,0.7999999999999998,0.7731313144132662,0.786336202024302
675,"Under the agreement with the House and Senate leaders , the minimum wage would rise from the current $ 3.35 an hour to $ 4.25 an hour by April 1991 .",1.7423634989788646,0.27397472497862874,0.7344621762845877,0.7177800049098857,0.7260252750213712
676,"Employers could also pay a subminimum `` training wage '' for 90 days to new workers who are up to 19 years old , and then for another 90 days if the company institutes a specific training program for the newcomers .",2.813943765169695,0.44390689283323376,0.5485936589189424,0.563800436862636,0.5560931071667663
677,"White House officials were delighted that the compromise includes the concept of a training wage , which Mr. Bush has fought for throughout the year .",1.8955466351978565,0.3126597942936219,0.6840642100261759,0.6906477299808493,0.687340205706378
678,"`` For the first time in history , we have a training wage that will be part '' of the nation 's labor laws , said Roger Porter , assistant to the president for economic and domestic policy .",2.238772532594658,0.3472490974298762,0.6870256783092751,0.6217334663914167,0.6527509025701239
679,"White House aides said that although they made a small compromise on the length of a training wage , the final minimum-wage increase will meet the standards set by Mr. Bush .",2.5546439363079503,0.39927693425317407,0.6298582396492495,0.5741641189837584,0.6007230657468257
680,"The bill vetoed by the president in June , which the House failed to override , would have lifted the minimum wage to $ 4.55 an hour by late 1991 , with a training wage for up to two months , generally for a worker 's first job .",2.477025691169281,0.36797054615544667,0.6360340328948807,0.6280749863127216,0.6320294538445532
681,"Mr. Bush had been holding out for a bill boosting the wage floor to $ 4.25 an hour by the end of 1991 , coupled with a six-month training wage for workers newly hired by any employer .",2.6834541949790753,0.4122358463094226,0.6174695526029271,0.5607857166993457,0.5877641536905773
682,"Under the compromise , the $ 4.25 level would be reached nine months earlier , while the training subminimum would be shorter , unless it is tied to a training plan .",1.9869940289210595,0.33398876184300774,0.5884479739035624,0.7671260389822148,0.6660112381569923
683,"Democrats argued that the training wage was a way of allowing employers to pay less than the minimum wage , while new workers need far less than six months to be trained for their jobs .",2.643292097113096,0.3931251666213723,0.6169145167991466,0.5971566893724674,0.6068748333786275
684,Democrats had been negotiating with some Republican congressional leaders on a compromise lately .,1.2506982145947827,0.2271160374963499,0.6880173497392814,0.8816329699019727,0.7728839625036503
685,"With congressional elections next year , GOP leaders have worried about opposing a minimum-wage rise for low-paid workers at a time when Congress is moving toward a capital-gains tax cut that would directly benefit wealthier taxpayers .",2.8368544115025656,0.473841304497445,0.5075379849646292,0.5461977681196031,0.5261586955025551
686,Republicans have been imploring the White House to compromise on the wage issue .,1.3656725341974107,0.25328250509328254,0.6950650302636859,0.8066631675045114,0.7467174949067176
687,"In the Senate , Edward Kennedy -LRB- D. , Mass. -RRB- , chairman of the Labor Committee , and Pete Domenici , -LRB- R. , N.M . -RRB- ranking minority member of the Budget Committee , have been working on a compromise , and their soundings showed that the Senate appeared to be heading toward enough strength to override another Bush veto , a Democratic staff official said .",2.798215515069186,0.431184778277748,0.5948706191209515,0.5449465058783356,0.5688152217222521
688,"The House is scheduled to vote this week on the compromise , as a substitute to a new Democratic bill , itself watered down from last spring 's version .",2.520763631426055,0.39636616248007067,0.6009415832811874,0.6063503232372011,0.6036338375199294
689,The Senate will probably vote not long afterward .,0.9433583328525628,0.2173711838486419,0.7445063344985762,0.824866124612572,0.782628816151358
690,Some Democrats thought they might have compromised too much .,1.1609640474436813,0.2479160339716426,0.6469546534867419,0.8980093488910617,0.7520839660283574
691,"Rep. Austin Murphy -LRB- D. , Pa. -RRB- , chairman of the House labor standards subcommittee , said they might have done better `` if we 'd held their feet to the fire . ''",2.3543893712545145,0.3789946282805134,0.6354593063056162,0.6071943420993599,0.6210053717194866
692,"Mr. Kennedy suggested Democrats `` yielded a great deal '' on the size of the increase , but he cited concessions from the White House on the training wage , which he said make it `` less harsh . ''",2.230236545772854,0.3464105627186945,0.6738725842506563,0.6344916325413048,0.6535894372813055
693,"With only 16-year-olds to 19-year-olds eligible , 68 % of workers getting less than $ 4.25 an hour , who are adults , wo n't be subject to the training wage , he said .",2.1635862393014333,0.31711521844015167,0.6822481788067524,0.6835225734449349,0.6828847815598482
694,"The AFL-CIO , which previously opposed the administration 's subminimum idea , said the compromise has `` adequate safeguards , so the youth are not exploited and older workers are not displaced . ''",1.8268568805427865,0.26967655029506266,0.7588387138414862,0.7038736359541614,0.7303234497049376
695,Gerald F. Seib contributed to this article .,0.8443609377704338,0.1637742533134754,0.8960775105770448,0.7838687499016604,0.8362257466865245
696,Moody 's Investors Service Inc. said it lowered the ratings on about $ 3.2 billion of Houston Lighting & Power Co. 's securities because of the company 's low levels of interest coverage and internal cash generation .,2.2598500784454516,0.363198764709119,0.621363512874293,0.6530255994948452,0.6368012352908807
697,"Houston Lighting is a unit of Houston Industries Inc. , a utility holding company in Houston .",2.037011204887688,0.3749998450185449,0.7000517624369728,0.5644827219353156,0.6250001549814551
698,"Downgraded by Moody 's were Houston Lighting 's first-mortgage bonds and secured pollution-control bonds to single-A-3 from single-A-2 ; unsecured pollution-control bonds to Baa-1 from single-A-3 ; preferred stock to single-A-3 from single-A-2 ; a shelf registration for preferred stock to a preliminary rating of single-A-3 from a preliminary rating of single-A-2 ; two shelf registrations for collateralized debt securities to a preliminary rating of single-A-3 from a preliminary rating of single-A-2 , and the unit 's rating for commercial paper to Prime-2 from Prime-1 .",2.6406990806025807,0.4297220907045035,0.6469042527131433,0.5098819686747971,0.5702779092954965
699,"Moody 's said Houston Lighting 's current situation has some positive aspects , including managing `` very well '' the construction and commercial operation risks of Units 1 and 2 of the South Texas Project nuclear power plant .",2.25741282095661,0.3390122861688933,0.6712254069327428,0.6510576246482688,0.6609877138311069
700,"Capital requirements will be declining and no new generating facilities will be required for several years , Moody 's said .",1.9095174033385645,0.3064153197569418,0.7064890325092088,0.6811432799887912,0.693584680243058
701,"Scott C. Smith , formerly vice president , finance , and chief financial officer of this media concern , was named senior vice president .",1.6251676193236246,0.2637337013333005,0.7990241252258483,0.6826489392205368,0.7362662986666991
702,"Mr. Smith , 39 , retains the title of chief financial officer .",0.8853673080251507,0.1500590124693963,0.8726966000316152,0.8283419256373168,0.849940987530604
703,Armstrong World Industries Inc. agreed in principle to sell its carpet operations to Shaw Industries Inc .,1.5675262868678157,0.34470628728377706,0.6165735245175671,0.6992029441544316,0.655293712716223
704,The price was n't disclosed but one analyst estimated that it was $ 150 million .,1.2665414066556497,0.20318437793233662,0.7570045183990946,0.8410465208507901,0.7968156220676634
705,"Armstrong , which has faced a takeover threat from the Belzberg family of Canada since July , said that disposing of the carpet business would improve `` total financial performance . ''",2.4147821485588725,0.39483954295286755,0.591428554355122,0.6195451769261562,0.6051604570471324
706,"The move also would allow the company to concentrate on core businesses , which include ceramic tile , floor coverings and furniture .",1.91920475869897,0.322384416497461,0.6544865258762721,0.7024392541921852,0.6776155835025391
707,"Moreover , such a sale could help Armstrong reassure its investors and deter the Belzbergs , who own a 9.85 % stake in the Lancaster , Pa. , company .",1.2384783127534318,0.18649910616812954,0.826971508027785,0.8004620938966098,0.8135008938318705
708,"Analysts expect Armstrong to use proceeds of the sale to reduce debt , buy back stock or perhaps finance an acquisition .",1.7290500007867142,0.3197728981695953,0.6423239926342663,0.7228840033791897,0.6802271018304041
709,"The carpet division had 1988 sales of $ 368.3 million , or almost 14 % of Armstrong 's $ 2.68 billion total revenue .",1.9147450972875175,0.34449411270862573,0.5895073060654433,0.7381453095087182,0.6555058872913743
710,The company has been manufacturing carpet since 1967 .,0.30609861135149696,0.05949597510024328,0.8876900403616653,1.0000000000000002,0.9405040248997569
711,Recently it upgraded its plants so that it could make stain-resistant products with higher quality dyes .,1.4068321741702148,0.251596395943357,0.6944394679699107,0.811461386185995,0.7484036040566433
712,"For the past year or two , the carpet division 's operating profit margins have hovered around 5 % , high by industry standards , but disappointing compared with the 13 % to 19 % margins for two of Armstrong 's chief businesses , flooring and building products .",1.908337769688785,0.27162555395611565,0.7941074744370515,0.6726917258358152,0.728374446043884
713,"Analysts hailed the planned transaction as being beneficial to Armstrong and Shaw , the market leader in the U.S. carpet industry , with an estimated 17 % to 20 % share .",1.7740906229114675,0.2694397747632006,0.7394464685259639,0.7218850252938563,0.7305602252367994
714,"Shaw , based in Dalton , Ga. , has annual sales of about $ 1.18 billion , and has economies of scale and lower raw-material costs that are expected to boost the profitability of Armstrong 's brands , sold under the Armstrong and Evans-Black names .",2.0744169130991708,0.2945019235659732,0.7306297440156662,0.6820378377074252,0.7054980764340266
715,"Yesterday , in composite trading on the New York Stock Exchange , Shaw 's shares closed ex-dividend at $ 26.125 , up $ 2.25 .",1.4602494970670623,0.23079388447442264,0.7629982170458725,0.7755158599263752,0.7692061155255773
716,"Armstrong 's shares , also listed on the Big Board , closed at $ 39.125 , up 12.5 cents .",1.7937151490463599,0.2869879475291534,0.6997752460073251,0.7267592835086104,0.7130120524708463
717,"Yesterday , Armstrong reported flat earnings for the third quarter and nine months , worsened by the stock dilution of an employee stock ownership plan adopted earlier this year .",2.2642683595312505,0.3448551361484532,0.7601020851666185,0.5756564588907772,0.6551448638515469
718,"For the quarter , earnings were $ 47 million , or 92 cents a share , including a one-time gain of $ 5.9 million .",2.0291622381280217,0.37100353348610676,0.5801608662262712,0.6868093016831999,0.6289964665138933
719,"In the year-ago quarter , earnings were $ 42.9 million , or 93 cents a share .",1.7442049679060725,0.32835655801985253,0.606790168094653,0.7520186232264782,0.6716434419801475
720,"Yesterday , Armstrong announced an agreement to sell its small Applied Color Systems unit to a subsidiary of the Swiss company , Brauerei Eichof Ltd .",2.137216592896032,0.3525060772312573,0.6764819776503141,0.6208881301720793,0.6474939227687424
721,The price was n't disclosed .,0.0,0.0,1.0,1.0,1.0
722,"Armstrong expects to close the sale of the color unit in late November and the carpet sale in December , with the gains to be applied to fourth quarter or first-quarter results .",1.7655958335300133,0.26830838985539474,0.7480715538438036,0.7160136143294817,0.7316916101446056
723,"The government 's primary economic-forecasting gauge rose a slight 0.2 % in September , but economists said the report offered little new information on the degree to which the U.S. economy is slowing .",2.0933684684433818,0.3337403633067846,0.626780081815435,0.7110469860709424,0.6662596366932155
724,"The small increase in the index of leading indicators , which had climbed 0.5 % in August but was unchanged in July , does lend support to the view that the economy has slowed noticeably .",2.278667357277972,0.3548358482603314,0.5924404762951593,0.7081887329480778,0.6451641517396687
725,"However , it does n't give much of a clue as to whether a recession is on the horizon .",1.6559707739381881,0.286109806079989,0.6566016676749847,0.7821311756092691,0.7138901939200111
726,"`` I do n't think it provides much new information on the economy , '' said Richard Rippe , economist at Dean Witter Reynolds Inc .",1.6347497486160725,0.262497889972649,0.7318742119104219,0.7432172326481785,0.7375021100273508
727,"So far this year , the index of leading indicators has risen in four months , fallen in four months and remained unchanged in the other month .",1.3526536778902578,0.2082976501416868,0.821780063490184,0.7637486265957674,0.7917023498583132
728,"In another report yesterday , the Commerce Department said sales of new single-family houses plunged 14 % in September to an annual rate of 618,000 from 719,000 in August .",2.2603068778494335,0.4046265242225275,0.556280318319824,0.640376582575165,0.5953734757774722
729,"The declines were particularly pronounced in the Northeast and in the South , where Hurricane Hugo was a factor .",1.3754887502163466,0.23439035888316134,0.743379482943901,0.7892103335617199,0.7656096411168386
730,"Although September 's weakness followed two strong months for home sales , the decline supports other indications that the drop in mortgage rates earlier this year has had only a limited beneficial effect on the housing market .",2.619325849045089,0.4452254590782258,0.5336887637078734,0.577595032963441,0.5547745409217739
731,"The September drop was the largest since a 19 % drop in January 1982 , but monthly changes in this measure are even less reliable than those in other economic indicators .",2.28001466587836,0.3679103153993528,0.5848126523280549,0.6876828830847854,0.6320896846006473
732,"Because the figures are based on a small sample , the department said it is 90 % confident only that new-home sales fell somewhere between 5 % and 23 % during the month .",2.2883852273389227,0.3542826692933819,0.5891748205700821,0.7142645780320712,0.645717330706618
733,The department also said it takes four months to establish a trend .,1.9322627291356747,0.3533366539678215,0.6281106598364886,0.6663453822813835,0.6466633460321788
734,"So far this year , 534,000 newly built homes have been sold , down 4.5 % from the like months of 1988 .",1.942218889698136,0.3030335884083311,0.6962970540986926,0.6976370572433991,0.6969664115916688
735,The index of leading indicators got a major boost in September from a surge in consumer expectations as measured by the University of Michigan .,2.169553238301099,0.40196435818054566,0.5971517334020682,0.5989221708514618,0.5980356418194541
736,This measure had dropped sharply in August .,1.9387218755408666,0.47736742378338326,0.3537593748197109,1.0,0.5226325762166166
737,"The Commerce Department said that as a result of a new adjustment to the formula used to calculate the index , the influence of this component has been reduced .",2.4256966644388993,0.38993535347904307,0.6321922719507168,0.5894336340143863,0.6100646465209569
738,"Of the 11 components to the index , only three others rose in September : the money supply , the length of the average work week and stock prices .",1.6821464482236728,0.27173731096788795,0.8014301367410596,0.6673373867382087,0.7282626890321122
739,Several components that track the health of the manufacturing sector of the economy turned down in September .,1.5758071098111266,0.2872845368851356,0.6664460992278312,0.7658888397212208,0.7127154631148643
740,"These include new orders for manufactured consumer goods , lead times on vendor deliveries , orders for new plant and equipment , and backlogs of orders for durable goods .",1.5814033158465857,0.292566053938051,0.8082281850725437,0.6289922439053752,0.707433946061949
741,"Meanwhile , the National Association of Manufacturers said yesterday a recent poll of 53 executives on its board found that 61 % do n't expect a recession to occur until 1991 or later .",2.3059890586443554,0.3167262265278396,0.6760231134572617,0.690681653092565,0.6832737734721606
742,The remainder expect a downturn to begin sometime in,1.333333333333333,0.2922648453471395,0.6449072488682814,0.7841259734395193,0.7077351546528605
743,"Although manufacturers often are quick to call for lower interest rates , 60 % of the executives said they would prefer that the Fed keep inflation-fighting as its top priority even if that means higher rates .",1.9033076861505478,0.27852732358195664,0.7052679985501488,0.7384395239644587,0.7214726764180436
744,The other 40 % said the Fed ought to worry less about inflation and bring interest rates down .,1.2770875003415982,0.18222653329647848,0.810197520879423,0.8254924312475582,0.8177734667035215
745,All the figures are adjusted to remove usual seasonal patterns .,0.7272727272727275,0.12479039968533,0.9334525592955639,0.8238079393094809,0.87520960031467
746,Here are the net contributions of the components of the Commerce Department 's index of leading indicators .,0.693901388648503,0.11448654982086519,0.9020499964617853,0.8695722911577457,0.8855134501791345
747,"After various adjustments , they produced a 0.5 % rise in the index for August and a 0.2 % rise for September .",1.7719516305288483,0.2843450953526384,0.6812200240433552,0.7537564155512135,0.7156549046473618
748,"September , and the change from August , are : from 1.11 in the previous month .",1.4273330886170834,0.23624653147788824,0.7731258503406817,0.7546056023314195,0.763753468522112
749,Boston Edison Co. said it will take a previously reported $ 60 million charge against earnings in the fourth quarter .,2.0844970243246346,0.3401200708601394,0.5899939752988222,0.7485467759599475,0.6598799291398605
750,The charge resulted from a settlement approved yesterday by the Massachusetts Department of Public Utilities .,2.0165414066556506,0.36774991044944977,0.6980018100523221,0.5778195311147832,0.6322500895505503
751,"As expected , the settlement limits rate increases for three years and ties future charges to customers for operation of the troubled Pilgrim Nuclear Power Station to that plant 's performance .",2.20584941949846,0.39066698855110343,0.5597110893615787,0.6686094618407367,0.6093330114488963
752,"In its order , the state regulatory agency said the company `` must be held accountable for the mistakes made in the management of the plant 's operation . ''",1.3402268698506825,0.2237635021141385,0.8030519144082097,0.7511540488788407,0.7762364978858616
753,Pilgrim had been closed for 32 months .,0.8443609377704338,0.1637742533134754,0.7185463540765221,1.0,0.8362257466865246
754,"The average interest rate rose to 8.3875 % at Citicorp 's $ 50 million weekly auction of 91-day commercial paper , or corporate IOUs , from 8.337 % at last week 's sale .",2.0748628659995383,0.3385375855149975,0.6459522585506348,0.6777357330828727,0.6614624144850025
755,Bids totaling $ 515 million were submitted .,0.75,0.15789473684210525,0.8,0.888888888888889,0.8421052631578948
756,Accepted bids ranged from 8.38 % to 8.395 % .,0.7999999999999998,0.15860880443455516,0.779568019769887,0.9138646883853215,0.8413911955654448
757,Citicorp also said that the average rate rose to 8.0087 % at its $ 50 million auction of 182-day commercial paper from 7.962 % at last week 's sale .,2.2903939744206885,0.393353597259478,0.523400071778651,0.7213815112634048,0.6066464027405221
758,Bids totaling $ 475 million were submitted .,1.3443609377704333,0.2887596997535768,0.6622556248918265,0.7680502228963819,0.711240300246423
759,Accepted bids ranged from 8 % to 8.019 % .,0.7999999999999998,0.15860880443455516,0.779568019769887,0.9138646883853215,0.8413911955654448
760,The bank holding company will auction another $ 50 million in each maturity next Tuesday .,1.1415414066556497,0.2130354068749433,0.7140492573714248,0.8764650634622687,0.7869645931250565
761,"An imaginative novelist writing a thriller about amateur spy-chasing might invent a Clifford Stoll , but it 's unlikely .",1.8887218755408668,0.32123056653270776,0.6292945237708745,0.7366875438766628,0.6787694334672923
762,It 's also unnecessary .,0.0,0.0,1.0,1.0,1.0
763,"Amateur spy-chaser Clifford Stoll is a real person , or as he might waggishly put it , a surreal person .",2.304934666376573,0.40311597358175255,0.5121193037077989,0.7152744947538436,0.5968840264182474
764,"He is 37 , an astronomer with impressive credentials , and something of a genius at making computers do his bidding .",1.9542599299859509,0.32272412332399586,0.6611705448924564,0.6941854115279759,0.6772758766760038
765,"He once described himself as a `` Berkeley Hippie , '' and played the role well ; obligatory ragged jeans , a thicket of long hair and rejection of all things conventional , including , for a time at least , formal marriage to his `` sweetheart , '' Martha Matthews .",2.694483344970283,0.4459869919993745,0.5414222505608833,0.5672033030056164,0.5540130080006254
766,"He also is an entertaining writer , combining wisecracks and wordplay with programmatic detail and lucid explanations of how computers work .",2.439244921793048,0.4644891778306765,0.4611012015490358,0.6385571750792406,0.5355108221693233
767,"In `` The Cuckoo 's Egg '' -LRB- Doubleday , 326 pages , $ 19.95 -RRB- , he spins a remarkable tale of his efforts over 18 months to catch a computer spy .",2.5769262158870925,0.4395886926078472,0.5333680078844825,0.5903434252259367,0.5604113073921527
768,"The result last spring was the arrest by West German authorities of five young West Germans , accused of stealing information from computers in the U.S. and Europe and selling it to the Soviet KGB .",2.376433860674815,0.38636907970042733,0.5928579615825932,0.6359124513849796,0.6136309202995728
769,"One of them , 25-year-old Markus Hess of Hannover , allegedly used the international telecommunications network to break into more than 30 high-security computers in the U.S. , searching for secrets .",1.952012295209692,0.3131102119597457,0.6604890695894521,0.7154889317845249,0.6868897880402542
770,"He probably did n't penetrate any top-secret files , but the KGB in East Berlin was willing to pay two of his associates , Peter Carl and Dirk Brezinski , $ 15,000 for some of the material Hess collected .",2.1709643865524066,0.3138628267347866,0.667869682677435,0.7054320655965141,0.6861371732652131
771,They promised yet more for really good stuff .,0.5283208335737193,0.09843720765687455,0.8876900403616652,0.9158760328571389,0.9015627923431254
772,"Mr. Stoll draws his title from the cuckoo 's habit of laying eggs in the nests of other birds , making them surrogate parents .",2.167232378695361,0.39258042386895037,0.5448172629214333,0.6862762573213228,0.6074195761310497
773,The computer spy had discovered that a popular editing/electronic mail program called Gnu-Emacs could do tricks with the widely used Unix operating system created by AT&T .,2.606686681763105,0.46497593395959963,0.48786360465357503,0.5922779844501643,0.5350240660404008
774,"Using Gnu-Emacs , the spy could substitute a bogus `` atrun '' program for the one that routinely cleans up the Unix system every five minutes .",2.407174757766334,0.4325404748594427,0.4933971181301069,0.6676835638343751,0.5674595251405578
775,"Once his cuckoo 's egg was laid , he could enter Unix and become a `` super-user , '' with access to everything .",2.2585659085810037,0.4190830499077506,0.48841666382612026,0.7166400149261551,0.5809169500922494
776,Mr. Stoll was scanning the heavens at the Keck observatory of the Lawrence Berkeley Laboratory in 1986 when his grant ran low and he was asked to switch to helping run the lab 's computers .,1.9872722185092764,0.30419627349975525,0.6847594541303885,0.7072100983313626,0.6958037265002449
777,"He discovered a 75-cent discrepancy in the charges made to various departments for computer time and traced it to a user named `` Hunter , '' who had no valid billing address .",2.079672438881535,0.340961630511112,0.6813461209485471,0.638145051445143,0.6590383694888877
778,Mr. Stoll suspected the intruder was one of those precocious students who has fun breaking into computers .,1.9806380252446245,0.33486320707088724,0.6673212672058874,0.6629665737290921,0.665136792929113
779,"But after much tracking , it became evident to Mr. Stoll , through various clues , that the hacker was not on the Berkeley campus or even in California .",1.867200414366784,0.29269847901442025,0.6711568888541732,0.7475608278121082,0.7073015209855797
780,Finding him became an obsession for Mr. Stoll .,0.7505430557959407,0.14588204357457438,0.8061549798191673,0.9081491772631821,0.8541179564254255
781,He made a midnight requisition of all the printers he could lay hands on so that he could monitor all the telephone lines coming into the lab 's computers .,2.4163408331891025,0.465026388252224,0.4688102011397131,0.6228811266488895,0.534973611747776
782,"After discovering that the hacker had taken over the dormant account of a legitimate user named Joe Sventek , he rigged up an alarm system , including a portable beeper , to alert him when Sventek came on the line .",2.4333503013540634,0.4063631775630825,0.5384533337782645,0.6614228661744463,0.5936368224369177
783,Some nights he slept under his desk .,1.0,0.2222222222222222,0.7000000000000001,0.875,0.7777777777777778
784,His boss complained about neglect of other chores .,1.1949875002403858,0.23226811204890577,0.8162983545263642,0.7246199192766691,0.7677318879510941
785,The hacker was pawing over the Berkeley files but also using Berkeley and other easily accessible computers as stepping stones to the network of computers used by the military and national security agencies .,1.8276166319828722,0.3042155939833109,0.6877361362597888,0.7040232769282438,0.6957844060166893
786,The White Sands missile range and CIA contractor Mitre Inc. were among the targets .,0.9361229319977613,0.19517309408779046,0.7826159598222342,0.8283353871770003,0.8048269059122096
787,"When the hacker moved , Mr. Stoll moved too , calling up other systems managers to alert them but keeping his own system open to avoid arousing suspicion .",2.0713710426211644,0.3409502429256661,0.6302948120248286,0.6905538029239499,0.6590497570743341
788,"Sometimes , if the hacker seemed to be into a sensitive file , he would drag his keychain across the terminal to create static or slow the system down to frustrate his quarry .",1.9020892489134438,0.29498184405658157,0.6843175350592653,0.7270102318698896,0.7050181559434184
789,"The FBI initially showed little interest , and he had the impression other federal security agencies were tangled up in legal red tape .",2.3788993304083688,0.36838226505777183,0.6434701915805143,0.6201940158998246,0.631617734942228
790,The CIA told him it does not do domestic counterespionage .,1.454545454545455,0.2661897628177448,0.6476158786189619,0.8464712244113003,0.7338102371822554
791,"One learns a lot from this book , or seems to , about crippling federal bureaucracy .",1.715368203454716,0.29813435167237406,0.6603987769464937,0.748888870598663,0.7018656483276259
792,`` Seems to '' because it 's possible that the CIA and the National Security Agency were more interested than they let on to Mr. Stoll .,1.79738240788818,0.28712974217729653,0.6895757032428894,0.7377936631486655,0.7128702578227036
793,"Finally , he got help .",0.3333333333333335,0.07993748885604385,0.8519590445170674,1.0,0.9200625111439562
794,Tymnet is a major network linking computers .,0.75,0.14285714285714285,0.9,0.818181818181818,0.8571428571428571
795,"One of its international specialists , Steve White , took a quick interest in Mr. Stoll 's hunt , ultimately tracing the hacker to West Germany .",1.80108112900336,0.2875507045147864,0.6995458175613187,0.7258377412968172,0.712449295485214
796,The West Germans then took over and finally found Markus Hess .,1.3553885422075345,0.28152004947594883,0.7343051592212547,0.7033224583759191,0.7184799505240513
797,"Eventually , Mr. Stoll was invited to both the CIA and NSA to brief high-ranking officers on computer theft .",1.2509775004326933,0.19568297182273714,0.7828278847407248,0.8270192539399279,0.8043170281772627
798,He savored the humor of his uncombed appearance among these buttoned-up chaps .,2.0580682693971903,0.40874273814604123,0.547393921786625,0.6427626108546649,0.5912572618539587
799,"Back in Berkeley , he was violently scolded by a left-wing lady friend for consorting with such people .",2.17384046888455,0.4025296955483762,0.48500561994319324,0.777837890673768,0.5974703044516237
800,He became angry in return .,0.33333333333333304,0.06891905627080991,0.8710490642551528,1.0,0.93108094372919
801,He had developed a hatred for the hacker and a grudging appreciation of the federal `` spooks '' who make national security their business .,2.0072323786953614,0.32904968738509804,0.6883658987934512,0.6543942067384025,0.670950312614902
802,"At several different levels , it 's a fascinating tale .",1.341353409287589,0.3084032977360358,0.5646626738950611,0.8921482456053698,0.6915967022639643
803,Mr. Melloan is deputy editor of the Journal .,0.5283208335737193,0.09843720765687455,0.915876032857139,0.8876900403616652,0.9015627923431254
804,Mips Computer Systems Inc. today will unveil a new general-purpose computer that will compete with more expensive machines from companies such as Sun Microsystems Inc. and Digital Equipment Corp .,2.2118236286213633,0.39483048629103,0.5698818350672629,0.6451157552958703,0.6051695137089701
805,"The closely held Sunnyvale , Calif. , company also will announce an agreement to supply computers to Control Data Corp. , which will sell Mips machines under its own label .",2.5171620923228057,0.4344323148211974,0.4994128351293352,0.651925113533945,0.5655676851788026
806,"The new Mips machine , called the RC6280 , will cost $ 150,000 for a basic system .",1.4319131950454063,0.22942656905672607,0.7621266687834651,0.7792095249145249,0.7705734309432739
807,"The computer processes 55 million instructions per second and uses only one central processing chip , unlike many rival machines using several processors .",2.007533727807669,0.35453815019021967,0.6285724702993731,0.6632839055525112,0.6454618498097803
808,"The machine employs reduced instruction-set computing , or RISC , technology .",1.1341367062030674,0.23098630926195257,0.7189839352690583,0.8265266984472268,0.7690136907380474
809,"At that price , an analyst familiar with the machine said , the computer offers up to 10 times the performance of similar machines .",1.554830616131074,0.2612410448950965,0.8524947401251664,0.65179903455493,0.7387589551049033
810,"`` In the price range it 's a tremendously high-performing product , '' said Sandy Gant , an analyst at the market-research firm InfoCorp .",2.1579334760829667,0.34975863962816156,0.676559023986246,0.6258945102168597,0.6502413603718384
811,"The machine is part of an effort by Mips to establish itself as a supplier of computers , not just of integrated-circuit technology .",1.454986855772666,0.2392755083777741,0.7692084961638944,0.7524255945182595,0.7607244916222257
812,Mips also wants to wedge into markets other than traditional RISC applications such as engineering ; Mips said the new machine will also be used by businesses and for communications .,2.0965715632158366,0.34728717117807606,0.6125682035699659,0.6984882177169713,0.6527128288219239
813,"`` This clearly demonstrates that Mips is a systems company rather than just a chip company , '' said Mips Vice President John Hime .",1.6815640006923092,0.27997376931475015,0.7397322301645448,0.7013428987523598,0.7200262306852498
814,"The Control Data deal is a boon for Mips because it gives the the five-year-old company one more ally as it battles more established electronic concerns such as Sun , Hewlett-Packard Co. , Motorola Inc. and Intel Corp. for the emerging market for RISC machines .",2.5665240477658253,0.39381582375050367,0.6122625350569704,0.6002253193095495,0.6061841762494967
815,RISC technology speeds up a computer by simplifying the internal software .,1.125814583693911,0.19713859726136096,0.8028614027386389,0.8028614027386389,0.802861402738639
816,"For Mips , which expects revenue of $ 100 million this year , big-name allies such as Control Data are essential to attract software developers to the company 's RISC architecture .",1.7505003884688595,0.26490790864526104,0.7466991545105982,0.7238403567243891,0.7350920913547387
817,"`` The thing it says about Mips is that they 're on a roll right now , '' said Ms. Gant at InfoCorp .",2.500667184625146,0.43316468695914423,0.535834373276863,0.6016436799776614,0.5668353130408557
818,"`` They 're getting some major wins , '' she added .",1.5629072918469569,0.2963596568050101,0.717762266063788,0.6900633937209666,0.7036403431949899
819,"Last month , for example , Mips agreed to supply its computers to Nixdorf Computer AG of West Germany and France 's Groupe Bull .",1.066091122775795,0.17740089511586685,0.8916376180652317,0.763483428645122,0.8225991048841327
820,"Sony Corp. , Tandem Computers Inc. and Digital Equipment have agreed to sell MIPS computers and companies such as Japan 's NEC Corp. and West Germany 's Siemens A.G. have agreed to make Mips chips under license .",1.6453077598176344,0.2932623246115352,0.7483734319855245,0.6694905670564204,0.7067376753884648
821,"Today 's agreement gives Control Data a machine to compete against Digital and other general-purpose computer makers , said John Logan , a computer-market analyst at Aberdeen Group Inc. of Boston .",2.200113374809626,0.35454101483614403,0.6895380475930958,0.6066768650171694,0.6454589851638562
822,"The machine is essentially a mainframe computer , he said .",1.5917977276660862,0.2988132443265314,0.7525578933616125,0.6563808586606826,0.7011867556734689
823,"`` Suddenly CDC -LRB- Control Data -RRB- has a competitive product to fight back against the VAX9000 , '' a machine Digital announced last month , he added .",2.415693532700389,0.39870238157646387,0.5970759027293351,0.6055794598072997,0.6012976184235364
824,"Control Data , based in Minneapolis , Minn. , expects its sales of Mips systems , including the new RC6280 , to amount to more than $ 100 million by the end of 1991 , Mips said .",1.4655416966239718,0.21888986913352024,0.8253982577295139,0.7413326832914856,0.7811101308664794
825,"Nixdorf , Bull and others will also sell versions of the machine , said Mips President Robert Miller .",1.0857468675310873,0.17663179638534815,0.8955200522646694,0.7619759714393798,0.8233682036146518
826,"Mips will start shipping its new machine in the first quarter of 1990 , he said .",1.5005750002545284,0.2248271137814311,0.8034990266176912,0.748775925800352,0.7751728862185693
827,"The machine uses a single processor , which makes it easier to program than competing machines using several processors .",2.0741971727682014,0.3595008243388981,0.659032637001824,0.6229796056296064,0.6404991756611019
828,The computer can process 13.3 million calculations called floating-point operations every second .,0.8272990386279595,0.1548433985006993,0.8605838547608042,0.8302727206699845,0.8451566014993008
829,"The machine can run software written for other Mips computers , the company said .",1.3576351984400175,0.24002831613146788,0.7703705739871571,0.7498497946334466,0.7599716838685318
830,Another fight is brewing between Congress and the Bush administration over how to pay for the savings-and-loan bailout without adding to the federal budget deficit .,1.9332562502496309,0.29113883710108557,0.7182830188771089,0.6996832832169934,0.7088611628989141
831,"In a hearing before the House Ways and Means Committee , the General Accounting Office and the Congressional Budget Office , which both are arms of Congress , advised the new S&L bailout agency to abandon plans to raise temporary working capital through debt issued from an agency that would n't be counted on the federal budget .",2.77556094307639,0.40321662209698006,0.6380384395673506,0.5605393464041235,0.5967833779030198
832,Officials of the Resolution Trust Corp. have said privately that such a plan was the most likely alternative to raise short-term cash for the bailout .,2.1339978252063085,0.33949845858808825,0.6465149153114752,0.6751067191661166,0.6605015414119118
833,"Instead , the GAO and the Congressional Budget Office said , the RTC should consider using Treasury debt , which is less expensive and subject to oversight by Congress .",1.6638715653631229,0.2566934685529443,0.7465987876183939,0.7400431833438637,0.743306531447056
834,The spending could be exempted from meeting deficit-reduction targets in the Gramm-Rudman budget law .,1.4434322969602147,0.2721566328863692,0.6490962826921167,0.8283353871770003,0.7278433671136307
835,The RTC has projected that it will require between $ 50 billion to $ 100 billion in temporary working capital .,1.2748047587222366,0.21296364509611038,0.6920138676058497,0.9123081000309141,0.7870363549038897
836,The borrowing to raise these funds would be paid off as assets of sick thrifts are sold .,1.7344044971596464,0.2962311519264796,0.6676009471025505,0.7440800768879091,0.7037688480735204
837,The new S&L law allows the RTC to issue notes for as much as 85 % of the value of the assets it holds .,1.8439946188043939,0.3002004365917884,0.65741640707017,0.7480241338130094,0.6997995634082114
838,"But higher interest rates paid on off-budget debt could add billions to the bailout costs , and would n't be subject to congressional scrutiny , Ways and Means members argued .",2.0202964671964727,0.30620882103091535,0.7443800050378472,0.6496409180940116,0.6937911789690847
839,"`` To allow this massive level of unfettered federal borrowing without prior congressional approval would be irresponsible , '' said Rep. Fortney Stark -LRB- D. , Calif. -RRB- , who has introduced a bill to limit the RTC 's authority to issue debt .",2.8482571030102743,0.43501879770396984,0.5922086252592593,0.5401473518843042,0.5649812022960301
840,The RTC will have to sell or merge hundreds of insolvent thrifts over the next three years .,1.4172097224626077,0.229615586223768,0.7186363722895478,0.830163364409231,0.7703844137762321
841,"The new S&L bailout law allows $ 50 billion to be spent to sell or merge sick S&Ls and their assets , but that is a net cost .",2.0637403942056665,0.3219140796533929,0.6687688816488592,0.6876662298533559,0.6780859203466072
842,"In the meantime , the agency must raise cash to maintain assets , such as real estate , until they can be sold .",1.6614292908719683,0.25126515378133824,0.7929813092532761,0.7091651260152687,0.7487348462186616
843,Then the short-term debt is paid off through the proceeds of selling the assets .,1.167318333621794,0.20315988376425384,0.7614984979036912,0.8356218451595101,0.7968401162357458
844,"David Mullins , assistant secretary of the Treasury , said that the working capital is necessary to reduce the final costs of the bailout , by allowing the agency to sell savings and loans without their bad assets , then hold the assets until they can be sold under favorable conditions .",2.3242195492854396,0.3458878905037624,0.6475521982719584,0.6608062889048298,0.6541121094962373
845,"He said it has n't yet been determined how the RTC will raise the cash , but the administration does n't want it to be included on the federal budget , because it would `` distort '' the budget process by requiring either exemptions from Gramm-Rudman or big increases in the budget deficit .",2.5312991443912285,0.367142305381106,0.6210636657092073,0.64510833291635,0.6328576946188943
846,"But the worst possibility would be raising no working capital , he said .",1.73319017903503,0.29468407447914263,0.7161450158664896,0.6948094579391224,0.7053159255208575
847,"`` If working capital financing is not provided , '' he said , `` the RTC may have to slow -LCB- S&L sales -RCB- or dump acquired assets through fire sales .",1.978217778400202,0.3202335873673668,0.6938055545882834,0.6662841654529508,0.6797664126326333
848,"Panhandle Eastern Corp. said it applied , on behalf of two of its subsidiaries , to the Federal Energy Regulatory Commission for permission to build a 352-mile , $ 273 million pipeline system from Pittsburg County , Okla. , to Independence , Miss .",1.5497591885401603,0.25852536539479826,0.7364954781187611,0.7465215735828413,0.7414746346052019
849,The natural gas pipeline concern said the 500 million cubic feet a day capacity pipeline would be built by a proposed joint venture between two Panhandle Eastern units - Texas Eastern Transmission Corp. and Trunkline Gas Co .,2.555515693705377,0.4360295361395238,0.5599168173946801,0.5680832329684222,0.5639704638604761
850,"Texas Eastern Transmission will build and operate the system , which will connect the Arkoma Basin with several interstate pipelines .",1.2368651643350983,0.20780433912565435,0.7515788669446157,0.8374532760567035,0.7921956608743453
851,Now was that a quarter cup or a half cup ?,1.0222829543487757,0.21897841048731473,0.6407181479124425,1.0,0.7810215895126854
852,"Not a gripping question , unless you 're the pastry chef of this city 's Chez Panisse restaurant and you 've just lost your priceless personal dessert notebook .",2.096991169418395,0.3201840182563482,0.652339039069516,0.7097094012150628,0.6798159817436523
853,Chez Panisse was listed among the top 30 restaurants in the world this year by Connoisseur magazine .,1.5758071098111275,0.2721000812868251,0.718627940979175,0.7374142841214996,0.7278999187131748
854,"The tattered black binder , bulging with 18 years ' worth of recipes held together by rubber bands , was in chef Lindsey Shere 's purse when it was stolen from her house recently .",2.4964121127562353,0.47139504631013207,0.4301973300934729,0.6853872657847736,0.5286049536898676
855,The Berkeley police do n't have any leads but doubt the crime was driven by a passion for sweets .,2.4008006215501743,0.44727913092678817,0.510859328368046,0.6020553174820263,0.5527208690732114
856,"Instead , they figure the culprit probably took money from Ms. Shere 's wallet and discarded all the tips in the five-by-eight-inch looseleaf .",1.9063062468547125,0.319253449699529,0.6279786783106353,0.7431959104812039,0.6807465503004709
857,"Chez Panisse , whose founder , Alice Waters , is considered the inventor of the cooking style known as California cuisine and whose patrons make reservations a month in advance , has n't exactly subjected diners to vanilla ice cream because of the theft .",2.121838203684171,0.3382856246433142,0.6656231517383481,0.6578512384200156,0.6617143753566859
858,"For one thing , Ms. Shere can draw on her cookbook , published by Random House four years ago , which is teeming with recipes for such specialties as kiwi sherbet , gooseberry fool -LRB- a creamy dish made with crushed stewed berries -RRB- and hazelnut `` oeufs a la neige . ''",3.2386005933945725,0.5273708365774538,0.4410749880769431,0.509045929145915,0.47262916342254624
859,"For another , sympathetic fans have sent Ms. Shere copies of her recipes clipped from magazines over the years .",1.9427376486136674,0.34533691707563,0.6260342792672262,0.6860357797405185,0.6546630829243699
860,"Still , the restaurant 's ever-changing menu of five-course dinners -- it supposedly has n't repeated a meal since opening in 1971 -- requires constant improvisation .",2.495706592046452,0.407450358396115,0.5368892951277847,0.6610856647346003,0.5925496416038853
861,And that puts added pressure on Chez Panisse dessert-menu planners .,0.43226250019667845,0.07505432916145019,0.936099909688466,0.9140541218792252,0.9249456708385498
862,"`` We make what we know how to make , '' says business manager Richard Mazzera .",1.3673595586962675,0.23666651269846906,0.8380328264384943,0.700861155117875,0.763333487301531
863,"Many in the Bay Area 's pastry community express disbelief that Ms. Shere kept only one copy of such valuable notes , but she has received moral support from Baker 's Dozen , a group of California pastry chefs that meets regularly to discuss issues like how to keep meringues from weeping and how bovine eating habits affect butter texture .",3.26287536656531,0.5200455531197415,0.44495256404328026,0.5209333013789434,0.4799544468802588
864,Ms. Shere has offered a $ 500 reward for the book 's return but figures she 'll have to reinvent many recipes from scratch .,2.314972119237086,0.34797271930895934,0.6269410379859964,0.6792047905189545,0.6520272806910405
865,"`` It 's an overwhelming job , '' she says .",1.3413534092875876,0.25726619920083643,0.817496985932708,0.6804995484423296,0.7427338007991636
866,`` There are so many possible proportions when you consider how many things are made out of eggs and butter and milk .,2.3325539344236774,0.3990679272439699,0.5756670005539065,0.6285166276507019,0.6009320727560302
867,"Newport Electronics Inc. named a new slate of officers , a move that follows replacement of the company 's five incumbent directors last week .",2.475612616477228,0.4230298041224074,0.5540292269999775,0.6018930878913141,0.5769701958775924
868,"Milton B. Hollander , 60 years old , was named chief executive officer , succeeding Barrett B. Weekes .",1.808659367189489,0.3303101073771896,0.7190758444150102,0.6266516141865518,0.6696898926228106
869,"Mr. Hollander 's Stamford , Conn.-based High Technology Holding Co. acquired most of its 49.4 % stake in Newport in August .",2.2745045462412614,0.4013849275425443,0.6134740874205227,0.5844588386301751,0.5986150724574558
870,"Mr. Hollander was named chairman last week , succeeding Mr. Weekes , who was among the ousted directors .",1.3286901314650796,0.22309892917906954,0.7962873224603292,0.7584363318173696,0.7769010708209303
871,"The company has declined requests to discuss the changes , but Mr. Weekes has said that Mr. Hollander wanted to have his own team .",1.9206404972401394,0.3074465178924995,0.6719165915527836,0.7144982016982357,0.6925534821075005
872,"Scott Wakeman was named president and chief operating officer of U.S. operations , titles that had been held by Mr. Weekes .",1.7781552490347163,0.2853441131651743,0.7538010052353491,0.6793756975862725,0.7146558868348257
873,"Mr. Wakeman was vice president of the instrument and controls division of closely held Omega Engineering Inc. , another company controlled by Mr. Hollander .",2.231617997672832,0.3759404507593656,0.6598145442186027,0.5919804474518677,0.6240595492406342
874,A company spokesman did n't know Mr. Wakeman 's age .,1.5917977276660848,0.29881324432653117,0.7011867556734688,0.7011867556734688,0.7011867556734688
875,"James R. Lees , 51 , vice president of Newport 's European operations , was named executive vice president and chief operating officer of European operations , assuming some former duties of Mr. Weekes .",1.6902432998877561,0.2639323886395874,0.7755465522600259,0.7004133036474567,0.7360676113604123
876,"Arthur B. Crozier , 34 , an attorney , was named secretary , succeeding John Virtue , who was another of the ousted directors .",1.6895532383010963,0.2743601130708356,0.7815831967737061,0.6771701409459,0.7256398869291638
877,UNIFIRST Corp. declared a 2-for-1 stock split .,0.25,0.05263157894736842,0.9000000000000001,1.0000000000000002,0.9473684210526317
878,"The Wilmington , Mass. , garment service company also boosted its quarterly dividend 20 % to three cents a share adjusted for the split .",2.061031497413217,0.3206992124258284,0.6913348561222787,0.6676785052188892,0.6793007875741717
879,The dividend had been five cents a share .,1.0566416671474381,0.2183701645473637,0.7816298354526364,0.7816298354526364,0.7816298354526364
880,"The split and quarterly dividend will be payable Jan. 3 to stock of record Nov. 16 , the company said .",1.2554537131714412,0.20500705331417035,0.7672219440355926,0.8248498986398957,0.7949929466858294
881,The split will raise the number of shares outstanding to about 10.2 million .,1.5013964291895632,0.2856445415315627,0.6605003600174416,0.7777725590083551,0.7143554584684373
882,"Separately , UniFirst reported that net income rose 21 % to $ 3 million , or 29 cents a share adjusted for the split , for the fourth quarter ended Aug. 26 .",2.2885770749294476,0.37039766076754443,0.591635906315282,0.6727756693968528,0.6296023392324555
883,"A year earlier UniFirst earned $ 2.4 million , or 24 cents a share adjusted for the split .",2.021387997714036,0.35072679231500314,0.6004874025817765,0.7066870638594736,0.6492732076849969
884,Sales rose to $ 52.4 million from $ 50.1 million .,0.7513329551354913,0.1885065795582665,0.6827841211811734,0.9999999999999998,0.8114934204417333
885,"Fibreboard Corp. said it completed the previously reported sale of approximately 27,500 acres of timberland near Truckee , Calif. , to closely held Sierra Pacific Industries Corp. , Arcata , Calif. , for $ 32.5 million .",1.9743713499955273,0.31637002514641094,0.6914552177082933,0.675979867525154,0.6836299748535892
886,"The lumber , insulation and fireproofing concern said the transaction , which includes a swap of other timber interests , would result in a $ 13.5 million after-tax gain , to be recorded in the fourth quarter .",2.2903816639277492,0.3599905017977262,0.6369090290092426,0.6431403011895334,0.6400094982022737
887,Healthcare International Inc. said it reached a 120-day standstill agreement with its HealthVest affiliate calling for Healthcare to pay HealthVest $ 5 million right away and additional amounts in the future .,2.6118604762606465,0.41702096310657605,0.5175421885653738,0.6673582897365828,0.5829790368934238
888,"Under the agreement , Healthcare , a manager of health-care facilities , said it would pay HealthVest $ 3.9 million in overdue rent and mortgage payments and repay $ 1.1 million in funds that HealthVest advanced for construction work on facilities .",2.191345502010247,0.35108339625329094,0.6346702891425142,0.6638171725001012,0.6489166037467089
889,"In return , HealthVest agreed that it wo n't exercise its rights and remedies against Healthcare during the 120-day period .",1.8221267860233512,0.2851046977923685,0.6711173424465002,0.7647832235421724,0.7148953022076313
890,"After the payment , Healthcare still will be $ 6.5 million in arrears on rent and mortgage payments to HealthVest , a real estate investment trust whose portfolio consists largely of properties operated by Healthcare .",2.014392812547789,0.3202276638956729,0.6571688405592342,0.7039861244738593,0.6797723361043272
891,"Healthcare has given HealthVest a 12 % note for that overdue amount , to be repaid over three years .",2.1649430151423394,0.38636070573361214,0.5080222727237236,0.774697715774901,0.6136392942663877
892,"In addition , Healthcare agreed to make monthly rent and mortgage payments of $ 2.7 million to $ 3 million to HealthVest during the standstill period , to be paid when Healthcare successfully completes asset sales .",1.9385275236635184,0.29427672997154464,0.672022678869198,0.7429823463673744,0.7057232700284551
893,"Because Healthcare actually owes HealthVest $ 4.2 million in rent and mortgage payments each month , the amount due above the amount paid will be added to the three-year note .",2.0366267067666843,0.3057184107299823,0.6736568405676566,0.7162091231320497,0.6942815892700176
894,"The funds should help ease a cash bind at HealthVest , which has been unable to pay its debts because Healthcare has n't made complete rent and mortgage payments since July .",1.9868604762606479,0.3110233376833983,0.6567290475791376,0.7245547480707106,0.6889766623166018
895,A spokesman said HealthVest has paid two of the three banks it owed interest to in October and is in negotiations with the third bank .,2.1975164580679714,0.3586938733545479,0.6210810299436909,0.6628927961102166,0.641306126645452
896,"Healthcare , which has been in a severe liquidity bind , said it is able to make the payments because it completed a transaction with Greenery Rehabilitation Group Inc. in which Greenery purchased stock and warrants for $ 500,000 and loaned Healthcare $ 9 million .",2.1226448986183444,0.31726780079412553,0.6445027838356572,0.7257828331074218,0.6827321992058747
897,The loan is backed by Healthcare 's 5.4 % stake in HealthVest and interest in certain facilities .,1.6892428864759275,0.27218798084473694,0.6741250689515763,0.7907901090716091,0.7278120191552628
898,I was pleased to note that your Oct. 23 Centennial Journal item recognized the money-fund concept as one of the significant events of the past century .,2.7380759550347222,0.46990328433990175,0.48627027746328016,0.582605641958476,0.5300967156600986
899,"Actually , about two years ago , the Journal listed the creation of the money fund as one of the 10 most significant events in the world of finance in the 20th century .",1.7988605723155926,0.29258495687436403,0.7579685351002089,0.6631833468851122,0.7074150431256357
900,"But the Reserve Fund , America 's first money fund , was not named , nor were the creators of the money-fund concept , Harry Brown and myself .",1.739260755094735,0.264359962477508,0.7583330148596966,0.714265764621688,0.7356400375224923
901,"We innovated telephone redemptions , daily dividends , total elimination of share certificates and the constant $ 1 pershare pricing , all of which were painfully thought out and not the result of some inadvertence on the part of the SEC .",1.8082937357636704,0.261199542718137,0.7861412231689239,0.6968374875420514,0.7388004572818629
902,President,-0.0,0.0,1.0,1.0,1.0
903,The Reserve Fund,4.440892098500626e-16,2.4180073206327504e-16,1.0,1.0,1.0
904,"The crowning moment in the career of Joseph F. O'Kicki came as 300 local and state dignitaries packed into his elegant , marble-columned courtroom here last year for his swearing in as President Judge of Cambria County .",2.57350510274946,0.44190189101496036,0.5020676456796749,0.6282054831053383,0.5580981089850395
905,Baskets of roses and potted palms adorned his bench .,1.760964047443681,0.3928187410121367,0.5396522011086389,0.6940280466731852,0.6071812589878633
906,The local American Legion color guard led the way .,1.3509775004326934,0.3006930731598587,0.6421375612179431,0.7676506995164392,0.6993069268401412
907,"As the judge marched down the center aisle in his flowing black robe , he was heralded by a trumpet fanfare .",1.9467691556050197,0.37448828120916156,0.5400434096947263,0.7431191919112409,0.6255117187908384
908,"To many , it was a ceremony more befitting a king than a rural judge seated in the isolated foothills of the southern Allegheny Mountains .",2.503599381915417,0.43014533156950824,0.560029142932783,0.5800311220146285,0.5698546684304917
909,"But then Judge O'Kicki often behaved like a man who would be king -- and , some say , an arrogant and abusive one .",1.7410314974132177,0.28795038468250334,0.6477824657430024,0.790473262245139,0.7120496153174967
910,"While his case may be extreme , it reflects the vulnerability of many small communities to domineering judges .",1.6239343669617545,0.2829239103275001,0.6894825057665007,0.7469703794753051,0.7170760896725
911,"Last March , nine months after the judge 's swearing-in , the state attorney general 's office indicted him on a sweeping array of charges alleging more than 10 years of `` official oppression '' in Cambria County , a depressed steel and mining community in western Pennsylvania .",3.0054814283587183,0.5047702672727213,0.48437218950991,0.5065851961067371,0.4952297327272785
912,"The allegations , ranging from theft and bribery to coercion and lewdness , paint a disquieting picture .",1.765246528378742,0.29879238485361653,0.7967735705282679,0.6261111146364825,0.7012076151463836
913,"According to testimony in a public , 80-page grand-jury report handed up to the state attorney general , Judge O'Kicki extorted cash from lawyers , muscled favorable loans from banks and bullied local businesses for more than a decade .",2.5198190807473693,0.42221700283928254,0.6226779749103146,0.5389264876237878,0.5777829971607173
914,"Prosecutors , in an indictment based on the grand jury 's report , maintain that at various times since 1975 , he owned a secret and illegal interest in a beer distributorship ; plotted hidden ownership interests in real estate that presented an alleged conflict of interest ; set up a dummy corporation to buy a car and obtain insurance for his former girlfriend -LRB- now his second wife -RRB- ; and maintained 54 accounts in six banks in Cambria County .",3.401419993134479,0.5238100820633333,0.4777157543823113,0.4746737975795398,0.4761899179366669
915,"In testimony recorded in the grand jury report , court employees said the judge , now 59 years old , harassed his secretaries , made imperial demands on his staff and hounded anyone who crossed him .",2.0761085377127744,0.3612295840728589,0.6214357488263177,0.6570999188016016,0.6387704159271416
916,"Bailiffs claimed they were required to chauffeur him to and from work , mow his lawn , chop his wood , fix his car and even drop by his house to feed his two grown mutts , Dixie and Husky .",2.23601461561666,0.4019250116075156,0.5197350339232006,0.7042229033575773,0.5980749883924846
917,One former bailiff charged that the judge double-crossed him by reneging on a promise of a better paying job after pocketing a $ 500 bribe .,1.583125363797314,0.250918532609532,0.7327704339468043,0.7661351802150245,0.749081467390468
918,Some of the allegations are simply bizarre .,0.5,0.09090909090909091,0.909090909090909,0.909090909090909,0.9090909090909088
919,"Two former secretaries told the grand jury they were summoned to the judge 's chambers on separate occasions to take dictation , only to find the judge in his bikini underwear .",1.936101468068793,0.3413222096757068,0.5951161873815087,0.7374403810374008,0.6586777903242932
920,One secretary testified that the judge once called her to his office while wearing nothing at all .,1.494255386235542,0.2684260222814506,0.6689105817745136,0.80719149958025,0.7315739777185493
921,"The judge , suspended from his bench pending his trial , which began this week , vehemently denies all the allegations against him , calling them `` ludicrous '' and `` imaginative , political demagoguery . ''",1.8823983916687728,0.3248652662955197,0.6824548087484106,0.6679700238381111,0.6751347337044803
922,"He blames the indictment on local political feuding , unhappiness with his aggressive efforts to clear the courthouse 's docket and a vendetta by state investigators and prosecutors angered by some of his rulings against them .",2.548639295076716,0.4514593950948333,0.5320462082312069,0.566090434284585,0.5485406049051667
923,"`` I do n't know whose toes I 've stepped on , '' says the judge .",1.6265579090825435,0.30788021145587374,0.6478194948646179,0.7429236566459136,0.6921197885441265
924,"`` I 'll find out , eventually , who pushed the state police buttons into action . ''",1.2424737764777944,0.22419956369445976,0.7825055021383771,0.7692093018102885,0.7758004363055402
925,"Even if only some of the allegations stand up , however , they provide ample testimony to the awesome power of judges in rural communities .",1.888214766530802,0.30624206964584655,0.7131745320158488,0.6753705642448906,0.6937579303541532
926,"That power can sometimes be abused , particularly since jurists in smaller jurisdictions operate without many of the restraints that serve as corrective measures in urban areas .",2.331904102500735,0.405803084574664,0.5566439640733515,0.6371833037688469,0.5941969154253361
927,Lawyers and their clients who frequently bring business to a country courthouse can expect to appear before the same judge year after year .,2.276216270128778,0.3755899792754413,0.6260903369235808,0.6227386997294843,0.6244100207245585
928,"Fear of alienating that judge is pervasive , says Maurice Geiger , founder and director of the Rural Justice Center in Montpelier , Vt. , a public interest group that researches rural justice issues .",2.5676350807321837,0.4100839616794816,0.6170468360765777,0.5650705735168019,0.5899160383205181
929,"As a result , says Mr. Geiger , lawyers think twice before appealing a judge 's ruling , are reluctant to mount , or even support , challenges against him for re-election and are usually loath to file complaints that might impugn a judge 's integrity .",2.7662362423227935,0.4213415668981797,0.5760345121833075,0.5813063680901519,0.5786584331018205
930,"Judge O'Kicki , a stern and forbidding-looking man , has been a fixture in the local legal community for more than two decades .",2.2190992069242244,0.38786952061071484,0.5666547098935322,0.6655422779565603,0.6121304793892853
931,"The son of an immigrant stonemason of Slovenian descent , he was raised in a small borough outside Ebensburg , the Cambria County seat , and put himself through the University of Pittsburgh Law School .",2.53303265874382,0.43527769784332615,0.5330031444284773,0.6004555716206508,0.5647223021566737
932,"He graduated near the top of his class , serving on the school law review with Richard Thornburgh , who went on to become governor of Pennsylvania and , now , U.S. Attorney General .",2.139086326874805,0.3537309217505404,0.6413912268153398,0.6512216914577499,0.6462690782494597
933,It was also in law school that Mr. O'Kicki and his first wife had the first of seven daughters .,1.9987084225518545,0.32004181438938994,0.6464984463409562,0.7170703994763356,0.6799581856106102
934,He divorced his first wife three years ago and married the daughter of his court clerk .,1.718781232286685,0.3035937233283637,0.655539234655422,0.7427074839003168,0.6964062766716365
935,"Last year , Pennsylvania Supreme Court Justice John P. Flaherty called Mr. O'Kicki one of the finest judges `` not only in Pennsylvania but in the United States . ''",1.6447411335095907,0.2839542832648428,0.7456706102486164,0.6886848227197608,0.7160457167351572
936,"Clearly , the judge has had his share of accomplishments .",1.1595352274694068,0.21490020251485772,0.7443996387538636,0.8305079401435886,0.7850997974851422
937,"After practicing law locally , he was elected to his first 10-year term as judge in 1971 ; in 1981 , he was effectively re-elected .",2.5454157487455413,0.4449660092586505,0.4916893838905847,0.6371136887250453,0.5550339907413495
938,"Six years ago , Judge O'Kicki was voted president of the Pennsylvania Conference of State Trial Judges by the state 's 400 judges .",1.8544265594448577,0.307889966181697,0.6983272721916595,0.6860025232262621,0.692110033818303
939,He has been considered several times for appointments to federal district and appellate court vacancies in Pennsylvania .,1.9021572754181952,0.35710656710442645,0.5933822347810641,0.7014191163327763,0.6428934328955738
940,"And when he ran unsuccessfully for a state appellate court seat in 1983 , the Pennsylvania Bar Association rated him `` one of the best available , '' after interviewing local lawyers .",2.534027543720656,0.4103238731926795,0.5255776309284581,0.671580919274179,0.5896761268073204
941,"`` He probably was the smartest guy who ever sat on our bench , '' says a former president of Cambria County 's 150-member bar association , who , like most lawyers in Cambria County , refuses to talk about the judge publicly .",2.4925760852529772,0.39880053051092923,0.5814152187528309,0.6223775770440558,0.6011994694890704
942,`` He 's sharp as a tack .,1.25,0.2631578947368421,0.6363636363636362,0.8749999999999998,0.7368421052631577
943,He could grasp an issue with the blink of an eye . '',1.7126663466531085,0.301090398630757,0.7469388845855681,0.6566838512746335,0.698909601369243
944,"For more than a decade , virtually no one complained about Judge O'Kicki .",1.6004551397547653,0.32854126963533403,0.5646776902368705,0.8280422336817329,0.6714587303646662
945,"`` What about those institutions that are supposed to be the bedrock of society , the banks and the bar association ... ? '' wrote a columnist for the Tribune-Democrat , a newspaper in nearby Johnstown , shortly after the scandal became public .",2.5135058313466234,0.38684552327422284,0.6185986806997493,0.6078052641622934,0.613154476725777
946,"`` If only a banker or a lawyer had spoken out years ago , the judicial process would n't be under the taint it is today . ''",2.5997852685525435,0.43613210983263606,0.5095994465901665,0.6310722592528345,0.563867890167364
947,"Officials with the Pennsylvania Judicial Inquiry and Review Board , the arm of the state that investigates judicial misconduct , counter that they had no inkling of anything amiss in Ebensburg .",1.9099817337113683,0.2926593613521937,0.7340889297993769,0.6824730942836625,0.7073406386478063
948,"`` Nobody told us ; nobody called us , '' says an official close to the case who asked not to be named .",1.6469078098054348,0.2878095544776869,0.6867511509325555,0.7395869338415261,0.7121904455223129
949,`` Nobody had the guts to complain . '',0.7505430557959416,0.14588204357457457,0.9081491772631822,0.8061549798191672,0.8541179564254255
950,Certainly not the lawyers .,0.40000000000000036,0.09425390072448082,0.8277293767706427,1.0,0.9057460992755192
951,"Johnstown attorney Richard J. Green Jr. shelled out $ 500 in loans to the judge over five years , he said in testimony to the grand jury .",2.0705060161084674,0.32899089049766717,0.7040281534927258,0.6409485117817648,0.6710091095023328
952,"`` The judge never made a pretense of repaying the money , '' said Mr. Green .",1.8690845594598438,0.3337675572612441,0.7012579380661094,0.6345393198845201,0.6662324427387559
953,"Eventually , Mr. Green testified , he began ducking out of his office rather than face the judge when he visited .",1.9218488607951776,0.34674959622950435,0.6322913889347648,0.6756465428989867,0.6532504037704955
954,"When Mr. Green won a $ 240,000 verdict in a land condemnation case against the state in June 1983 , he says Judge O'Kicki unexpectedly awarded him an additional $ 100,000 .",1.926523140367017,0.2998155813228518,0.6758298595244074,0.7263599050428959,0.7001844186771482
955,"Mr. Green thought little of it , he told the grand jury , until the judge walked up to him after the courtroom had cleared and suggested a kickback .",1.9664572819896984,0.29217837316834216,0.6999706156772397,0.7158507527967068,0.7078216268316576
956,`` Do n't you think I ought to get a commission ... or part of your fee in this case ? '' Mr. Green said the judge asked him .,2.314162091827256,0.39906450911997504,0.5488888035550155,0.6638864778729526,0.600935490880025
957,"Appalled , Mr. Green never paid the money , he testified .",1.3962406251802886,0.2566453183191381,0.7081541369886307,0.7822377339362119,0.7433546816808618
958,"But he did n't complain to the state 's Judicial Inquiry and Review Board , either , saying later that he feared retribution .",1.5330828133113013,0.2595248351217324,0.6360190754912514,0.8859840547621519,0.7404751648782676
959,Mr. O'Kicki said he will respond to Mr. Green 's allegation at his trial .,1.7333333333333334,0.2981421688095013,0.7183320681696931,0.6861222935995511,0.7018578311904987
960,"Like most of Cambria County 's lawyers and residents who had dealings with the judge , Mr. Green declined to be interviewed for this article .",2.109798191241282,0.33436126351598244,0.6512082037590504,0.680723313105933,0.6656387364840177
961,And no one with a complaint about the judge would allow his name to be printed .,2.0214428221529595,0.37721999589312777,0.559163123057075,0.7027308100719741,0.6227800041068724
962,"`` I do n't have anything much to say , and I think that 's what you 're going to find from everyone else you talk to up here , '' says local attorney Edward F. Peduzzi .",2.4943245652811927,0.42936401208941244,0.5268677411804071,0.6223349381245871,0.5706359879105872
963,Says another lawyer : `` The practice of law is a matter of biting one 's lip when you live in a small community .,2.4610314974132166,0.43125444513938854,0.5350083765947392,0.6070239762744549,0.5687455548606113
964,One had best not dance on top of a coffin until the lid is sealed tightly shut . '',2.183365445019158,0.3843337073038613,0.5808773926680909,0.654887688854293,0.6156662926961385
965,"The judge was considered imperious , abrasive and ambitious , those who practiced before him say .",1.8402477950084881,0.32693456063780735,0.6380892996811394,0.7120982981736612,0.673065439362193
966,"He sipped tea sweetened with honey from his high-backed leather chair at his bench , while scribbling notes ordering spectators to stop whispering or to take off their hats in his courtroom .",2.524039844546079,0.5419624154542956,0.3808563081538428,0.5744512561128529,0.4580375845457043
967,"Four years ago , he jailed all nine members of the Cambria County School Board for several hours after they defied his order to extend the school year by several weeks to make up for time lost during a teachers ' strike .",2.58064853280763,0.413024665083821,0.5573311682393702,0.6199501753270776,0.5869753349161791
968,"Visitors in his chambers say he could cite precisely the years , months , weeks and days remaining until mandatory retirement would force aside the presiding president judge , giving Judge O'Kicki the seniority required to take over as the county 's top court administrator .",2.6370655782928094,0.4397608710774704,0.5178084539188327,0.6102442521277303,0.5602391289225296
969,"The judge , they say , was fiercely proud of his abilities and accomplishments .",1.1412943652509169,0.19434600690877757,0.7868956149194848,0.8253285532544068,0.8056539930912224
970,"`` My name is judge , '' Judge O'Kicki told a car salesman in Ebensburg when he bought a new red Pontiac Sunbird in October 1984 , according to the grand-jury report .",2.864227451364285,0.4740410889416404,0.5067659475103444,0.5466629093103972,0.5259589110583595
971,The dealership dutifully recorded the sale under the name `` Judge O'Kicki . '',1.2767359272090877,0.24575692573201258,0.7405485993323953,0.7684535774889449,0.7542430742679874
972,"Yet , despite the judge 's imperial bearing , no one ever had reason to suspect possible wrongdoing , says John Bognato , president of Cambria County 's 150-member bar association .",2.3130003884688595,0.37485066937837436,0.6420689469774147,0.6090985409300781,0.6251493306216256
973,"`` The arrogance of a judge , his demeanor , the way he handles people are not a basis for filing a complaint , '' says Mr. Bognato .",2.0131220830208214,0.33102523883008034,0.7184355021212789,0.6258856229383986,0.6689747611699197
974,"`` Until this came up and hit the press , there was never any indication that he was doing anything wrong . ''",2.1143126296995955,0.35900714426656377,0.6026037548644303,0.6846059367138938,0.6409928557334363
975,"State investigators dispute that view now , particularly in light of the judge 's various business dealings in Cambria County .",1.8648218789871507,0.3028336599065,0.7533959249255754,0.6487471964401716,0.6971663400935001
976,"The judge came under scrutiny in late 1987 , after the state attorney general 's office launched an unrelated investigation into corruption in Cambria County .",2.3303880948378057,0.4113283872271009,0.5597548871372178,0.6207387412323865,0.588671612772899
977,The inquiry soon focused on the judge .,0.75,0.14285714285714285,0.9,0.818181818181818,0.8571428571428571
978,"Even his routine business transactions caused trouble , according to the grand jury report .",1.4406426982957852,0.23592063294254262,0.8536361124229364,0.6915295584477614,0.7640793670574569
979,"When the judge bought his new Sunbird from James E. Black Pontiac-Cadillac in Ebensburg five years ago , the dealership had `` certain apprehensions '' about the judge 's reputation , according to the grand-jury report .",1.9981664700512747,0.3148215124143259,0.6791060912734155,0.6913604593835264,0.6851784875856741
980,"The dealership took the extra step of having all the paper work for the transaction pre-approved by Ebensburg 's local lender , Laurel Bank .",1.819357738214559,0.2893397357301515,0.7603061358525149,0.6671004633248913,0.7106602642698482
981,"Then , as an additional precaution , the car dealership took the judge 's photograph as he stood next to his new car with sales papers in hand -- proof that he had received the loan documents .",2.5574828169745887,0.42270689543453527,0.5714163154774661,0.5832920306514034,0.5772931045654648
982,"But when the judge received his payment book , he disavowed the deal .",0.686402891031201,0.13164558784754787,0.8496194635834337,0.8879342393815999,0.8683544121524522
983,"`` There was no loan , there is no loan , there never shall be a loan , '' the judge wrote the bank on his judicial stationery , according to the report .",2.0872457996545166,0.3678118362174236,0.6316620949008964,0.6327151096494295,0.6321881637825768
984,"Later , the judge went a step farther .",0.8888888888888902,0.17754637556585956,0.9025783848842867,0.755394818372506,0.8224536244341405
985,"After Laurel Bank tried to repossess the car , a vice president asked him to intervene in an unrelated legal dispute involving a trust account .",1.9661313645678362,0.31499992004227895,0.7027541357683819,0.6681209801889538,0.6850000799577209
986,The judge wrote again .,0.40000000000000036,0.09425390072448082,0.8277293767706427,1.0,0.9057460992755192
987,"`` I find myself in an adversary relationship with Laurel Bank , and I am not inclined to extend myself as far as any favors are concerned , '' the judge wrote back in a letter attached to the grand jury 's report .",2.549563851531456,0.36959925611842653,0.628064056388183,0.6327548834114678,0.6304007438815734
988,"`` Perhaps if my personal matters can be resolved with Laurel bank in the near future , I may be inclined to reconsider your request ... . ''",2.399041545849072,0.3805221075550086,0.5848745430222678,0.6584332479519824,0.6194778924449915
989,The judge now says it was `` unfortunate '' that he chose to write the letter but says `` there was certainly no intent to extort there . '',1.8955389956340256,0.33062467359233816,0.6315492997989637,0.7120211347349166,0.669375326407662
990,The bank acquiesced .,0.0,0.0,1.0,1.0,1.0
991,"It refinanced the judge 's loan , lowered its interest rate and accepted a trade-in that had n't originally been part of the deal -- a beat up 1981 Chevy Citation the dealer had to repair before it could be resold .",3.0390872699153295,0.4497541074746568,0.5386681410236294,0.5623322639241377,0.5502458925253432
992,The incident was n't the only time the judge got special treatment from his local bank .,1.7343496150214142,0.32946710924768563,0.6470686444811105,0.6957629066513668,0.6705328907523146
993,"Two years later , he wrote to complain that the interest he was paying on an unsecured $ 10,000 loan was `` absolutely onerous . ''",1.6584390568755287,0.24319558086263401,0.7335944854308323,0.7815309990641872,0.7568044191373658
994,"Paul L. Kane , Laurel 's president at the time , quickly responded .",1.4474758933207426,0.2586715933077658,0.7533009515049921,0.7297304778304617,0.7413284066922342
995,"The bank , he wrote back , was `` immediately '' lowering the rate by 3.5 % , `` as a concession to you . ''",1.6067091350314362,0.2506740570802166,0.8010209406822119,0.7038988537847737,0.749325942919783
996,"The judge says he ca n't discuss in detail how he will defend himself at his trial , although he contends that if he were as corrupt as state prosecutors believe , he would be far wealthier than he is .",2.5494957320239218,0.4640629895780961,0.46367649620461837,0.6348779983819072,0.535937010421904
997,His seven-bedroom cedar and brick house outside of Johnstown is up for sale to pay for his lawyers .,1.3876067356105404,0.22914375224332928,0.7766257778299285,0.7651718088820177,0.7708562477566706
998,The judge says he is confident he will return to his old bench .,1.4474758933207443,0.25867159330776607,0.7297304778304617,0.753300951504992,0.7413284066922342
999,"Already , he notes , the 76 charges originally filed against him have been trimmed to 27 .",1.459147917027245,0.23481486966118348,0.770384413776232,0.7600555558144679,0.7651851303388165
1000,Most of the allegations no longer pending were ethics charges withdrawn by state prosecutors as part of a pre-trial agreement .,1.579107593272865,0.27224585424171416,0.8233444218791114,0.6520510300825793,0.7277541457582861
1001,The heart of the case -- `` official oppression '' -- remains intact .,1.3656725341974107,0.25328250509328254,0.8556432129878289,0.6623930503630756,0.7467174949067173
1002,"`` If I lose , I lose my position , my career , my pension , my home and my investments , '' says the judge .",1.4031095192486331,0.2760776146744374,0.7704716624620023,0.6826773423816763,0.7239223853255625
1003,`` My God and I know I am correct and innocent .,1.5629072918469555,0.33924490643736394,0.6034979740009809,0.7300156277859893,0.6607550935626362
1004,"Many thanks for Alexander Cockburn 's comic masterpiece -LRB- `` U.S. . Economy : A House Built on Junk-Bond Sand , '' Viewpoint , Oct. 19 -RRB- .",2.31345538567469,0.44545951061743283,0.5417446084158575,0.5679554646441203,0.5545404893825672
1005,The use of the abominable construction practices in the Soviet Union -- as evidenced by the collapse of sand apartment blocks during the Armenian earthquake -- as a metaphor for the U.S. economic system was a sublime example of Mr. Cockburn 's satirical muse .,2.442581043575415,0.40575556328052437,0.6380878106175656,0.556038703329447,0.5942444367194758
1006,I await his sequel : the economic and social resiliency of the San Francisco Bay area and the outstanding work of the local governments and the private charitable organizations there as metaphors for the supremacy of whatever failed system Mr. Cockburn now believes in .,2.529388328973952,0.38688088864784265,0.6292711423035612,0.5977755053680176,0.6131191113521574
1007,It should be a scream .,0.3333333333333339,0.06891905627081008,0.8710490642551528,1.0,0.93108094372919
1008,William S. Smith,1.584962500721156,1.0,1.0,0.0,0.0
1009,"As a money manager and a grass-roots environmentalist , I was very disappointed to read in the premiere issue of Garbage that The Wall Street Journal uses 220,000 metric tons of newsprint each year , but that only 1.4 % of it comes from recycled paper .",2.5139357003919374,0.3548657644333713,0.6408868165807118,0.6494383289214586,0.6451342355666286
1010,"By contrast , the Los Angeles Times , for example , uses 83 % recycled paper .",1.0588235294117654,0.17654988580022116,0.8399266649528895,0.8076075562195615,0.8234501141997792
1011,"With newspapers being the largest single component of solid waste in our landfills , and with our country overflowing with trash , all sectors of our society and all types of businesses must become more responsible in our use and disposal of precious natural resources .",2.276494115407563,0.35619722924994923,0.667403741692676,0.6218139619801277,0.643802770750051
1012,The Wall Street Journal is an excellent publication that I enjoy reading -LRB- and must read -RRB- daily .,1.2373565791751,0.19526116228069948,0.7915896924494159,0.8183322045086184,0.8047388377193002
1013,"Please make me and thousands of other readers more comfortable with our daily purchase of your newspaper by raising your environmental standards to your overall impeccable quality levels , and increase your use of recycled paper .",2.630838100424631,0.4632651316275136,0.5347506464215899,0.5387338702966308,0.5367348683724865
1014,Virginia M.W. Gardiner,0.9182958340544896,1.0,1.0,0.0,0.0
1015,"FIRST AMERICAN FINANCIAL Corp. declared a special dividend of one share of Class B common stock for each share of Class A common stock , payable to holders of record on Nov. 10 if the Securities and Exchange Commission approves this as the effective date of the registration statement .",2.76259269289043,0.4747399820056746,0.5155982743925914,0.5352907774063225,0.5252600179943256
1016,"Shareholders of the Santa Ana , Calif. , title-insurance company approved the creation of this second class of stock , which will be traded on the national over-the-counter market and which the company said would be used for acquisitions and other general corporate purposes .",2.627311374212624,0.4229890556111488,0.5639992372968781,0.5906372008568669,0.5770109443888513
1017,"The following were among yesterday 's offerings and pricings in the U.S. and non-U.S. capital markets , with terms and syndicate manager , as compiled by Dow Jones Capital Markets Report :",2.1223795925279254,0.34765538381444505,0.6570326810010881,0.6477229780367195,0.6523446161855551
1018,Continental Cablevision Inc. --,1.1887218755408673,0.42284036758887655,1.0,0.4056390622295664,0.5771596324111234
1019,"$ 350 million of senior subordinated debentures , due Nov. 1 , 2004 , was priced at par to yield 12 7/8 % .",2.0670683531015346,0.3662606366683347,0.5917562934835326,0.6821344520926803,0.6337393633316654
1020,"Rated single-B-1 by Moody 's Investors Service Inc. and single-B by Standard & Poor 's Corp. , the issue , which is non-callable for five years , will be sold through underwriters led by Morgan Stanley & Co .",2.7422853978734847,0.4446958564212509,0.5197242579061496,0.5961135778615497,0.5553041435787492
1021,Beatrice Co. --,0.666666666666667,0.26631956334878915,1.0,0.5793801642856952,0.7336804366512111
1022,"$ 251 million of notes , due Nov. 1 , 1997 , was priced in a two-part offering through underwriters at Salomon Brothers Inc .",2.2064503783492055,0.37391943968358715,0.5970953173682283,0.6580234846949887,0.6260805603164127
1023,The size of the issue was scaled back from an originally planned $ 350 million .,1.6171439363079507,0.2748909575212418,0.7037644602003378,0.7477888472715857,0.725109042478758
1024,"The first part , consisting of $ 151 million of 13 3/4 % senior subordinated reset notes , was priced at 99.75 .",1.944741563182634,0.3341854353664883,0.6464938936549944,0.686325619109166,0.6658145646335117
1025,The rate on the notes will be reset annually to give the issue a market value of 101 .,1.0718172619263298,0.1739714593538018,0.8774089458566012,0.7803328389405293,0.8260285406461981
1026,"However , the maximum coupon at which the notes can be reset is 16 1/4 % .",1.0743919121464955,0.1680141483898346,0.8262482945896843,0.83780365026322,0.8319858516101655
1027,The minimum coupon is 13 3/4 % .,0.5,0.09090909090909091,0.909090909090909,0.9090909090909091,0.9090909090909091
1028,"The second part , consisting of $ 100 million of senior subordinated floating-rate notes , was priced at 99 3/4 to float 4.25 % above the three-month London interbank offered rate .",2.20404140665565,0.36881579723774355,0.5838327066441638,0.6868944787989344,0.6311842027622565
1029,The initial coupon on the floating-rate notes will be 12.9375 % .,1.2295739585136225,0.2069867503835973,0.7635063770327599,0.8248924821931782,0.7930132496164025
1030,The issue is rated single-B-3 by Moody 's and single-B-plus by S&P .,0.21191442324334453,0.03382033323940716,0.934572126022259,1.0,0.966179666760593
1031,New Jersey Wastewater Treatment Trust --,1.4757921620455567,0.6997026911407469,0.4871971762327019,0.2170370012659298,0.30029730885925315
1032,"$ 75.1 million , two-part offering of bonds apparently was won by a Merrill Lynch Capital Markets group .",1.3286901314650796,0.2366736145222017,0.6570920769321826,0.910535802154212,0.763326385477798
1033,"The group 's bid for $ 40.9 million of wastewater treatment insured bonds , Series 1989 A , produced a 7.0826 % true interest cost .",1.9849861720937234,0.3355771329434388,0.6596216895692355,0.6692944495017018,0.6644228670565611
1034,The Series 1989 A bonds are insured and rated triple-A by Moody 's and S&P .,1.5637218755408666,0.26341789295516554,0.6569701583928002,0.8381494458212074,0.7365821070448345
1035,"The group 's bid for $ 34.2 million of wastewater treatment bonds , Series 1989 B , produced a 7.0808 % true interest cost .",1.8847766191505482,0.3108886933942147,0.7120401067103843,0.6676131245024693,0.689111306605785
1036,The Series 1989 B bonds are uninsured and rated double-A by Moody 's and S&P .,1.5699634674227338,0.2647476889557051,0.6806616830572642,0.7993630618349077,0.7352523110442949
1037,"Both the Series 1989 A and Series 1989 B bonds were priced to yield from 6 % in 1991 to 7.15 % in 2008-2009 , according to a Merrill Lynch official .",2.0648135600358435,0.32807912570664816,0.6568658004209675,0.6876822475151468,0.671920874293352
1038,"Matagorda County Navigation District No. 1 , Texas --",1.501086111591882,0.4497396725115918,0.7500000000000001,0.4345351232142714,0.5502603274884084
1039,"$ 70.3 million of pollution control revenue bonds -LRB- Houston Lighting & Power Co . Project -RRB- , due Oct. 1 , 2019 , were tentatively priced by a Goldman , Sachs & Co. group at 98 1/4 to yield 7.649 % with a coupon of 7 1/2 % .",2.7205856179869654,0.4105953219870663,0.5966129653973972,0.582368492576779,0.5894046780129336
1040,Interest on the bonds will be treated as a preference item in calculating the federal alternative minimum tax that may be imposed on certain investors .,2.2454054002924524,0.372961025890057,0.6496656878399494,0.6059353124716278,0.6270389741099429
1041,The bonds are insured and rated triple-A by Moody 's and S&P .,1.3578064964925565,0.2651967876655374,0.5807817562438456,1.0,0.7348032123344626
1042,Federal Home Loan Mortgage Corp. --,1.6016067457394683,0.5519638373508048,1.0,0.28868982115845626,0.44803616264919527
1043,$ 500 million of Remic mortgage securities is being offered in 11 classes by a Morgan Stanley group .,1.6981401319205465,0.3189576154929815,0.6102466872212696,0.7704200506747757,0.6810423845070183
1044,"The offering , Series 109 , is backed by Freddie Mac 10 % securities .",1.4666666666666663,0.28315142384081704,0.617570594417983,0.8541595817851068,0.7168485761591828
1045,Complete details were n't immediately available .,0.9649839288804953,0.207535658331763,0.7306239305568806,0.8657411483701791,0.7924643416682371
1046,Lomas Mortgage Funding Corp. II --,2.0607546627667137,0.8437058606637695,0.2936429548646674,0.10648619313742497,0.15629413933623063
1047,$ 100 million issue of collateralized mortgage obligations is being offered in four classes by a Morgan Stanley group .,1.9435382701638408,0.34552840835396365,0.6003493385372729,0.7193191213282637,0.6544715916460362
1048,The securities yield from 9.35 % to 10.48 % for a 30-year issue with an average life of 21.18 years .,2.1611465707263875,0.3995658389571102,0.5767952090132168,0.6260935188657047,0.6004341610428897
1049,The 10.48 % yield represents a spread to the 20-year Treasury of 2.45 percentage points .,1.444963467422733,0.24891548215308332,0.7382897971262852,0.7643305300611578,0.7510845178469164
1050,The collateral consists of collateralized whole loans with a weighted average coupon rate of 11.08 % and weighted average remaining term to maturity of 28 years .,1.549668660346068,0.3006378638424812,0.6474836275927339,0.7602781078498844,0.6993621361575192
1051,"The issue is rated triple-A by S&P , Moody 's and Fitch Investors Service Inc .",1.2681558784658318,0.24015197091133833,0.6904648336956309,0.8447333018449964,0.7598480290886612
1052,"The issue is 6 % to 7 % overcollateralized , and 75 % of the loans are covered by a General Electric pool policy covering losses of as much as 10 % of the original principal balance of the loans .",1.803853437581953,0.2800347631512648,0.6991025661367047,0.7421113797722203,0.7199652368487354
1053,J.C. Penney Co. --,0.0,0.0,1.0,1.0,1.0
1054,"$ 350 million of JCP Master Credit Card Trust asset-backed certificates , Series B , with a final stated maturity of Oct. 15 , 2001 , was priced at 99.1875 to yield 9.192 % with a coupon of 8.95 % .",2.152939350541822,0.35954384575380244,0.6018662489586833,0.6843336268417712,0.6404561542461977
1055,"The certificates , which have an average life of 10.05 years , were priced at 1.31 percentage points over the benchmark Treasury 10-year note .",1.7011730005192307,0.2655531685987456,0.7630331106644481,0.7079251184498783,0.7344468314012542
1056,"Rated triple-A by Moody 's and S&P , the issue will be sold through First Boston Corp .",1.6066491410302226,0.29516407547736245,0.6227221242048547,0.8118944987356786,0.7048359245226377
1057,The issue is backed by a 12 % letter of credit from Credit Suisse .,1.541294365250916,0.28164423492765805,0.6538389918455577,0.7969986441749635,0.7183557650723417
1058,Keio Teito Electric Railway Co . -LRB- Japan -RRB- --,1.039035952556319,0.44557203505119186,0.6657798536434144,0.4749863494816282,0.5544279649488082
1059,"$ 300 million of bonds due Nov. 16 , 1993 , with equity-purchase warrants , indicating a 3 3/4 % coupon at par via Nomura International Ltd .",2.0580590323371544,0.3501659962651766,0.6397035607048271,0.6602904641029265,0.6498340037348234
1060,"Each $ 5,000 bond carries one warrant , exercisable from Nov. 30 through Nov. 2 , 1993 , to buy company shares at an expected premium of 2 1/2 % to the closing share price when terms are fixed Tuesday .",2.1969236302920354,0.34419207662634876,0.6361637803340146,0.6767039076602442,0.6558079233736515
1061,Diesel Kiki Co . -LRB- Japan -RRB- --,1.7624831837637343,0.691496658135577,0.39315587846583205,0.25384630859480184,0.30850334186442285
1062,"$ 200 million of bonds due Nov. 16 , 1994 , with equity-purchase warrants , indicating a 4 1/2 % coupon at par via Yamaichi International Europe Ltd .",1.9401607760858766,0.33639162328508043,0.6434309306055159,0.6850922875024216,0.6636083767149196
1063,"Each $ 5,000 bond carries one warrant , exercisable from Nov. 30 through Nov. 2 , 1994 , to buy company shares at an expected premium of 2 1/2 % to the closing share price when terms are fixed Monday .",2.1556898626893286,0.33749879906054725,0.6431005863510693,0.6831087543235634,0.6625012009394531
1064,Chugoku Electric Power Co . -LRB- Japan -RRB- --,1.1222072744566525,0.470877941745887,0.6361852839286349,0.4529032517576501,0.5291220582541133
1065,"$ 150 million of 8 7/8 % bonds due Nov. 29 , 1996 , priced at 101 7/8 to yield 8 7/8 % less full fees via Nikko Securities Ltd .",2.0425531102897905,0.3309737275932381,0.6948855314778667,0.6450225974161113,0.6690262724067618
1066,Fees 1 7/8 .,0.6887218755408673,0.29798312381900666,0.5408520829727552,1.0,0.7020168761809934
1067,"Monte dei Paschi di Siena , Singapore branch -LRB- Italian parent -RRB- , via the Law Debenture Trust Corp. --",2.3672488983973206,0.5009382882538665,0.5036163167690296,0.49458875022555143,0.49906171174613356
1068,"10 billion yen -LRB- $ 70 million -RRB- of 6 % bonds due Feb. 24 , 1993 , priced at 101 1/4 , via Daiwa Europe Ltd .",2.549431356616221,0.47812999506578824,0.5277898384816035,0.5160814953296508,0.5218700049342119
1069,Okobank -LRB- Finland -RRB- --,1.3509775004326938,0.7980356235435727,0.17606518336876079,0.23679725954056519,0.20196437645642723
1070,"10 billion yen of 6 % bonds due Nov. 30 , 1992 , priced at 101.225 to yield 6.056 % via IBJ International .",2.102970980118223,0.3544641387757488,0.6553939048040391,0.6359699807067649,0.6455358612242511
1071,"EG&G Inc. said it acquired Laboratorium Prof. Dr. Berthold , a German maker of scientific instruments .",1.7573119400545432,0.3208859798476918,0.6875720723832753,0.6708615298503783,0.6791140201523084
1072,Terms were n't disclosed .,0.40000000000000036,0.09425390072448082,0.8277293767706427,1.0,0.9057460992755192
1073,"The Wellesley , Mass. , maker of scientific instruments and electronic parts said Berthold expects 1989 sales of more than 100 million Deutsche marks -LRB- $ 54.5 million -RRB- and employs about 400 people .",1.8761357977928022,0.2881609272563952,0.72009684091017,0.7037685505537741,0.711839072743605
1074,"Berthold is based in Wildbad , West Germany , and also has operations in Belgium .",0.8034220607670841,0.1395349331209079,0.9083314602886619,0.817390969560082,0.8604650668790921
1075,"John M. Kucharski , EG&G 's chairman and chief executive , said the acquisition `` will extend EG&G 's core technologies , strengthen its position in the European Economic Community and assure a strength and presence in the Eastern European market . ''",2.032187860122189,0.31408713065113936,0.7027222231976928,0.669888899730072,0.6859128693488608
1076,"He said it especially will strengthen the company 's efforts in the rapidly growing field of bio-analytical instrumentation , and in applied nuclear physics .",1.4210314974132192,0.2177395615448456,0.7761383914811225,0.7884798326073847,0.7822604384551545
1077,"Separately , EG&G said it sold most of its Mason Research Institute subsidiary to Transgenic Sciences Inc. , a closely held biotechnology company based in Worcester , Mass .",1.7846786592122474,0.324111714323239,0.6417664111074645,0.7138423425635552,0.6758882856767611
1078,"The sale , for $ 7 million in cash and securities , will leave EG&G with a 12 % stake in Transgenic , executives said .",1.098625342954617,0.1732857463367805,0.8324981745415623,0.8210101477801146,0.8267142536632196
1079,"Mason is the largest toxicology lab in New England , with annual revenue of $ 8 million and 140 employees .",1.4178303576579685,0.22103784538189813,0.7952257811583926,0.7633504294969365,0.7789621546181018
1080,"Mason serves commercial and government customers , including the National Institutes of Health .",1.2857142857142865,0.2396926730431486,0.726359412513652,0.7975840737439807,0.7603073269568515
1081,"The combined companies will become profitable by January 1990 , said James P. Sherblom , Transgenic 's chairman and chief executive officer .",1.6138876295114688,0.24189174574946404,0.7976634704263802,0.7222906878709899,0.7581082542505362
1082,The Internal Revenue Service said it is willing to let the U.S. Tax Court decide how much oil man William Herbert Hunt will owe the government after his assets are liquidated .,2.1305645470226686,0.34379165493297703,0.6693726584674445,0.643551840487068,0.656208345067023
1083,The surprise announcement came after the IRS broke off negotiations with Mr. Hunt on a settlement of the one-time tycoon 's personal bankruptcy case .,2.2954728779165112,0.39231700365729677,0.6199595475359791,0.5958832091605423,0.607682996342703
1084,"Although the action removes one obstacle in the way of an overall settlement to the case , it also means that Mr. Hunt could be stripped of virtually all of his assets if the Tax Court rules against him in a 1982 case heard earlier this year in Washington , D.C .",3.085797777016883,0.4679890101092584,0.5233213940685052,0.5409940346440821,0.5320109898907416
1085,The IRS has been seeking more than $ 300 million in back taxes from Mr. Hunt .,1.6626272062641432,0.27519148386116526,0.6895926312668493,0.7638147513071885,0.7248085161388351
1086,"Separately , a federal judge hearing Mr. Hunt 's bankruptcy case yesterday turned down a proposed $ 65.7 million settlement between Mr. Hunt and Minpeco S.A. , another major creditor in the case .",2.0711658948503375,0.3171797876730733,0.6795221306836475,0.6861504647944789,0.6828202123269262
1087,The Peruvian minerals concern had been seeking a claim of $ 251 million against Mr. Hunt .,1.5449801474406124,0.2508346361883114,0.7166231739125336,0.7848036611840254,0.7491653638116886
1088,"In addition to turning down the compromise , Judge Harold C. Abramson said he would allow a claim of only $ 19.7 million .",1.6317191441137568,0.25864865319218777,0.7146750980877149,0.7700962683067388,0.741351346807812
1089,Minpeco attorneys said they would appeal the decision to a federal district court .,1.6253491072973905,0.2713727188456089,0.7396098201582223,0.7179661314146482,0.7286272811543911
1090,"Regarding Mr. Hunt 's taxes , he and the IRS have apparently agreed on a basic formula for liquidating his estate in which the IRS would get 70 % of the proceeds from a liquidating trust and 30 % would go to other creditors .",2.4174368150350025,0.3632900040842198,0.5724443958859767,0.7172299827120856,0.6367099959157803
1091,But they have been at odds over how much Mr. Hunt would owe the government after his assets are sold .,1.9940144276632,0.3021167960814739,0.6719698867873949,0.725875286397081,0.6978832039185259
1092,The IRS had demanded $ 90 million but Mr. Hunt would agree to no more than $ 60 million .,1.3008006215501755,0.226499744969787,0.6975500375622842,0.8680104377585889,0.773500255030213
1093,"Grover Hartt III , a government lawyer , warned that Mr. Hunt stood to lose certain oil and gas properties , $ 200,000 in English pottery , a Colorado condominium and other assets he might have kept if he had settled with the IRS .",2.133176107659983,0.2938034465448066,0.7301741486964191,0.6837436515616226,0.7061965534551934
1094,"`` But they wanted to roll the dice and we 're going to let them , '' Mr. Hartt said .",1.7442471658614607,0.31352933461310756,0.6480849956181742,0.7296897328030172,0.6864706653868924
1095,"Stephen McCartin , Mr. Hunt 's attorney , said his client welcomed the gamble .",1.3509775004326938,0.2385704280427868,0.8272123754554451,0.705338595107267,0.7614295719572132
1096,The Tax Court is n't expected to rule before early next year .,1.134991346320267,0.18113814514793944,0.7920736597298405,0.8475254479299282,0.8188618548520603
1097,Japan has found another safe outlet for its money : U.S. home mortgages .,1.822126786023352,0.3145620473197983,0.6729103170729591,0.6984408934652224,0.6854379526802017
1098,An increasing number of big Japanese investors are buying up U.S. home mortgages that have been pooled and packaged for sale as interest-bearing instruments known as mortgage-backed securities .,2.4558315817137957,0.44012753150868467,0.5313164284717176,0.591672389454324,0.5598724684913153
1099,"As much as 10 % of new U.S. mortgage securities issued by the Federal National Mortgage Association , or Fannie Mae , and Federal Home Loan Mortgage Corp. , or Freddie Mac , now flow into Japanese hands .",2.027033816238962,0.32740340790614847,0.7063910626014743,0.6418880133952553,0.6725965920938517
1100,That may not come as a surprise to Americans who have watched the Japanese snap up properties in the U.S. from golf courses to a stake in Rockefeller Center .,2.3921539464285977,0.4051315703479201,0.6015822255142005,0.5883028348410737,0.5948684296520801
1101,"But it marks a big change for the Japanese , who shunned mortgage securities after getting burned by a big downturn in interest rates a few years back .",2.3104245961404812,0.3845596565881711,0.5645690793657543,0.6763871243414432,0.6154403434118288
1102,"`` You ca n't say it 's a `` tsunami '' -LRB- tidal wave -RRB- , but we 're making some headway , '' says Fannie Mae 's chairman , David O. Maxwell , who visits Tokyo at least once a year to explain and drum up investor interest in mortgage securities .",3.122862162872412,0.46543197735907865,0.547606770871714,0.5221357501586485,0.5345680226409214
1103,`` Interest is a great deal higher than it was a year ago . '',1.724953532061814,0.3104950578464719,0.6666666666666665,0.7139634842653448,0.6895049421535279
1104,The steady growth of the mortgage securities market in the U.S. has even triggered talk of building up a similar market here .,1.533092388210438,0.25310730206585186,0.7692095388518568,0.7258342898400969,0.7468926979341484
1105,Evidence of the growing Japanese demand for mortgage securities abounds .,0.7272727272727275,0.1330948814088724,1.0,0.7650772524126411,0.8669051185911275
1106,"Earlier this year , Blackstone Group , a New York investment bank , had no trouble selling out a special $ 570 million mortgage-securities trust it created for Japanese investors .",2.278360983325505,0.3678571948141011,0.6034796082009142,0.6636645804764755,0.6321428051858988
1107,"Industrial Bank of Japan , which claims to be the biggest Japanese buyer of U.S. mortgage securities , says it will more than double its purchases this year , to an amount one official puts at several billion dollars .",2.429836234997766,0.35531551473762535,0.6610075505091644,0.629148162716573,0.6446844852623744
1108,"And a Fannie Mae seminar this week promises to draw hundreds of prospective investors , who can be expected to channel tens of billions of dollars into the market in the next few years .",2.2026738265657384,0.33602678315389256,0.688474504800815,0.6411558938100947,0.6639732168461073
1109,"`` Last year , there were only several big investors who were interested , '' says Kinji Kato , a vice president at the international arm of Nomura Securities Co .",2.5104077381613354,0.3894485996434924,0.6595833675259241,0.5683048742770345,0.6105514003565078
1110,"`` This year , some investors are changing their policies and investing a lot . ''",1.5637218755408666,0.28764567223028986,0.7511302094998813,0.6773854023869975,0.7123543277697101
1111,"Ultimately , he says , strong demand could help to drive down interest rates on mortgage securities .",1.131362665366682,0.1881371407634185,0.8459738563776812,0.7803960619616831,0.8118628592365815
1112,"At the moment , Nomura is the only Japanese institution authorized to act as a primary seller of Fannie Mae instruments .",1.7615857955528855,0.31652002811258095,0.6504095147942048,0.7200935553022596,0.6834799718874192
1113,But other Japanese institutions say privately that they are considering asking to join the 59-dealer selling group .,1.617745304375763,0.2709082483222614,0.6911536086742491,0.7714367183717088,0.7290917516777384
1114,These securities are attractive to Japanese investors for three reasons .,1.341353409287588,0.2572661992008365,0.7269518364431845,0.7592162177719057,0.7427338007991634
1115,"First , they are safe .",0.666666666666667,0.1480409554829327,0.8519590445170674,0.8519590445170674,0.8519590445170674
1116,"While they are n't backed by the full faith and credit of the U.S. government , as Treasury bonds are , it is widely assumed that the government would support them if necessary .",2.0185056024438435,0.28324205295907284,0.721551361612396,0.7120277994578287,0.716757947040927
1117,-LRB- U.S. Treasury bonds are still the dollar-denominated investment of choice for long-term Japanese investors -RRB- .,1.2941176470588243,0.234156675690259,0.7498806372922106,0.7825003869770957,0.7658433243097413
1118,"Second , they are liquid .",0.33333333333333304,0.06891905627080991,1.0,0.8710490642551528,0.93108094372919
1119,"The secondary market in federally backed mortgage securities now exceeds $ 900 billion , or nearly half of the $ 2.2 trillion in U.S. residential mortgages issued .",1.8526536778902578,0.2992675055187511,0.6549181942456122,0.753438722766345,0.7007324944812491
1120,"Third , they offer high yields .",0.8571428571428585,0.1801641173923506,0.7733901638509398,0.8722165935233486,0.8198358826076496
1121,"At the moment , some offer as much as 1.6 to 1.8 percentage points over Treasury securities of similar maturities .",1.7070700681887772,0.29717988991570543,0.6947004545421047,0.7111318152911992,0.7028201100842945
1122,"But there is a risk , which the Japanese discovered when they first dipped their toes into the market nearly five years ago .",2.4795739585136225,0.42794730851490886,0.5336749997922269,0.61637770893801,0.5720526914850912
1123,"Since most mortgages can be prepaid or refinanced at any time , issuers of mortgage securities retain the right to buy back their bonds before maturity .",2.1314398156161007,0.3883307859417394,0.529310530608201,0.7243799490000207,0.6116692140582608
1124,"That 's a headache for long-term investors , since it forces them to reinvest their money -- usually at lower rates than the original mortgage securities carried .",2.4210874979221724,0.38208716718896657,0.6258448287119006,0.6101793817496995,0.6179128328110334
1125,"`` Two or three years ago , the problem was that people did n't understand the prepayment risk , '' says Nomura 's Mr. Kato .",2.3420712688300416,0.3723733918104506,0.6232617031324321,0.6320530821422137,0.6276266081895492
1126,`` So they were surprised and very disappointed by prepayment . '',0.9591479170272441,0.1730030329043803,0.8028614027386389,0.8526286304340864,0.8269969670956194
1127,"Compounding the trouble to Japanese investors , mortgage securities pay interest monthly , since most mortgages require homeowners to make monthly payments .",1.2715266303407198,0.2091637995226191,0.884137799522705,0.7153468328546243,0.790836200477381
1128,"But Japanese institutional investors are used to quarterly or semiannual payments on their investments , so the monthly cash flow posed administrative problems .",2.1112931026273802,0.3622014267571759,0.653532536659732,0.6228043976526676,0.6377985732428242
1129,"As a result , Japanese investors steered clear of the mortgage securities .",1.0769230769230775,0.2037796535825824,0.8019426586543721,0.7905791194287217,0.7962203464174176
1130,But they did n't lose touch with the U.S. issuers .,1.2372400431306199,0.21776172070084437,0.6779907448949467,0.9243687837521486,0.7822382792991559
1131,"Since 1985 , Japanese investors have bought nearly 80 % of $ 10 billion in Fannie Mae corporate debt issued to foreigners , money that Fannie Mae uses to buy mortgages from U.S. banks .",1.8989826699060037,0.29734422470559063,0.7002907755239965,0.7050368031987819,0.7026557752944091
1132,"And Japanese investors took up nearly all of two $ 200 million Real Estate Mortgage Investment Conduits , a kind of collateralized mortgage obligation , that were offered to foreigners this year .",2.2181927113950897,0.3125283826866351,0.7122294000491411,0.6643772225450045,0.6874716173133651
1133,"In addition , further packaging of mortgage-backed securities , such as Blackstone 's fund , have reduced the effects of prepayment risk and automatically reinvest monthly payments so institutions do n't have to .",2.6421262918172737,0.41859287851408455,0.5902813520760064,0.5727957674202016,0.5814071214859156
1134,Freddie Mac for years has offered a so-called participation certificate that guarantees it wo n't be prepaid for a set number of years and offers semiannual payments .,2.65794229955608,0.41625703987535734,0.5834170840289055,0.5840692004695007,0.583742960124643
1135,"As Georgia-Pacific 's bid for Great Northern Nekoosa has shown , uninvited takeovers are still alive despite premature reports of their demise .",2.0103839546751083,0.35610785308611154,0.5608733149413463,0.7557571096970733,0.6438921469138883
1136,"Therefore , the debate about poison pills will continue to rage in the boardrooms of corporations and the halls of academia .",1.2391420422200001,0.20980696792646866,0.8320204339419659,0.7523698320246065,0.7901930320735312
1137,"Although poison pills come in different colors and shapes , they usually give current shareholders the right to buy more stock of their corporation at a large discount if certain events occur -- typically , if a hostile bidder acquires more than a specified percentage of the corporation 's stock .",2.6923097564421496,0.4104726616719369,0.6224590455651878,0.5599050990286977,0.5895273383280629
1138,"However , these discount purchase rights may generally be redeemed at a nominal cost by the corporation 's directors if they approve of a bidder .",1.8193449580310173,0.28222024126690026,0.735328300411539,0.7010492826341121,0.7177797587331
1139,"Supporters of poison pills argue that their adoption forces bidders to negotiate with a corporation 's directors , who are thereby put in a better position to pursue the long-term interests of the corporation .",2.072526496224487,0.3290138157834682,0.708960949223384,0.6368727495754705,0.6709861842165316
1140,Recent studies by Georgeson & Co. conclude that corporations with poison pills have experienced greater stock-price appreciation than corporations without poison pills during the past few years .,2.3176376067707527,0.37489500127771047,0.686080077532375,0.5740835631052956,0.6251049987222894
1141,Critics of poison pills argue that they harm shareholders by letting corporate management defeat takeover bids at premium prices and by deterring premium bids from ever being made to shareholders .,1.1716994837623815,0.19847897940260087,0.8397091952275809,0.7666551857569389,0.801521020597399
1142,"These critics are backed by several academic studies showing that the adoption of poison pills reduces shareholder values not merely in the short run , but also over longer periods .",2.2724345798024004,0.3824704988547538,0.612914566994628,0.6222144587384726,0.6175295011452461
1143,Institutional investors that must evaluate poison pills on a regular basis are interested less in this general debate than in the answers to specific questions about the corporation issuing the pill .,2.0629146396357756,0.34427114075663534,0.7084310241053103,0.6103250705957171,0.6557288592433647
1144,Does this corporation have a high-quality management team with a good track record ?,1.4546091411857343,0.29629046399069003,0.6921760898538081,0.7156338491827793,0.70370953600931
1145,"Does this team have a viable strategy for improving shareholder values , and does this strategy require implementation over an extended period ?",2.120473910137694,0.35391709892468604,0.6782320784555956,0.6168436248156989,0.6460829010753137
1146,Will the adoption of this particular form of a poison pill significantly improve the chances for management to carry out this strategy ?,1.7441686043962337,0.2983520437900807,0.7144340420039991,0.6893114839061274,0.7016479562099192
1147,"If the answers to these questions are affirmative , then institutional investors are likely to be favorably disposed toward a specific poison pill .",2.088161579213058,0.3506009933635642,0.6508682994241607,0.6479363325728862,0.6493990066364358
1148,"However , the problem is that once most poison pills are adopted , they survive forever .",1.824679412273758,0.3429681222255252,0.6036387502487394,0.7207870180059961,0.6570318777744747
1149,"Although the current management team may be outstanding , who will be the CEO in 10 years ?",1.798029332033349,0.3060395235176292,0.6084881027925985,0.8073690144503988,0.6939604764823708
1150,"Although the five-year strategy may be excellent , what will be the strategy in 25 years ?",1.1920389709700236,0.19730157909461124,0.7531648808049171,0.8592059868996718,0.8026984209053886
1151,The solution to this problem is a time-limited poison pill .,1.2281613640297206,0.24744210663838756,0.8120513159389865,0.7011867556734687,0.7525578933616122
1152,"The limit could range from three years to seven years , depending on the composition of the management team and the nature of its strategic plan .",1.4101494044869254,0.238454014929108,0.7718212695078944,0.7515406966330507,0.7615459850708922
1153,"At the end of this period , the poison pill would be eliminated automatically , unless a new poison pill were approved by the then-current shareholders , who would have an opportunity to evaluate the corporation 's strategy and management team at that time .",2.642050805615221,0.4136446317479162,0.6061162703321575,0.5678422932800459,0.586355368252084
1154,One rare example of a time-limited poison pill is the shareholder rights plan adopted by Pennzoil last year after it received a huge litigation settlement from Texaco .,2.7126873920786214,0.44875788665337524,0.5702185398270743,0.533488048843314,0.5512421133466248
1155,Pennzoil 's poison pill covers five years in order to give current management enough time to put these proceeds to work in a prudent manner .,2.603484018142729,0.48620432486850096,0.46629970962182493,0.5720645469077035,0.5137956751314989
1156,"Another interesting example is the poison pill adopted recently by Pittsburgh-based National Intergroup Inc. , a diversified holding company .",2.264210625757214,0.36639813761182854,0.681905663201429,0.5916887132659464,0.6336018623881712
1157,"The State of Wisconsin Investment Board , which owned about 7 % of the company 's voting stock , worked with management to devise a time-limited poison pill .",2.4234715495687564,0.37790907082271086,0.6212838923903226,0.6229000653443364,0.6220909291772893
1158,This pill automatically expires after three years unless continued by a vote of the shareholders .,1.813721875540867,0.33363301766708603,0.6513891533289536,0.6820498124991645,0.666366982332914
1159,"The attitude of the Wisconsin Investment Board reflects a growing receptivity to time-limited poison pills on the part of institutional investors , as shown by the discussions at recent meetings of the Council of Institutional Investors and my informal survey of several retirement plans with large stock positions .",2.4211232928329594,0.3943481091609281,0.6483570097937096,0.568224813059206,0.6056518908390716
1160,More widespread time limits on poison pills would allow shareholders to evaluate a specific poison pill within the context of a specific management team 's strategy .,2.6956593984522543,0.45928052883132936,0.5945345457193266,0.49583804031379364,0.5407194711686709
1161,Such concrete analysis is likely to lead to more fruitful dialogue between management and shareholders than the abstract debate about poison pills .,2.1631021706310043,0.3676761899566904,0.6814312659167173,0.5898184469828587,0.6323238100433096
1162,Mr. Pozen is the general counsel and a managing director of Fidelity Investments in Boston .,1.9449634674227338,0.3501261343677187,0.6506048797510802,0.649144492392319,0.6498738656322813
1163,"Michael Blair , former president and chief executive officer of Enfield Corp. , failed to win election to the company 's board at a special shareholder meeting .",1.957850681015505,0.31294713961720616,0.7308179044758303,0.6482333914228128,0.6870528603827939
1164,"Mr. Blair said after the meeting that he had filed separate lawsuits in the Ontario Supreme Court for unjust dismissal against Enfield and for libel against its largest shareholder , Canadian Express Ltd. , and two executives of Hees International Bancorp Inc. , which controls Canadian Express .",2.0984613939868426,0.31927708601117105,0.7252865154260437,0.6413185364824922,0.6807229139888291
1165,Holders at the meeting elected a full slate of Canadian Express nominees to Enfield 's 11-member board .,1.4646959987000159,0.24815308964771018,0.7997566424341378,0.7093528524015883,0.7518469103522898
1166,Mr. Blair and Hees have been feuding for months .,1.62646625064904,0.3856570708721865,0.4895112547532668,0.8246356370538958,0.6143429291278134
1167,Yesterday 's election was a sequel to Enfield 's annual meeting in June when Mr. Blair disallowed proxies in favor of two Hees nominees .,2.100249497067063,0.37326614767420047,0.6052066035169801,0.649849036145644,0.6267338523257995
1168,The Ontario Supreme Court overturned Mr. Blair 's decision .,1.360964047443681,0.30359062949393156,0.722346144208289,0.6722706232293572,0.6964093705060683
1169,"He later resigned from his executive positions with Enfield , saying that actions by its board `` amounted to -LCB- my -RCB- dismissal . ''",2.165558619496704,0.38111580765751796,0.6443284232047298,0.5953731812981533,0.6188841923424819
1170,Mr. Blair said his libel suit seeks 10 million Canadian dollars -LRB- US$ 8.5 million -RRB- from Canadian Express and Hees executives Manfred Walt and Willard L'Heureux .,1.9838883936298095,0.35059057650995284,0.632640565976527,0.6670914406062722,0.6494094234900469
1171,"He said his suit against Enfield seeks two years severance pay , equivalent to C$ 720,000 .",1.8091110295390291,0.32473010422404225,0.6210727968503942,0.7398302032239542,0.6752698957759578
1172,Hees and Canadian Express executives could n't be reached for comment .,0.792481250360578,0.13876942465908715,0.8612305753409127,0.8612305753409127,0.8612305753409129
1173,Enfield is a holding company with interests in manufacturing concerns .,1.4786056824082183,0.3137302020900337,0.6701741834990848,0.7031575764904365,0.6862697979099662
1174,"It is 38.5 % owned by Canadian Express , another holding company .",1.354587728802831,0.23604849100515687,0.6767745176002552,0.8769082144853165,0.7639515089948428
1175,Hees is a merchant bank controlled by Toronto financiers Peter and Edward Bronfman .,0.5435457481740587,0.10572359485862744,0.9211502451552147,0.8689261620242505,0.8942764051413727
1176,All the concerns are based in Toronto .,0.75,0.14285714285714285,0.818181818181818,0.8999999999999999,0.857142857142857
1177,Buying 51 % of Rockefeller Group Inc. is right up Mitsubishi Estate Co. 's alley in one sense : The huge Japanese real estate company is entering a long-term relationship with a similarly conservative U.S. owner of tony urban property .,3.0873196650890256,0.47908930861840193,0.5118610467888198,0.5302860886001045,0.5209106913815983
1178,"But in another sense , the $ 846 million purchase is uncharacteristically nervy , industry analysts say .",1.7288564154868746,0.2803604374843082,0.7093528524015883,0.7302290090908268,0.7196395625156916
1179,The usually cautious giant will become the majority owner of the company that owns New York 's beloved Rockefeller Center at a time when tensions over Japanese purchases of U.S. property are at an all-time high .,2.9957348619366306,0.4805491153326654,0.5225867081273984,0.5163524702517075,0.5194508846673348
1180,"Officials of Rockefeller Group and Mitsubishi Estate prefer to focus on the affinities , nearly dismissing the threat of a backlash from the U.S. public .",1.6332459017965446,0.26305282699237365,0.7802270625336882,0.6982164832975536,0.7369471730076261
1181,"`` We think there will be positive as well as negative reactions , '' says Raymond Pettit , senior vice president and chief financial officer of Rockefeller Group .",2.4944378078495664,0.3987268286886467,0.5999822256971277,0.6025696842041901,0.6012731713113537
1182,"`` On balance , we think it will be positive . ''",1.6341367062030678,0.3356122173276103,0.6257314992900301,0.7081347536002175,0.6643877826723894
1183,But some Japanese government officials and businessmen worry that the prominent purchase is just the sort of deal that should be avoided for the time being .,2.75778221339174,0.45877001835292014,0.5183712375955282,0.5661977428734649,0.5412299816470799
1184,"In particular , they criticize the timing , coming as it does on the heels of Sony Corp. 's controversial purchase of Columbia Pictures Entertainment Inc .",1.5108884266470826,0.23614374793654125,0.7510114255862272,0.777148103825848,0.763856252063459
1185,"`` Officially , yes , we encourage the free flow of direct investment , '' says a Foreign Ministry official .",1.345936309832875,0.20377846230362842,0.8631492943895713,0.7389259391362409,0.7962215376963713
1186,`` But they did n't have to choose this particular moment . '',2.2119144232433445,0.48362863029101405,0.390101791719714,0.763505690484209,0.5163713697089862
1187,"During the past year , government officials and leading business organizations have repeatedly urged Japanese companies to refrain from flashy real estate purchases in the",1.8309775004326925,0.2818304170481431,0.8034808537388043,0.6492356240749745,0.7181695829518568
1188,"Since the mid-1980s , Japan 's other major real estate purchases in the U.S. include Dai-Ichi Seimei America Corp. 's $ 670 million purchase of an office building at 153 East 53rd St. in Manhattan in 1987 and Mitsui Fudosan Inc. 's $ 610 million purchase of the Exxon Building , part of Rockefeller Center , in 1986 .",2.055299858741291,0.33438986670788867,0.6740958004669702,0.6573354491304636,0.6656101332921115
1189,"In Los Angeles , Arco Plaza was sold to Shuwa Corp. for $ 620 million in 1986 , and Sumitomo Life Insurance Co. paid $ 300 million for Atlanta 's IBM Tower last year .",1.6926041213028968,0.27969178552183677,0.7670948301789126,0.678900729656515,0.7203082144781628
1190,"Altogether , annual Japanese investment in U.S. commercial real estate grew from about $ 1.3 billion in 1985 to about $ 7.1 billion in 1988 .",2.0258090178098893,0.37029157191731515,0.6089919526870827,0.6518839898056406,0.629708428082685
1191,Many Japanese companies have taken the warnings by the country 's leaders to heart and sought development partnerships rather than landmark properties .,1.6910370865035267,0.2784492495568723,0.7781804293607416,0.6726040655441796,0.721550750443128
1192,Critics say Mitsubishi Estate 's decision to buy into Rockefeller reflects the degree to which companies are irritated by the pressure to act for the good of Japan .,2.214241358916021,0.3536933923219932,0.6647812818617881,0.6288310132188207,0.6463066076780071
1193,"`` Those who have no money and are n't buying think it 's right to refrain , but those with money who want to buy for themselves pay no attention , '' says an official of the Japan-U.S . Business Council .",3.0038292567653686,0.4838294841453461,0.4997405081998246,0.5337175907001745,0.5161705158546538
1194,"But to Mitsubishi Estate , the acquisition has just the elements that should win support from both sides .",1.347875814444043,0.21647712860815024,0.7730051942996436,0.794330708070723,0.7835228713918497
1195,"First of all , it is a friendly acquisition in which Rockefeller sought out Mitsubishi Estate and asked it to buy a majority share .",1.4098044999134602,0.23123926624109678,0.7052100121799042,0.8448997378497289,0.768760733758903
1196,"Secondly , the two companies found a similarity in their business and development philosophies and intend to cooperate in a range of activities from real estate to telecommunications .",1.5142552758012062,0.24044982531460304,0.7950963197687639,0.7270463215236519,0.7595501746853971
1197,"Finally , Mitsubishi Estate has no plans to interfere with Rockefeller 's management beyond taking a place on the board .",2.061152976911632,0.3499599140214137,0.6283734601909625,0.6732542225124257,0.6500400859785861
1198,"`` We 'll continue to work with them , in keeping with the reputation of the company , and we 'll rely very much on their leadership , '' says Mitsubishi Estate President Jotaro Takagi .",1.9957908731101197,0.2976736540323272,0.7242895408241865,0.6816559622600928,0.7023263459676727
1199,"Rockefeller may well have found its match in Mitsubishi Estate , a company of long history , strong government ties and sound resources .",1.8239348962840563,0.2827915877889705,0.7278570858371378,0.7068668296225802,0.7172084122110294
1200,"In asset terms , Mitsubishi Estate is the largest real estate firm in Japan .",1.440642698295786,0.27673693178245584,0.7086553120548513,0.7384857290457658,0.7232630682175439
1201,"The core of its holdings is 190,000 square meters of incredibly expensive property in the Marunouchi district , the business and financial center of Tokyo , often jokingly called `` Mitsubishi Village . ''",2.1954471445321824,0.319279722056895,0.7270455663331399,0.6399448039307741,0.6807202779431051
1202,The Mitsubishi family company acquired that property from the government some 100 years ago when it was a portion of samurai residential land running from the moat of the Imperial Palace east toward the hodgepodge of tiny shops and twisted alleys that made up the merchants ' district .,2.4515198516223746,0.4144521820556845,0.5674059263062498,0.6048881431641685,0.5855478179443152
1203,"At the time , Japan had just opened its doors to the world after about 250 years of isolation and needed a Western-style business center .",2.3772771667493457,0.3934288876912518,0.5796836209914423,0.6360741689331569,0.6065711123087482
1204,"Mitsubishi built the government 's dream development , the story goes , in exchange for the official decision to locate Tokyo 's central railway station there .",1.7875800928329788,0.30171082911823377,0.7037668809578282,0.6928960728226494,0.6982891708817662
1205,"That was just an early step in a relationship with government that has earned the Mitsubishi group the dubious moniker of `` seisho , '' literally government-business , a title that has the pejorative connotation of doing the government 's bidding , but also suggests the clout inherent in maintaining such close ties .",2.8884876771204753,0.43111647975317635,0.5687265384880549,0.5690405886907568,0.568883520246824
1206,Mitsubishi Estate is one of the dozens of companies in today 's Mitsubishi group .,1.8013033339102567,0.31349852512462784,0.7199130885252353,0.6560536188813094,0.6865014748753718
1207,"It 's known for its cautiousness in part because it has had little need for bold overseas ventures : In the year ended March 31 , 57.4 % of its total revenue came from office building management .",2.7269186563889902,0.410875875360343,0.6076141237379884,0.571726212477625,0.5891241246396571
1208,"Its earnings can rise 10 % to 12 % annually simply from the natural turnover of tenants and automatic rent increases , says Graeme McDonald , an industry analyst at James Capel Pacific Ltd .",1.1900424129829483,0.16683969974392512,0.8694941687135185,0.7997412234432039,0.8331603002560749
1209,"For the latest fiscal year , the company 's net income jumped a robust 19 % to 35.5 billion yen -LRB- $ 250.2 million -RRB- .",1.7418060183770363,0.3010963636357652,0.675170688200722,0.7243658451889423,0.6989036363642348
1210,"For Mitsubishi Estate , the Rockefeller purchase will catapult it firmly into the overseas real estate business , the one area where it has lagged notably behind Japanese competitors such as Mitsui , which had purchased the Exxon Building .",2.2605596096892535,0.33700422955219933,0.6601319590566612,0.6658845379111702,0.6629957704478003
1211,"`` Japanese companies need to invest in overseas real estate for diversification , '' says Yoshio Shima , an industry analyst at Goldman Sachs -LRB- Japan -RRB- Corp .",2.203114324549336,0.3739489697843772,0.6698073105703206,0.5876610888805409,0.6260510302156231
1212,Rockefeller is n't the first overseas purchase for Mitsubishi Estate -- it has already played a leading role in designing Los Angeles 's Citicorp Plaza .,2.2163712655938586,0.3454833091224235,0.6455275921642881,0.6637596749301131,0.6545166908775765
1213,But the Rockefeller investment is its largest .,0.25,0.043478260869565216,0.9166666666666666,1.0,0.9565217391304348
1214,"Nonetheless , it will barely make a dent in Mitsubishi Estate 's finances , analysts say .",1.1920389709700245,0.1830442777338585,0.8378036502632202,0.7971201632270332,0.8169557222661417
1215,"Mitsubishi Estate has n't decided how it will raise the funds for the purchase , which are due in cash next April , but the Marunouchi holdings alone are estimated to have a market value of as much as 10 trillion yen to 11 trillion yen .",2.6120884249044307,0.36831467457057093,0.6354234344238135,0.6279909407767161,0.6316853254294289
1216,"Moreover , as a member of the Mitsubishi group , which is headed by one of Japan 's largest banks , it is sure to win a favorable loan .",2.2135457318855574,0.3304004846397196,0.653674250731495,0.6863201212879888,0.6695995153602804
1217,Analysts say the company also could easily issue new convertible bonds or warrants .,1.9649839288804944,0.36632730586681733,0.6053790480735994,0.6647407316590936,0.6336726941331827
1218,"Meanwhile , at home , Mitsubishi has control of some major projects .",1.4426836540125745,0.2553194879896074,0.7322683240971274,0.7575207365855688,0.7446805120103925
1219,"It is the largest private-sector landowner of the Minato-Mirai 21 project , a multibillion-yen development in the port city of Yokohama , about an hour outside Tokyo .",1.796986030047612,0.2979773367150342,0.7204663480407911,0.6844997117504361,0.7020226632849658
1220,The project is one of a select group of public projects opened to U.S. firms under a U.S.-Japan construction trade agreement reached last year .,2.680782000346155,0.4665037205050116,0.5755204518258754,0.4971916324939756,0.5334962794949885
1221,"The centerpiece of that complex , the Landmark Tower , will be Japan 's tallest building when it is completed in 1993 .",2.006041977713811,0.30770616579536547,0.6568134596637741,0.7318263250988699,0.6922938342046345
1222,"Mitsubishi is also pushing ahead with a controversial plan to redevelop Marunouchi into a business center of high-tech buildings , a project budgeted for 30 years and six trillion yen .",2.331634675403029,0.36165663143819043,0.6250558458938955,0.6522080975084643,0.6383433685618096
1223,"Time Warner Inc. and Sony Corp. may be today 's public enemies , but the two entertainment giants could end up becoming partners in a number of ventures as part of a settlement of their acrimonious legal dispute over Hollywood producers Peter Guber and Jon Peters .",2.458589440242079,0.3844887929557256,0.6286800461266491,0.6028827391513611,0.6155112070442744
1224,"The Warner Bros. studio and Sony signaled they are close to a settlement yesterday , asking a Los Angeles Superior Court to postpone a hearing scheduled for tomorrow on Warner 's request for a preliminary injunction blocking Mr. Guber and Mr. Peters from taking the top posts at Columbia Pictures Entertainment Inc .",2.6719615399563503,0.43233225344511966,0.5882300098776858,0.5484944846749926,0.5676677465548803
1225,"In separate statements , the two sides said they want to have `` further discussions . ''",1.3829279414309985,0.21876892173612295,0.8399266649528891,0.7302031670424437,0.7812310782638773
1226,Sony is acquiring Columbia and Guber-Peters Entertainment Co. in two separate transactions valued at more than $ 5 billion .,2.1741971727682,0.35820746547315707,0.6352765933206702,0.6484435270905056,0.6417925345268426
1227,"Warner Communications Inc. , which is being acquired by Time Warner , has filed a $ 1 billion breach-of-contract suit against Sony and the two producers .",1.6445788145891882,0.246194027744621,0.7502504292970863,0.7573953761278409,0.7538059722553792
1228,Warner has a five-year exclusive contract with Mr. Guber and Mr. Peters that requires them to make movies exclusively at the Warner Bros. studio .,2.3860593781761277,0.3949604201410367,0.5788300334719801,0.6337352458809057,0.6050395798589632
1229,"The two sides in the legal battle have hurled accusations of duplicity at each other for weeks , and both Warner and Sony have accused each other of trying to sabotage each other 's prospects for success in the entertainment business .",2.109153272887906,0.31766583295853823,0.6955206456882196,0.6696383938303649,0.6823341670414618
1230,"But it may amount to little more than posturing ; the two have continued on-again , off-again settlement talks over the last few weeks , and people familiar with the talks say the matter could be resolved within a week .",2.8265930588275783,0.4493280341724967,0.5423823167719709,0.5592189420684385,0.5506719658275032
1231,Both Warner and Sony declined to comment on the terms of the settlement discussions .,0.7999999999999998,0.13683487255216303,0.8782855353506733,0.8485565288448481,0.8631651274478369
1232,But the people familiar with the talks said that Warner is n't expected to get any cash in the settlement .,2.0786421168763427,0.3428591823995229,0.6198866591107539,0.6991591192620897,0.6571408176004769
1233,"Instead , Sony is likely to agree to let Warner participate in certain of its businesses , such as the record club of Sony 's CBS Records unit .",1.7727555011798986,0.3161655844197413,0.6109106686877696,0.7765276871410943,0.6838344155802587
1234,"Warner has surpassed Sony as the largest record company , but it does n't have a powerful world-wide record club like CBS .",2.023014130999166,0.31111947313978183,0.6730844486459256,0.7054358337424033,0.6888805268602182
1235,The two sides are also discussing certain business ventures involving cable rights to Columbia 's movies .,1.2652808826074677,0.19924910448587277,0.831562579843595,0.7721409463955992,0.8007508955141276
1236,"In addition , Sony is expected to agree to swap Columbia 's 35 % stake in the sprawling Burbank , Calif. , studio that Warner and Columbia share , in exchange for the old MGM studio lot that Warner acquired with the purchase of Lorimar Telepictures Corp .",2.0873111253800323,0.3375268399296952,0.6515603807802557,0.673757715517968,0.6624731600703048
1237,"Still , it may be tough for the two to have a smooth partnership in anything , in the wake of sworn affidavits filed over the last week .",2.4523936371987505,0.3926349024964529,0.5649193826126487,0.656707384696187,0.6073650975035473
1238,"One , for example , came from CBS Records Chairman Walter Yetnikoff , who will head a committee that will oversee Sony 's entertainment division , including both records and movies .",2.1490906229114684,0.33676632612712876,0.6680357529473024,0.6585001401814122,0.6632336738728711
1239,"In his affidavit , Mr. Yetnikoff accused Warner Chairman Steven J. Ross of having an `` antiSony , anti-Japanese bias '' and said that Mr. Ross had tried to talk him out of letting Sony buy CBS Records two years ago for that reason .",2.495841441748322,0.37483677211487754,0.623988147828672,0.6263427420590009,0.6251632278851225
1240,"Mr. Ross , who will be chairman and co-chief executive officer of Time Warner after the merger is complete , denied that in his own affidavit , and called Mr. Yetnikoff 's remarks `` vicious '' and his claims `` reckless , irresponsible and baseless , '' saying Warner under his leadership has started a number of businesses in Japan .",3.0527736511739136,0.4462148719242397,0.5758630819183139,0.5333375558819715,0.5537851280757604
1241,"Mr. Ross also said he enjoys `` warm professional and personal relationships '' with Japanese executives including Sony Chairman Akio Morita , `` who has visited my home here . ''",2.2828437409841382,0.3786778019601369,0.6108003952555076,0.6322128573359161,0.621322198039863
1242,"But despite the acrimony between Mr. Ross and Mr. Yetnikoff , officials of the Time side of Time Warner have reportedly been increasingly interested in a settlement that might yield attractive business opportunities .",2.1617634084225754,0.3238771794273149,0.7009623642814256,0.6529834733634745,0.6761228205726851
1243,"Time executives such as the company 's president , N.J . Nicholas , who will eventually be co-chief executive of Time Warner alongside Mr. Ross , have no personal relationships or ego at stake in the fight over the Guber-Peters duo , and were never directly drawn into the fray .",2.8097104803516,0.41925870033263735,0.5958681703304726,0.566363443973953,0.5807412996673625
1244,"Talks between the two sides could unravel , of course , as they have more than once since Sony announced its plans to hire Mr. Guber and Mr. Peters .",2.5309350261979153,0.39040491811368633,0.569509111308303,0.6557513766098257,0.6095950818863137
1245,But both sides appear to be more willing now to meet each other 's terms to resolve the issue .,1.6509775004326936,0.288764194503264,0.7142981012938071,0.7081996545930456,0.711235805496736
1246,"And although Warner has said it wanted the producers to fulfill the terms of their contract , the producers said in sworn court declarations that they did n't believe the relationship could be repaired after the acrimony of the legal battle .",2.2350985214703254,0.3564859817472652,0.6228606372749111,0.6655840614887915,0.6435140182527347
1247,Any settlement is also expected to exclude Mr. Guber and Mr. Peters from any of the projects they were working on at Warner .,2.0780959575386353,0.3182908352185411,0.6943594458900006,0.6695115779033193,0.6817091647814592
1248,"The Guber-Peters duo have 50 projects in various stages of development and production at Warner , including `` Bonfire of the Vanities '' and `` A Bright Shining Lie . ''",2.331634675403029,0.3816907710507751,0.6464683847752369,0.5925008163381338,0.6183092289492248
1249,But that does n't mean Mr. Guber and Mr. Peters might not eventually get their hands on some of their projects ; studios develop hundreds of movies but produce only 10 to 20 each year .,2.4512411617569945,0.4067130572993725,0.5180400082232861,0.6941083564729454,0.5932869427006277
1250,"Once a studio chooses not to actually make a movie that is in development , producers are typically free to take it elsewhere .",2.2921864522230475,0.40582855110046956,0.5686506714014057,0.6220905848434704,0.5941714488995304
1251,"Mr. Guber and Mr. Peters also almost certainly would n't be able to participate in future sequels to `` Batman , '' the blockbuster hit they produced for Warner .",2.038617183202385,0.29439203224971566,0.7280017170824122,0.6845507936817212,0.7056079677502847
1252,"But in acquiring Guber-Peters Entertainment , Sony will actually get a piece of the profits from `` Batman , '' since the publicly held concern gets certain revenue from the movies Mr. Guber and Mr. Peters produce .",2.1502501564354386,0.32541416102215315,0.6860607118029709,0.6634885030390255,0.6745858389778472
1253,The two producers own a combined 28 % stake in Guber-Peters .,1.5,0.2645537638713794,0.6758469512137553,0.8065735963827291,0.7354462361286205
1254,"Southern Co. 's Gulf Power Co. subsidiary pleaded guilty to two felony charges of conspiracy to make illegal political contributions and tax evasion , and paid $ 500,000 in fines .",2.035276900961316,0.32019554717775817,0.6998190165692939,0.6609028762237155,0.6798044528222416
1255,Gulf Power 's guilty plea before U.S. District Judge Robert L. Vining yesterday marks the end of only one part of a wide-ranging inquiry of Southern Co .,2.5286817812266977,0.44421500322903335,0.59040010718197,0.5250040517851841,0.5557849967709666
1256,The company is the subject of a federal grand jury investigation into whether its officials and its utility subsidiaries conspired to cover up their accounting for spare parts to evade federal income taxes .,2.106040199685402,0.3534435538597635,0.6506766134057004,0.6424881293993832,0.6465564461402367
1257,"`` The terms announced today are strictly between the United States and Gulf Power , '' said U.S. Attorney Robert L. Barr .",1.708009239788883,0.31662793900816916,0.7214914044893256,0.6490785831828644,0.6833720609918309
1258,`` This is only a further step in a lengthy investigation . '',1.3469057695636124,0.23439607032953422,0.765603929670466,0.765603929670466,0.765603929670466
1259,"The plea settlement does not allow Southern Co. to charge any of the $ 500,000 to its customers , or take action against employees who provided information during the federal inquiry .",2.2945600614131427,0.35121214334962425,0.6259355764230599,0.6733719928746397,0.648787856650376
1260,"Gulf Power had been under investigation for violating the Utility Holding Company Act , which prohibits public utilities from making political contributions .",1.7008441512505987,0.27269532837992055,0.7476306772743874,0.7080546290117169,0.7273046716200795
1261,"In a statement , Southern Co. President Edward L. Addison said , `` We believe our decision to plead -LRB- guilty -RRB- to these charges is responsible and proper .",2.313858679998046,0.3938066834742039,0.576477475743677,0.6391391981042129,0.6061933165257959
1262,"And our action today will allow Gulf Power to avoid prolonged , distracting legal proceedings . ''",1.7284751756031866,0.30109827620667584,0.6657813693663058,0.7354898369456895,0.698901723793324
1263,"He did not say what effect , if any , the $ 500,000 fine would have on the company 's earnings .",1.48885852282561,0.21626082841706915,0.8318211440588026,0.740912041449873,0.7837391715829305
1264,"Mr. Barr said yesterday 's plea by Gulf Power , which came after months of negotiations , was based on evidence that Gulf Power had set up an elaborate payment system through which it reimbursed outside vendors -- primarily three Florida advertising agencies -- for making illegal political contributions on its behalf .",2.8424140920142054,0.4395606496636569,0.5515055135536578,0.5696673913433797,0.5604393503363432
1265,"The Appleyard Agency , for example , allegedly made contributions from 1982 to 1984 to various funds for political candidates , then submitted bills to Gulf Power .",1.5669393921759713,0.24604525291374854,0.8051821773043015,0.7088558086172311,0.7539547470862515
1266,"The contributions were funded by monthly payments of $ 1,000 to $ 2,000 to Appleyard in the guise of a `` special production fee '' -- in effect , hiding the nature of the payments from the Internal Revenue Service , federal prosecutors said .",2.019442922594342,0.3009764094182699,0.7672331528106824,0.6419519419301192,0.6990235905817302
1267,"The government also indicated that former Gulf Power senior vice president Jacob F. `` Jake '' Horton was the mastermind behind the use of the ad agencies -- Appleyard , Dick Leonard Group II Inc. and Hemmer & Yates Corp. -- to make payments to various political candidates from 1981 to 1988 .",2.476014080078434,0.38305036312448176,0.6565477812327849,0.5818563326068006,0.6169496368755185
1268,"Mr. Horton , who oversaw Gulf Power 's governmental-affairs efforts , died mysteriously in a plane crash in April after learning he might be fired following the uncovering of irregularities in a company audit .",2.4463688269366175,0.3668082304134464,0.6404766177111513,0.6260707750253347,0.6331917695865533
1269,Government officials declined to say whether the investigation includes the ad agencies or the politicians involved .,1.5220178224074834,0.29540362857207575,0.7485693019873177,0.6655029754663723,0.7045963714279241
1270,"In New York Stock Exchange trading , Southern Co. rose 50 cents a share to $ 27.125 .",1.5702590281383566,0.2933757806337853,0.697608491286441,0.7158760328571391,0.7066242193662148
1271,` Frequent Drinker ' Offer Stirs Up Spirited Debate,1.4172097224626081,0.31646890273909534,0.6965779685658426,0.6709639748071448,0.6835310972609048
1272,"TO GRAB a bigger piece of the declining scotch market , Seagram Co. has launched a controversial `` frequent drinker '' promotion for its Chivas Regal brand .",2.0660168368558685,0.31810457501885936,0.7211552053980678,0.6466895635088368,0.6818954249811408
1273,"Under the program , dubbed Chivas Class , customers who send in two labels from Chivas bottles will receive an upgrade in seating class on some Trans World Airlines flights .",2.203952223143881,0.36415687022426835,0.6679543098087858,0.6066777538083745,0.6358431297757315
1274,Repeat customers also can purchase luxury items at reduced prices .,1.2372400431306203,0.256843434235103,0.7445598212969821,0.7417585896525302,0.7431565657648972
1275,"But at a time of mounting concern over alcohol abuse , some liquor marketers consider Seagram 's frequent buyer promotion risky .",1.852494886461976,0.313618964304426,0.726908308890331,0.6501341474893262,0.686381035695574
1276,"`` I 'm surprised they 're doing this , '' says Penn Kavanagh , president of Schieffelin & Somerset Co. , which markets Johnnie Walker scotches .",1.9388277950527133,0.32474909481077135,0.7235238355247786,0.6330165484944568,0.6752509051892288
1277,"`` I would be very leery of anything that says if you drink more , you get more . ''",1.8182263988300154,0.3737618357970601,0.5633830368774524,0.7048796920695675,0.6262381642029402
1278,Others question the impact on Chivas 's upscale image of a promotion that has customers soaking off labels .,1.7518006586918036,0.28659430722991863,0.7715697996138983,0.6633961600580648,0.7134056927700813
1279,"`` It 's really bizarre , '' says Albert Lerman , creative director at the Wells Rich Greene ad agency .",1.4632883787238367,0.2443696007507681,0.7883515494749336,0.7255172365317822,0.755630399249232
1280,"`` Chivas has an image of something you would savor , rather than guzzle . ''",2.123385528189818,0.3949298465275534,0.5508682310822033,0.671102346365777,0.6050701534724464
1281,Chivas Class is n't the first such promotion .,0.7505430557959416,0.14588204357457457,0.8061549798191673,0.9081491772631823,0.8541179564254255
1282,"Last year , J&B Scotch offered 500 TWA frequent flier miles in exchange for a label .",1.9193641460641593,0.3317844432722148,0.6972845064949625,0.6414733084673788,0.6682155567277852
1283,And Dewar 's gave discounts on Scottish merchandise to people who sent in bottle labels .,1.4756025296523,0.25978750685653756,0.7370466554208759,0.7434056446430108,0.7402124931434622
1284,But the scope of Seagram 's Chivas promotion sets it apart .,0.5629072918469555,0.08972515320930859,0.878140893446774,0.9448498934839926,0.9102748467906912
1285,The current campaign is just the first leg of an aggressive three-to-five-year direct marketing plan .,1.8199634674227338,0.3351659710766112,0.7286549912710999,0.6112925336469198,0.6648340289233886
1286,Seagram says the promotion is designed to build brand loyalty rather than promote heavy drinking .,0.875,0.13931703308060875,0.9009398437049279,0.8238698253132154,0.8606829669193914
1287,"Seagram asks customers to buy only two or three bottles over a 12-month period , says Richard Shaw , vice president of U.S. direct marketing .",1.6545980772559172,0.24457720236829794,0.7985994911302522,0.7166753738024755,0.755422797631702
1288,`` We 're not asking them to save up 50 proof-of-purchases .,1.333333333333333,0.22844382632052881,0.771556173679471,0.771556173679471,0.771556173679471
1289,"We 're not saying drink more , we 're saying trade up . ''",1.5903330361778862,0.29164645751269713,0.6794706267413322,0.7398009789209227,0.708353542487303
1290,Goya Concocts a Milk For Hispanic Tastes,1.0728250006181335,0.2702019433296063,0.5745527791882911,1.0,0.7297980566703937
1291,MOST FOOD companies these days are trimming the fat and cholesterol content of their products to appeal to health-conscious consumers .,1.487862499896976,0.24755924015752206,0.7882607903714086,0.719734682592284,0.7524407598424777
1292,But Goya Foods Inc. believes it can milk some sales by bucking the trend .,1.1673183336217958,0.19414929440499973,0.8058507055950003,0.805850705595,0.8058507055950002
1293,"The Secaucus , N.J. , company has formed a joint venture with a distributor called La Lecheria to market a higher-fat milk targeted at Hispanic consumers .",2.2310678132417605,0.3606784770541447,0.6569846259728229,0.6225833032176252,0.6393215229458556
1294,"To give Leche Fresca the creamier taste Goya says Hispanics prefer , the new brand has a butterfat content of 3.8 % .",1.5215853227108536,0.25347295245555995,0.7229320978856217,0.771714138135036,0.7465270475444402
1295,That compares with 3.5 % butterfat for whole milk .,0.6000000000000005,0.10631029208133484,0.8631040918837465,0.926522673256629,0.8936897079186652
1296,"A spokesman for Borden Inc. , the nation 's largest milk producer , concedes Goya may be on to something .",1.9299678577609902,0.3421979914573322,0.590451562316785,0.74249549789078,0.6578020085426676
1297,"Borden sells considerably more whole milk than reduced-fat milks in southern and Hispanic markets , he says .",1.2424737764777927,0.1957627911556092,0.871809468694899,0.7463862585798692,0.8042372088443909
1298,"Borden even tested a milk with 4 % butterfat in the South , but decided the market was too small .",1.5130684528960625,0.22582646704685913,0.7783494689891731,0.7700421665672817,0.7741735329531406
1299,Goya is selling Leche Fresca in nearly 500 grocery stores and bodegas in New York and parts of New Jersey .,1.3993724737101343,0.2622162065919577,0.7148613019228574,0.7622250336841959,0.7377837934080421
1300,"And it 's adding 15 to 20 new outlets a day , says Greg Ricca , sales director at La Lecheria .",1.1938482957495653,0.17995617233612923,0.8386916006359757,0.8022072607264449,0.8200438276638711
1301,"Because of Leche Fresca 's success , he says , the joint venture is developing other dairy products tailored to Hispanic tastes .",1.7123512167501822,0.25791838108942683,0.7933857650993856,0.6970096186986177,0.7420816189105733
1302,Jewelry Makers Copy Cosmetics Sales Ploys,1.1424588287122237,0.46774088481617887,1.0000000000000002,0.3626383380677455,0.5322591151838213
1303,"FOR YEARS , costume jewelry makers fought a losing battle .",1.0909090909090908,0.23029316338304956,0.7697068366169505,0.7697068366169504,0.7697068366169505
1304,Jewelry displays in department stores were often cluttered and uninspired .,1.2281613640297206,0.24744210663838756,0.7323076026588601,0.7739599853777148,0.7525578933616123
1305,"And the merchandise was , well , fake .",0.7505430557959416,0.14588204357457457,0.831752065714278,0.8777199272247981,0.8541179564254254
1306,"As a result , marketers of faux gems steadily lost space in department stores to more fashionable rivals -- cosmetics makers .",1.353383523218969,0.25796377224425676,0.810689540405148,0.684102914299746,0.742036227755743
1307,"But lately , retailers say , fake has become more fashionable .",1.292481250360579,0.23312689556523788,0.7906413091782797,0.744492230136365,0.7668731044347622
1308,And jewelry makers are beginning to use many of the same marketing tricks honed in the aggressive world of cosmetics .,1.703544643372254,0.2903931463953673,0.7228958682757423,0.6967976040442165,0.7096068536046326
1309,"Last year , the total women 's fashion jewelry business topped $ 4.9 billion , says Karen Alberg , editor of Accessories magazine .",1.4487874972152914,0.23288144591417512,0.7994697624189343,0.7372837542526506,0.7671185540858251
1310,"And it 's growing fast , with annual sales gains of more than 10 % .",1.0943609377704329,0.17778185606841873,0.7604496092917123,0.8949082621379085,0.822218143931581
1311,"To increase their share of that business , jewelry makers such as Crystal Brands Inc. 's Trifari and Monet units and Swank Inc. , maker of Anne Klein jewelry , are launching new lines with as much fanfare as the fragrance companies .",2.1311059704763764,0.33289747930782476,0.6832587144008105,0.6516927297042271,0.6671025206921753
1312,"They 're hiring models to stroll the aisles sporting their jewels , and they 're even beginning to borrow a perennial favorite of the beauty business -- offering a gift when consumers make a purchase .",2.4316404417687587,0.38958963879448666,0.6188418534128398,0.6022055327368541,0.6104103612055134
1313,"`` We 've started trying just about anything to keep sales moving in the stores , '' says Kim Renk , a Swank vice president .",1.556322824873468,0.2395208457263805,0.8005914065563824,0.7241946307423119,0.7604791542736196
1314,But there are limits .,0.8000000000000003,0.20812433153147844,0.6554587535412856,1.0,0.7918756684685216
1315,Ms. Renk says retailers nixed a promotion for pins with animal motifs .,1.4707242675972116,0.2937290362672592,0.7537461856253781,0.6644218937941236,0.7062709637327407
1316,Her idea : bring in live zoo animals .,1.4172097224626081,0.31646890273909534,0.6325967090527286,0.7433858222664661,0.6835310972609046
1317,"Trifari , whose national ads earlier this year included paper cutouts of its costume finery , takes a tamer approach .",2.1864831886139813,0.3793111293787059,0.6278821845675052,0.6136585097905775,0.6206888706212937
1318,"The company focuses on the how-to aspects , says Andrew E. Philip , president .",1.0909685317733526,0.19637650005374685,0.8300700424325826,0.7788101298276191,0.8036234999462532
1319,Trifari now trains sales help to advise customers on the best earring styles .,1.257831462459773,0.22154246979591508,0.7794368009062502,0.777480717091257,0.7784575302040849
1320,But cosmetics firms still have one big marketing edge : They motivate sales people with commissions .,1.346858644249398,0.26918934628540975,0.6780895835526712,0.792420918581716,0.7308106537145903
1321,Jewelry makers rarely pay commissions and are n't expected to anytime soon .,0.8930492672643693,0.17304056369413476,0.8018625102121278,0.8536781018593115,0.8269594363058649
1322,Odds and Ends,0.666666666666667,0.26631956334878915,1.0,0.5793801642856952,0.7336804366512111
1323,"DESPITE GROWING interest in the environment , U.S. consumers have n't shown much interest in refillable packages for household products .",1.7336367598365081,0.29704650797248183,0.7352701627324496,0.673357991514561,0.7029534920275181
1324,"Procter & Gamble Co. recently introduced refillable versions of four products , including Tide and Mr. Clean , in Canada , but does n't plan to bring them to the U.S. .",1.8106868284330169,0.27880956691900355,0.7037134724283343,0.7395575945562999,0.7211904330809963
1325,Marketers believe most Americans wo n't make the convenience trade-off ... .,2.1887218755408666,0.43939623023198343,0.4889844602727302,0.6568026373937647,0.5606037697680164
1326,"Braumeisters Ltd. tests a beer brewed with oat bran , rather than rice or corn .",1.404024590419385,0.2552022860950165,0.7384648243781142,0.7512401615260988,0.7447977139049835
1327,"Called Otto 's Original Oat Bran Beer , the brew costs about $ 12.75 a case .",1.6529332629476405,0.2886060322805929,0.6943472369641354,0.7292987844402996,0.7113939677194073
1328,"No cholesterol , of course .",0.666666666666667,0.1480409554829327,1.0000000000000002,0.7420981285103058,0.8519590445170675
1329,"Northwest Airlines settled the remaining lawsuits filed on behalf of 156 people killed in a 1987 crash , but claims against the jetliner 's maker are being pursued , a federal judge said .",2.3607253678379534,0.3517710243994824,0.6930449656728416,0.6088570273914315,0.6482289756005177
1330,"Northwest , a unit of NWA Inc. , and McDonnell Douglas Corp. , which made the MD-80 aircraft , also are pursuing counterclaims against each other in the crash near Detroit Metropolitan Airport .",1.9223013657732722,0.30678810798190403,0.715339880871212,0.6724118197042229,0.693211892018096
1331,Terms of the settlements for the remaining 145 lawsuits against Northwest were n't disclosed .,0.8176441670993597,0.13196031074148032,0.8945551209776181,0.8430508900372066,0.8680396892585195
1332,A total of 157 lawsuits were filed on behalf of crash victims .,1.258809844353869,0.22776942230224742,0.873980773664501,0.6917016050015631,0.7722305776977528
1333,U.S. District Judge Julian A. Cook Jr. announced the settlements as the jury trial was to begin yesterday .,1.8483902883559855,0.32281231814033357,0.7864904832799374,0.5945586736065711,0.6771876818596663
1334,He reset opening arguments for today .,0.9649839288804962,0.20753565833176318,0.7306239305568805,0.865741148370179,0.7924643416682369
1335,"The jury will resolve the claims against McDonnell Douglas , Northwest 's claim that a defect in the aircraft caused the crash , and McDonnell Douglas ' claim that the plane was improperly flown .",1.744532857884617,0.2692514167500196,0.7471579493445766,0.7150445047971725,0.7307485832499803
1336,The National Transportation Safety Board ruled that pilots failed to set the plane 's wing flaps and slats properly for takeoff and failed to make mandatory preflight checks that would have detected the error .,2.022685357699178,0.31221707252280056,0.6692913830466581,0.7073252933589378,0.6877829274771995
1337,"Also , a cockpit warning system failed to alert the pilots the flaps and slats were not set for takeoff , the NTSB said .",1.7997487383876365,0.2899096777008212,0.7424026667999684,0.6804733886059958,0.7100903222991786
1338,"The only passenger who survived the crash was Cecelia Cichan , then 4 , of Tempe , Ariz. , whose parents and brother died in the crash .",1.7867112948588337,0.29749408000963196,0.6572129042744114,0.7545039221302129,0.7025059199903679
1339,She now lives with relatives in Alabama .,0.75,0.15789473684210525,0.7272727272727273,1.0,0.8421052631578948
1340,"Sun Myung Moon , the Korean evangelist-industrialist who in 1954 founded the Unification Church , remains the mystery man behind a multimillion-dollar political and publishing operation based in this country and catering to the American right .",2.2182171330039733,0.3516658580132851,0.6535830017709608,0.6431689166793128,0.6483341419867148
1341,But there may be less there than meets the eye .,1.409979545847904,0.2740353293091223,0.5698151801524614,1.0,0.7259646706908779
1342,"Mr. Moon planned to convert millions of Americans to his unique brand of Christianity -- in which he plays the role of Old Testament-style temporal , political messiah -- and then to make the U.S. part of a unified international theocracy .",2.4252674374718053,0.3980911408905094,0.5623846258447651,0.6474085498283786,0.6019088591094904
1343,His original strategy -LRB- in itself a brilliant innovation for spreading a religion -RRB- was to create new economic enterprises each time he wanted to extend and fund his various religious missions .,2.717896499142757,0.4570922460119134,0.5303875128038696,0.5560333875108489,0.5429077539880865
1344,Tax-exempt airport and street-corner solicitations were intended only to provide start-up funds .,1.4707242675972112,0.2767239437427686,0.6827615289556306,0.7689020964759649,0.7232760562572315
1345,"More stable industries were to build an economically viable infrastructure for the Moon movement in North America , as they had in Japan and South Korea .",1.3649908508249409,0.21014246263211928,0.74186758019706,0.8444856564071102,0.789857537367881
1346,Then he would move his movement to Europe .,0.8888888888888884,0.16307012108499586,0.7738351806137472,0.9112268122170702,0.836929878915004
1347,But that was not to be .,1.35853928633242,0.3686931924578511,0.5201876840369468,0.802794587061952,0.6313068075421491
1348,Throughout the 1970s and early 1980s spokesmen for both the Unification Church and its opponents in the anticult movement gave wildly exaggerated membership figures .,1.5607820003461539,0.26424643944427845,0.7406714406269603,0.730900556801038,0.7357535605557214
1349,Their legacy lives on .,0.40000000000000036,0.09425390072448082,0.8277293767706427,1.0,0.9057460992755192
1350,"It is still common to read in the press that the church has 10,000 or more full-time American members and 25,000 `` associates . ''",1.8064503783492079,0.27284180254666707,0.7114630050685972,0.7435614969378888,0.7271581974533329
1351,"Some estimates have gone as high as 80,000 members .",0.8754887502163458,0.1517740954247139,0.7836309070274349,0.9244267583903902,0.848225904575286
1352,"But internal church documents clearly show that at its publicity-seeking heights , as when it organized a spectacular Yankee Stadium bicentennial rally in 1976 , there actually were only about 2,000 full-time Unification Church members in the U.S.",2.8246831663198555,0.4571940933575112,0.4885376473411572,0.6106373783124823,0.5428059066424887
1353,"Mr. Moon 's support for a Watergate-beleaguered Richard Nixon , the Koreagate scandal , and his prison sentence for income-tax evasion did not help the church 's recruitment efforts .",2.0319594851950593,0.33730022844373464,0.6594864273745489,0.6659445830679537,0.6626997715562656
1354,"Defections , burnouts , and abduction `` deprogrammings '' kept member turnover high .",1.7053073557805152,0.35776589378269397,0.8184017492175922,0.5284754588750675,0.6422341062173061
1355,That the membership number has even kept close to its 1976 size is the result of the `` graying '' of the church .,1.7814536459234782,0.30044804679717,0.6816590557586065,0.7184095150094626,0.69955195320283
1356,"Many of the enthusiastic young `` Moonies '' of the Nixon era who remained faithful to Father Moon are now parents , producing new members by procreation rather than conversion .",2.0130202578680008,0.3481436714571683,0.6234574695320755,0.6829658287538094,0.6518563285428316
1357,The reputed wealth of the Unification Church is another matter of contention .,1.4707242675972116,0.27672394374276865,0.7222321432923373,0.7243229913298982,0.7232760562572313
1358,"For a while in the 1970s it seemed Mr. Moon was on a spending spree , with such purchases as the former New Yorker Hotel and its adjacent Manhattan Center ; a fishing/processing conglomerate with branches in Alaska , Massachusetts , Virginia and Louisiana ; a former Christian Brothers monastery and the Seagram family mansion -LRB- both picturesquely situated on the Hudson River -RRB- ; shares in banks from Washington to Uruguay ; a motion picture production company , and newspapers , such as the Washington Times , the New York City Tribune -LRB- originally the News World -RRB- , and the successful Spanish-language Noticias del Mundo .",2.677903962447989,0.4295754742481388,0.5968826140165111,0.5462124978906417,0.5704245257518614
1359,Yet these purchases can be misleading .,0.5714285714285712,0.1133049180745301,0.7964530359382731,1.0,0.8866950819254699
1360,"Most were obtained with huge inputs of church money from South Korea and Japan , minimum cash downpayments and sizable mortgages .",1.3821078162075775,0.22558484990413474,0.8670905341125622,0.6996373109709126,0.7744151500958653
1361,"Those teams of young fund-raisers selling flowers , peanuts or begging outright at traffic intersections brought in somewhere near $ 20 million a year during the mid-to-late 1970s , but those revenues were a pittance compared to the costs of Mr. Moon 's lavish international conferences , speaking tours , and assorted land buys .",2.7332275030250357,0.41438769705708084,0.6131820345322134,0.5604150661014949,0.5856123029429193
1362,"Only his factories in Japan and Korea , employing his followers at subsistence wages and producing everything from rifles to ginseng to expensive marble vases , kept the money flowing westward .",2.0300146658783604,0.3464731032908347,0.6358515030706565,0.6722130687828458,0.6535268967091653
1363,"Virginia Commonwealth University sociologist David Bromley , who more than any other researcher has delved into the complex world of Unificationist finances , has concluded that profitable operations in the U.S. have been the exceptions rather than the rule .",2.8083946846451266,0.42566157798220255,0.5819345087948375,0.5669380860118197,0.5743384220177971
1364,"Likewise , journalists John Burgess and Michael Isikoff of the Washington Post have estimated that at least $ 800 million was transferred from Japan to the U.S. to deal with the church 's annual operating losses in this country .",2.018226398830012,0.28376178856638984,0.7329592647023913,0.7002630590927705,0.7162382114336097
1365,Mr. Moon 's two English-language U.S. newspapers illustrate the scope of this financial drain .,1.2679700005769243,0.20193355890056064,0.8334624496465455,0.7655543946275174,0.7980664410994392
1366,"Start-up costs for the Washington Times alone were close to $ 50 million , and the total amount lost in this journalistic black hole was estimated at $ 150 million by 1984 .",1.8017609668606411,0.26548288874817877,0.7385378137992775,0.7305399501859299,0.7345171112518214
1367,"Since then , Moon 's organization has inaugurated a pair of high-quality glossy opinion magazines , The World and I and Insight , which are a further drain .",1.9991092569323134,0.3046798773720411,0.6766675223336321,0.7150302050130007,0.695320122627959
1368,"Insiders say that not even their editors know for sure how much these show-piece publications , along with the newspapers , have cost Mr. Moon .",1.9527269205064215,0.31218192146885937,0.647069667682138,0.7340435626907226,0.6878180785311402
1369,"Many American church-owned businesses , such as a $ 30 million factory to build fishing vessels , are defunct .",1.7937151490463608,0.2869879475291536,0.7673697848737262,0.6658459085443411,0.7130120524708464
1370,Some components of the American church had their budgets cut in half last year and again this year .,1.632607895192307,0.2534241856812817,0.8392004207082696,0.6723652179832639,0.7465758143187181
1371,The relatively small academic conferences that have attracted conservative guests -- and press scrutiny -- in recent years are much more narrowly targeted and austere than the thousand-person get-togethers in fancy digs and exotic locales of years past .,2.985754173422347,0.5157477026917484,0.4758912384713422,0.49291240552387255,0.48425229730825164
1372,I attended several of these in the dual role as a presenter of research findings as well as an investigator of my hosts .,2.2463917915931235,0.4190540108477287,0.5704615763745328,0.5918229997659212,0.5809459891522711
1373,-LRB- Mr. Moon 's Paragon House eventually even published three of my co-edited books on religion and politics . -RRB-,2.2642106257572134,0.39175596508089844,0.5414293268763566,0.6938706591299924,0.6082440349191014
1374,"According to veteran watchers of Unificationist affairs , such as Dr. J. Gordon Melton , director of the Institute for the Study of American Religion , almost all operations are being drastically reduced as Mr. Moon now concentrates more on developing his empire in the Far East .",2.6458464278295457,0.4022856193671692,0.6211332215337636,0.5759973172642562,0.5977143806328309
1375,"`` Everything , '' one non-`` Moonie '' senior consultant to the Unification Church recently told me in an interview , `` is going back to Korea and Japan . ''",1.9932403207038982,0.3204227492312323,0.6582712917260651,0.7023085429259655,0.6795772507687681
1376,-LRB- Europe had proved even less hospitable than North America .,1.4190582249488015,0.306142934471223,0.6037511236125191,0.8155765845131722,0.693857065528777
1377,European politicians were less reluctant to have their governments investigate and harass new religions . -RRB-,1.6887218755408666,0.2905938830277615,0.7412965431070233,0.6801463592773405,0.7094061169722383
1378,"So Mr. Moon is in retreat , refocusing on the Far East .",0.9230769230769242,0.16972727933001575,0.8605838547608041,0.802024152563638,0.8302727206699844
1379,South Korea and Japan continue to be profitable .,0.612197222702993,0.12651934181054578,0.8734806581894544,0.8734806581894543,0.8734806581894544
1380,"Moon 's Tong'Il industry conglomerate is now investing heavily in China , where church accountants have high hopes of expanding and attracting converts even in the wake of the bloody massacre in Tiananmen Square .",2.2138269558675434,0.34350916756537975,0.6499652356565195,0.6631487910093445,0.6564908324346203
1381,Panda Motors is one such investment .,1.250698214594781,0.28659369423637937,0.6173190124823503,0.8449203299593961,0.7134063057636205
1382,"According to senior consultants to the church , Mr. Moon has successfully negotiated a joint venture with the Chinese government to build an automobile-parts plant in Guangdong Province , an area of China with a substantial Korean minority .",2.560627791358149,0.42339218706763965,0.5722568039926698,0.5810254923619745,0.5766078129323605
1383,Mr. Moon has agreed to put up $ 10 million a year for 25 years and keep the profits in China .,1.6261107959462429,0.2502920493050649,0.7407148543831569,0.7589221031127555,0.7497079506949349
1384,"In return , he has the government 's blessing to build churches and spread Unificationism in that country .",1.6775948937330112,0.2711623313623116,0.7602358236652229,0.6999301700641908,0.7288376686376883
1385,"Whatever respectability and ties to intellectuals and opinion-makers the publications and conferences bring really are salvage -- not the Rev. Moon 's original final goals , but the ones for which he will have to settle .",2.1482146879828132,0.3205301375959629,0.6823463943354192,0.67661748155002,0.6794698624040372
1386,"Mr. Shupe is co-author -LRB- with David G. Bromley -RRB- of `` ` Moonies ' in America : Cult , Church , and Crusade '' and `` Strange Gods : The Great American Cult Scare .",2.5695273871534594,0.4866688617543975,0.5298256555052994,0.4978326270394745,0.5133311382456023
1387,The Manville Personal Injury Settlement Trust said it is considering several ways to ease a liquidity crunch that could include the sale of Manville Corp. to a third party .,2.2223678154352373,0.36429602631649655,0.6326693163741749,0.6387678833373547,0.6357039736835036
1388,"In a filing with the Securities and Exchange Commission , the majority holder of Manville acknowledged that the cash portion of its initial funding of $ 765 million will be depleted next year , and that alternative sources of funds will be necessary to meet its obligations .",2.2754016864348667,0.336713384919157,0.6333908748905606,0.696144285633559,0.663286615080843
1389,"The trust , which was created as part of Manville 's bankruptcy-law reorganization to compensate victims of asbestos-related diseases , ultimately expects to receive $ 2.5 billion from Manville , but its cash flow from investments has so far lagged behind its payments to victims .",2.283700222333912,0.3497600907332802,0.6239416589204291,0.6788525764085586,0.6502399092667199
1390,Spokespersons for both the trust and the company refused to comment on whether any talks with a possible acquirer of Manville had actually taken place .,2.3420712688300416,0.355006142424441,0.6618341197078695,0.6289893259092072,0.6449938575755588
1391,"The trust is considering a sale of its Manville holdings , but Manville has the right of first refusal on any sales of its stock held by the trust .",2.192108458318565,0.370224735548938,0.6268305621623157,0.6327477643615437,0.6297752644510621
1392,"Manville , a forest and building products concern , has offered to pay the trust $ 500 million for a majority of Manville 's convertible preferred stock .",1.6142985527156402,0.2510970433473062,0.7213420766744766,0.7786535820687838,0.7489029566526939
1393,"Manville and the trust are discussing the offer , but no decision has been made .",1.397782998537517,0.25377987049293904,0.7518081808815535,0.7407145351526434,0.746220129507061
1394,The filing also said the trust is considering a sale of Manville securities in the open market ; an extraordinary dividend on the common stock ; or a recapitalization of Manville .,2.3243918877376175,0.4141908423816404,0.5546247164770506,0.6207092829174152,0.5858091576183596
1395,"The Soviet Union 's jobless rate is soaring to 27 % in some areas , Pravda said .",1.486382639009081,0.24355252727635401,0.6889930790842101,0.838543256602558,0.756447472723646
1396,It said the situation is caused by efforts to streamline bloated factory payrolls .,1.393555357451925,0.22400269281841254,0.8334104286113816,0.7259846782784224,0.7759973071815877
1397,"Unemployment has reached 27.6 % in Azerbaijan , 25.7 % in Tadzhikistan , 22.8 % in Uzbekistan , 18.8 % in Turkmenia , 18 % in Armenia and 16.3 % in Kirgizia , the Communist Party newspaper said .",1.041363539797107,0.1769043312006138,0.8138569630881332,0.8325465339600095,0.8230956687993862
1398,"All are non-Russian republics along the southern border of the Soviet Union , and all but Kirgizia have reported rioting in the past six months .",2.1834961512756523,0.3448342769843381,0.6549992444081882,0.6553322862710887,0.6551657230156617
1399,The newspaper said it is past time for the Soviet Union to create unemployment insurance and retraining programs like those of the West .,1.885880205368335,0.2952313744935124,0.7023311121255781,0.707223117100922,0.7047686255064877
1400,"Pravda gave no estimate for overall unemployment but said an `` Association of the Unemployed '' has cropped up that says the number of jobless is 23 million Soviets , or 17 % of the work force .",2.224695457048872,0.329886794387372,0.6906207922069436,0.6507884184127972,0.6701132056126283
1401,"An 11-week dispute involving Australia 's 1,640 domestic pilots has slashed airline earnings and crippled much of the continent 's tourist industry .",1.6572120826571037,0.2666407739901721,0.7395002810922566,0.7273193256131596,0.7333592260098277
1402,"`` The only people who are flying are those who have to , '' said Frank Moore , chairman of the Australian Tourist Industry Association .",1.5390774011924444,0.2567144409477755,0.7395057485878426,0.7471042072587775,0.7432855590522245
1403,He added : `` How is a travel agent going to sell a holiday when he can not guarantee a return flight ? '',2.2506671846251463,0.3843122393423667,0.6210041743616491,0.6104616018652742,0.6156877606576335
1404,"Transport giant TNT , which owns half of one of the country 's two major domestic carriers , said the cost of the dispute had been heavy , cutting TNT 's profits 70 % to $ 12 million in the three months to Sept. 30 .",2.302524933932471,0.33677314619654725,0.6780965348011349,0.648995320547845,0.6632268538034529
1405,"Brazilian financier Naji Nahas , who was arrested on Monday after 102 days in hiding , is likely to be interrogated next week by the Brazilian judiciary .",2.276735927209087,0.3513030823075109,0.6486969176924892,0.6486969176924892,0.6486969176924892
1406,"Mr. Nahas , who single-handedly provoked a one-day closure of Brazil 's stock markets in June when he failed to honor a debt of $ 31.1 million owed to his brokers , yesterday blamed his predicament on the president of the Sao Paulo stock exchange ; a few days before Mr. Nahas 's failure , the exchange raised the required margin on stock-margin transactions .",2.664318788309525,0.3861600955246686,0.6452321576284881,0.5853605629532922,0.6138399044753315
1407,China 's parliament ousted two Hong Kong residents from a panel drafting a new constitution for the colony .,2.0589166041454594,0.35957970891146235,0.6266516141865517,0.654807606402848,0.6404202910885376
1408,"The two , Szeto Wah and Martin Lee , were deemed unfit because they had condemned China 's crackdown on its pro-democracy movement .",1.697043998050023,0.26910661570237393,0.6610137669685241,0.8172943307397232,0.730893384297626
1409,"The committee is formulating Hong Kong 's constitution for when it reverts to Chinese control in 1997 , and Chinese lawmakers said the two can only return if they `` abandon their antagonistic stand against the Chinese government and their attempt to nullify the Sino-British joint declaration on Hong Kong . ''",2.0010070862625513,0.295381752041038,0.6574303255213688,0.7591039262153059,0.7046182479589623
1410,NUCLEAR REACTOR FOR ISRAEL ?,0.8000000000000003,0.20812433153147844,0.7918756684685216,0.7918756684685216,0.7918756684685216
1411,"Israeli officials confirmed that Energy Minister Moshe Shahal and his Canadian counterpart , Jake Epp , discussed a possible Israeli purchase of a $ 1.1 billion Canadian nuclear reactor for producing electricity .",2.1653973304970044,0.3461239938385064,0.623092275383001,0.6878595492313165,0.6538760061614938
1412,"However , a Canadian Embassy official in Tel Aviv said that Canada was unlikely to sell the Candu heavy-water reactor to Israel since Israel has n't signed the Nuclear Non-Proliferation Treaty .",1.3899700385753953,0.22872834084247984,0.7776272623930666,0.7650191033079781,0.7712716591575202
1413,Israel has been accused in the past of using subterfuge to seek elements needed to develop nuclear weapons .,1.8300473649035238,0.3260270723439724,0.6294063847343888,0.7253316779684275,0.6739729276560272
1414,The South Korean government is signing a protocol today establishing formal diplomatic relations with Poland .,1.4528195311147831,0.25475460396180327,0.7727272727272728,0.7196511597164034,0.7452453960381968
1415,The two are also signing a trade agreement .,1.5555555555555558,0.32513792214941467,0.5923246972875101,0.7841259734395192,0.6748620778505854
1416,"South Korean government officials said they do n't expect that Seoul can loan money to Warsaw , but it can `` offer experience . ''",1.7958638780895901,0.28454027896463674,0.6939250975844602,0.7383737215744676,0.7154597210353635
1417,Poland is the second Communist nation to recognize the Seoul government ; South Korea established diplomatic relations with Hungary in February 1989 .,1.7841548886807566,0.30385844343133556,0.6885614849156731,0.7038903772804275,0.6961415565686645
1418,"Venezuela will hold a debt-equity auction Friday , with 32 potential bidders participating .",1.25069821459478,0.22711603749634945,0.6880173497392815,0.8816329699019726,0.7728839625036503
1419,"Earlier this year , Venezuela announced it was opening up debt-equity swaps to foreign investors but said the program would be limited to a net disbursement of $ 600 million a year .",2.198911934474136,0.34414028822184245,0.617052181895811,0.6998761938585928,0.6558597117781576
1420,Friday 's auction will be limited to $ 150 million disbursed by the Central Bank to potential investors .,1.046015946364589,0.17127531983700126,0.7607719513778152,0.9100072162017198,0.8287246801629988
1421,"The office of foreign investment has authorized some $ 1.78 billion worth of investment proposals , said Edwin Perozo , superintendent of foreign investment .",1.346059378176128,0.20579206927712618,0.8440244708000815,0.7499442521390723,0.7942079307228737
1422,"Most of the proposals are in tourism , basic industry and fishery and agro-industry projects , he said .",1.282343577715804,0.20380720293620663,0.8880413354186065,0.7215628344361262,0.7961927970637934
1423,"Under the debt-equity program , potential investors will submit sealed bids on the percentage of discount they are willing to purchase the debt at , and the bids will be allocated based on these discount offers .",1.8772462677405715,0.3000193435462693,0.7242199722406883,0.6773113510580341,0.6999806564537304
1424,The Venezuelan central bank set a 30 % floor on the bidding .,1.5007519234097648,0.2543592354801732,0.781396523523432,0.7130141023302696,0.7456407645198266
1425,A song by American singer Tracy Chapman praising jailed black leader Nelson Mandela was banned from South African state radio and television .,1.6997210404261236,0.338529768761877,0.5882929333029239,0.7554386547592277,0.6614702312381231
1426,The South African Broadcasting Corp. said the song `` Freedom Now '' was `` undesirable for broadcasting . '' ...,0.7950067264945053,0.14358315844169503,0.8753110339468447,0.8383211023559044,0.8564168415583047
1427,Britain 's House of Commons passed a law that will force English soccer fans to carry identity cards to enter stadiums .,2.178006680040618,0.39508926282112333,0.5635693876321971,0.6527975306990593,0.6049107371788764
1428,"The `` anti-hooligan '' law , which would deprive troublemakers of cards , must be ratified by the House of Lords and is expected to become effective early next year .",2.1367364825008863,0.3110953127967892,0.7246045605105056,0.656557368208291,0.6889046872032107
1429,"A federal judge ruled that Imelda Marcos was n't brought to the U.S. against her will and that marital privileges , which protect spouses from incriminating each other , do n't apply in her case .",2.594370734822194,0.38701496811572395,0.5888291112681118,0.6392076647526751,0.6129850318842761
1430,"As a result , Judge John F. Keenan of New York ordered Mrs. Marcos to turn over to the court all pleadings and documents she may have filed in foreign countries in opposition to U.S. requests for evidence .",2.719953847041423,0.43355019747837986,0.5969218018044155,0.5389378029668479,0.5664498025216204
1431,Mrs. Marcos had claimed that she did n't have to turn over the documents because she was brought here involuntarily and because providing the materials would violate her marital privilege .,2.011758966987104,0.3272752478415268,0.5945527278916707,0.7745648389034924,0.672724752158473
1432,"In 1988 , a year and a half after Mrs. Marcos and her late husband , Ferdinand Marcos , the ousted president of the Philippines , fled the Philippines for Hawaii , they were charged with racketeering , conspiracy , obstruction of justice and mail fraud in a scheme in which they allegedly embezzled more than $ 100 million from their homeland .",2.574099148996284,0.38431951727689456,0.6035279079727647,0.6283325205547278,0.6156804827231055
1433,"Much of the money was fraudulently concealed through purchases of prime Manhattan real estate , federal prosecutors have charged .",1.5132331253245184,0.23171343842548253,0.8406637141457463,0.7073841466744614,0.7682865615745172
1434,Mrs. Marcos 's trial is expected to begin in March .,1.7049897729239523,0.3270101939722272,0.6586897955539807,0.6879244954002227,0.6729898060277727
1435,U.S. law requires criminal defendants to turn over foreign documents such as those sought in the Marcos case .,2.1589236846659916,0.36493711082721275,0.6323051745309964,0.6378447639948026,0.635062889172787
1436,"The law is meant to overcome delays caused by defendants ' use of foreign procedures to block U.S. requests for records , Judge Keenan said in his opinion .",2.3101282227479656,0.366548226193151,0.6749808524543631,0.5967367648559249,0.6334517738068495
1437,"For instance , the documents could involve foreign business dealings or bank accounts .",1.0539205358688202,0.18834117064812006,0.8882469105530313,0.747229789297049,0.8116588293518803
1438,"The U.S. has charged that the Marcoses ' alleged crimes involved bank accounts in the Philippines , Hong Kong , the U.S. and other countries .",1.4238288464866864,0.21789851419112094,0.818271395880751,0.7489938396643074,0.7821014858088787
1439,"On the allegation of kidnapping , Judge Keenan wrote , `` The suggestion that Mrs. Marcos was brought to this country against her will is unsupported by affidavit or affirmation . ''",2.8357833870063773,0.45089612292055625,0.5546600216652193,0.5436579426036855,0.5491038770794436
1440,The judge also said the two marital testimonial privileges cited by Mrs. Marcos do n't apply .,1.707032353450229,0.27388771450713206,0.6780535026412714,0.781503341256047,0.7261122854928681
1441,The first one permits a witness to refuse to testify against her spouse .,1.0260377126143077,0.19221482318688377,0.7585104503673666,0.863906706329863,0.8077851768131166
1442,But Judge Keenan said that privilege 's purpose is `` fostering harmony in marriage . '',1.3671439363079507,0.2663515047652764,0.6376468469717859,0.8636809684405211,0.7336484952347234
1443,"Because Mr. Marcos died Sept. 28 , the privilege can no longer apply , the judge said .",1.584962500721156,0.26033262319924083,0.739667376800759,0.739667376800759,0.7396673768007589
1444,The second marital privilege cited by Mrs. Marcos protects confidential communications between spouses .,1.6004551397547644,0.33597904070063767,0.5858649974394438,0.7662393425313047,0.6640209592993626
1445,"But Judge Keenan said that privilege is meant to protect private utterances -- not litigation papers filed with foreign governments , as Mrs. Marcos 's attorneys maintained .",2.2394008715799165,0.371027463639108,0.585769516959287,0.6790558216610272,0.6289725363608921
1446,"Though Judge Keenan threw out most of Mrs. Marcos 's objections , he agreed with one of her concerns : that turning over the foreign documents could violate the defendant 's constitutional right against self-incrimination .",2.397326736772169,0.35309462128314445,0.6502176716130076,0.6436266612795979,0.6469053787168554
1447,"As a result , he said he will examine the Marcos documents sought by the prosecutors to determine whether turning over the filings is self-incrimination .",2.2878439790524627,0.3552783046592368,0.6889785460255384,0.6058073822402945,0.6447216953407631
1448,Judge Keenan also directed the prosecutors to show that Mrs. Marcos 's Fifth Amendment right against self-incrimination wo n't be violated .,1.296787500590038,0.21026041888200822,0.8077144659441432,0.7725473065658186,0.789739581117992
1449,"Mrs. Marcos 's attorney in New York , Sandor Frankel , declined to comment on the ruling .",1.1677527782585484,0.19999999999999998,0.8983867852641341,0.721035799364551,0.8
1450,Mrs. Marcos has n't admitted that she filed any documents such as those sought by the government .,1.6030418317929636,0.2677866417404358,0.6541716121934635,0.8313979559191258,0.7322133582595641
1451,"Charles LaBella , the assistant U.S. attorney prosecuting the Marcos case , did n't return phone calls seeking comment .",1.4692038992627072,0.2881264520450185,0.7059567089430832,0.7178904069383025,0.7118735479549814
1452,U.S. . AND BRITISH LAW FIRMS announce rare joint venture in Tokyo .,2.386119231434914,0.5423767948229119,0.37825727017470895,0.5791379139816262,0.4576232051770882
1453,"Sidley & Austin , a leading Chicago-based law firm , and Ashurst Morris Crisp , a midsized London firm of solicitors , are scheduled today to announce plans to open a joint office in Tokyo .",2.0703306637907213,0.3553294632031062,0.6053205493040901,0.6894922629989632,0.6446705367968939
1454,The firms will be registered under Japanese law as foreign legal consultants and their practice with Japanese clients will be limited to advising them on matters of foreign law .,1.350207914222552,0.2223679756445248,0.8266270814612323,0.7341199616032527,0.7776320243554751
1455,The office may also be able to advise foreign and multinational clients on international law and general matters .,1.0976185774880696,0.18125628315499454,0.82487166418976,0.812706146771524,0.818743716845005
1456,"The office will provide `` one-stop shopping '' for Japanese financial institutions and other clients seeking advice on access to the world capital markets , according to A. Bruce Schimberg , Sidley 's senior banking specialist , who will move to Tokyo from Chicago to open the office next year .",2.4023132582852353,0.3616115360498568,0.6867002850859971,0.5964276458568385,0.6383884639501433
1457,"The Sidley-Ashurst venture will also be staffed by another Sidley partner specializing in corporate law , a partner from Ashurst concentrating on acquisitions and a Japanese attorney .",1.6434290153929814,0.25539435020549234,0.76587415077096,0.7244864935595225,0.7446056497945074
1458,"The office will tap the resources of Sidley 's 700 lawyers in the U.S. , London and Singapore as well as the 400 Ashurst staff members in London and Brussels .",1.4191266078935243,0.21446557003824265,0.8194514079546277,0.7543135007448014,0.7855344299617573
1459,Ashurst is new to the Far East .,0.5943609377704338,0.10995202064513875,1.0,0.8018796874098555,0.8900479793548612
1460,Sidley will maintain its association with the Hashidate Law Office in Tokyo .,0.9511175366615605,0.17209548593746224,0.862161495664949,0.7962658202760702,0.8279045140625378
1461,THE UNITED AUTO WORKERS said it will seek a rehearing of a U.S. appellate court ruling against the union 's claim that the state of Michigan engages in wage-discrimination against female employees .,2.316805282689416,0.39214379255767084,0.5873794707260487,0.6298121987869373,0.6078562074423289
1462,A three-judge panel of the court in Cincinnati made the ruling Saturday .,0.6734528847818062,0.11839445431635921,0.9421897505017861,0.8283419256373168,0.8816055456836408
1463,The UAW is seeking a hearing by the full 14-judge panel .,0.9591479170272441,0.1631913392366732,0.861230575340913,0.8137336173760195,0.8368086607633269
1464,"The union sued the state in November 1985 , alleging that it intentionally segregated job classifications by sex and paid employees in predominantly female jobs less than males in comparable jobs .",2.429643936307951,0.39024186289389334,0.6007707822904107,0.6190184720115899,0.6097581371061068
1465,The UAW also charged that the state applied its own standards for determining pay in a discriminatory manner .,2.1641797620401952,0.36615089413069246,0.6011942164460363,0.6702551581499658,0.6338491058693071
1466,"In November 1987 , a district court judge in Detroit ruled against the UAW .",1.6419460322060453,0.3056583055144127,0.6934822125751953,0.6952033094739783,0.6943416944855871
1467,"The union is the bargaining representative for more than 20,000 Michigan state employees .",1.6513868199116981,0.29085956711260114,0.7477066791571608,0.6743574921423251,0.7091404328873993
1468,NEW JERSEY MERGER :,0.5,0.14285714285714285,1.0,0.75,0.8571428571428571
1469,"One of the largest law firms in central New Jersey has been created through the merger of Norris , McLaughlin & Marcus , a 41-lawyer firm , and Manger , Kalison , McBride & Webb , a health-care specialty law firm with 14 lawyers .",2.1834422421342206,0.3509356115243558,0.6617620921667274,0.6368447909074667,0.6490643884756444
1470,"Norris McLaughlin is a general-practice firm that has expanded recently into such specialties as banking , labor and environmental work .",1.7490026644381205,0.29094971597950875,0.6593781343900295,0.7668159164462179,0.7090502840204909
1471,The merged firm will carry Norris McLaughlin 's name .,0.7509775004326933,0.14745638886005255,0.7975782308623056,0.9156456484298859,0.8525436111399473
1472,DRUG WARS :,0.666666666666667,0.26631956334878915,1.0,0.5793801642856952,0.7336804366512111
1473,A Texas legislator proposes color-coding drivers ' licenses of some drug offenders .,1.5084338826489856,0.28584734955697205,0.7538164289706334,0.6784542268473294,0.7141526504430278
1474,The bill would authorize courts to order the licenses as a condition of probation .,1.490968531773352,0.269965436764161,0.7907885832366126,0.6779496360842586,0.7300345632358388
1475,"State Senator J.E. `` Buster '' Brown , a Republican who is running for Texas attorney general , introduced the bill .",1.7788830868076024,0.30318841268230684,0.7741593989202439,0.6335157623237597,0.6968115873176931
1476,He said an altered license would be an `` embarrassment '' to teenagers and young adults and would act as a deterrant to drug use .,1.7518798085244116,0.2729537115629878,0.7685885494222535,0.6897644738527611,0.7270462884370122
1477,"Richard Avena , executive director of the Texas Civil Liberties Union , called the proposal `` political gimmickry , '' and said it fails to recognize the drug problem as a health issue .",1.9020892489134438,0.29837091415168754,0.7607289121558084,0.6510500378587932,0.7016290858483124
1478,"The amendment , offered by Rep. Douglas Bosco -LRB- D. , Calif. -RRB- , was approved 283-132 during debate on a bill designed to strengthen the Transportation Department 's authority in dealing with leveraged buy-outs of airlines .",2.2643139128171264,0.355878402592826,0.6668109321734932,0.6229255351943895,0.644121597407174
1479,"The bill would require the agency to block the acquisition of 15 % or more of an airline 's stock if the purchase threatened safety , reduced the carrier 's ability to compete , or put the airline under foreign control .",1.7799932421882527,0.2697579382277202,0.7680177041321296,0.6960082683540022,0.7302420617722797
1480,"Debate on the legislation , which faces a veto threat from President Bush , is to continue today .",1.3876067356105404,0.2321905582763801,0.8134022256976775,0.7270565041447105,0.7678094417236199
1481,The amendment would require the department to block the purchase of a major airline by anyone who has run two or more carriers that have filed for protection from creditors under Chapter 11 of the Bankruptcy Code .,2.61537047329616,0.42938200725328374,0.529177658873469,0.619100237023377,0.570617992746716
1482,"In 1983 , Texas Air 's Continental Airlines filed for bankruptcy .",0.5629072918469555,0.11394074772331532,0.8467132018086353,0.9292402660197785,0.8860592522766847
1483,"Earlier this year , Texas Air 's Eastern Airlines filed for bankruptcy .",0.6734528847818053,0.12978558982177596,0.8129136273233448,0.936205833325465,0.8702144101782238
1484,"`` This ought to be subtitled the ` Do n't let Frank Lorenzo take over another airline ' amendment , '' said Rep. James Oberstar -LRB- D. , Minn. -RRB- , chairman of the House aviation subcommittee , who argued that the provision was unnecessary because the bill already would give the department ample power to block undesirable deals .",2.8344960039335647,0.4278498200991499,0.5798184179487722,0.5646821229946085,0.5721501799008504
1485,"For years , a strict regimen governed the staff meetings at Nissan Motor Co. 's technical center in Tokyo 's western suburbs .",2.4426438898862632,0.4590187967834839,0.5091513195205817,0.5770561989902117,0.5409812032165162
1486,Employees wore identification badges listing not only their names but also their dates of hire .,1.2209754095806162,0.27232891397572895,0.6568426774875902,0.8156207959409334,0.7276710860242712
1487,"No one could voice an opinion until everybody with more seniority had spoken first , so younger employees -- often the most enthusiastic and innovative -- seldom spoke up at all .",2.605036602568218,0.46147980405920774,0.46375436349678817,0.6420268742185588,0.5385201959407923
1488,"But in 1986 , the badges and the `` do n't speak out of turn '' rule were abolished -- early steps in a cultural revolution still rolling on with all the subtlety of a freight train .",2.4387114332383444,0.38623773749351015,0.6133999750813104,0.6141249781343104,0.6137622625064898
1489,"In recent years , Nissan has instituted flex-time work schedules and allowed employees to dress casually , even in blue jeans .",1.6129065206983633,0.254874436584448,0.7601676347528439,0.7306672409873322,0.7451255634155519
1490,"A rule forbidding staffers to own competitors ' cars has been lifted , and now many designers drive foreign cars to get useful ideas .",1.4432377598909651,0.256088310924325,0.7310056675211113,0.7572816167003843,0.7439116890756747
1491,Nissan 's decades-old corporate song filled with references to Mount Fuji has been scrapped in favor of a snappy tune sung by a popular Japanese vocalist .,2.7296180306143443,0.5063375259185201,0.44884960305048055,0.5484159928352921,0.4936624740814801
1492,"And in a Japanese corporate first , Nissan recently opened the first coed company dormitory for single employees at the suburban Tokyo technical center .",1.8412809944802815,0.3149410081477417,0.7019141331685164,0.6689943567495408,0.6850589918522584
1493,"`` We had lots of internal debate about this one , '' concedes Tadahiko Fukuyama , a senior public-relations official .",2.1113664965541616,0.3571708059308288,0.6760485474118596,0.6127215716685778,0.642829194069171
1494,"`` But in the end , top management decided to follow the voice of the younger generation . ''",1.1836960524038451,0.20096443102640582,0.8286537574839712,0.7714615742522145,0.7990355689735941
1495,"This corporate glasnost is a big reason Nissan , after years of making lackluster cars and lousy profits , has loosened up its rigid ways and now is riding a string of hits , ranging from the sleek Maxima sedan and Porsche-like 300ZX to the whimsically nostalgic Pao , a minicar sold only in Japan .",2.7559962033179506,0.40557144299403036,0.5908431048274403,0.5980577905375957,0.5944285570059699
1496,The company 's turnaround is far from complete ; many crucial tests are just beginning .,1.672180468885216,0.31951728270322255,0.5875457372741689,0.80834541235815,0.6804827172967772
1497,But its surprising progress so far holds important lessons for companies in trouble .,1.4285714285714284,0.2894516740972242,0.6245859304827885,0.8239493048428115,0.7105483259027757
1498,The big one : A company 's culture ca n't be radically changed unless top management first admits that things have gone badly awry and then publicly leads the charge .,2.5784567545773265,0.42470013626906,0.5578333532477403,0.5938955293151406,0.5752998637309399
1499,"Atsushi Muramatsu , Nissan 's executive vice president for finance , helped set the tone in December 1986 , when the company was heading toward the first operating loss by a Japanese auto maker since the nation 's postwar recovery .",2.2636625616987374,0.3622756698391437,0.6487772369782345,0.627041720912519,0.6377243301608564
1500,"`` This is a time of self-criticism to discover what is wrong with us , '' he said .",2.4349822371837058,0.44848967617056856,0.5396627617344618,0.5638897566537396,0.5515103238294314
1501,"Yutaka Kume , who took the helm as Nissan 's president in June 1985 , added simply , `` I am deeply disappointed . ''",1.385167619323627,0.2091594197509651,0.8200649569466022,0.7636274479166749,0.7908405802490347
1502,No wonder .,0.666666666666667,0.26631956334878915,0.5793801642856952,1.0,0.7336804366512111
1503,"Nissan , Japan 's second-largest auto maker and the world 's fourth-largest , was getting beat up not only by its bigger rival , Toyota Motor Corp. , but also by Honda Motor Co. , the most successful Japanese car company in the U.S. but a relative pipsqueak in Japan .",2.4975882907834004,0.38961260165704525,0.6058505195709409,0.6149927381229856,0.6103873983429544
1504,Nissan 's market share in Japan had been dropping year by year since the beginning of the decade .,1.7378710530870447,0.3209148964163387,0.6823360701846857,0.6758649683235864,0.6790851035836611
1505,"Its U.S. sales sagged , partly because of price increases due to the rising yen .",0.8443609377704338,0.13716868861778375,0.8993570498455008,0.8291566341564167,0.8628313113822162
1506,"Worst of all , Nissan was preoccupied with management infighting , cronyism and corporate rigidity .",1.0165414066556488,0.1630782320012586,0.847502125116338,0.8266023274225112,0.8369217679987413
1507,"Consider the experience of Satoko Kitada , a 30-year-old designer of vehicle interiors who joined Nissan in 1982 .",1.8086593671894882,0.3026460000677022,0.6921437152284546,0.7026433230567177,0.6973539999322976
1508,"At that time , tasks were assigned strictly on the basis of seniority .",1.489625212305239,0.28868142272098574,0.7030007443755889,0.7198355984539999,0.7113185772790143
1509,"`` The oldest designer got to work on the dashboard , '' she recalls .",1.1673183336217958,0.20920447515978785,0.7907955248402122,0.7907955248402122,0.7907955248402122
1510,`` The next level down did doors .,1.0943609377704333,0.22308223737786706,0.7622556248918264,0.7921550211540894,0.7769177626221327
1511,"If a new person got to work on part of the speedometer , that was a big deal . ''",2.0314595241545335,0.3421746729275906,0.6490269752763874,0.6668655018406865,0.6578253270724091
1512,"This system produced boring , boxy cars that consumers just were n't buying .",1.1617616076064587,0.19752745442714098,0.7764934471794495,0.8302501800087209,0.8024725455728593
1513,"Desperately hoping to spark sales , Nissan transferred 5,000 middle managers and plant workers to dealerships .",0.8449722339176642,0.13731609449382887,0.8826344810918938,0.8436152976934734,0.8626839055061714
1514,"Meanwhile , President Kume ordered everyone from top executives to rookie designers to go `` town watching , '' to visit chic parts of Tokyo to try to gain insights into developing cars for trend-setters .",2.5386091347494024,0.4455957198462296,0.5278166377003298,0.583812600333103,0.5544042801537705
1515,Some town-watching excursions were downright comic .,0.9649839288804953,0.207535658331763,0.7306239305568806,0.8657411483701793,0.792464341668237
1516,One group of middle-aged manufacturing men from the company 's Zama plant outside Tokyo was supposed to check out a trendy restaurant in the city .,2.5601574552940956,0.5247910942058388,0.37869709373456867,0.6377378383196938,0.4752089057941611
1517,"But when they arrived at the door , all were afraid to go in , fearing that they would be out of place .",1.867871725971269,0.3196820094427746,0.5894783681089305,0.8042550691432947,0.6803179905572255
1518,Other trips were more productive .,1.0000000000000004,0.23981246656813157,0.7039180890341348,0.82623465712856,0.7601875334318685
1519,Mr. Kume himself visited Honda 's headquarters in Tokyo 's upscale Aoyama district .,1.419593070066231,0.2809818128312116,0.6746198063181068,0.7696721986359638,0.7190181871687884
1520,He liked the well-lighted lobby display of Honda 's cars and trucks so much that he had Nissan 's gloomy lobby exhibit refurbished .,1.8239348962840563,0.2827915877889705,0.6958341134877931,0.7399374562753791,0.7172084122110295
1521,"Later , Nissan borrowed other Honda practices , including an engineering `` idea contest '' to promote inventiveness .",1.3015292606947657,0.2340156927918258,0.7976866407552244,0.7367055360268376,0.7659843072081742
1522,One engineer developed a `` crab car '' that moves sideways .,1.259951289896979,0.25661059792119134,0.6950266870164192,0.7989860200943448,0.7433894020788088
1523,"Such sudden cultural shifts may come across as a bit forced , but they seem to be genuine -- so much so , in fact , that some older employees have resisted .",2.3306851328255527,0.3934388755270658,0.5397850765080093,0.6921911067720434,0.606561124472934
1524,"Nissan handled the die-hards in a typically Japanese fashion : They were n't fired but instead `` were neglected , '' says Kouji Hori , the personnel manager at the Nissan Technical Center .",2.4824596468796485,0.38359344948073487,0.5990781007531509,0.6347673177806707,0.6164065505192652
1525,"Despite the pain of adjusting , the cultural revolution has begun to yield exciting cars .",1.547180468885216,0.27130096971221784,0.7227198369094898,0.7347779829130981,0.728699030287782
1526,"A year ago , the company completely revamped its near-luxury sedan , the $ 17,699 Maxima , which competes against a broad range of upscale sedans ; it replaced its boxy , pug-nosed body with sleek , aerodynamic lines .",2.4815281232209996,0.37534360013175744,0.6544569227593656,0.5974515993042327,0.6246563998682424
1527,"Since then , Nissan also has launched new versions of the $ 13,249 240SX sporty coupe and 300ZX sports car .",1.143619639571594,0.1813058525557288,0.7677106279926555,0.8769309693723738,0.8186941474442708
1528,"The restyled 300ZX costs as much as $ 33,000 and is squared off against the Porche 944 , which begins at $ 41,900 .",1.213308978281824,0.1831884633499596,0.786625657344622,0.8494065629514119,0.8168115366500404
1529,"Besides new styling , the new Nissans have more powerful engines and more sophisticated suspension systems .",0.9470509100064639,0.15883203308760838,0.8614833953414792,0.8217886173737086,0.8411679669123919
1530,All three new models are outselling their predecessors by wide margins .,1.4591479170272441,0.2713460120775266,0.6482832978279975,0.8317727126205167,0.7286539879224733
1531,"In its home market , Nissan has grabbed attention with limited-production minicars featuring styling odd enough to be cute .",1.9609640474436802,0.3376662365328851,0.6235749381600394,0.7062300892847554,0.6623337634671149
1532,"One is the Pao , a tiny coupe with a peelback canvas top and tilted headlights that give it a droopy-eyed look .",2.255404477431618,0.3597147627248023,0.6554894864816433,0.62577033159958,0.6402852372751977
1533,"Nissan initially planned to sell just 10,000 Paos , but sales have passed 50,000 , and there 's a one-year waiting list for the car .",1.5045929030293754,0.2128441879651711,0.7909453561434234,0.7834024073849303,0.7871558120348288
1534,"Then , there 's the S-Cargo , an offbeat delivery van with a snail-like body that inspired its name .",1.937744375108172,0.3441438634637819,0.6137010774938411,0.7042295890079847,0.6558561365362179
1535,Nissan helped develop a Tokyo restaurant with both vehicles as its design theme .,1.1428571428571441,0.20354696406172715,0.8391548936850569,0.7578866540543571,0.7964530359382732
1536,"The chairs are S-Cargo seats , and a gift shop sells such items as alarm clocks styled like the Pao 's oversized speedometer .",1.9712518360044666,0.3768257107517267,0.5708419785450062,0.6860702245602883,0.6231742892482733
1537,All these vehicles have sharply improved Nissan 's morale and image -- but have n't done much for its market share .,1.6917854976760722,0.26305993510011116,0.7191016487520211,0.7556860121312915,0.7369400648998885
1538,Nissan had 29 % of the Japanese car market in 1980 before beginning a depressing eight-year slide that continued through last year .,2.3467029761320477,0.3951259545104229,0.5542959520748274,0.6656091880916475,0.604874045489577
1539,"Strong sales so far this year are certain to turn the tide , but even the 25 % market share that Nissan expects in 1989 will leave it far below its position at the beginning of the decade .",2.4748241346594977,0.3701932274864504,0.6085680445066936,0.6525815504149943,0.6298067725135496
1540,"Nissan concedes that it wo n't recoup all its market-share losses in Japan until at least 1995 , and even that timetable might prove optimistic .",1.8665125004992609,0.27590168986214625,0.6637233077158836,0.796556352772151,0.7240983101378536
1541,"`` Everyone else is going to catch up '' with Nissan 's innovative designs , says A. Rama Krishna , auto analyst at First Boston -LRB- Japan -RRB- Ltd .",2.165011491908334,0.3879392934314283,0.5836905734934236,0.643329578433509,0.6120607065685717
1542,"Nissan 's pace of new-model hits will slow , he adds , just as arch-rival Toyota unleashes its own batch of new cars .",1.7406015629507232,0.26388783718603853,0.7419478328237167,0.7303675754352986,0.7361121628139615
1543,"Likewise , in the U.S. , Nissan has grabbed 5.2 % of the car market so far this year , up from 4.5 % a year ago .",1.9780027851876483,0.3214061833749458,0.6625797619908512,0.6954011392687092,0.6785938166250545
1544,"But even that brings Nissan only to the share it had in 1987 , and leaves the company behind its high of 5.5 % in 1980 and 1982 .",1.7289298443937113,0.25308118404839025,0.7686842586113027,0.726352018805757,0.7469188159516097
1545,Why ?,0.0,0.0,1.0,1.0,1.0
1546,"So far , Nissan 's new-model successes are mostly specialized vehicles with limited sales potential .",1.6006025296523,0.2881353741358203,0.7249943808659857,0.6992019751285273,0.7118646258641796
1547,"In compact and subcompact cars , the bread-and-butter sales generators for Japanese auto makers , Nissan still trails Toyota and Honda .",1.5416430436769826,0.26334647153779445,0.7536028211909379,0.7204498790684654,0.7366535284622053
1548,"Nissan hopes that that will start to change this fall , with its new version of the Stanza compact sedan .",1.7268886907852572,0.251466550720097,0.7631111234021035,0.7345022883220671,0.7485334492799028
1549,The Stanza has been a nonentity compared with Honda 's hugely successful Accord and Toyota 's Camry .,1.257177249060594,0.21052738366934953,0.738558590898192,0.8479261123440518,0.7894726163306506
1550,"But this year , Honda has revamped the Accord and made it a midsized car .",1.5943609377704338,0.25900819096968913,0.7409918090303109,0.7409918090303109,0.7409918090303109
1551,"Nissan instead has kept its new Stanza a bit smaller than that and cut the base price 6 % ; at $ 11,450 , Stanza prices start $ 749 below the predecessor model yet have a more-powerful engine .",1.7220132178479872,0.24282336373227306,0.7479550058321438,0.766628494470791,0.7571766362677271
1552,"Accord prices start at $ 12,345 .",0.5714285714285712,0.1133049180745301,0.7964530359382731,1.0,0.8866950819254699
1553,Nissan 's risk is that its low-base-price strategy might get lost amid the highly publicized rebates being offered by Detroit 's Big Three .,2.3450281223955804,0.3707614791577464,0.5617346254473546,0.7151822890188463,0.6292385208422535
1554,"But `` on a new car , a rebate does n't work well '' because it cheapens the vehicle 's image , contends Thomas D. Mignanelli , executive vice president of Nissan 's U.S. sales arm .",2.5888569183557366,0.40130204770198535,0.5913144580563743,0.6062681671987561,0.5986979522980149
1555,"Even if the new Stanza succeeds , Nissan will remain behind in the subcompact segment , where its Sentra does n't measure up to the Honda Civic and Toyota Corolla .",1.4613860938324654,0.21799337210534447,0.7654675417844399,0.7992762013225547,0.7820066278946556
1556,Nissan will introduce a completely revamped Sentra next fall .,1.075488750216346,0.1931425614222114,0.7688208852920502,0.8488535167807805,0.8068574385777884
1557,"At the opposite end of the market , Nissan launches its luxury Infiniti division on Nov. 8 -- three years after Honda pioneered Japanese luxury cars and two months after Toyota 's Lexus went on sale .",2.2159508346497487,0.3353521283508963,0.6790272883962455,0.65086483686497,0.664647871649104
1558,Nissan started advertising Infiniti fully eight months before the cars hit American showrooms .,1.5013964291895636,0.24559454542669218,0.7724563711004713,0.737178908909185,0.7544054545733081
1559,"The ads featured fences , rocks and pussy-willow buds -- almost anything but the cars themselves .",1.751437500636316,0.3337967653782811,0.6874343926712988,0.646244219889019,0.6662032346217189
1560,The ads have generated some laughs but also plenty of attention because they are so unlike any other U.S. auto advertising .,2.3654136371503514,0.3937109827199077,0.5577229329886205,0.6641200836667345,0.6062890172800921
1561,"On the other hand , Nissan 's sales goals for Infiniti are modest compared with Toyota 's targets for Lexus .",1.274042262007784,0.21280915798927735,0.821462056880843,0.7556646791502566,0.7871908420107228
1562,"Nissan will build only about 3,500 of the $ 38,000 Infiniti Q45 sedans each month , sending about 2,000 of them to the U.S. and keeping the rest for sale in Japan .",1.4321553008739398,0.21518540626539892,0.8002697101808333,0.7699451174860668,0.7848145937346009
1563,"Toyota wants to sell about 49,000 Lexus LS400 sedans next year in the U.S. alone .",1.7665414066556497,0.2833966697944924,0.7077674440264835,0.7256626227644326,0.7166033302055075
1564,"`` When I saw the Lexus sales projections , I got worried , '' confesses Takashi Oka , who led the Infiniti development team .",1.735363119410164,0.2867440661132145,0.772677832856406,0.6623209072044737,0.7132559338867853
1565,"But on reflection , Mr. Oka says , he concluded that Nissan is being prudent in following its slow-startup strategy instead of simply copying Lexus .",2.2502399010260223,0.3474100751537283,0.640096552554972,0.6655806953538883,0.6525899248462717
1566,"`` Infiniti is Nissan 's big business move for the 21st century , and we 're in no hurry to generate large profits right away , '' Mr. Oka says .",2.378987289092078,0.35902849900667005,0.647909900260775,0.6341801323723081,0.6409715009933298
1567,"Despite plans to add two new Infiniti models next year , bringing the total to four , Infiniti wo n't show profits for at least five years , he adds .",1.959001804941952,0.2949418549069643,0.728005590444119,0.6835131449629996,0.7050581450930357
1568,"These days Nissan can afford that strategy , even though profits are n't exactly robust .",1.9475787161706353,0.35076205795887294,0.5627608007005029,0.7671177814482649,0.6492379420411272
1569,"Nissan had record net income of 114.63 billion yen -LRB- $ 868 million -RRB- in the fiscal year ended last March 31 , a remarkable recovery from the 20.39 billion yen of two years earlier , when the company lost money on operations .",2.782173981697185,0.4736248273857987,0.503807745027585,0.5510591676180506,0.5263751726142014
1570,Nissan has increased earnings more than market share by cutting costs and by taking advantage of a general surge in Japanese car sales .,1.796642311615157,0.2924361147620734,0.7192235282355713,0.6962762504631644,0.7075638852379267
1571,"But Nissan expects to earn only 120 billion yen in the current fiscal year , a modest increase of 4.7 % .",1.8467813855950315,0.2942523169211638,0.6424261282309419,0.7829168899489936,0.7057476830788361
1572,"The big reason : For all its cost-cutting , Nissan remains less efficient than Toyota .",1.5943609377704338,0.26997263479365297,0.7003786415796758,0.7622972535944578,0.7300273652063473
1573,"In its last fiscal year , Nissan 's profit represented just 2.3 % of sales , compared with 4.3 % at Toyota .",1.5056169775256834,0.2474487767737379,0.6880487091292827,0.830398616525385,0.7525512232262623
1574,"To help close the gap , Nissan recently established a top-level cost-cutting committee .",1.1149743196026298,0.19759964706479013,0.7673377791399426,0.8408206372529028,0.80240035293521
1575,"Nissan is the world 's only auto maker currently building vehicles in all three of the world 's key economic arenas -- the U.S. , Japan and Europe .",1.6304900867291146,0.24503539179780287,0.7760587600914103,0.7349868374670585,0.7549646082021975
1576,"That gives it an enviable strategic advantage , at least until its rivals catch up , but also plenty of managerial headaches .",2.566067391680605,0.43059753722585165,0.5380010793659894,0.6046966510450577,0.5694024627741484
1577,"For example , Nissan 's U.S. operations include 10 separate subsidiaries -- for manufacturing , sales , design , research , etc. -- that report separately back to Japan .",1.871390315002544,0.3072506206063757,0.7028735488192792,0.6829127250719779,0.6927493793936244
1578,"And in July , Nissan 's Tennessee manufacturing plant beat back a United Auto Workers organizing effort with aggressive tactics that have left some workers bitter .",1.9326225728660757,0.31555152045106927,0.659937996720203,0.7108498586808991,0.6844484795489307
1579,"`` We are in a transitional phase from being a Japanese company to becoming an international company based in Japan , '' says Mr. Muramatsu , the executive vice president .",2.592832143385325,0.3963746677915183,0.6610291671749203,0.5553947959603154,0.6036253322084812
1580,"He promises that Nissan will soon establish a holding company overseeing all U.S. operations , just as it 's doing in Europe .",1.549945238771504,0.2642108735802673,0.6806992426422677,0.8005812157400362,0.7357891264197329
1581,"Perhaps the biggest challenge , however , will be to prevent a return to its former corporate rigidity as its recovery continues .",2.0673423922449876,0.33834193257719297,0.6135488198483922,0.7179538651280108,0.6616580674228071
1582,"Already , personnel officials are talking about the need for a `` Phase Two '' cultural-reform effort of some sort .",1.519816521947316,0.26472987151667177,0.8047314098230385,0.6768473050354059,0.7352701284833283
1583,"`` We are still only half way through the turnaround of this company , and there are many more things to do , '' President Kume says .",2.3751247665720685,0.3839724496164118,0.5783471538800354,0.6589600259591168,0.6160275503835883
1584,"He adds , however , that `` the momentum we have generated is unstoppable .",1.70065166695513,0.2908855676292861,0.7091144323707141,0.7091144323707141,0.7091144323707141
1585,"As expected , Warner Bros . Records said it agreed to form a recorded-music and music-publishing joint venture with former MCA Records Chairman Irving Azoff .",1.642193503507443,0.29463888314925896,0.6598284174960811,0.7576437467333054,0.705361116850741
1586,"Warner said it will provide financing for the venture , but did n't disclose terms .",1.272782998537517,0.21635460476296697,0.7304499935264076,0.8451973316905766,0.7836453952370329
1587,"Mr. Azoff has n't named the company yet , but any records it produces will be distributed by Warner .",1.8937151490463595,0.29821623439550404,0.673441633737365,0.7326162929422323,0.7017837656044958
1588,"Warner is part of Warner Communications Inc. , which is in the process of being acquired by Time Warner Inc .",1.99125149956113,0.36222834887378624,0.6231272857791752,0.6531209086870392,0.6377716511262136
1589,"Mr. Azoff resigned as head of MCA Records , a unit of MCA Inc. , in September , and had been discussing a joint venture with both Warner and MCA .",2.0130202578680008,0.35254706060042706,0.6371766658684637,0.6580661142916542,0.6474529393995729
1590,"In a statement yesterday , Mr. Azoff said he chose Warner , the largest record company , because `` their standing in the entertainment industry is second to none .",1.995810099364241,0.3086148255987333,0.7571644226328964,0.6361216143050665,0.6913851744012669
1591,"President Bush and Soviet leader Mikhail Gorbachev will hold an informal meeting in early December , a move that should give both leaders a political boost at home .",2.4706462238532616,0.41510383206766216,0.5623515752047866,0.609323873245498,0.584896167932338
1592,The White House is purposely not calling the meeting a summit so that there wo n't be any expectation of detailed negotiations or agreements .,2.2069265313509594,0.3605626117438037,0.5656731625188474,0.7353242492692176,0.6394373882561961
1593,"Rather , senior administration officials said that the unexpected meeting was scheduled at Mr. Bush 's request because of his preference for conducting diplomacy through highly personal and informal meetings with other leaders .",2.607940448607476,0.4167837214654543,0.5490206720100408,0.6219545523997555,0.5832162785345455
1594,"The two leaders will meet on Dec. 2 and 3 , alternating the two days of meetings between a U.S. and a Soviet naval vessel in the Mediterranean Sea .",1.8033288490036625,0.28809586979514973,0.6992074623400282,0.7250704348945175,0.7119041302048502
1595,"The unusual seaborne meeting wo n't disrupt plans for a formal summit meeting next spring or summer , at which an arms-control treaty is likely to be completed .",2.236032201872895,0.3614379826628988,0.6445883777190297,0.6326472960476376,0.6385620173371013
1596,"In announcing the meeting yesterday , Mr. Bush told reporters at the White House that neither he nor Mr. Gorbachev expects any `` substantial decisions or agreements . ''",1.7549604479165897,0.26664278150580384,0.7820072834104265,0.6904058422637912,0.7333572184941962
1597,"Instead , he said that the purpose is simply for the two to get `` better acquainted '' and discuss a wide range of issues without a formal agenda .",2.6046321829139205,0.4150268774307909,0.5460785058317621,0.6298331938239684,0.5849731225692091
1598,"Despite the informal nature of the session and the calculated effort to hold down expectations , the meeting could pay significant political dividends for both leaders .",2.0844694421294054,0.36316327599892834,0.6398581970255124,0.6338436522456795,0.6368367240010717
1599,Mr. Gorbachev badly needs a diversion from the serious economic problems and ethnic unrest he faces at home .,1.9881282900430168,0.33833871462589565,0.6160575812903499,0.7145563688638242,0.6616612853741045
1600,"American officials have said that a meeting with the leader of the U.S. could help bolster his stature among Soviet politicians and academics , whose support he needs .",2.014012826088506,0.30765010053544595,0.7069324582220331,0.678356797655055,0.6923498994645538
1601,"For his part , Mr. Bush has been criticized regularly at home for moving too slowly and cautiously in reacting to Mr. Gorbachev 's reforms and the historic moves away from communism in Eastern Europe .",2.5067967173125494,0.4078655432957638,0.5324834293498578,0.6668362506702763,0.5921344567042361
1602,"A face-to-face meeting with Mr. Gorbachev should damp such criticism , though it will hardly eliminate it .",1.6596834989404012,0.27599293986042184,0.6417493185383815,0.8304522473869457,0.7240070601395782
1603,"Senate Majority Leader George Mitchell -LRB- D. , Maine -RRB- , who has been the most prominent Democratic critic of Mr. Bush 's handling of the Soviet relationship , praised the president for arranging the meeting .",2.28606587733222,0.3593140184764763,0.641292985426461,0.6400801256303837,0.6406859815235239
1604,But he added : `` The mere fact of a meeting does n't deal with the substance of policy . '',1.5665046167733214,0.2728622566869621,0.677167387389536,0.7850706256703294,0.7271377433130377
1605,"Mr. Bush said that the December meeting , which was announced simultaneously in Moscow , will be held in the unusual setting of ships at sea to hold down the `` fanfare '' and force the two sides to limit participation to just small groups of advisers .",2.3451500154315044,0.34103065033872826,0.6550661921355058,0.662919299274,0.6589693496612719
1606,"`` By doing it in this manner we can have , I would say , more time without the press of social activities or mandatory joint appearances , things of that nature for public consumption , '' Mr. Bush said .",2.6355574734382894,0.4204216519340544,0.5673588938552445,0.5923357394165589,0.5795783480659457
1607,"Soviet Foreign Minister Eduard Shevardnadze , at a news conference in Moscow , said , `` As the two sides plan to hold a full-scale summit in late spring-early summer next year , they found it useful , I would say even necessary , to hold an interim informal meeting . ''",2.3797777092823225,0.3424626860872767,0.6795718382628946,0.6368868142499269,0.6575373139127226
1608,"Although no specific agreements are expected , Mr. Shevardnadze said `` that does n't mean they will be without an agenda . ''",2.2625695659699043,0.3715890815734454,0.5844674786083226,0.6794993722107933,0.6284109184265548
1609,"If the two leaders cover the subjects that have been featured in lower level U.S.-Soviet meetings , their talks would include human rights , Soviet reforms , regional disputes , relations with allies , economic cooperation , arms control , and joint efforts to fight narcotics , terrorism and pollution .",2.123521808125279,0.337908236131419,0.7032507095754917,0.6254842336348128,0.6620917638685812
1610,The president specifically mentioned U.S. economic advice to Moscow as a possible topic .,1.3117519983285915,0.22886596849416127,0.7630062843648514,0.7794368009062503,0.7711340315058388
1611,Mr. Gorbachev has for months been publicly urging the U.S. to drop its restrictions on Soviet trade .,1.617745304375764,0.2576987665632859,0.7042825667480861,0.7846587785086732,0.742301233436714
1612,"He recently told a small group of American businessmen in Moscow that he hoped to sign a general trade agreement with the U.S. , possibly at the 1990 summit .",2.686778631137593,0.40747852807646573,0.5740514007367877,0.6122196028433893,0.5925214719235344
1613,"The Soviets hope a trade agreement would give them Most-Favored Nation status , which would lower the tariffs on Soviet exports to the U.S. .",1.9149721192370883,0.3092480799757111,0.7050769596398738,0.67699737301284,0.6907519200242888
1614,In an unusually candid article about the latest economic woe -- unemployment -- Pravda yesterday reported that three million Soviets have lost their jobs as a result of perestroika and the number could grow to 16 million by the year 2005 .,2.4768876404606743,0.3638585472403494,0.6250757304698952,0.6476060291663178,0.6361414527596503
1615,Economists in Moscow are now proposing that the state start a system of unemployment benefits .,1.647782998537517,0.2700302198598645,0.7681654634248515,0.6953926001217029,0.7299697801401355
1616,But one Bush administration official knowledgeable about the summit plan cautioned against assuming that there will be bold new initiatives on the Soviet economy or other issues .,2.3846749976131054,0.37738341044346335,0.6080162904121807,0.6379353349114482,0.6226165895565368
1617,"`` Do n't take this as some big opening for major movement on economic cooperation , or arms control , or the environment , '' he said .",2.295738390624783,0.37831822995541,0.6135869681079025,0.6299930101849578,0.6216817700445901
1618,"`` Those things will all come up , but in a fairly informal way . ''",1.8671439363079516,0.34686863520316674,0.5953144258119974,0.7233866816922663,0.6531313647968333
1619,"Instead , this official said , `` This is vintage George Bush .",1.0769230769230784,0.18865017822711808,0.8338213277866716,0.7900577454181883,0.8113498217728818
1620,This was George Bush 's own idea .,0.5943609377704338,0.12115871759637824,0.7838687499016604,0.9999999999999999,0.8788412824036217
1621,It 's George Bush wanting to meet a foreign leader and talk to him directly . '',1.1535082632021654,0.185251204355771,0.7601063759322404,0.8778559824237755,0.8147487956442291
1622,"Aside from the Soviet economic plight and talks on cutting strategic and chemical arms , one other issue the Soviets are likely to want to raise is naval force reductions .",1.9129104821337988,0.3027685142728042,0.6910274606540633,0.7035479191237245,0.6972314857271957
1623,"Western analysts say that , given the meeting 's setting at sea , Gorbachev is unlikely to pass up the opportunity to press once again for negotiated cuts in the navies of both the North Atlantic Treaty Organization and the Warsaw Pact .",1.9557431727506422,0.30357718792953386,0.6995671328434423,0.6933066301674983,0.6964228120704661
1624,That theme has been a recurring one for Soviet military officials for much of this year .,2.3480086447584494,0.4383615590748071,0.5654461318497215,0.5578816886491078,0.5616384409251929
1625,They argue that as the Kremlin follows through on announced plans to cut land forces -- the Soviets ' area of greatest strength -- the U.S. should show more willingness to cut sea forces -- Washington 's area of greatest superiority .,1.898993055160254,0.2941375541710531,0.7094489892672916,0.702311982763164,0.7058624458289465
1626,"One of the reasons Bush administration aides are anxious to insist that the coming meeting will be informal is to avoid comparisons with the last such loosely structured superpower gathering , former President Reagan 's 1986 meeting with Mr. Gorbachev in Reykjavik , Iceland .",2.630227873143713,0.4037692333978343,0.5896789326699606,0.6029298292533518,0.5962307666021657
1627,That meeting sent shivers through the Western alliance because Mr. Reagan was pulled into discussing the possible elimination of nuclear weapons without consulting American allies .,2.0392134618713027,0.33903487294936696,0.6695277518273354,0.6526187523361531,0.660965127050633
1628,"Mr. Bush said that he initiated talks with the Soviets on the informal meeting by sending a proposal to Mr. Gorbachev last July , which the Soviet leader readily accepted .",2.502181658557962,0.3986556997815611,0.5935710356920132,0.609323859969503,0.6013443002184387
1629,"But word of the possible session was closely held by the president and a handful of top aides , and word of it did n't reach many second-level officials until the past few days .",2.325259371007261,0.38009187448995413,0.6052533092932636,0.6352902163164698,0.6199081255100458
1630,"Indeed , many senior officials had been insisting for weeks that Mr. Bush was n't interested in such an informal get-together .",2.4356276784306305,0.3980044445293129,0.5648454199944379,0.644376484574981,0.601995555470687
1631,"Though President Bush 's political critics at home have been urging him to open a more direct dialogue with Mr. Gorbachev , it actually was the arguments of leaders within the Soviet bloc itself that led the president to seek the December meeting .",2.3582867816558615,0.36202062202515933,0.610041921206897,0.6685984891135777,0.6379793779748404
1632,"Mr. Bush decided he wanted the meeting after talking in Europe in July with the leaders of Poland and Hungary , who urged him to support Mr. Gorbachev 's efforts to transform the Soviet system and to urge him to loosen his grip on Eastern Europe , a senior aide said .",2.111613144025754,0.3117745605235953,0.7231923344510003,0.6564839454379442,0.6882254394764047
1633,"While flying home from those discussions , Mr. Bush drafted a letter to Mr. Gorbachev suggesting an informal get-together to precede their formal summit next year .",2.2031090168653344,0.34937033154398506,0.6347310037623178,0.6673452508286527,0.6506296684560151
1634,Peter Gumbel in Moscow contributed to this article .,1.1111111111111112,0.26631956334878903,0.6325967090527288,0.8732125948308141,0.733680436651211
1635,"Banca Nazionale del Lavoro said its potential losses from lending to Iraq could reach 1.175 trillion lire -LRB- $ 872 million -RRB- , marking the bank 's first quantification of potential costs of unauthorized lending by its Atlanta branch .",1.9028969475278332,0.2761831625734879,0.7144001883408024,0.7334850477900833,0.7238168374265117
1636,BNL previously reported that its Georgia branch had taken on loan commitments topping $ 3 billion without the Rome-based management 's approval .,1.9847278474671555,0.3204879797979163,0.6073640243273325,0.7711113517320576,0.6795120202020837
1637,"State-owned BNL , Italy 's largest bank , has filed charges against the branch 's former manager , Christopher Drogoul , and a former branch vice president , alleging fraud and breach of their fiduciary duties .",2.1165639156398512,0.32403950028358064,0.713934555144977,0.6418220936351705,0.6759604997164194
1638,"BNL also said that its board had approved `` after an in-depth discussion , '' a letter to the Bank of Italy outlining measures the state-owned bank has taken or plans to take to improve controls on its foreign branches .",2.3511354350879827,0.33774416117446515,0.6886482595824174,0.6378117264448355,0.662255838825535
1639,The central bank had ordered BNL to come up with a suitable program by yesterday .,1.3915414066556506,0.21884885876464338,0.8194504665023786,0.7462720168940224,0.7811511412353564
1640,"Bank of Italy has also ordered BNL to shore up its capital base to account for potential foreign loan losses , and the Rome bank has outlined a 3 trillion lire capital-raising operation .",1.7788354669915787,0.27188618064491876,0.6873937097650238,0.7739621028015565,0.7281138193550813
1641,BNL was unable to elaborate on what measures were planned by the bank to improve controls on its branches abroad .,2.017358475076202,0.315887273865823,0.653118013106953,0.7181958051991837,0.6841127261341767
1642,Hardly a day passes without news photos of the police dragging limp protesters from some building or thoroughfare in one of our cities .,2.3485219990250115,0.4520223331320128,0.5048394988863734,0.5991768968922998,0.5479776668679873
1643,"Of recent note are the activities of the pro- and anti-abortionists , anti-nuclear activists , animal rights protesters , college students concerned about racism , anti-apartheid groups , various self-styled `` environmentalists '' and those dissatisfied with the pace of the war against AIDS .",2.3820426594985826,0.4157683034774997,0.6259298137102957,0.5477422678767438,0.5842316965225001
1644,"Maybe he did n't start it , but Mohandas Gandhi certainly provided a recognizable beginning to non-violent civil disobedience as we know it today .",2.40156400069231,0.39854973404468147,0.5157863896426285,0.7212360469695503,0.6014502659553185
1645,"The Mahatma , or `` great souled one , '' instigated several campaigns of passive resistance against the British government in India .",1.7238582822497648,0.2993823967478433,0.6855048590130214,0.7164117249520479,0.7006176032521569
1646,"Unfortunately , according to Webster 's Biographical Dictionary , `` His policies went beyond his control and resulted ... in riots and disturbances '' and later a renewed campaign of civil disobedience `` resulted in rioting and a second imprisonment . ''",2.5182705322742054,0.40890818033872767,0.5683532269123805,0.6157256826900485,0.5910918196612726
1647,"I am not a proponent of everything Gandhi did , but some of his law breaking was justified because India was then under occupation by a foreign power , and Indians were not able to participate fully in decisions that vitally affected them .",2.4467654038056206,0.38309109965222105,0.572902008531808,0.6682390079246657,0.6169089003477787
1648,"It is difficult , however , to justify civil disobedience , non-violent or not , where citizens have full recourse to the ballot box to effect change .",1.5486067999624966,0.2445330976354306,0.7989533565249282,0.7164699599092726,0.7554669023645693
1649,"Where truly representative governments are safeguarded by constitutional protections of human rights and an independent judiciary to construe those rights , there is no excuse for breaking the law because some individual or group disagrees with it .",2.7166460372952215,0.4237616442797671,0.5618792761121757,0.5913505880649633,0.5762383557202327
1650,There may be a few cases where the law breaking is well pinpointed and so completely non-invasive of the rights of others that it is difficult to criticize it .,2.3227891465194594,0.37522801732698186,0.5796266567619639,0.6775437693563156,0.6247719826730183
1651,"The case of Rosa Parks , the black woman who refused to sit at the back of the bus , comes to mind as an illustration .",2.058659589832368,0.3427701952079396,0.6762643053394699,0.6392374812425746,0.6572298047920607
1652,But most cases of non-violent civil disobedience are not nearly so benign .,1.3469057695636115,0.23439607032953408,0.7920059268600179,0.7409053995053971,0.765603929670466
1653,The public has a tendency to equate lawful demonstrations with non-violent civil disobedience .,1.7682062501545333,0.3179775661581651,0.7263878262517387,0.642764481779965,0.6820224338418348
1654,"It is true that both are non-violent , but there is a fundamental difference between them .",2.068309379925304,0.38937106670884153,0.5382572052994195,0.7054854446368596,0.6106289332911583
1655,"Lawful demonstrations , such as peaceful picketing and other assemblages that do not disturb the peace or cause a public nuisance or interfere with the rights of others , are rights guaranteed by any truly free system of government .",2.6676537312532353,0.4534907753997789,0.5209624561102147,0.5746906992434259,0.5465092246002211
1656,"Civil disobedience , violent or non-violent , is intentional law breaking .",1.166666666666667,0.2567425875282204,0.7943881317280588,0.6983107077968925,0.7432574124717798
1657,"The subject of this discussion is non-violent civil disobedience ; but , before we get on with that , let me make just a few tangential remarks about lawful demonstrations .",2.6236262866880096,0.46128258878375067,0.4903694198700346,0.597641940786052,0.5387174112162492
1658,"They are useful to call public attention to grievances , but they have little value in educating anyone about the issues in dispute .",2.5431484349857243,0.41508751092853224,0.5798375954100645,0.5900770007459961,0.5849124890714679
1659,"The delight of television in dramatic confrontation encourages overuse of slogans chanted through bullhorns , militant gestures , accusatory signs and other emotionally inspired tactics .",2.082267903362217,0.41724128457859955,0.5616334523063778,0.6055353013122968,0.5827587154214005
1660,Civilized discourse and an environment where compromise can begin are lost in a hostile posture abetted by superficial media interviews .,1.9706703802501968,0.3643494497126765,0.5896801983839757,0.6893944353271283,0.6356505502873233
1661,"At best , demonstrations are overused and boringly uninformative ; at worst , they can become the stimuli that lead to law breaking .",1.9377598927781907,0.31733518815440814,0.6711866446877346,0.694542392762075,0.682664811845592
1662,Demonstrations are particularly apt to degenerate into criminal conduct when they leave the site of the grievance and become mobile .,1.8940208338484448,0.3090407387018596,0.6790113440323953,0.7033351820228096,0.6909592612981402
1663,"Petty criminals and street people looking for excitement attach themselves like remora to the fringes of the crowd and use the protest as an excuse for rock throwing , auto trashing , arson , window breaking , looting , pocket picking and general hooliganism .",1.4611487974871045,0.2816744983486763,0.7610358209852376,0.6801543552878218,0.7183255016513235
1664,Soon the whole purpose of the demonstration is lost in mob mania .,0.9230769230769234,0.1697272793300156,0.8129136273233449,0.8483893689269354,0.8302727206699845
1665,There are better ways to promote a cause .,0.9727652780181644,0.19761047377095148,0.7246199192766692,0.8988593228552809,0.8023895262290486
1666,"Where non-violent civil disobedience is the centerpiece , rather than a lawful demonstration that may only attract crime , it is difficult to justify .",1.8545811190640098,0.2994955615637053,0.6899659896702997,0.7113698062501859,0.7005044384362946
1667,"Some find no harm in the misdemeanors of trespass , minor property destruction , blocking traffic and the like .",1.6132331253245198,0.2766828017335809,0.8083332831803681,0.6544823184940015,0.7233171982664192
1668,They say these are small prices to pay for galvanizing action for the all-important cause .,1.6415414066556497,0.26873250944914967,0.7563816785312131,0.7077674440264834,0.7312674905508502
1669,"The crimes may appear small , but the prices can be huge .",0.7315211541789948,0.13450568654374975,0.8473988175977942,0.8843795010035724,0.86549431345625
1670,Here are two cases to illustrate .,0.9649839288804962,0.20753565833176318,0.7306239305568805,0.865741148370179,0.7924643416682369
1671,Assume a neighborhood demonstration to protest speeding on a certain road or a careless accident involving a police car .,1.727404070332149,0.34267340264313406,0.6368287213434358,0.6791879064168346,0.657326597356866
1672,"The protesters lie down in the street , blocking traffic , and will not move until the authorities carry them away .",1.7736159094842656,0.3260169011479512,0.5713082200553424,0.8216489324434115,0.6739830988520483
1673,Assume that someone caught in the jam has a heart attack .,2.022055208874201,0.39279455198991353,0.5952085503494718,0.6196959076659581,0.6072054480100862
1674,There is no way to get an ambulance in quickly to move him to a hospital .,1.8017170872406294,0.35272955856005733,0.5709372398542584,0.7471649454554175,0.6472704414399428
1675,He dies .,4.440892098500626e-16,1.4009454786722165e-16,1.0,1.0,1.0
1676,"The demonstration was non-violent and involved only a simple misdemeanor , but its impact on that individual was violent and terminal .",2.193848295749564,0.37721405635887906,0.6051202724050763,0.6415140831584555,0.6227859436411208
1677,Assume that a TV network is airing a celebrity interview program with a live audience .,1.701205059304601,0.35003693082348947,0.6055047248804304,0.7014673349719508,0.6499630691765104
1678,The politician appearing is highly controversial and has recently generated a good deal of rancor amid certain groups .,2.52190247162598,0.4375700090259403,0.5383569825491208,0.5887566559925724,0.5624299909740595
1679,"In a planned protest against his appearance , several members of the studio audience chain themselves in front of the TV cameras in such a way that the program can not continue .",2.6539253103133547,0.4643138352086199,0.5297283154392468,0.5417795543131144,0.5356861647913801
1680,The network must refund money to the advertisers and loses considerable revenue and prestige .,0.7236501981515566,0.12218015996128555,0.951212037474312,0.8149417795955318,0.8778198400387143
1681,"The demonstrators have been non-violent , but the result of their trespasses has been to seriously impair the rights of others unconnected with their dispute .",1.583125363797314,0.25686926714541214,0.7051458675807664,0.7854409408414311,0.7431307328545876
1682,"It might be alleged that TV has done more than its share to popularize and promote non-violent civil disobedience , so the second situation hypothesized above would be simply a case of `` chickens coming home to roost . ''",2.506439683779742,0.38641227977791903,0.6094363864679138,0.6177959976323361,0.613587720222081
1683,Or maybe the TV network would lose nothing .,0.6666666666666679,0.11751192005564601,0.8492234537424981,0.9184649394575018,0.8824880799443541
1684,Geraldo or Phil would probably pull up another camera and interview the chained protesters .,1.8843108337660266,0.33275227902259036,0.5830604519750343,0.779849009830864,0.6672477209774093
1685,"Let us look for a moment at another type of non-violent civil disobedience that only harms other people indirectly , yet does irreparable damage to the nation as a whole .",2.889888802842986,0.547814331789404,0.41282158579771217,0.4998480494669317,0.4521856682105961
1686,I am referring to those young men who chose to disobey their country 's call to arms during the Vietnam war and fled to Canada or some other sanctuary to avoid combat .,2.515446390627105,0.4482379274480239,0.4777550068767594,0.6529001534519705,0.5517620725519762
1687,"Their cowardly acts of civil disobedience , which they tried to hide under the cloak of outrage at a war they characterized as `` immoral , '' weakened the national fabric and threw additional burdens on those who served honorably in that conflict .",2.6587249850393544,0.42941448476024363,0.5786078872433791,0.5627825606683237,0.5705855152397562
1688,"Even more at fault are those leaders in and out of government who urged and supported their defections , thereby giving great help and comfort to the enemy propagandists .",2.207191445707442,0.3685442482002551,0.63850645802091,0.6245590596952866,0.631455751799745
1689,It is amazing that the ensuing mass executions in Vietnam and Cambodia do not weight more heavily on minds so morally fine-tuned .,2.0601773037067037,0.32746477297438853,0.6042039981936363,0.7582928193552122,0.6725352270256115
1690,"Worse , it remained to a well-meaning but naive president of the United States to administer the final infamy upon those who fought and died in Vietnam .",2.2557592663832207,0.3498447168444167,0.6496453659149707,0.6506660015097168,0.6501552831555835
1691,"Under the guise of `` healing the wounds of the nation , '' President Carter pardoned thousands of draft evaders , thus giving dignity to their allegations of the war 's `` immorality . ''",1.5793467817098144,0.27771368884122877,0.7457581676374128,0.7002468689886765,0.7222863111587711
1692,"The precedent having been set , who can complain if future generations called upon to defend the U.S. yield to the temptation to avoid the danger of combat by simply declaring the war immoral and hiding until it is over ?",2.75083337564663,0.42799815846533174,0.539303916962498,0.6089206173695046,0.5720018415346685
1693,"Finally , I think it important to point out the extraordinarily high visibility of non-violent civil disobedience in these days of intensive media coverage .",2.770335238647255,0.48454652725779424,0.4919796849943022,0.5412794985920083,0.5154534727422059
1694,"Give television a chance to cover live any breaking of the law , and no second invitation will be required .",1.977418449301449,0.3377410805576224,0.6373922182033197,0.6891446478513633,0.6622589194423775
1695,This brings into question the motives of those who lead civil disobedience demonstrations .,1.3935553574519242,0.24665893148801185,0.815178054710809,0.7002241445328234,0.753341068511988
1696,Do they want the spotlight for themselves or for their cause ?,1.6376237045336022,0.37163931519921833,0.48484872859729206,0.8925492468613798,0.6283606848007816
1697,"Here is a good rule of thumb : If the movement produced the leader , the chance that he is sincere is much greater than if the leader produced the movement .",1.814222264009727,0.3134457348881678,0.6784124782448395,0.6948938487622445,0.686554265111832
1698,"In either case , ask yourself whether you have become better informed on the issues under protest by watching the act of civil disobedience .",2.1695532383010994,0.3349027387250978,0.6819400725154812,0.6490663768776398,0.6650972612749024
1699,"If you have not , it is probable that a thorough airing of the dispute by calm and rational debate would have been the better course .",2.188651256659291,0.3599742940946836,0.5885278075201368,0.7014002740736083,0.6400257059053165
1700,Mr. Agnew was vice president of the U.S. from 1969 until he resigned in 1973 .,1.3915414066556506,0.23752688262345092,0.7369596139572124,0.7898165242758173,0.762473117376549
1701,Gov. George Deukmejian and key legislators agreed to back a temporary one-quarter-cent increase in the state sales tax to raise $ 800 million for repairs and relief associated with last month 's earthquake .,2.8143482502662454,0.44659761292894157,0.5480313699743427,0.5588797241688589,0.5534023870710587
1702,"The tax increase , which will be considered at a special session of the state legislature that begins tomorrow , would cover only part of the estimated $ 4 billion to $ 6 billion in total damage caused by the Oct. 17 quake .",2.476906803221172,0.37657660565575474,0.630487050349106,0.6165162599639635,0.6234233943442452
1703,"Aside from as much as $ 3.45 billion in recently approved federal aid , the state is expected to draw from a gubernatorial emergency fund that currently stands at an estimated $ 700 million .",2.2533720411605183,0.3566070841679402,0.5989023132020977,0.6950241097757746,0.6433929158320597
1704,"`` I am not aware that there is anything but bipartisan agreement for the general outline '' of the revenue-raising plan , said a spokesman for the governor , after a Monday meeting with legislative leaders over the quake-relief question .",2.6457966320745125,0.4027658481300254,0.6282831226745752,0.5691094694401081,0.597234151869975
1705,"The tax increase -- on top of the current six-cent per dollar sales tax -- would become effective this Dec. 1 and expire Dec. 31 , 1990 .",1.7776584825291906,0.2758841599946147,0.7416466553653986,0.7073946627050821,0.7241158400053853
1706,The sales-tax plan was preferred over an alternative that would have boosted the state gasoline tax .,1.2134817931229822,0.23891712227613088,0.7737168048091494,0.7488549173583289,0.7610828777238691
1707,Some legislators expressed concern that a gas-tax increase would take too long and possibly damage chances of a major gas-tax-increasing ballot initiative that voters will consider next June .,2.2454970854746126,0.35853983932197997,0.6428418036057263,0.6400844440704131,0.6414601606780203
1708,"Despite continuing problems in its newsprint business , Kimberly-Clark Corp. posted a 20 % gain in third-quarter net income .",1.9385449966583486,0.32827143790797103,0.6390379271141029,0.7079441657772283,0.6717285620920289
1709,"The consumer-products and newsprint company said net rose to $ 108.8 million , or $ 1.35 a share , from $ 90.5 million , or $ 1.12 a share , a year ago .",1.961935390815376,0.35726509311372046,0.5914685442227716,0.7037318483236827,0.6427349068862794
1710,Sales rose 6.2 % to $ 1.45 billion from $ 1.37 billion .,1.04888246333844,0.29741314302656785,0.5415290115949171,0.9999999999999999,0.702586856973432
1711,"After a flat second quarter tied largely to lower newsprint earnings , Kimberly-Clark attributed the gain to improved results in its consumer businesses in North America , Brazil and Korea .",1.6391207713913998,0.27083032189237854,0.724263451096236,0.734142828930102,0.7291696781076215
1712,"Those gains came from higher prices , particularly for disposable diapers and tissue products , and from increased sales , primarily for feminine-care products , the company said .",1.7458341545893346,0.2850358611447567,0.776611934030343,0.6623838212590878,0.7149641388552433
1713,"Newsprint results continued to be depressed , the company added , because of industrywide price discounting .",1.4332075280353127,0.26601832941005776,0.7575951104249264,0.7117957485174178,0.7339816705899428
1714,"The quarter-to-quarter comparison was also enhanced by charges taken in the year-earlier period , including $ 11 million related to the modernization of a pulp and newsprint mill in Alabama .",1.9491091737925865,0.29659781727211587,0.7107281518100544,0.6962257004919874,0.7034021827278841
1715,"In the 1989 period also , interest expense and tax rates were lower than a year ago .",1.5702590281383557,0.2708825675101211,0.7379229905859831,0.7205195478609826,0.729117432489879
1716,"In the first nine months , profit rose 10 % to $ 313.2 million , or $ 3.89 a share , from $ 283.9 million , or $ 3.53 a share .",1.8189626904850145,0.33985219395775373,0.6061058945353235,0.724770115072301,0.6601478060422462
1717,Sales rose 6.7 % to $ 4.27 billion from $ 4 billion .,1.04888246333844,0.29741314302656785,0.5415290115949171,0.9999999999999999,0.702586856973432
1718,"In New York Stock Exchange composite trading , Kimberly-Clark closed at $ 66.50 a share , up $ 1.50 .",1.5987084225518546,0.2870388326592925,0.6397120250794385,0.8051539580024452,0.7129611673407076
1719,"INTENSIVE AUDITS are coming to 55,500 taxpayers as research guinea pigs .",0.7378960810227788,0.13084313214344456,1.0,0.7685918967462104,0.8691568678565554
1720,"This is the year : Unsuspecting filers of 1988 personal returns are being picked randomly for thorough audits to help the IRS update its criteria for enforcement , audit selection , and use of resources .",1.951078637709096,0.29416142053084665,0.7132774244095529,0.6985532940261606,0.7058385794691531
1721,The last Taxpayer Compliance Measurement Program survey covered 1985 returns .,1.9999999999999996,0.4065980092400666,0.5722496657699028,0.6161780610282507,0.5934019907599332
1722,"The 1988-return project starts Jan. 1 and is to be done by May 31 , 1991 .",1.7958426478224023,0.3039424944589241,0.6244972939706551,0.7861401278630941,0.696057505541076
1723,Specially trained IRS agents will look for under-reported income and unsupported deductions and credits .,0.5006516669551306,0.08763177253885397,0.8915609291069313,0.934169937206852,0.9123682274611462
1724,The agents will make more than routine inquiries about such items as marital status and dependents ; they want to look at living standards and business assets .,2.2207431952637156,0.3791246549238163,0.6260978005142782,0.6157392928242557,0.6208753450761837
1725,But they also are to see that taxpayers get all allowable tax benefits and to ask if filers who sought IRS aid were satisfied with it .,2.138837257846464,0.3253340972428684,0.6765343178233464,0.6728077794385492,0.6746659027571321
1726,"Courts have ruled that taxpayers must submit to TCMP audits , but the IRS will excuse from the fullscale rigors anyone who was audited without change for either 1986 or 1987 .",2.3474817337113665,0.35539162503304084,0.6213837160707676,0.6696365166471188,0.6446083749669591
1727,Rewards have been suggested -- but never adopted -- for filers who come through TCMP audits without change .,1.8225889727942466,0.3016688783445395,0.7100850458663558,0.6869599829135755,0.6983311216554605
1728,"PENALTY OVERHAUL is still likely , congressional sources say .",1.4754887502163463,0.2854844914707579,0.8219404405692604,0.6319249771757967,0.714515508529242
1729,Long-debated proposals to simplify the more than 150 civil penalties and make them fairer and easier to administer are in the House tax bill .,1.598966738041483,0.24949761271306273,0.7469828963641398,0.7540552001359119,0.7505023872869373
1730,But they were stripped from the Senate bill after staffers estimated penalty revenue would fall by $ 216 million over five years .,2.1958040636529534,0.3567125744510203,0.5978712519117478,0.6961707360049713,0.6432874255489797
1731,"Still , congressional aides say penalty reform is a strong candidate for enactment , even if not this time around , although some provisions may be modified .",2.443656585270365,0.4090297731497915,0.5701786270262762,0.6133355464812499,0.5909702268502085
1732,"Sen. Pryor -LRB- D. , Ark. -RRB- , a leader on the issue who generally backs the House plan , wants some changes -- for one , separate sanctions for negligence and large misstatements of tax owed , not a single penalty .",2.5079407856784286,0.3854264301974554,0.6438301258962849,0.5878603594542156,0.6145735698025446
1733,He would ease the proposed penalties for delayed payroll-tax deposits and for faulty Form 1099 and other reports that taxpayers correct voluntarily .,1.3273619570861221,0.20413508063359853,0.82350448386684,0.7700204576508307,0.7958649193664014
1734,The General Accounting Office urges Congress to ensure that all penalties retain their force as deterrents .,1.6914639707154988,0.2973339138126081,0.6798533299057785,0.7270629816228288,0.702666086187392
1735,TAXPAYERS ' RIGHTS are defined by a growing number of states .,1.9674700395364009,0.378181080651897,0.6257314992900301,0.6179549645971584,0.6218189193481027
1736,The 1988 tax act created a federal bill of rights spelling out IRS duties to protect taxpayers ' rights in the assessment and collection of taxes .,2.0647631837723885,0.34623168934750836,0.6957215387800099,0.6165870319782492,0.653768310652492
1737,States are following suit .,0.40000000000000036,0.09425390072448082,1.0,0.8277293767706427,0.9057460992755192
1738,California enacted a rights law in 1988 .,1.0943609377704333,0.22308223737786706,0.6929596589925695,0.884025111448191,0.7769177626221327
1739,"In 1989 , Illinois , Kansas , Ohio , Oregon and South Carolina have adopted rights laws , the Federation of Tax Administrators , a state officials ' group , reports ; the features vary .",1.6812939180645028,0.26854691634458533,0.8078222909540494,0.6682761674723295,0.7314530836554145
1740,And taxpayer groups are urging legislation in many other states .,1.0909090909090917,0.19964232211330865,0.8574165552566343,0.7504192006293402,0.8003576778866915
1741,"One group is the Committee on State Taxation , which comprises 330 multistate corporations and advises the Council of State Chambers of Commerce .",1.724336582718923,0.2774022798300783,0.7589478463792332,0.6895704533692216,0.7225977201699214
1742,"The group 's Mark Cahoon says its efforts begun in 1989 have led to the introduction of bills in Massachusetts , Minnesota and Colorado to establish evenhanded procedures affecting all kinds of taxpayers .",2.072953114050402,0.3032099748395855,0.7379688771069376,0.6599638724117539,0.6967900251604146
1743,The group also seeks uniformity among states in provisions for taxpayers ' rights .,0.9299678577609916,0.17692878256851696,0.9166153534440752,0.7468520790527774,0.823071217431483
1744,"This week , New York City announced a 10-point policy patterned on the federal bill of rights for taxpayers .",1.6182263988300134,0.2719643766010502,0.7939106528509982,0.672255015369887,0.7280356233989497
1745,"THE MILEAGE RATE allowed for business use of a car in 1989 has risen to 25.5 cents a mile for the first 15,000 from 24 cents in 1988 , the IRS says ; the rate stays 11 cents for each added mile .",2.5094177488286795,0.4099655843056611,0.6484349187310373,0.5412843026916024,0.5900344156943387
1746,Also unaltered : 12 cents for charitable activities and nine cents for medical and moving costs .,1.8461222344267156,0.35830802951743324,0.6228132254178724,0.661750999259525,0.6416919704825667
1747,"IRA BALANCES could be used to qualify for bank services under a bill entered by Reps. Chandler -LRB- R. , Wash . -RRB- and Andrews -LRB- D. , Texas -RRB- .",1.9606683564879468,0.38384405781427977,0.5667849202562343,0.6749488131001069,0.6161559421857201
1748,The bill would thwart a recent Labor Department opinion that investing individual-retirement-account funds to earn free checking violates the law .,1.3225922624198718,0.21580274222701976,0.8414350473593966,0.7342505855366173,0.78419725777298
1749,HUGO FELLED vast timberlands .,0.40000000000000036,0.09425390072448082,0.8277293767706427,1.0,0.9057460992755192
1750,South Carolina 's congressional delegation has entered Senate and House bills to provide special casualty-loss treatment and other tax relief for timber growers in the hurricane disaster areas .,1.9962177728251973,0.32916054710212056,0.7051112219605831,0.6397448035929937,0.6708394528978795
1751,"HE RODE HIS HOBBY , but he could n't milk it , the Tax Court says .",1.861852026729601,0.35241745313106276,0.5818765043399615,0.730016722230901,0.6475825468689371
1752,The court often weighs deductions of sideline-business costs : Do they stem from a profit-seeking activity or a nondeductible hobby ?,2.201849093215594,0.3829977551166914,0.5719498794921228,0.6697590141595807,0.6170022448833085
1753,But it 's rare to see both functions in one case .,1.0629072918469546,0.17404686581748618,0.7756281786893547,0.883261654795452,0.8259531341825135
1754,"Charles O. Givens of Mount Vernon , Ind. - investment broker , ex-accountant , and son of a former stable owner - bred Tennessee Walking Horses for six years , raised cattle for four , and never made a profit on either .",2.4485823531369157,0.3938532673561919,0.6325099977711709,0.5818931957064097,0.6061467326438079
1755,"He claimed losses totaling $ 42,455 -- and the IRS denied them all .",1.393555357451925,0.22400269281841262,0.7942354340612742,0.7585779866928298,0.7759973071815875
1756,"Special Judge Galloway noted that Givens managed horse-breeding in a businesslike way : He kept detailed accounts , practiced soil conservation , enhanced his experience by consulting experts , spent several hours a day doing chores , and dropped the sideline when his best brood mare died .",2.758053257343784,0.4585319691809463,0.5452070407425307,0.5377799555737328,0.5414680308190537
1757,Yet he took little businesslike care with his cattle : He had no prior experience and did n't seek business counsel about them .,2.3969078098054357,0.4197656178024909,0.5118589524893339,0.6696937942753501,0.5802343821975091
1758,"The judge said Givens may deduct his $ 30,180 of losses from horse breeding , but rejected the $ 12,275 in deductions from the cattle operation .",1.6876900524184038,0.26617183368899966,0.7370783020839696,0.7306065675548543,0.7338281663110007
1759,BRIEFS :,0.0,0.0,1.0,1.0,1.0
1760,"The IRS already is doing intensive TCMP audits of 19,000 returns for 1987 and fiscal 1988 filed by corporations with under $ 10 million in assets ... .",1.5529979805487164,0.2291910471787641,0.7992652086109311,0.7443092936123845,0.770808952821236
1761,"President Bush says he will name Donald E. Kirkendall to the new Treasury post of inspector general , which has responsibilities for the IRS ... .",1.9527269205064224,0.3200537532298194,0.7068688088883864,0.6549992444081884,0.6799462467701807
1762,"The U.S. and Finland signed an income-tax treaty , subject to ratification .",1.258809844353868,0.22776942230224728,0.7427194850954956,0.8041838866164344,0.7722305776977526
1763,"An arbitrator awarded Eastern Airlines pilots between $ 60 million and $ 100 million in back pay , a decision that could complicate the carrier 's bankruptcy-law reorganization .",1.8663030336979531,0.3067823019994465,0.6209593567293549,0.7845074160549919,0.6932176980005537
1764,"Eastern , a unit of Texas Air Corp. , said it is examining the ruling to determine if it can appeal .",1.5574846593859286,0.24138487608320344,0.7763634933497213,0.741660105225224,0.7586151239167965
1765,"It 's unclear whether Eastern will succeed in overturning the arbitrator 's decision , made in a long-simmering `` pay parity '' dispute that predates both the carrier 's Chapter 11 petition and its 1986 acquisition by Texas Air .",2.6457046328956904,0.40440714200294403,0.5678819579795606,0.6261469091551429,0.5955928579970562
1766,All Eastern 's previous court efforts to head off the pilots ' demands have failed .,1.4221804688852169,0.2339951789625387,0.7883378942010579,0.7449022499567307,0.7660048210374614
1767,An Eastern spokesman said he does n't expect that the arbitrator 's ruling `` will have any overall material effect on the company 's strategic plan . '',2.157272428353858,0.3340756231083828,0.6683456221236711,0.6635206114390784,0.6659243768916172
1768,Bankruptcy experts said the law is n't clear on how such an arbitration ruling can affect a company 's case .,1.936715926812242,0.3612408942298414,0.6086589293621368,0.6719912739254931,0.6387591057701584
1769,"Like any other creditor , the pilots will have to apply to the court for payment of their claim .",1.7937151490463608,0.2964749312406805,0.7329309855522326,0.6763877236170026,0.7035250687593195
1770,"That may leave a lot of leeway for U.S. Bankruptcy Judge Burton R. Lifland to decide what , if anything , the pilots actually collect .",2.1748206709224736,0.3450463170198197,0.641309077043934,0.669191520745613,0.6549536829801801
1771,"In August , he issued the ruling that let the pilots pursue their back-pay grievance before the arbitrator .",1.6431200499407175,0.30256396968437166,0.7077925184559806,0.6873782457747133,0.6974360303156284
1772,The pilots ' contract with Eastern calls for a mutually acceptable private arbitrator to resolve such grievances .,2.083876389129274,0.3728326980171859,0.5603333348868077,0.7121037407305515,0.6271673019828142
1773,"In a statement to employees , Eastern said the company was disappointed by the ruling .",1.3443609377704338,0.22764021363386452,0.8587910513391962,0.7017350960706359,0.7723597863661354
1774,"`` The obligation is totally unwarranted , '' the statement said .",0.7295739585136225,0.14285714285714288,0.9050678766093226,0.8140380362325801,0.8571428571428572
1775,"James Linsey , a lawyer for the Air Line Pilots Association , said the pilots were extremely pleased .",1.4618125005693337,0.24439258787460033,0.8306305704845368,0.6930138924039054,0.7556074121254
1776,"`` This is a blow not only to Eastern but to the creditors committee , '' he said .",1.7828580516277475,0.29316485784254365,0.7046122285576661,0.7090721258598713,0.7068351421574561
1777,"Eastern 's creditors committee , along with the company , has consistently opposed the pilots ' claim , which if paid would have to come out of money both hope to use to pay off other bankruptcy claims .",2.1376113144788267,0.34007027029883447,0.6496889316964439,0.6704985416236638,0.6599297297011657
1778,"Eastern and its creditors are in the final , delicate stages of negotiating a second reorganization plan to pay off the airline 's debts .",2.3623460010384645,0.3758485756876609,0.6105148617167241,0.6384110815645966,0.624151424312339
1779,"An earlier plan , which had received the creditors ' approval in July , fell apart when Eastern changed its business plan .",1.809114803236385,0.2870334411195,0.6897446088005889,0.7378066353915488,0.7129665588805002
1780,It is n't known whether the pilot claim was figured into either plan .,1.1149743196026307,0.19156100943327214,0.7393907861381976,0.8917117263465104,0.8084389905667281
1781,The dispute between Eastern and its pilots is over a `` pay parity '' clause in the pilots ' contract .,2.074649115014137,0.3775360450887248,0.6158195432492065,0.6292533107906825,0.6224639549112752
1782,The clause was part of an agreement in which pilots accepted a substantial pay cut as long as no other labor group got a raise .,2.5641650192460936,0.45434476585048733,0.5613393968976506,0.5308236984977832,0.5456552341495126
1783,"Shortly after Texas Air took control of Eastern , some Machinists union supervisors received a 20 % pay raise .",1.7937151490463608,0.3002208432940694,0.6948090756560041,0.7048208536135744,0.6997791567059305
1784,The pilots argued that this triggered a pay raise for them .,1.292481250360579,0.23312689556523788,0.7906413091782797,0.744492230136365,0.7668731044347622
1785,"Eastern has disputed the claim , but a federal district court , an appeals court and now the arbitrator have all sided with the pilots .",1.7509918244357854,0.2752677299650045,0.7855106272406395,0.6726838118886751,0.7247322700349954
1786,The two sides do n't even agree about how much money is at issue .,2.233985000288463,0.42046499903440715,0.4632756685692984,0.7736940225712945,0.5795350009655929
1787,"The pilots put the amount as high as $ 100 million , the company at $ 65 million .",1.0010289478238867,0.17466447392692405,0.785586001105127,0.8693219710247743,0.8253355260730758
1788,"Another arbitrator is hearing another pay parity case between Eastern and its pilots , resulting from a similar set of circumstances involving a separate pay raise granted another union .",2.588594761554029,0.5019364219338681,0.4499885076169091,0.5576396941881993,0.49806357806613194
1789,A decision on that case is n't expected before mid-November .,1.0909090909090908,0.1871855995279949,0.812814400472005,0.8128144004720051,0.8128144004720051
1790,"Ironically , many of the pilots involved have left Eastern or are still striking the carrier , which filed for bankruptcy protection March 9 .",1.9189667380414823,0.29213594843976204,0.6810546398932238,0.7368706349387831,0.7078640515602379
1791,About 800 have crossed the picket lines and returned to work .,0.33333333333333304,0.05836917260227381,0.9416308273977262,0.9416308273977262,0.9416308273977262
1792,Few people in the advertising business have raised as many hackles as Alvin A. Achenbaum .,1.8671439363079507,0.3173873227719498,0.7362289332368224,0.6362755765462702,0.6826126772280501
1793,"The general public may not know his name , but he 's famous -- make that infamous -- in advertising circles : A marketing consultant , he pioneered slashing ad agency commissions , to the delight of advertising clients and the dismay of agencies .",2.791298137441342,0.442907417274221,0.5934546052336526,0.5249292320935732,0.557092582725779
1794,"Now , after beating them , Mr. Achenbaum is joining them .",1.030377331383356,0.20048015847502326,0.7641493856349484,0.8383236270539567,0.7995198415249766
1795,"Backer Spielvogel Bates Worldwide named Mr. Achenbaum , 62 , vice chairman of professional services , reporting directly to Carl Spielvogel , chairman and chief executive officer .",1.3737283373825067,0.22932610535890452,0.8341033694084319,0.7162096589630426,0.7706738946410954
1796,"He joins Nov. 13 , dissolving his consulting firm , Canter , Achenbaum Associates .",1.7006516669551295,0.32626549474376754,0.7347229986535063,0.6220951198309521,0.6737345052562326
1797,"In years past , the ad industry 's most distinguished executives did n't hesitate to excorciate Mr. Achenbaum .",2.086920234442274,0.35321120061418587,0.6055175646750929,0.6940975206483926,0.646788799385814
1798,"They have since mellowed , although one senior Young & Rubicam executive , echoing others , said : `` I think ad agencies owe Carl -LCB- Spielvogel -RCB- a vote of thanks for getting him out of the consulting business . ''",2.674280356066706,0.4090367720184674,0.5925576664479376,0.5893773470343289,0.5909632279815326
1799,"But industry executives also believe hiring Mr. Achenbaum is a shrewd move for Backer Spielvogel , a unit of Saatchi & Saatchi .",2.095940913754216,0.36339057708994815,0.623006034055008,0.6508201349849704,0.6366094229100518
1800,"Mr. Achenbaum has counted among his clients some of the most visible blue-chip advertisers in the country , including Nissan , Toyota , Seagram and Backer Spielvogel clients Hyundai and J.P. Morgan .",2.0152573776975107,0.3206425221652248,0.6924959906545953,0.6667082282759389,0.6793574778347747
1801,"At Backer Spielvogel , he will work with clients and potential clients on marketing strategies ; aside from agency compensation issues , he helped Nissan , for example , come up with its positioning and pricing for its new Infiniti line .",2.4045759223146774,0.3858733863845566,0.6472811345755288,0.5842030293387902,0.6141266136154433
1802,"His client contacts , meanwhile , could prove a gold mine for an agency that has had few new business wins of late .",1.6196152251365357,0.2631779372905376,0.7596171273238047,0.7153552365252621,0.7368220627094623
1803,"`` I 've done over 40 ad agency searches -LCB- for clients -RCB- , so I have a pretty good notion of what clients are interested in when they look for an agency , '' Mr. Achenbaum said .",2.7700519195386413,0.4361405520596451,0.5368838296222473,0.5936892426279042,0.563859447940355
1804,"As a consultant , he has given seminars at agencies including Ogilvy & Mather on how to win new business .",1.2147511906822333,0.18558261802219164,0.7617191795080548,0.8749492047027577,0.8144173819778082
1805,"Mr. Spielvogel said he hopes Mr. Achenbaum will do some strategic consulting at the agency for `` non-clients , in hopes that they become clients . ''",2.1026259234506295,0.31540611018254405,0.7333128288421122,0.6419451262440163,0.684593889817456
1806,"At Backer Spielvogel , Mr. Spielvogel 's hallmark has been personal involvement with all major clients .",1.45616985306844,0.24580592885364938,0.7485828997555781,0.7598899974293337,0.7541940711463504
1807,He pampers them ; he invites them to fabulous parties ; he strokes them .,1.4339850002884633,0.3249840671526264,0.6651626823273483,0.6851654908554281,0.6750159328473736
1808,"Mr. Achenbaum , too , delves into his clients ' business .",1.125814583693911,0.19713859726136096,0.8028614027386389,0.8028614027386389,0.802861402738639
1809,`` Carl has a much higher degree of intimacy with his clients than is ordinary for an agency his size .,1.750995234912712,0.29724323457666463,0.6598608699823273,0.7516175305785562,0.7027567654233352
1810,"And with Al 's record of being a delver and a detail guy , you can see how the two fit , '' said Alan Gottesman , an analyst with PaineWebber .",2.199391887737618,0.3490761286132228,0.6032269336402843,0.7068111782842016,0.6509238713867772
1811,"Mr. Achenbaum 's move follows the announcement last month that his consulting partner , Stanley Canter , 66 , would retire .",1.921121023022291,0.2977426180659193,0.7186872197511971,0.6865619565970384,0.7022573819340807
1812,"When the announcement came out , `` I picked up the phone and said , ` Why do n't you come to us ? ' '' Mr. Spielvogel said .",2.718599245883701,0.46115612225264074,0.5064311472603795,0.5756892845205183,0.5388438777473596
1813,"Mr. Achenbaum , who had been considering paring down his firm or merging it with another small consulting outfit , soon agreed .",1.9245505437604535,0.31104521998152757,0.646927236145157,0.7368223481688367,0.6889547800184725
1814,"The two men are longtime friends and tennis partners , having met about 25 years ago .",1.9829121143851003,0.40248015083460825,0.48234024643872253,0.7849639557895838,0.5975198491653918
1815,"Before becoming a consultant in 1974 , Mr. Achenbaum was a senior executive at J. Walter Thompson Co .",1.3321075823214308,0.232432708950165,0.7570705871279025,0.7783591587745825,0.767567291049835
1816,"He spent most of his career formulating marketing strategies , but became best-known for chipping away at ad agency compensation .",1.5723595242216115,0.2764118797910939,0.7116730644620476,0.7359089406678005,0.7235881202089058
1817,"Ad agencies typically earned a straight 15 % commission ; if a client spent $ 100 million on TV time , the agency made $ 15 million .",1.4498928764967909,0.24654068147568226,0.7356605447273542,0.7721407033238561,0.7534593185243177
1818,"But Mr. Achenbaum pioneered negotiated fees , which often worked out to less than 15 % .",1.2652808826074686,0.19650097338230896,0.7751728862185693,0.8339738547747827,0.8034990266176912
1819,"More recently , he negotiated `` indemnification '' clauses in which an ad agency in some cases must pay a client if it drops the account .",2.2387211842175745,0.3591137563659652,0.6808383222334049,0.6053631046614031,0.6408862436340351
1820,"He ultimately became so well-known for cutting compensation , however , that clients did n't seek him out for anything else .",2.0629126356933707,0.3404117200589967,0.6185089434031643,0.7065125259546481,0.6595882799410032
1821,"`` I was very frustrated , '' he said .",1.6754887502163474,0.36675875405904657,0.6816627519830243,0.5912426759411544,0.6332412459409535
1822,"`` The fact of the matter is , I am a marketer .",1.8665125004992622,0.3571128170993739,0.6859400428894005,0.604919554183363,0.642887182900626
1823,That 's another reason -LCB- for the Backer Spielvogel job -RCB- .,1.3962406251802886,0.2566453183191381,0.7520507149767733,0.734857455662813,0.7433546816808617
1824,It struck me as a way to get back to what I really want to do . '',2.2641604167868596,0.4185895402020215,0.5543382464950921,0.6112626918655095,0.5814104597979786
1825,Mr. Spielvogel added pointedly : `` The pressure on commissions did n't begin with Al Achenbaum . '',1.2222222222222223,0.20636441930508956,0.7973019008794776,0.7900028246477016,0.7936355806949102
1826,"Mr. Spielvogel said Mr. Achenbaum will work with clients to determine the mix of promotion , merchandising , publicity and other marketing outlets , and to integrate those services .",1.8793513469201262,0.28470290410066934,0.7703052989969876,0.6676216273331057,0.7152970958993308
1827,"He will concentrate on , among others , J.P. Morgan and Hyundai .",0.6734528847818062,0.11839445431635921,0.890698261761716,0.8726966000316149,0.8816055456836408
1828,"Mr. Achenbaum helped Morgan in its recent agency search , and he has a long relationship with Hyundai , which is having severe troubles , including declining sales .",2.011679187159909,0.3096457334303997,0.7213671798474076,0.661898041855898,0.6903542665696002
1829,"`` The trail of revenue is increasingly going away from pure advertising , and going towards other services , '' Mr. Spielvogel said .",1.9743365827189239,0.30239856712894037,0.7295148447126094,0.6683631669716308,0.6976014328710598
1830,"Instead of being just an ad agency , he said : `` We have redefined our mission here .",1.785060366362822,0.3325264902534335,0.633989722144565,0.7046913621352217,0.6674735097465665
1831,"Our mission is to help our clients grow , and to use every tool of marketing communications to accomplish that . ''",1.4876843615091166,0.25180814610231217,0.8020571284014033,0.7011063243510213,0.7481918538976877
1832,Industry executives are wishing Mr. Achenbaum well .,0.8443609377704333,0.18136305810744538,0.7622556248918265,0.8840251114481908,0.8186369418925544
1833,"Leonard Matthews , then-president of the American Association of Advertising Agencies , called Mr. Achenbaum a `` quisling '' in an incendiary 1987 speech .",1.9949721192370866,0.3317908362689607,0.7498411366966617,0.6026060410861841,0.6682091637310388
1834,"Yesterday , Mr. Matthews , now a consultant with the Stamford , Conn. , firm Matthews & Johnston , quipped , `` I think he 'll be very good at that -LCB- new job -RCB- .",2.741756233451045,0.45170655680592453,0.5354408326128893,0.5617782517153888,0.5482934431940755
1835,And much better at that than at -LCB- the price-cutting -RCB- he 's been doing recently . '',1.9035923614716888,0.3176988832753992,0.653490741474326,0.7137689717579492,0.6823011167246008
1836,Cotton Inc . Campaign,1.0,0.3333333333333333,0.6666666666666666,0.6666666666666666,0.6666666666666666
1837,"Cotton Inc. , the fiber company that represents cotton growers , will begin a new ad campaign , developed by Ogilvy & Mather , Thanksgiving Day .",2.103481019239676,0.3694371865320137,0.6135424995500003,0.6485543941480291,0.6305628134679865
1838,"J. Nicholas Hahn , Cotton Inc. 's president and chief executive , was an outspoken critic of WPP Group 's acquisition of Ogilvy Group earlier this year .",1.6887218755408666,0.273005731908599,0.7704759639699036,0.6881581649009078,0.7269942680914009
1839,"During the takeover , Mr. Hahn said he would put his account up for review if WPP 's bid were successful , but he did n't .",2.308241441387421,0.3689215481824472,0.583440767938981,0.687186967585024,0.6310784518175528
1840,Cotton Inc. 's new $ 9 million campaign calls cotton the `` Fabric of Our Lives . '',1.0838763891292746,0.17250365278586727,0.8025894984113773,0.8539985797318151,0.8274963472141328
1841,The campaign replaces its `` Take Comfort in Cotton '' ads and marks the end of its national cooperative advertising efforts .,1.7589484550918177,0.3063912915356492,0.7186824304430216,0.6702255715835417,0.6936087084643506
1842,"For years , the company 's ads were tied in with pitches for Cannon sheets or Martex towels , for example , and an announcer at the end of the ads would tell customers where to `` find the true performance label . ''",2.4178725289392764,0.3889610321587992,0.6302740940680446,0.592943132849652,0.6110389678412008
1843,"With the new TV spots , Ogilvy & Mather has opted for a family style with lots of laughter , hugs and tears .",1.8962406251802886,0.30531455233493976,0.7694886448907162,0.6331371891609584,0.6946854476650601
1844,"`` We 're making a fairly obvious plea for some emotional reaction , '' says Tom Rost , creative director at Ogilvy & Mather .",2.4935478571054936,0.4051805648047984,0.5650705062230152,0.6278747833838035,0.5948194351952013
1845,"Cotton Inc. will spend nearly $ 2 million on broadcasting on Thanksgiving Day alone , advertising on such programs as `` Good Morning America , '' `` Macy 's Thanksgiving Day Parade '' and the NFL holiday game .",2.0602718013507992,0.3180843941043986,0.6854628686666484,0.6784048681989839,0.6819156058956012
1846,Frank Mingo Dies at 49,0.7999999999999998,0.20812433153147833,0.7918756684685216,0.7918756684685216,0.7918756684685216
1847,"Frank L. Mingo , one of the pioneers of advertising targeted at black audiences , died at the age of 49 after a stroke .",1.985949619669782,0.345925148132904,0.6637865192612529,0.6446432638716467,0.6540748518670957
1848,"Mr. Mingo was chief executive officer of the Mingo Group , which he founded in 1977 and which created ads for the black market .",1.7353631194101657,0.2632389533581085,0.7605035923957053,0.714456081391061,0.7367610466418915
1849,Clients include Miller Brewing Co. and General Motors .,1.2060836635859276,0.2958172144756976,0.7635889728979416,0.6533528213622489,0.7041827855243024
1850,"Mr. Mingo was hospitalized Sept. 23 and died Monday , according to Samuel J. Chisholm , the agency 's president and chief operating officer .",1.8406404972401385,0.2937185620041798,0.7507868122479607,0.6667571973973111,0.7062814379958199
1851,Ad Notes ... .,0.5,0.2,0.9999999999999999,0.6666666666666666,0.7999999999999999
1852,EARNINGS :,0.0,0.0,1.0,1.0,1.0
1853,"Omnicom Group Inc. , New York , reported third-quarter net income rose 54 % to $ 5.6 million , or 22 cents a share , from $ 3.6 million , or 15 cents a share , a year earlier .",2.081528123221,0.37012951910673986,0.5494212144007617,0.7379209056556636,0.6298704808932598
1854,Revenue increased 20 % to $ 246.6 million from $ 204.8 million .,1.2697105712828134,0.3045688612317709,0.6336193153876909,0.7706065558862871,0.695431138768229
1855,"Prime Minister Lee Kuan Yew , Singapore 's leader and one of Asia 's leading statesmen for 30 years , recently announced his intention to retire next year -- though not necessarily to end his influence .",2.738350847021891,0.4345451153702848,0.5529174102586062,0.5785741284306909,0.5654548846297154
1856,"The prime minister , whose hair is thinning and gray and whose face has a perpetual pallor , nonetheless continues to display an energy , a precision of thought and a willingness to say publicly what most other Asian leaders dare say only privately .",2.6444348738981174,0.43795193144428335,0.5455220669572498,0.5796066250131587,0.5620480685557165
1857,"The 66-year-old Mr. Lee recently spent an hour discussing the state of Asia and the world with two Journal reporters in his plainly furnished , wood-paneled office .",2.5378089294986284,0.4080237375872157,0.567504528908401,0.6186536297049536,0.5919762624127841
1858,The interview did not touch on Singapore 's domestic affairs .,1.4099795458479045,0.25594650837196153,0.6620115039839014,0.8493066569184765,0.7440534916280385
1859,"Skipping personal pleasantries , Mr. Lee picked up exactly where he left off several months earlier -- before the government crackdown in China -- when he had warned that the orthodox leadership in Beijing feared a plurality of views .",2.8413392290371915,0.4562913693303116,0.5184963314225033,0.5714981876096733,0.5437086306696883
1860,Excerpts follow :,0.666666666666667,0.26631956334878915,0.5793801642856952,1.0,0.7336804366512111
1861,"On China 's turmoil : `` It is a very unhappy scene , '' he said .",1.483487114639626,0.25157724864323744,0.7231053281306165,0.7755773285785761,0.7484227513567626
1862,"`` It took Zhao Ziyang -LRB- former premier and party chief -RRB- 10 years to build a team of economists who understood how the Western economies work and now that team is part in exile , part being rusticated and part missing . ''",2.803534147128014,0.44651678598669936,0.536421224505378,0.5716662444745815,0.5534832140133006
1863,"Rebuilding that team , Mr. Lee predicted , will take another 10 years .",1.3585392863324204,0.2389799378042994,0.8012929253000547,0.7246016891976932,0.761020062195701
1864,"`` That 's very sad for China and for Asia because China could have been a good engine for growth , not just for Hong Kong and Taiwan but for Japan , Korea and the rest of Asia . ''",2.019570093955271,0.3226111416089991,0.6438733950889374,0.7145850677663182,0.6773888583910008
1865,"On similarities between China and the Soviet Union : `` In important particulars , the Soviets are different from the Chinese .",1.7826945885851648,0.3017421107814096,0.7349572169293902,0.6650493390143888,0.6982578892185903
1866,They are already industrialized ... .,0.792481250360578,0.21356207401649877,0.6480409554829326,1.0,0.7864379259835012
1867,Their problem is one of inefficiency of an industrial economy .,1.159535227469406,0.2149002025148576,0.7443996387538635,0.8305079401435885,0.7850997974851422
1868,The Chinese problem is much greater -- it 's how to industrialize to begin with . '',1.707032353450229,0.2846332355556472,0.7119435355579445,0.718823072117349,0.715366764444353
1869,"Asked if the Soviets , like Chinese officials , wo n't one day face a similar conflict between the desire to liberalize economically and yet retain political control , Mr. Lee said , `` I would think that the Soviets face a deeper dilemma because they have been more in blinkers than the Chinese -- I mean keeping their people cut off from the outside world . ''",3.349713577238188,0.49826588455012305,0.4764181988865064,0.5298914968275821,0.5017341154498771
1870,"Mikhail Gorbachev , he said , is ahead of China 's leaders in his awareness of the world .",1.3565493426745947,0.20845210586276675,0.8482453682116186,0.7419549650489048,0.7915478941372331
1871,`` But I think the Soviet peoples are more introverted than the Chinese . '',1.4339850002884624,0.24527394344523162,0.6916330436356064,0.8304856557999596,0.7547260565547683
1872,"Regardless , he said , he still believes the Soviet Union , while falling far short of the efficiency of a Western economy , may well manage to improve considerably .",1.7528611750850764,0.2608773133261824,0.7539631278352631,0.7248551843038865,0.7391226866738178
1873,"On Asia-Pacific prosperity : `` If America can keep up the present situation -- her markets open for another 15 years , with adjustments , and Japan can grow and not cut back , and so too , Korea , Taiwan , Hong Kong , Singapore , ASEAN , Australia and New Zealand -- then in 15 years , the economies of these countries would be totally restructured to be able to almost sustain growth by themselves . ''",2.5326554077874253,0.3639598109069524,0.6374228271961044,0.6346635361865114,0.6360401890930478
1874,"In such an arrangement , `` all benefit , '' he said .",1.5665021520461755,0.3069853650819414,0.7073562037186232,0.6792430570568957,0.6930146349180584
1875,"`` And if the Europeans come in , they benefit too .",1.125814583693911,0.19713859726136096,0.8028614027386388,0.8028614027386388,0.8028614027386388
1876,It 's not a zero-sum game . '',0.5,0.09090909090909091,0.909090909090909,0.909090909090909,0.9090909090909088
1877,"Asked about the possibility of greater economic cooperation among Asia-Pacific nations , which will be discussed Nov. 6 and 7 at a ministerial meeting in Canberra , Mr. Lee said the goal `` is to have a free and open world trading system . ''",2.6880180390094965,0.39174210526619735,0.6197169137225726,0.597214953448189,0.6082578947338028
1878,"An Asian bloc is n't intended , he said .",1.1509775004326936,0.22599743104844952,0.7241009041189348,0.831291296859772,0.7740025689515505
1879,`` That 's not possible . '',1.3585392863324195,0.368693192457851,0.5465482805354517,0.7471790950662619,0.631306807542149
1880,On U.S.-Japan relations : `` I 'm encouraged .,0.9727652780181648,0.18124649188249364,0.908149177263182,0.745380348016457,0.8187535081175064
1881,I think the earlier strident notes struck by -LCB- U.S. Commerce Secretary Robert -RCB- Mosbacher and -LCB- U.S. Trade Representative -RCB- Carla Hills have been more rounded .,1.5367375844117923,0.2686870519449499,0.7295346698278589,0.7330999167547395,0.7313129480550501
1882,"I believe the U.S. is becoming more patient and circumspect , '' he said .",1.534636667243591,0.2552419657360724,0.7447580342639274,0.7447580342639274,0.7447580342639274
1883,`` It 's the total relationship that is important . '',1.159535227469406,0.2304297473627618,0.7802106046392603,0.7592162177719058,0.7695702526372382
1884,"The total relationship , as Mr. Lee sees it , is `` the flow of dollars to the U.S. to fund the deficits , the investments the Japanese are making in the U.S. in order to satisfy American demand that American products consumed in America should be made as much as possible in America by Americans with Japanese technology and capital . ''",2.4799136074983226,0.3535909354053418,0.6667291253224855,0.6272909698289952,0.6464090645946583
1885,"Japan 's recent political turbulence , Mr. Lee said , may mean Japan will slow market adjustments .",1.7233083338141046,0.28963773745126714,0.7795858045446329,0.6524295923746108,0.7103622625487328
1886,"`` They 'll be more timorous in tackling their own voters , like opening up more to agricultural imports from America , hurting their farmers . ''",2.4873524257804274,0.4055333436864635,0.5740158116300378,0.616428568615984,0.5944666563135367
1887,"On U.S. military presence in Asia : Asked if his offer to allow the American military to use facilities in Singapore would help preserve America 's presence in the region at bases in the Philippines , he said , `` What we have done is make it easier for the Philippines to continue to host American bases without it being said they are lackeys of the imperialists and the only ones in Asia or in Southeast Asia .",2.734907798803321,0.39585595470774815,0.6130208707808785,0.5955206313574167,0.6041440452922519
1888,"We are willing to share the political burden of being host to America , an imperial power .",1.5905105823939278,0.25226599149337836,0.7470766078596689,0.7483925671505992,0.7477340085066216
1889,"We think it is n't such a great burden , that it carries no stigma , and we are prepared to do it . ''",2.2804989941341254,0.44485116893910326,0.47993903942545696,0.6583107056690056,0.5551488310608967
1890,On U.S.-Philippine relations : `` It 's such a mixed-up relationship going back into history ... .,1.5952597340449275,0.2952437636790979,0.6746438893696788,0.7376822653938986,0.7047562363209021
1891,I really do not understand how it is that Filipinos feel so passionately involved in this father figure that they want to dispose of and yet they need .,2.9819883418984476,0.5216553855363453,0.4123547864320866,0.5694793499000904,0.4783446144636547
1892,I just do n't understand it .,1.9442343534909736,0.5296955008846331,0.3422853185845941,0.7513008204359181,0.47030449911536715
1893,My relationships with the British are totally different .,0.7505430557959416,0.13428195354110564,0.7632300273809491,1.0,0.8657180464588945
1894,They lorded it over me .,1.4591479170272446,0.4793347536015183,0.44211410869774026,0.6331597816743944,0.5206652463984816
1895,They did me some good .,1.125814583693911,0.2783837401553244,0.6480409554829326,0.8140380362325801,0.7216162598446755
1896,They did themselves even more good .,0.9649839288804953,0.2366144122242709,0.6962021387801476,0.8449203299593961,0.7633855877757291
1897,They let me down when the Japanese came down -LCB- during World War II -RCB- ... .,1.8305538516919864,0.3711128426266712,0.5796717559859819,0.6872349057020204,0.6288871573733291
1898,I do n't feel down or done in because I show British serials on my television network or read their books .,2.5111414771743874,0.47847793929603477,0.4294475982639043,0.6638536760315794,0.521522060703965
1899,I mean it is a normal adult relationship .,1.3333333333333335,0.26631956334878903,0.733680436651211,0.733680436651211,0.733680436651211
1900,"`` But the Filipinos and the Americans , when I talk to them , there 's so much passion about Filipino manhood being diminished as a result of being squatted upon by the Americans and so on .",2.717711282996944,0.42492170190635437,0.526263067740536,0.6338754637612662,0.5750782980936457
1901,The occasional Englishman tries to put on airs but we let it pass ... .,2.0503258334775656,0.37300430282274577,0.5546482490350151,0.7210480781871357,0.6269956971772541
1902,It 's just comic when they try to pretend they 're still the master race . '',1.9867316182833745,0.3623893939115181,0.6193045211503135,0.657031877774475,0.6376106060884822
1903,Mr. Lee added that the Filipinos are `` making it very difficult '' for the U.S. military presence to last beyond five or 10 years .,2.0280406135846354,0.2934383556793522,0.6703407129520625,0.7469204559677236,0.7065616443206475
1904,On military alternatives if the U.S. pulls back : `` The Soviets already are present .,1.0943609377704329,0.17778185606841873,0.8222181439315814,0.8222181439315814,0.8222181439315814
1905,"I suppose sooner or later , the Japanese would have to fill up a large part of the gap on the naval side .",2.082257018793212,0.3492633715478691,0.5693118531788772,0.759339799417932,0.6507366284521309
1906,"Maybe the Chinese , maybe even the Indians . ''",0.4754887502163463,0.10764020309931205,1.0,0.8056404908414811,0.8923597969006878
1907,On economic consequences of a diminished U.S. presence : `` America is the only major power in recent history that has used its military might to sustain a system that enables all participants to equally benefit without her as the provider of the security taking royalties . '',2.8649160066118973,0.44561041763636117,0.5392928645925695,0.5703558635179617,0.5543895823636387
1908,"Asked why so few nations seem to share his views of America , he said , `` Many people see it that way .",2.3391235619757356,0.40554204049342313,0.5584728338156162,0.635399868872477,0.5944579595065771
1909,But they have just taken it for granted . '',1.8000000000000007,0.40505361180269184,0.4856587127964032,0.7677022628368432,0.5949463881973083
1910,On Cambodia : `` Let 's assume that -LCB- former Cambodian leader Prince Norodom -RCB- Sihanouk does what the press wants him to do and joins up with -LCB- Vietnamese-backed Cambodian leader -RCB- Hun Sen .,2.29408837288752,0.4011056709542369,0.5545505185904163,0.6509462840407506,0.598894329045763
1911,Is the trouble over ?,0.40000000000000036,0.09425390072448082,0.8277293767706427,1.0,0.9057460992755192
1912,Can Sihanouk and Hun Sen knock off the Khmer Rouge still supported by China ?,0.666666666666667,0.13852877590999568,0.795362839734383,0.9395653246791744,0.8614712240900043
1913,He ca n't .,2.0,1.0,0.0,1.0,0.0
1914,`` What is the way forward ?,0.9649839288804962,0.20753565833176318,0.7306239305568806,0.8657411483701791,0.7924643416682371
1915,To get the Khmer Rouge as part of a process for elections .,0.9434355774223402,0.1704685627767969,0.8625593835819957,0.7989395352438048,0.8295314372232034
1916,"And when they lose , then we can expect China to stop aid .",1.1078410717376377,0.18664851034309274,0.794235434061274,0.8334104286113814,0.8133514896569071
1917,Let 's put it bluntly .,1.3333333333333333,0.42061983571430495,0.4787039713856801,0.7336804366512112,0.5793801642856952
1918,The Chinese can not be seen to have made use of the Khmer Rouge and then discard them . '',1.6314595241545335,0.2544227391454959,0.7224807946102889,0.7701992023812904,0.7455772608545038
1919,Ms. House is vice president of Dow Jones International Group .,1.4099795458479032,0.29487542094453484,0.9026478461880812,0.5785274443877904,0.7051245790554651
1920,Mr. Wain is editor of The Asian Wall Street Journal .,1.0463431822115394,0.20336110502600482,0.9999999999999999,0.6620115039839014,0.796638894973995
1921,Everything looked good as neurosurgeon Walter Levy and colleagues carefully cut away a woman 's spinal tumor at the Cleveland Clinic in 1978 .,2.2710932261115238,0.3823592770744164,0.5238405406202319,0.7523602005035652,0.6176407229255834
1922,"Using small electrical shocks applied to her feet , they were able to monitor sensory nerves .",1.9555948528139142,0.39474669688521236,0.5697683815015172,0.6454517513723727,0.6052533031147875
1923,"The shocks generated nerve impulses that traveled via spine to brain and showed up clearly on a brain-wave monitor , indicating no damage to the delicate spinal tissue .",2.074962047974373,0.36125411952234365,0.6446892818398436,0.6329110627162131,0.6387458804776562
1924,"Then , says Dr. Levy , `` she woke up paralyzed . ''",1.6245704214433667,0.31478283650409095,0.7073562037186231,0.6644218937941233,0.685217163495909
1925,"The damage was to her motor nerves , which could n't be monitored along with the sensory nerves , he explains .",2.1538217266024615,0.3608259768667113,0.6255748293736388,0.6533776137353944,0.6391740231332886
1926,"The tragedy , he adds , `` galvanized me '' to look for a way to prevent similar cases .",1.9364527976600279,0.32780100987260125,0.7081621058400651,0.6397120250794384,0.6721989901273986
1927,"Dr. Levy 's answer may come with a new kind of magnetic brain probe , a device that he and dozens of U.S. researchers are studying with great hope .",2.9238452270090343,0.5231162115775897,0.4249413580606918,0.5432928344847482,0.47688378842241047
1928,"Besides holding the promise of safer spinal surgery , the probe could improve the diagnosis of brain and nerve disorders such as strokes and multiple sclerosis .",1.914210162799399,0.33013969199963616,0.7000669214521927,0.6421525924343748,0.6698603080003639
1929,"Perhaps most exciting , the device is thrusting open a window to the workings of the brain .",1.63943194468483,0.27554056917539793,0.771194550330469,0.6830650428651643,0.724459430824602
1930,"The probe , which is painless , non-invasive and apparently harmless , employs strong magnetic fields to induce small whirlwinds of electricity within the brain .",1.8815263284055375,0.3426369069983371,0.5990418635681842,0.7282651842995146,0.6573630930016628
1931,"If positioned over the brain 's motor-control area , the hand-held electromagnets generate nerve impulses that zip down motor nerves and activate muscles , making , say , a finger twitch .",2.035197673590342,0.3639860427214611,0.622160799721077,0.6504980783847379,0.6360139572785386
1932,"In principle , they will enable doctors to check the body 's motor system the way an electrician tests a home 's electrical circuits by running current through them .",2.5731149799970234,0.42954403552052267,0.587606132213576,0.554278513369689,0.5704559644794773
1933,"`` Until now , we 've had no objective way of measuring motor function , '' says Keith Chiappa , a neurologist conducting clinical tests with the devices at Boston 's Massachusetts General Hospital .",2.223981973631086,0.33844504582014723,0.6703560472217712,0.6529819651631749,0.6615549541798528
1934,"`` All we could do was tell a patient , ` squeeze my fingers as hard as you can ' or ` raise your arm . '",2.6659658713764567,0.49449928084884726,0.46441450425551123,0.554562196257612,0.505500719151153
1935,"`` Under the best circumstances such tests are subjective ; when a patient is unconscious , they do n't work at all .",2.586258411102785,0.44859717487757295,0.5093253806203186,0.601058735783368,0.5514028251224272
1936,"Magnetic brain tweaking started in the early 1900s , when researchers produced flashes of light in the visual field with magnets .",2.1772788422677323,0.43906578433103816,0.5527782999144784,0.5693344069572052,0.5609342156689616
1937,"In the 1960s , Mayo Clinic researchers developed magnetic devices to stimulate motor nerves in the hand and other limbs .",1.4491525478823606,0.26502920919372797,0.6964645145500482,0.7779841412955516,0.7349707908062717
1938,"But for brain tests , the unwieldy machines `` would have required patients to stand on their heads , '' says Reginald Bickford , a researcher at the University of California at San Diego .",1.8448121437225282,0.2911736033225883,0.7152775355210699,0.7024905842544935,0.7088263966774114
1939,"The field took off in 1985 after scientists at Britain 's Sheffield University developed a handy , compact magnet for brain stimulation .",2.240251627623063,0.3931816920538549,0.5306983216601925,0.7084311603072199,0.6068183079461452
1940,"Since then , at least two commercial versions have been put on the U.S. market , and an estimated 500 have been sold .",1.7447626242053014,0.2893987840545597,0.6444408903196079,0.791900174802822,0.7106012159454403
1941,"In August , a Chicago conference on such devices attracted more than 100 researchers , who reported studies on everything from brain mapping to physical therapy .",2.385421183576544,0.41331646212195605,0.5882175031967981,0.5851575523600183,0.5866835378780438
1942,"`` We do n't feel we can use -LCB- the devices -RCB- routinely in surgery yet , but we 're getting close , '' says Dr. Levy , who is now with the University of Pittsburgh .",2.448739430652103,0.38411331826004824,0.5911402794643966,0.642795481775253,0.6158866817399516
1943,"A problem , he adds , is that anesthetized brains are more resistant to magnetic stimulation than awake ones .",1.4132331253245196,0.2268205138885616,0.8174934854570323,0.7334227239043711,0.7731794861114386
1944,"The devices could help indicate when surgery would help , says Charles Tator , a University of Toronto neurosurgeon .",1.5264662506490403,0.2495290092406971,0.8064327274479919,0.7017720928374402,0.7504709907593029
1945,"For example , paralyzed car-crash victims occasionally have some intact spinal tissues that , if preserved by emergency surgery , enable partial recovery .",2.235974511643629,0.4084118983146711,0.570176079491448,0.6146710594601189,0.5915881016853289
1946,But such operations typically are n't performed because there is no sign right after an injury that surgery would be beneficial .,2.4728921815412725,0.4324222121027578,0.4786187476804411,0.6971554021401133,0.5675777878972421
1947,"`` The cost -LCB- of magnetic stimulators -RCB- would seem like peanuts if we could retrieve limb function '' in such people , Dr. Tator says .",2.834419444925218,0.47029901532342666,0.5265285436812918,0.5329118866043523,0.5297009846765738
1948,Scientists caution there is a chance the magnet technique might spark seizures in epileptics .,1.9346366672435904,0.36189767993132876,0.7040376084051312,0.5834595389526855,0.638102320068671
1949,But no significant problems have been reported among hundreds of people tested with the devices .,1.891541406655651,0.3372658236080007,0.6572055157323665,0.6683566445528548,0.6627341763919996
1950,"The main sensation , besides feeling like a puppet jerked with invisible strings , is `` like a rap on the head , '' says Sam Bridgers , a neurologist who has studied the brain stimulators at Yale University .",2.4314212810926694,0.40233796743876077,0.6040982435707992,0.5913615217135573,0.5976620325612388
1951,One apparent side effect is a minor increase in a brain hormone .,1.9399446883748936,0.4003559214781926,0.5811912634471681,0.6193070699587103,0.599644078521807
1952,And some doctors who have conducted hours of tests on themselves report temporary headaches .,1.4339850002884615,0.25699594594866765,0.6971130576896961,0.795362839734383,0.7430040540513322
1953,"At least two companies , Cadwell Laboratories Inc. of Kennewick , Wash. , and Novametrix Medical Systems Inc. of Wallingford , Conn. , now sell versions of the magnetic devices .",1.1523920558790053,0.2037214778685872,0.8188536246583042,0.7749147765207621,0.7962785221314129
1954,"The machines , which at $ 12,500 are inexpensive by medical standards , have n't been approved in the U.S. for marketing as brain stimulators but are sold for stimulating nerves in the hand , legs and other non-brain areas .",2.5294291927491335,0.38256351703673597,0.5988596133473528,0.6372027730417159,0.6174364829632643
1955,Researchers can apply for permission to use the probes for brain studies .,1.7203483058923292,0.30284990371565157,0.79213220910197,0.6225071923654804,0.6971500962843483
1956,"At the University of Kentucky , a team led by Dean Currier , a physical therapy researcher , is testing the stimulators in conjunction with electric shocks to induce muscle contractions to help prevent wasting of thigh muscles after knee surgery .",2.572330374469792,0.44519031369723505,0.565189852481678,0.5448039240935113,0.5548096863027647
1957,"Similarly , a Purdue University team led by heart researcher W.A. Tacker hopes to develop ways to magnetically induce cardiac muscle contractions .",1.816279891774668,0.33883108211478574,0.6126017644607249,0.7180999849618267,0.6611689178852145
1958,"The devices might someday serve as temporary pacemakers or restarters for stopped hearts , says Dr. Tacker , whose prototype was dubbed the `` Tacker whacker . ''",2.612804124859697,0.4252082925721528,0.5572693708681407,0.5934517335309715,0.5747917074278474
1959,"The devices ' most remarkable possibilities , though , involve the brain .",1.2511278851146468,0.2260652211231916,0.8047491340837818,0.7453932000632301,0.7739347788768082
1960,"Probing with the stimulators , National Institutes of Health scientists recently showed how the brain reorganizes motor-control resources after an amputation .",1.9505731537837834,0.3627966013325758,0.5936691464445372,0.6876277105339091,0.637203398667424
1961,Similar studies are expected to reveal how stroke patients ' brains regroup -- a first step toward finding ways to bolster that process and speed rehabilitation .,2.7458876106450973,0.47187651317300916,0.5354125916825825,0.5210301840112112,0.5281234868269908
1962,Scientists also are exploring memory and perception with the new machines .,1.0629072918469573,0.18409515009462651,0.8071109565801321,0.8248924821931785,0.8159048499053736
1963,"At the State University of New York at Brooklyn , researchers flash two groups of different letters on a computer screen in front of human guinea pigs .",2.147193690497843,0.4383877495175711,0.5250588898636499,0.6036359613532994,0.5616122504824288
1964,"Between flashes , certain areas in subjects ' brains are jolted with a magnetic stimulator .",1.8671439363079516,0.34686863520316674,0.6445603935254842,0.6619333510692619,0.6531313647968334
1965,"When the jolt is timed just right , the subjects do n't recall seeing the first group of letters .",1.3559707739381874,0.24160280442122808,0.7073541742751767,0.8173797132995863,0.7583971955787722
1966,`` Where does that first stimulus go ? '' exclaims SUNY neurologist Paul Maccabee .,1.4666666666666663,0.269287922274428,0.71325117526672,0.749049345165633,0.7307120777255717
1967,"`` Trying to answer that is suggesting all kinds of theories , '' such as precisely where and how the brain processes incoming signals from the eyes .",2.558883588990877,0.3946216308455114,0.5878622495622603,0.6239703773324269,0.6053783691544887
1968,He and others say that the machines are weak enough that they do n't jeopardize the memory .,1.8910611120726526,0.32705311973099693,0.5880807991071355,0.7864379259835012,0.6729468802690031
1969,"Both the SUNY team and researchers at the National Magnet Laboratory in Cambridge , Mass. , are working with more potent magnetic brain stimulators .",1.5829882628239007,0.2750362686066079,0.683383462032176,0.7719316922460003,0.7249637313933915
1970,"Among other things , the stronger devices may be able to summon forth half-forgotten memories and induce mood changes , neurologists say .",1.456946739318564,0.23342890105586828,0.8118117044724789,0.7261066602020796,0.7665710989441319
1971,"Du Pont Co. , Hewlett-Packard Co. and Los Alamos National Laboratory said they signed a three-year , $ 11 million agreement to collaborate on superconductor research .",1.464078467702688,0.2441172985870056,0.7321670305749787,0.7811861539259758,0.7558827014129947
1972,"The collaboration will include at least 25 researchers and will be aimed primarily at developing thin films of high-temperature superconductors for use in electronics , the companies said .",1.8196862045919655,0.2777818602174736,0.7479353713723204,0.6982106574991036,0.7222181397825267
1973,"The materials , discovered during the past three years , conduct electricity without resistance and promise smaller , faster computers and other new technologies .",1.7891622381280214,0.2905352390366015,0.7777104347143948,0.6522302305545227,0.7094647609633985
1974,"Joint-research programs have proliferated as U.S. companies seek to spread the risks and costs of commercializing new superconductors and to meet the challenges posed by foreign consortia , especially in Japan .",1.8723795925279267,0.28453714493289917,0.7100888908057847,0.7209187801065821,0.7154628550671012
1975,The latest research pact bolsters Du Pont 's growing portfolio of investments in superconductors .,1.2243018651066846,0.2216808609311055,0.786433438313918,0.7703705739871571,0.7783191390688943
1976,"The Wilmington , Del. , chemicals concern previously signed research superconductor agreements with Oak Ridge National Laboratory and with Argonne National Laboratory .",1.1584277509040533,0.22893561207528246,0.7851316787336081,0.7574923146479899,0.7710643879247177
1977,"Last year , Du Pont agreed to pay $ 4.5 million for rights to superconductor work at the University of Houston .",1.319070454938812,0.21464887978936978,0.7794728777775809,0.7913186955643667,0.7853511202106301
1978,"Hewlett-Packard is a Palo Alto , Calif. , computer maker .",0.7513329551354908,0.18850657955826639,0.7635174024519251,0.8659028840774244,0.8114934204417333
1979,The Los Alamos laboratory is one of three U.S. Department of Energy national laboratories designed as pilot centers to foster joint industry-government programs to speed the transfer of new superconductors to the marketplace .,2.1556857314711952,0.3662379808311148,0.6278814888682747,0.6397537410557471,0.6337620191688853
1980,"J.C. PENNEY Co. , Dallas , said it issued $ 350 million of securities backed by credit-card receivables .",1.6186782895875504,0.308638963148237,0.6326632883586584,0.762064473627014,0.6913610368517631
1981,The offering was priced with an 8.95 % coupon rate at 99.1875 % to yield 9.19 % .,1.1258145836939129,0.19706363965044454,0.7534442077330804,0.8593877175107406,0.8029363603495558
1982,The retailer said the securities are expected to be rated triple-A by Standard & Poor 's Corp. and Aaa by Moody 's Investors Service Inc .,2.118361785370146,0.3413632263779136,0.6555695582839629,0.661732825055688,0.6586367736220864
1983,"They pay interest only for 115 months , with principal payments beginning thereafter .",1.0260377126143077,0.18840847784104295,0.7630062843648514,0.8667849788537816,0.8115915221589574
1984,"The expected average life of the certificates is 10 years , with the final scheduled payment in October , 2001 .",1.7268886907852572,0.2862181067159529,0.7539786128553553,0.6776542405757383,0.7137818932840471
1985,First Boston Corp. is sole underwriter .,0.6792696431662093,0.1556525740149909,0.865741148370179,0.823985545256799,0.8443474259850089
1986,"As part of the transaction , J.C. Penney will sell a portion of its credit-card receivables to its JCP Receivables Inc. unit , which will then transfer them to a master trust .",2.1584204780986846,0.3980679115590586,0.5510055632982236,0.6632310178047105,0.6019320884409411
1987,The trust will issue the certificates .,0.5714285714285712,0.1133049180745301,1.0,0.7964530359382731,0.8866950819254699
1988,"Credit support will be provided by a letter of credit facility from Credit Suisse in favor of the trustee , Fuji Bank & Trust Co. , for the benefit of the certificate holders .",2.2542706739439473,0.37890138518574307,0.6992424456579728,0.5586650131925208,0.6210986148142572
1989,J.C. Penney will continue to service the receivables .,8.881784197001252e-16,1.629397827512772e-16,1.0,1.0,1.0
1990,"Battle-tested Japanese industrial managers here always buck up nervous newcomers with the tale of the first of their countrymen to visit Mexico , a boatload of samurai warriors blown ashore 375 years ago .",2.674847038953642,0.4617341041321011,0.47931870217414574,0.6137449980010702,0.5382658958678991
1991,"`` From the beginning , it took a man with extraordinary qualities to succeed in Mexico , '' says Kimihide Takimura , president of Mitsui group 's Kensetsu Engineering Inc. unit .",2.1503982472854184,0.3535059862884001,0.6796999215777944,0.6163814521800206,0.6464940137115999
1992,"Here in this new center for Japanese assembly plants just across the border from San Diego , turnover is dizzying , infrastructure shoddy , bureaucracy intense .",1.2878111086358155,0.2200787021626258,0.8201594200673767,0.7434467997485412,0.7799212978373743
