id,sentence,VI,normalized-VI,homogeneity,completeness,V-score
0,-,4.604754005148674,0.6225607279449061,0.39537783604524807,0.3610578302986632,0.3774392720550938
1,"In an Oct. 19 review of `` The Misanthrope '' at Chicago 's Goodman Theatre -LRB- `` Revitalized Classics Take the Stage in Windy City , '' Leisure & Arts -RRB- , the role of Celimene , played by Kim Cattrall , was mistakenly attributed to Christina Haag .",2.2148955101549133,0.36098049070410837,0.668438973575579,0.6120805047528914,0.6390195092958914
2,Ms. Haag plays Elianti .,1.1019550008653876,0.4018944976291136,0.5981055023708863,0.5981055023708863,0.5981055023708863
3,"Rolls-Royce Motor Cars Inc. said it expects its U.S. sales to remain steady at about 1,200 cars in 1990 .",0.6804820237218392,0.11882161111508376,0.8507268983654892,0.913890810954856,0.881178388884916
4,"The luxury auto maker last year sold 1,214 cars in the U.S.",1.6341367062030674,0.3356122173276102,0.6599785528627529,0.668856323700018,0.6643877826723895
5,"Howard Mosher , president and chief executive officer , said he anticipates growth for the luxury auto maker in Britain and Europe , and in Far Eastern markets .",1.8964297387017117,0.30855786617789704,0.7282281280852587,0.6581938765350307,0.6914421338221031
6,BELL INDUSTRIES Inc. increased its quarterly to 10 cents from seven cents a share .,1.490968531773352,0.269965436764161,0.7225791031982771,0.7376454757882301,0.7300345632358388
7,The new rate will be payable Feb. 15 .,0.8888888888888893,0.16307012108499602,0.7738351806137472,0.9112268122170702,0.836929878915004
8,A record date has n't been set .,1.0943609377704333,0.24840004419622358,0.6622556248918265,0.8688104138107328,0.7515999558037763
9,"Bell , based in Los Angeles , makes and distributes electronic , computer and building products .",2.0155683827347306,0.36959340647714417,0.6461915176669232,0.6153744569841971,0.6304065935228558
10,Investors are appealing to the Securities and Exchange Commission not to limit their access to information about stock purchases and sales by corporate insiders .,1.7215322560926403,0.2819869365302694,0.6875820465711892,0.7512624485900808,0.7180130634697305
11,"A SEC proposal to ease reporting requirements for some company executives would undermine the usefulness of information on insider trades as a stock-picking tool , individual investors and professional money managers contend .",2.238792540807622,0.3847317363988803,0.6502519837207444,0.5838566301855272,0.6152682636011196
12,"They make the argument in letters to the agency about rule changes proposed this past summer that , among other things , would exempt many middle-management executives from reporting trades in their own companies ' shares .",2.9808805070956166,0.47194652304588197,0.5709643255072379,0.49114170118111933,0.5280534769541181
13,The proposed changes also would allow executives to report exercises of options later and less often .,1.2364441181561103,0.25344718291565926,0.635261337229526,0.9051210374384359,0.7465528170843407
14,Many of the letters maintain that investor confidence has been so shaken by the 1987 stock market crash -- and the markets already so stacked against the little guy -- that any decrease in information on insider-trading patterns might prompt individuals to get out of stocks altogether .,2.579638330895863,0.3924386443273494,0.6350708674159419,0.5823361652288056,0.6075613556726507
15,"`` The SEC has historically paid obeisance to the ideal of a level playing field , '' wrote Clyde S. McGregor of Winnetka , Ill. , in one of the 92 letters the agency has received since the changes were proposed Aug. 17 .",2.2581382126617653,0.34822982580144235,0.6605142275085175,0.6432546080675495,0.6517701741985573
16,`` Apparently the commission did not really believe in this ideal . '',0.9811451924741146,0.17849851923161286,0.7858146592777019,0.8605838547608041,0.8215014807683872
17,"Currently , the rules force executives , directors and other corporate insiders to report purchases and sales of their companies ' shares within about a month after the transaction .",2.146018013586792,0.34890229633206354,0.6789430084190189,0.6254464391470973,0.6510977036679363
18,"But about 25 % of the insiders , according to SEC figures , file their reports late .",1.125814583693911,0.16630466861199214,0.8639316648262615,0.8055038840596656,0.8336953313880078
19,"The changes were proposed in an effort to streamline federal bureaucracy and boost compliance by the executives `` who are really calling the shots , '' said Brian Lane , special counsel at the SEC 's office of disclosure policy , which proposed the changes .",2.0135851477816864,0.298708467025183,0.730977356598671,0.6739227614895167,0.7012915329748174
20,"Investors , money managers and corporate officials had until today to comment on the proposals , and the issue has produced more mail than almost any other issue in memory , Mr. Lane said .",2.4924369537107736,0.3854770885479113,0.6391303063600416,0.5917401044287748,0.6145229114520886
21,"The SEC will probably vote on the proposal early next year , he said .",1.3006516669551287,0.21750769180532165,0.7220403013166895,0.8539918053813543,0.7824923081946781
22,Not all those who wrote oppose the changes .,0.9727652780181635,0.21722258553389337,0.7244475317895466,0.8513228355467066,0.7827774144661066
23,"The Committee on Federal Regulation of Securities for the American Bar Association argues , for example , in its lengthy letter to the SEC , that the proposed changes `` would substantially improve the -LCB- law -RCB- by conforming it more closely to contemporary business realities . ''",2.324181694566036,0.3439858660567922,0.6883005669011492,0.6266209359544,0.656014133943208
24,What the investors who oppose the proposed changes object to most is the effect they say the proposal would have on their ability to spot telltale `` clusters '' of trading activity -- buying or selling by more than one officer or director within a short period of time .,2.794045314201449,0.4329916442112625,0.5892901214661754,0.546350199999658,0.5670083557887373
25,"According to some estimates , the rule changes would cut insider filings by more than a third .",2.0985798617120746,0.37645365653529045,0.67951398926963,0.5760965918601727,0.6235463434647096
26,The SEC 's Mr. Lane vehemently disputed those estimates .,1.8364527976600282,0.38200513829820365,0.5613109177123411,0.6874132399308456,0.6179948617017964
27,"The rules will eliminate filings policy-making divisions , such as sales , marketing , finance and research and development , Mr. Lane said .",1.7337350197681998,0.290065721642304,0.7753333285062313,0.6547097757082688,0.7099342783576958
28,"The proposed rules also would be tougher on the insiders still required to file reports , he said .",1.2889592102985814,0.22281773579053518,0.7123692600050714,0.8549693551480043,0.7771822642094645
29,Companies would be compelled to publish in annual proxy statements the names of insiders who fail to file reports on time .,1.3255117935786425,0.2183645008496806,0.8458735523563742,0.726465624955461,0.781635499150319
30,"Considered as a whole , Mr. Lane said , the filings required under the proposed rules `` will be at least as effective , if not more so , for investors following transactions . ''",2.5618500835070868,0.4077982372265949,0.5938387242620462,0.5905738012925875,0.5922017627734051
31,"But Robert Gabele , president of Invest/Net , a North Miami , Fla. , company that packages and sells the insider-trading data , said the proposal is worded so vaguely that key officials may fail to file the reports .",1.7447612485455206,0.25200180374358916,0.7805559587226978,0.7180477145903078,0.7479981962564107
32,"Many investors wrote asking the SEC to require insiders to report their purchases and sales immediately , not a month later .",1.3847451566686422,0.2172291408821039,0.8102422521281517,0.7571012212498742,0.7827708591178959
33,"But Mr. Lane said that while the SEC regulates who files , the law tells them when to do so .",1.5897179992978163,0.24711876465520777,0.7719962569976339,0.7346899372252866,0.752881235344792
34,"Investors who want to change the required timing should write their representatives in Congress , he added .",1.5702590281383557,0.260881629334527,0.7207904750854751,0.7584026495922614,0.739118370665473
35,"The SEC would likely be amenable to legislation that required insiders to file transactions on a more timely basis , he said .",2.422152432371596,0.4130774030965692,0.5204698795850353,0.6728281631712021,0.5869225969034308
36,"The nation 's largest pension fund , which oversees $ 80 billion for college employees , plans to offer two new investment options to its 1.2 million participants .",1.5389376028651958,0.2453306831920232,0.7821447983549704,0.7290586652435787,0.754669316807977
37,"The Teachers Insurance and Annuity Association-College Retirement Equities Fund said it will introduce a stock and bond fund that will invest in `` socially responsible '' companies , and a bond fund .",1.6109472563251561,0.25865459919768496,0.7252950817857166,0.758122162237829,0.741345400802315
38,"Both funds are expected to begin operation around March 1 , subject to Securities and Exchange Commission approval .",1.308144893277543,0.20197802663925574,0.7925171427677314,0.8036038120497903,0.7980219733607441
39,"For its employees to sign up for the options , a college also must approve the plan .",1.2369256948050218,0.20643595755469055,0.7600555558144679,0.8301633644092309,0.7935640424453094
40,"Some 4,300 institutions are part of the pension fund .",1.2754887502163466,0.25672190427399644,0.7952181416542045,0.6977070335615609,0.7432780957260035
41,"The new options carry out part of an agreement that the pension fund , under pressure to relax its strict participation rules and to provide more investment options , reached with the SEC in December .",1.6873630106723354,0.2793513349624308,0.7263050942121286,0.7150796590129558,0.7206486650375694
42,"The new `` social choice '' fund will shun securities of companies linked to South Africa , nuclear power and in some cases , Northern Ireland .",1.959031592206708,0.30075528115614314,0.7709839792246943,0.6397194837517934,0.6992447188438572
43,"Also excluded will be investments in companies with `` significant '' business stemming from weapons manufacture , alcoholic beverages or tobacco .",1.666865202866231,0.27877399591076335,0.7945656336774681,0.6602810481959203,0.7212260040892364
44,"Sixty percent of the fund will be invested in stocks , with the rest going into bonds or short-term investments .",1.3293403314711236,0.23155169724130653,0.7240834788499958,0.8186044569071635,0.7684483027586932
45,"The bond fund will invest in high-grade or medium-grade bonds , mortgages or asset-backed securities , including as much as 15 % in foreign securities .",1.4007029146773284,0.24444250168244175,0.6898974626810527,0.8350303561047591,0.7555574983175579
46,"The fund also might buy and sell futures and options contracts , subject to approval by the New York State Insurance Department .",1.146980017721905,0.19730656250951914,0.7576868289620536,0.8533844883624848,0.802693437490481
47,"Under two new features , participants will be able to transfer money from the new funds to other investment funds or , if their jobs are terminated , receive cash from the funds .",1.4217263655187464,0.23287937420411492,0.734159455515054,0.8031806021324641,0.7671206257958851
48,"The investment choices offered by the pension fund currently are limited to a stock fund , an annuity and a money-market fund .",1.1151626300758517,0.2028609030817229,0.8703041248853378,0.7353218089408848,0.7971390969182772
49,"New Brunswick Scientific Co. , a maker of biotechnology instrumentation and equipment , said it adopted an anti-takeover plan giving shareholders the right to purchase shares at half price under certain conditions .",2.857475374802953,0.4597067845019687,0.5641411882190942,0.5183797199431638,0.5402932154980313
50,"The company said the plan , under review for some time , will protect shareholders against `` abusive takeover tactics .",2.222430212526528,0.3831578128554592,0.707789508746745,0.5466061060719641,0.6168421871445406
51,"W. Ed Tyler , 37 years old , a senior vice president at this printing concern , was elected president of its technology group , a new position .",2.3333619615657497,0.40501063769507,0.5712654571934853,0.6207690882818292,0.5949893623049299
52,"Solo woodwind players have to be creative if they want to work a lot , because their repertoire and audience appeal are limited .",2.151068871060013,0.3825744209380594,0.593724508147639,0.6430975891545017,0.6174255790619405
53,"The oboist Heinz Holliger has taken a hard line about the problem : He commissions and splendidly interprets fearsome contemporary scores and does some conducting , so he does n't have to play the same Mozart and Strauss concertos over and over again .",2.865682871639784,0.43361046206094833,0.5318738076045331,0.605695923919757,0.5663895379390514
54,"Richard Stoltzman has taken a gentler , more audience-friendly approach .",1.7049897729239523,0.3270101939722272,0.6020781226659002,0.76283516616261,0.6729898060277728
55,"Years ago , he collaborated with the new music gurus Peter Serkin and Fred Sherry in the very countercultural chamber group Tashi , which won audiences over to dreaded contemporary scores like Messiaen 's `` Quartet for the End of Time . ''",2.2697632873599405,0.36213793585382487,0.6386711921281725,0.6370549837270841,0.6378620641461753
56,"Today , the pixie-like clarinetist has mostly dropped the missionary work -LRB- though a touch of the old Tashi still survives -RRB- and now goes on the road with piano , bass , a slide show , and a repertoire that ranges from light classical to light jazz to light pop , with a few notable exceptions .",2.763489232651884,0.46195480700803837,0.5164939688264608,0.5614732211637512,0.5380451929919615
57,"Just the thing for the Vivaldi-at-brunch set , the yuppie audience that has embraced New Age as its very own easy listening .",1.4814797357020417,0.24515410244036878,0.7193679484693245,0.79400480374186,0.7548458975596313
58,But you ca n't dismiss Mr. Stoltzman 's music or his motives as merely commercial and lightweight .,1.7086048612313047,0.30195474799015215,0.6097183694984438,0.8162983545263647,0.6980452520098481
59,"He believes in what he plays , and he plays superbly .",1.1258145836939115,0.24554499268354654,0.7343051592212547,0.7757419088562857,0.7544550073164534
60,"His recent appearance at the Metropolitan Museum , dubbed `` A Musical Odyssey , '' was a case in point .",1.975425878826858,0.3486239365695539,0.647269819343066,0.6555347397175143,0.6513760634304459
61,"It felt more like a party , or a highly polished jam session with a few friends , than a classical concert .",1.4312906321106085,0.2655993805123918,0.6676571462436051,0.8159704860084901,0.7344006194876082
62,"Clad in his trademark black velvet suit , the soft-spoken clarinetist announced that his new album , `` Inner Voices , '' had just been released , that his family was in the front row , and that it was his mother 's birthday , so he was going to play her favorite tune from the record .",2.5906987788807214,0.39720214143081034,0.602648088243798,0.6029477033550396,0.6027978585691897
63,"He launched into Saint-Saens 's `` The Swan '' from `` Carnival of the Animals , '' a favorite encore piece for cellists , with lovely , glossy tone and no bite .",2.122485123004241,0.40011268127484667,0.5579870693097997,0.6485911943266123,0.5998873187251533
64,"Then , as if to show that he could play fast as well , he offered the second movement from Saint-Saens 's Sonata for Clarinet , a whimsical , puckish tidbit that reflected the flip side of the Stoltzman personality .",2.6922083026244827,0.41746072886424174,0.5413047217146936,0.6305740184496896,0.5825392711357584
65,"And so it went through the first half : an ingeniously chosen potpourri of pieces , none longer than five minutes , none that would disturb or challenge a listener .",2.407909771422393,0.4078857083651218,0.539540216469455,0.6560404224980463,0.5921142916348784
66,"Mr. Stoltzman introduced his colleagues : Bill Douglas , pianist/bassoonist/composer and an old buddy from Yale , and jazz bassist Eddie Gomez .",1.8141529728500085,0.3238338051817684,0.6938668999063189,0.6593461227393379,0.6761661948182317
67,"An improvisational section was built around pieces by Mr. Douglas , beginning with `` Golden Rain , '' a lilting , laid-back lead in to the uptempo `` Sky , '' which gave Mr. Stoltzman the opportunity to wail in a high register and show off his fleet fingers .",2.668236583242559,0.42866656068852027,0.5691063576082763,0.5735780199536052,0.5713334393114795
68,Bach 's `` Air '' followed .,0.6792696431662097,0.15565257401499102,0.8657411483701791,0.8239855452567992,0.844347425985009
69,"Mr. Stoltzman tied the composer in by proclaiming him `` the great improviser of the 18th century , '' and then built on the image by joining with Mr. Douglas in some Bach two-part inventions , cleverly arranged for clarinet and bassoon by Mr. Douglas .",2.5586622290654546,0.4116195656148114,0.5625089060436433,0.6167465186653963,0.5883804343851888
70,"Keeping the mood light , the two then chanted and chortled their way through some murderous polyrhythms , devised by Mr. Douglas as an alternative to Hindemith 's dry theory-teaching techniques , and then , with Mr. Gomez , soared and improvised on the composer 's tight `` Bebop Etudes . ''",2.881730598173972,0.44742353985916733,0.5326119567451117,0.5740959557372701,0.5525764601408327
71,"The end of the first half , however , brought what the standing-room-only crowd seemed to be waiting for : the pop singer Judy Collins , who appears on `` Inner Voices . ''",2.281400923979321,0.34419387196503304,0.682312894536428,0.6312818366508985,0.6558061280349673
72,"Glamorous and pure-voiced as ever , Ms. Collins sang Joni Mitchell 's `` For Free '' -- about an encounter with a street-corner clarinetist , to which Mr. Stoltzman contributed a clarinet obligatto -- and Mr. Douglas 's lush setting of a Gaelic blessing , `` Deep Peace . ''",2.9119964271295484,0.5007667483550358,0.4584701973554647,0.5479522464664467,0.4992332516449641
73,"`` Deep Peace '' also featured a slide show of lovely but predictable images of clouds , beaches , deserts , sunsets , etc .",1.395863878089589,0.2439342630703505,0.8232663315614492,0.6990079556602118,0.7560657369296492
74,"It was all too mellow to be believed , but they probably would have gotten away with it , had they not felt compelled to add Ms. Collins 's signature tune , `` Amazing Grace , '' and ask for audience participation .",2.5963816116070344,0.4237534547477257,0.5311883785115143,0.6296573645987751,0.5762465452522744
75,That went over the permissible line for warm and fuzzy feelings .,1.2924812503605776,0.24804001964049943,0.6861230575340913,0.8317727126205168,0.7519599803595005
76,Was this why some of the audience departed before or during the second half ?,1.833985000288462,0.3540650891825314,0.5564779230869102,0.7696625363202675,0.6459349108174686
77,Or was it because Ms. Collins had gone ?,1.3333333333333335,0.26631956334878903,0.6738597578300081,0.8051567697685734,0.733680436651211
78,"Either way it was a pity , because Mr. Stolzman offered the most substantial music of the evening just after intermission : Steve Reich 's `` New York Counterpoint , '' one of a series of Reich works that juxtapose a live performer with recorded tracks of his or her own playing .",2.7475214199556306,0.41904422212325193,0.571614501766026,0.5906074349033495,0.580955777876748
79,-LRB- Mr. Reich 's new `` Different Trains '' for string quartet uses the technique magisterially . -RRB-,2.184397023276862,0.440361299229411,0.48561899096994726,0.6602809907827724,0.5596387007705892
80,Mr. Stoltzman must have worried that his audience might not be able to take it : He warned us in advance that `` New York Counterpoint '' lasts 11 1/2 minutes .,2.254800414847505,0.3548822350057472,0.6208305123478048,0.6713826466944857,0.6451177649942529
81,"He also unfortunately illustrated this intricate , jazzy tapestry with Mr. Pearson 's images , this time of geometric or repeating objects , in a kitschy mirroring of the musical structure that was thoroughly distracting from Mr. Reich 's piece and Mr. Stoltzman 's elegant execution of it .",2.4443512902294073,0.38240549308287364,0.5819919304377759,0.657836791116933,0.6175945069171263
82,"The rest of the concert was more straight jazz and mellow sounds written by Charlie Parker , Ornette Coleman , Bill Douglas and Eddie Gomez , with pictures for the Douglas pieces .",1.974583619961519,0.3389933462711061,0.68372744691552,0.6397473531576494,0.6610066537288937
83,"It was enjoyable to hear accomplished jazz without having to sit in a smoke-filled club , but like the first half , much of it was easy to take and ultimately forgettable .",1.9027168583887626,0.31225941794622464,0.6505767263112936,0.7294076109115104,0.6877405820537752
84,Is this the future of chamber music ?,0.8443609377704338,0.1637742533134754,0.8960775105770448,0.7838687499016604,0.8362257466865245
85,"Managers and presenters insist that chamber music concerts are a hard sell , but can audiences really enjoy them only if the music is purged of threatening elements , served up in bite-sized morsels and accompanied by visuals ?",2.239915813174788,0.35969166657570195,0.6357549439926671,0.6449274177363243,0.6403083334242982
86,What 's next ?,1.188721875540867,0.4228403675888765,0.4056390622295664,1.0,0.5771596324111234
87,Slides to illustrate Shostakovich quartets ?,1.0000000000000004,0.23981246656813157,0.7039180890341348,0.82623465712856,0.7601875334318685
88,"It was not an unpleasant evening , certainly , thanks to the high level of performance , the compositional talents of Mr. Douglas , and the obvious sincerity with which Mr. Stoltzman chooses his selections .",2.2650120895286943,0.356608917767503,0.6335615765124595,0.6535303978443927,0.6433910822324971
89,But it was neither deep nor lasting : light entertainment that was no substitute for an evening of Brahms .,2.2712960982610273,0.40758575250178536,0.5084438122448901,0.7096071856402082,0.5924142474982145
90,Ms. Waleson is a free-lance writer based in New York .,1.3413534092875876,0.2765541934207816,0.6879244954002229,0.7628351661626102,0.7234458065792183
91,One of Ronald Reagan 's attributes as President was that he rarely gave his blessing to the claptrap that passes for `` consensus '' in various international institutions .,2.0313746696753308,0.31527379939441785,0.6619396786574336,0.7091374523295071,0.6847262006055823
92,"In fact , he liberated the U.S. from one of the world 's most corrupt organizations -- UNESCO .",1.5928769740258089,0.2539906880795792,0.7353007556814984,0.7570343859932647,0.7460093119204205
93,"This is the U.N. group that managed to traduce its own charter of promoting education , science and culture .",1.4937151490463618,0.2510386121643117,0.7418223150340623,0.7562392044047975,0.7489613878356884
94,"Ever since , the remaining members have been desperate for the United States to rejoin this dreadful group .",1.5723317358382731,0.25854689294949657,0.6777807782452498,0.8183288544349385,0.7414531070505033
95,Now UNESCO apologists are lobbying President Bush to renege on President Reagan 's decision to depart .,1.0128988793455074,0.18666963588216665,0.8090308517448245,0.8176758192937165,0.8133303641178334
96,But we can think of many reasons to stay out for the foreseeable future and well beyond .,1.91468852481723,0.33741273550703577,0.5611485529403526,0.8087925277921807,0.6625872644929641
97,"The U.S. , along with Britain and Singapore , left the agency when its anti-Western ideology , financial corruption and top leadership got out of hand .",1.9771880735279304,0.30439117640012775,0.7154124133328666,0.6768720826968196,0.6956088235998721
98,"The personal antics of agency Director Amadou-Mahtar M'Bow drew much attention , such as when several of his top aides were uncovered as KGB plants and ejected from France and when a mysterious office fire was set just before Congress sent accountants to trace U.S. funds .",2.6177160297409605,0.40357116968229495,0.5713868518531909,0.6237664308918495,0.5964288303177049
99,"Mr. M'Bow was an extreme case , but even his replacement , the more personally genial Spanish biochemist Federico Mayor , has had little success at achieving reforms .",2.7477129101925435,0.45518007024404117,0.5086067114772453,0.5865852870754639,0.5448199297559588
100,"Several ridiculous projects continue , including the `` New International Economic Order , '' which means redistributionism from the West to pay for everyone else 's statism .",1.9546091411857338,0.30241551193808763,0.7223298913592999,0.6744783706269535,0.6975844880619122
101,"The Orwellian `` New World Information Order '' would give government officials rights against the press ; journalists would be obliged to kowtow to their government , which would have licensing and censorship powers and , indeed , duties to block printing of `` wrong '' ideas .",2.1070528086006846,0.34606889792966505,0.6518961870022928,0.6559787610254585,0.6539311020703348
102,UNESCO somehow converted the founding U.N. ideals of individual rights and liberty into `` peoples ' rights . '',1.2168113409875643,0.19139847793341572,0.8370109423711121,0.7820573113107294,0.8086015220665843
103,Million-dollar conferences were held to chew on subjects such as `` ethical responsibilities of scientists in support of disarmament '' and `` the impact of the activities of transnational corporations . '',1.7937528255080517,0.29348596423977963,0.7832500509734669,0.6434722331914126,0.7065140357602204
104,The agency was so totally subverted from the high principles of its founding that even the Soviets now wonder about an agency that seemed so congenial to them .,1.8717474116377213,0.3147386855675718,0.6302230954978802,0.7508325138639129,0.6852613144324282
105,"Glasnost may be partly responsible , but Soviet Foreign Minister Eduard Shevardnadze last year admitted , `` The exaggerated ideological approach undermined tolerance intrinsic to UNESCO . ''",2.0485088012961166,0.31891625813593005,0.7091552977517567,0.6551499601121609,0.68108374186407
106,UNESCO is now holding its biennial meetings in Paris to devise its next projects .,1.2503258334775635,0.20734668857728442,0.7375718925218687,0.8566255876333598,0.7926533114227152
107,Mr. Mayor 's hope that references to `` press freedom '' would survive unamended seems doomed to failure ; the current phrasing is `` educating the public and media to avoid manipulation . '',2.246405777792503,0.3670952249828885,0.636607597525438,0.6292447782823454,0.6329047750171118
108,He has n't been able to replace the M'Bow cabal .,1.8513207251454808,0.3653290960488959,0.5194500155958578,0.8155765845131724,0.6346709039511044
109,"Soviets remain in charge of education programs , a former head of an African military tribunal for executions is in charge of culture , and a hard-line Polish communist in exile directs the human-rights and peace division .",2.4173190913355302,0.42189785314752476,0.6186328577261366,0.5425557482259661,0.5781021468524751
110,"Of the agency 's 2,750 staff members , 230 are in the field working on actual projects , such as literacy and oceanographic research .",1.1900539969805246,0.19845858384695092,0.8237509101828765,0.7804980798360521,0.8015414161530491
111,"The position of the United States , which once contributed 25 % of the budget , is that nothing has changed .",1.0285995674132131,0.15543542274413089,0.8106013793420427,0.8814982673245175,0.8445645772558693
112,"John Bolton , the assistant secretary of state for international organizations , told Congress that the continuing `` statist , restrictive , nondemocratic '' programs make rejoining any time soon `` extremely unlikely . ''",2.151434998461365,0.3434911742403625,0.7029652806184367,0.6158120175614016,0.6565088257596372
113,"This has n't much bothered the UNESCO delegates , who last week could n't even agree to raise funds by selling off a fancy 19th-century French chateau the agency somehow owns .",2.2548430599506606,0.3471575946144162,0.6252072204049558,0.6830336117448604,0.6528424053855839
114,"Other countries , including West Germany , may have a hard time justifying continued membership .",2.086504874078385,0.3854265729523807,0.6192564763771624,0.6099606760406519,0.6145734270476194
115,We see an even stronger argument against UNESCO than its unsurprising failure to reform .,1.833985000288461,0.3430695426541726,0.5840896671384554,0.7505274035368905,0.6569304573458272
116,This is that the Reagan Revolution spanning Eastern Europe and Tiananmen Square shows the power of ideas unencumbered by international civil servants or government functionaries .,1.3130371341314468,0.2220354452691302,0.7515219857218909,0.8063357661469505,0.7779645547308698
117,"Free markets , free minds and free elections have an appeal that seems to get muddled only when delivered through U.N. organizations -- which of course are made up largely of governments that fear these principles at home .",2.4691458299614713,0.4073191513336728,0.5496488677095731,0.6430230927962308,0.5926808486663271
118,The Babelists of the United Nations are experts at obfuscation .,1.0463431822115394,0.18993742486157977,0.8990841569354387,0.7370814669769646,0.8100625751384201
119,"This can have its purposes at times , but there 's no reason to cloud the importance and allure of Western concepts of freedom and justice .",2.223670371011399,0.3807044500110399,0.6001922264401087,0.6396549187618604,0.6192955499889602
120,"We can see plenty of reasons to stay out , and none to rejoin UNESCO .",1.0,0.16245266980254053,0.8048594390260694,0.8730027365206346,0.8375473301974594
121,Researchers at Plant Genetic Systems N.V. in Belgium said they have developed a genetic engineering technique for creating hybrid plants for a number of key crops .,1.9943878308134932,0.3255539462823829,0.6822839422850913,0.6667861989246153,0.6744460537176172
122,The researchers said they have isolated a plant gene that prevents the production of pollen .,1.7727829985375179,0.3293387334829799,0.7064621227769786,0.6383139067809197,0.6706612665170203
123,The gene thus can prevent a plant from fertilizing itself .,1.6363636363636367,0.3097707070496415,0.6256288009440101,0.7697068366169503,0.6902292929503585
124,"Such so-called male-sterile plants can then be fertilized by pollen from another strain of the plant , thereby producing hybrid seed .",1.6426802494280737,0.2912646925466082,0.6897785238908509,0.7287634923180462,0.7087353074533915
125,"The new generation of plants will possess the flourishing , high-production trait known as `` hybrid vigor , '' similar to that now seen in hybrid corn .",1.7184242107540513,0.2764065933663725,0.7763650956476142,0.6775391886398792,0.7235934066336275
126,"`` The development could have a dramatic effect on farm production , especially cotton , '' said Murray Robinson , president of Delta & Pine Land Co. , a Southwide Inc. subsidiary that is one of the largest cotton seed producers in the U.S. .",2.3517677768695253,0.37173789713595595,0.6416755761734546,0.6153979327871161,0.6282621028640444
127,"On a commercial scale , the sterilization of the pollen-producing male part has only been achieved in corn and sorghum feed grains .",1.983724039366971,0.3331593910771789,0.6827292195653895,0.6516747051372364,0.6668406089228212
128,"That 's because the male part , the tassel , and the female , the ear , are some distance apart on the corn plant .",0.750375961704882,0.14326036889945373,0.8443396511041806,0.8695092520919261,0.856739631100546
129,"In a labor-intensive process , the seed companies cut off the tassels of each plant , making it male sterile .",1.9754258788268588,0.3414776884676567,0.7096653428624599,0.6142551499806297,0.6585223115323433
130,"They sow a row of male-fertile plants nearby , which then pollinate the male-sterile plants .",1.2193609377704338,0.21093877764098487,0.7723597863661356,0.8065009231089415,0.7890612223590152
131,The first hybrid corn seeds produced using this mechanical approach were introduced in the 1930s and they yielded as much as 20 % more corn than naturally pollinated plants .,2.3752793655393782,0.3890604114395694,0.5769779943083853,0.649149267710173,0.6109395885604306
132,The vast majority of the U.S. corn crop now is grown from hybrid seeds produced by seed companies .,1.5326008146717758,0.2726739875095839,0.7133002999108392,0.7419143670333328,0.7273260124904161
133,"A similar technique is almost impossible to apply to other crops , such as cotton , soybeans and rice .",1.718226398830014,0.2839977427407478,0.7459296951508881,0.688383624689146,0.7160022572592522
134,"The male part , the anthers of the plant , and the female , the pistils , of the same plant are within a fraction of an inch or even attached to each other .",1.59281731319584,0.2814977324762674,0.7487481774265605,0.6906050662458599,0.7185022675237324
135,The anthers in these plants are difficult to clip off .,0.5454545454545459,0.09660669684178913,0.9334525592955638,0.87520960031467,0.9033933031582109
136,"In China , a great number of workers are engaged in pulling out the male organs of rice plants using tweezers , and one-third of rice produced in that country is grown from hybrid seeds .",2.2876308016289135,0.37461068257013286,0.6523828915515696,0.600540807438821,0.6253893174298673
137,"At Plant Genetic Systems , researchers have isolated a pollen-inhibiting gene that can be inserted in a plant to confer male sterility .",1.543903261057694,0.2482084979396046,0.7289137692706203,0.7761518522536937,0.7517915020603958
138,"Jan Leemans , research director , said this gene was successfully introduced in oil-producing rapeseed plants , a major crop in Europe and Canada , using as a carrier a `` promoter gene '' developed by Robert Goldberg at the University of California in Los Angeles .",2.164988443139973,0.3669136907358065,0.6342673591028689,0.6319096496441472,0.6330863092641934
139,The sterilizing gene is expressed just before the pollen is about to develop and it deactivates the anthers of every flower in the plant .,1.9073469758233497,0.32438014945623245,0.6490152675536104,0.7044988284106019,0.6756198505437675
140,Mr. Leemans said this genetic manipulation does n't hurt the growth of that plant .,1.8582868653951463,0.3266555038637078,0.6370985282057938,0.7139634842653447,0.6733444961362918
141,The researchers also pulled off a second genetic engineering trick in order to get male-sterile plants in large enough numbers to produce a commercial hybrid seed crop .,2.612902123526078,0.4586300607593337,0.5575594962418703,0.5260940282120831,0.5413699392406663
142,"They attached a second gene , for herbicide resistance , to the pollen-inhibiting gene .",1.0666666666666673,0.18244649673621754,0.8996197380662533,0.7492082894003669,0.8175535032637825
143,"Both genes are then inserted into a few greenhouse plants , which are then pollinated and allowed to mature and produce seed .",1.6200489099495679,0.2713591465080698,0.6720996525145034,0.7955690693823587,0.7286408534919304
144,The laws of heredity dictate that half of the plants springing from these greenhouse-produced seeds will be male sterile and herbicide resistant and half will be male fertile and herbicide susceptible .,2.427614824861992,0.4008714421426318,0.6385870833704143,0.5642625707083051,0.5991285578573683
145,"The application of herbicide would kill off the male-fertile plants , leaving a large field of male-sterile plants that can be cross-pollinated to produce hybrid seed .",2.01039536805533,0.33206561995609496,0.6848686111305353,0.6518173818473255,0.6679343800439052
146,Mr. Leemans said the hybrid rapeseeds created with this genetic engineering yield 15 % to 30 % more output than the commercial strains used currently .,1.9941719781524734,0.31796273023224225,0.6807864700296602,0.6832926741206035,0.6820372697677576
147,"`` This technique is applicable to a wide variety of crops , '' he said , and added that some modifications may be necessary to accommodate the peculiarities of each type of crop .",2.1532194656151242,0.3339417542338324,0.6904715545670662,0.6433123653223337,0.6660582457661677
148,"He said the company is experimenting with the technique on alfalfa , and plans to include cotton and corn , among other crops .",1.3553885422075354,0.2058308672310737,0.8594258317769158,0.7381230257720234,0.7941691327689263
149,"He said that even though virtually all corn seeds currently planted are hybrids , the genetic approach will obviate the need for mechanical emasculation of anthers , which costs U.S. seed producers about $ 70 million annually .",2.3423613392288,0.3459329287611782,0.6522121066343327,0.6559326173944661,0.6540670712388217
150,"In recent years , demand for hybrid seeds has spurred research at a number of chemical and biotechnology companies , including Monsanto Co. , Shell Oil Co. and Eli Lilly & Co .",2.2516291673878226,0.4137026224227057,0.5774403405994861,0.5954303533789352,0.586297377577294
151,One technique developed by some of these companies involves a chemical spray supposed to kill only a plant 's pollen .,1.8628293085125582,0.33767840423411793,0.6762755679926687,0.6489318223441594,0.662321595765882
152,"But there have been problems with chemical sprays damaging plants ' female reproductive organs and concern for the toxicity of such chemical sprays to humans , animals and beneficial insects .",1.6259234836744518,0.2670298317930609,0.7768205139966446,0.6938058735982815,0.732970168206939
153,"However , Paul Johanson , Monsanto 's director of plant sciences , said the company 's chemical spray overcomes these problems and is `` gentle on the female organ . ''",1.4738951468027253,0.23233764582358157,0.8046739789600054,0.7339057699044627,0.7676623541764184
154,"Biosource Genetics Corp. , Vacaville , Calif. , is developing a spray containing a gene that spreads from cell to cell and interferes with the genes that are responsible for producing pollen .",2.071354813898207,0.33253610204329676,0.657558954399415,0.6776718054584135,0.6674638979567028
155,"This gene , called `` gametocide , '' is carried into the plant by a virus that remains active for a few days .",1.9186750988410028,0.3372994965552118,0.6720543831449094,0.65360343033248,0.6627005034447883
156,"Robert Erwin , president of Biosource , called Plant Genetic 's approach `` interesting '' and `` novel , '' and `` complementary rather than competitive . ''",1.6045995319078683,0.2718614598103584,0.7940056072779019,0.6723624334403814,0.7281385401896416
157,"`` There is a large market out there hungry for hybrid seeds , '' he said .",2.368509559205319,0.4251404935673634,0.5586106977057747,0.5920819225991335,0.5748595064326366
158,"Mr. Robinson of Delta & Pine , the seed producer in Scott , Miss. , said Plant Genetic 's success in creating genetically engineered male steriles does n't automatically mean it would be simple to create hybrids in all crops .",2.1454635825794623,0.33189864527137025,0.6462900366478171,0.6914362910922695,0.6681013547286301
159,"That 's because pollination , while easy in corn because the carrier is wind , is more complex and involves insects as carriers in crops such as cotton .",1.685198807009547,0.2810722930278803,0.715345210797605,0.7225462665103841,0.7189277069721198
160,"`` It 's one thing to say you can sterilize , and another to then successfully pollinate the plant , '' he said .",2.0974456844848905,0.3274285089167709,0.6980416034464393,0.6488946506453213,0.6725714910832289
161,"Nevertheless , he said , he is negotiating with Plant Genetic to acquire the technology to try breeding hybrid cotton .",1.291400737083988,0.21212209429563378,0.7420258209441725,0.8397699013878884,0.7878779057043662
162,"A bitter conflict with global implications has erupted between Nomura Securities Co. and Industrial Bank of Japan , two of the world 's most powerful financial companies .",2.6973495512618015,0.44908694928698556,0.5199467790459209,0.5858014009353472,0.5509130507130144
163,The clash is a sign of a new toughness and divisiveness in Japan 's once-cozy financial circles .,1.512182274937424,0.25827625444993574,0.7525039965578993,0.7312480044601595,0.7417237455500642
164,Not only are Japan 's financial institutions putting their enormous clout to work ; increasingly they 're squaring off against one another in unprecedented public fashion .,2.3890182764451087,0.4063195379836845,0.5115606033358597,0.7072070806450358,0.5936804620163156
165,"Already , the consequences are being felt by other players in the financial markets -- even governments .",1.2641604167868588,0.21496760052291444,0.8060093455811971,0.7651196361104124,0.7850323994770855
166,What triggered the latest clash was a skirmish over the timing of a New Zealand government bond issue .,1.8173328954200416,0.33558830320106403,0.667592417778125,0.6612611409690734,0.6644116967989359
167,"Nomura was attempting to organize the 50 billion-yen -LRB- $ 352 million -RRB- borrowing in Japan at a time when many Japanese banks , led by Industrial Bank of Japan , were pressuring the Wellington government to help them recover loans made to a defunct investment bank that had been owned by New Zealand 's civil-service pension fund .",2.3381074051199002,0.3337311476846821,0.6739913594493935,0.6587213074912648,0.6662688523153181
168,"Unwilling to put up new money for New Zealand until those debts are repaid , most banks refused even to play administrative roles in the new financing , forcing an embarrassed Nomura to postpone it this week .",2.2410135656860906,0.34387352179716657,0.6454409310825501,0.6671717888482306,0.6561264782028331
169,The dispute shows clearly the global power of Japan 's financial titans .,0.8272990386279595,0.13203220784509534,0.8983502986199522,0.83957314849398,0.8679677921549046
170,"Aside from Nomura 's injured pride , the biggest victim so far has been the New Zealand government .",1.4928698935052775,0.25428332980968815,0.6880725710267017,0.8139023052035458,0.7457166701903118
171,"Barred by its budget law from making any new domestic bond issues , Wellington 's Debt Management Office had been casting abroad to raise the 3 billion New Zealand dollars -LRB- US$ 1.76 billion -RRB- to NZ$ 4 billion it needs to come up with by the end of its fiscal year next June 30 .",2.912256137416546,0.4294135544294168,0.5358124487483683,0.6101873408088493,0.5705864455705835
172,"With Japan 's cash-flush banks aligned against it , though , raising money may be difficult .",1.3540911769796402,0.23383297880467951,0.6737118447789696,0.8880341944503755,0.7661670211953204
173,"Not only can they block Wellington from raising money in Japan , bankers here say , but as the largest underwriters in the Eurobond market , they might be able to scuttle borrowings there , too .",1.5805515102084788,0.2348798929228866,0.7461433573676212,0.785087323141205,0.7651201070771135
174,"New Zealand 's finance minister , David Caygill , lashed out at such suggestions .",1.2503258334775644,0.22079625248396778,0.8053224071751394,0.7547260565547682,0.7792037475160322
175,"He told reporters in Wellington Tuesday that the government had n't guaranteed the loans to DFC New Zealand Ltd. , an investment bank 80%-owned by the National Provident Fund , and would n't bail it out .",2.2138757567090535,0.3275535495536822,0.694308555635553,0.651919087573264,0.6724464504463179
176,"`` It may very well be what the Japanese banks want , '' he told Radio New Zealand .",1.632607895192307,0.2619856909741369,0.7740336519050801,0.7051981962311072,0.7380143090258628
177,`` I think it would be irresponsible and I am not about to be blackmailed by Japanese banks or any other international interests . '',2.0815640006923086,0.3420166369790653,0.6211614121168333,0.6994459591608382,0.6579833630209345
178,No less significant than the Japanese banks ' attempt to cut off funds to pressure a foreign government are the implications of a confrontation between Japan securities and banking industries .,2.3316346754030293,0.386776914354209,0.6197165843134989,0.6068642559209618,0.6132230856457911
179,Anxiety is rising over recent government proposals to eventually lower the strict barriers that now separate -- and protect -- the two industries from each other .,2.467747795670026,0.3951324325267324,0.5634648471878629,0.6528372657434661,0.6048675674732679
180,"Both sides are jealously guarding their turf , and relations have been at a flashpoint for months .",2.157162301295024,0.42534353229426464,0.49074302447767043,0.6931862037449634,0.5746564677057352
181,The banks badly want to break into all aspects of the securities business .,1.3396348215831058,0.2348733977583613,0.8358326957510431,0.7054500459535575,0.7651266022416388
182,"Meanwhile , the securities companies -- most of them smaller than the banks -- are seeking access only to limited kinds of banking that would n't open them to the full brunt of competition from the banks .",2.4026374985828367,0.37722301060511443,0.6469998554011037,0.6003024171184298,0.6227769893948856
183,"Nomura , the world 's biggest securities company largely by virtue of its protected home field , and Industrial Bank of Japan , Japan 's most innovative and aggressive bank in capital markets abroad , captain the opposing sides .",2.4291904462736937,0.3714825961689549,0.643776358483797,0.613965044689804,0.628517403831045
184,And their suspicions of each other run deep .,0.8888888888888884,0.16307012108499586,0.7195867761904634,1.0,0.836929878915004
185,"In the past year , both have tried to stretch the limits of their businesses .",1.6949634674227338,0.2919815332618105,0.6780868623350437,0.7407145351526433,0.7080184667381895
186,"Nomura started a credit-card venture with American Express Co. that allowed cardholders to use their Nomura securities accounts like a bank account , attracting the wrath of banks .",1.9549697258400465,0.33379034858538503,0.7140698267295108,0.6243620924162482,0.666209651414615
187,"And Industrial Bank of Japan started up a London securities subsidiary that sells Japanese stocks to non-Japanese institutions overseas , a move that stirred the anger of the stock brokerage firms .",2.2729989384164924,0.3635984694954824,0.6581592845553037,0.6160362988776587,0.6364015305045178
188,The New Zealand bond issue simply has brought the two institutions face-to-face .,0.8272990386279586,0.14641156179270315,0.8393609944582764,0.8683065180611209,0.8535884382072966
189,"ITEL CORP. reported third-quarter earnings , which were mistakenly shown in the Quarterly Earnings Surprises table in yesterday 's edition to be lower than the average of analysts ' estimates .",2.1144798394075695,0.34392294694723624,0.6459753706550386,0.6664996922353,0.6560770530527638
190,"On a pretax basis , Itel 's third-quarter earnings of 30 cents a share were actually 7.14 % higher than the average of estimates .",2.606340619842859,0.455544706638067,0.4924056397846428,0.6088093848139033,0.544455293361933
191,"Raymond E. Ross , 53 years old , formerly group vice president , U.S. plastics machinery , at this machine tool , plastics machinery and robots concern , was named senior vice president , industrial systems , succeeding David A. Entrekin , who resigned Monday .",2.2128955196625975,0.37382273207852534,0.6676028516478921,0.589592333459479,0.6261772679214748
192,"John A. Conlon Jr. , 45 , was named a managing director at this investment-banking company .",1.448775910770042,0.2504377868924548,0.7195644398026245,0.7821699339258052,0.7495622131075456
193,"He will be in charge of research , equity sales and trading , and the syndicate operation of Rothschild .",1.3825742227201605,0.23097594130564647,0.8327502955116902,0.7143578097572321,0.7690240586943535
194,Mr. Conlon was executive vice president and director of the equity division of the international division of Nikko Securities Co .,1.9188248916760204,0.4043576259090363,0.5473483638251815,0.6532833078367899,0.5956423740909633
195,"As Yogi Berra might say , it 's deja vu all over again .",1.6981741079155248,0.38770007519439864,0.4629970949192668,0.9037241607669086,0.6122999248056014
196,"Crouched at shortstop , Bert Campaneris , once Oakland 's master thief , effortlessly scoops up a groundball and flips it to second .",1.911429290871967,0.3260569973551034,0.6095821590175179,0.7534988435165184,0.6739430026448966
197,"In the outfield , Paul Blair , the Orioles ' eight-time Gold Glove winner , elegantly shags a fly .",1.3950067264945059,0.2638118296430252,0.6791585242540789,0.8036734652774813,0.7361881703569746
198,"On the mound , former Red Sox great Luis Tiant , the wily master of 1,001 moves , throws an off-speed strike .",1.444316562994505,0.2650020783579823,0.7056187309363355,0.7669298670896854,0.7349979216420178
199,"`` Babies , kiddies , '' growls their manager -- a fellow named Earl Weaver , who , in a different time , handled four World Series teams and now handles the Gold Coast Suns .",2.3275124983839115,0.37420679888456354,0.6507011987650617,0.6027217928734333,0.6257932011154363
200,"`` Old-time kiddies , '' he says .",1.0,0.2222222222222222,0.875,0.7000000000000001,0.7777777777777778
201,Perhaps .,1.0,1.0,0.0,1.0,0.0
202,"But for the next few months , these boys of summers long past are going to be reveling in an Indian summer of the soul .",2.1080244348912975,0.3843666208066116,0.5722565025978152,0.6661254983911774,0.6156333791933885
203,"Now that the baseball season is officially over , you see , it 's time for a new season to begin .",1.7736159094842674,0.3372894092066224,0.5527269866994429,0.827337103826143,0.6627105907933775
204,"Today is the debut of the Senior Professional Baseball Association , a new eight-team pro sports circuit , modeled after the highly successful senior tennis and golf tours and complete with good salaries , a cable television contract and even expansion plans .",2.3046024435593178,0.38365060983477484,0.6396184677778946,0.5947139228887567,0.6163493901652252
205,"One hundred and ninety two former greats , near greats , hardly knowns and unknowns begin a 72-game , three-month season in spring-training stadiums up and down Florida .",2.5557199276245997,0.4543705573480904,0.5073052025479474,0.590217252056818,0.5456294426519096
206,"For everyone involved , it 's one more swig of that elixir of youth , baseball .",1.1690766459368964,0.2089844515794934,0.7839692389771402,0.7981896709966415,0.7910155484205066
207,"`` Someone always makes you quit , '' says legendary St. Louis Cardinals centerfielder Curt Flood , the league 's commissioner .",2.06745197524382,0.3519849517324999,0.6606136862819983,0.6358879574130639,0.6480150482675001
208,"`` You feel you want one more -- one more at-bat , one more hit , one more game . ''",2.23304061855148,0.4685931591053273,0.5116004860422975,0.5528085449700612,0.5314068408946726
209,"Until the baby-faced heroes of today reclaim these ballparks for spring training , there is one more .",1.464695998700015,0.24467609945264837,0.7613634451005539,0.7493794197322422,0.7553239005473515
210,And not just for the players .,0.5714285714285712,0.1133049180745301,0.7964530359382731,1.0,0.8866950819254699
211,"It 's one more for the baseball-loving lawyers , accountants and real estate developers who ponied up about $ 1 million each for the chance to be an owner , to step into the shoes of a Gene Autry or have a beer with Rollie Fingers .",2.2507101018408546,0.33551206985273935,0.6634621256735884,0.665516911604998,0.6644879301472608
212,"`` Nothing can be better than this , '' says Don Sider , owner of the West Palm Beach Tropics .",1.5944734978744766,0.272241816554607,0.7570245245075053,0.7006704731080399,0.7277581834453928
213,"Early in the morning Mr. Sider , an estate lawyer , pores over last wills and testaments .",1.5066341932646532,0.2443237146640318,0.7958996737418111,0.7193229515861743,0.7556762853359682
214,"Midmorning , he dons an orange-and-blue uniform and , for fun , may field a bunt from Dave Kingman .",2.1609640474436813,0.3802577971429322,0.5640629745212681,0.6876176372727494,0.6197422028570678
215,"It 's one more , too , for the fans who dream of a season that never ends .",1.9365256589195377,0.33871781539757967,0.6145272501808149,0.7157374729584917,0.6612821846024203
216,"`` I feel like a little kid , '' says a gleeful Alex de Castro , a car salesman , who has stopped by a workout of the Suns to slip six Campaneris cards to the Great Man Himself to be autographed .",2.3189226060003536,0.35522424746123316,0.6211964366383653,0.6702157384870556,0.6447757525387667
217,The league 's promoters hope retirees and tourists will join die-hard fans like Mr. de Castro and pack the stands to see the seniors .,1.5166458784357433,0.2418632375743635,0.7649034007183704,0.7514887950452609,0.7581367624256362
218,The league is the brainchild of Colorado real estate developer James Morley -- once a minor-leaguer himself -- who says he had the idea last January while lying on a beach in Australia .,2.5273357479187792,0.4195797297259404,0.5615611344601049,0.6005901328018888,0.5804202702740598
219,"When he sent letters offering 1,250 retired major leaguers the chance of another season , 730 responded .",1.792481250360579,0.28338967987118635,0.7512184354001917,0.6850505153061306,0.7166103201288138
220,"Eventually , about 250 made the trip to Florida to compete for the available slots .",1.272782998537517,0.2129390648233279,0.734420712316489,0.8478298537259309,0.7870609351766721
221,"-LRB- Players have to be 35 or older , except for catchers , who are eligible at 32 because life behind the plate is so rough . -RRB-",1.754264838527277,0.28795076965142347,0.658398813953113,0.7752188689231528,0.7120492303485769
222,"For some players , the lure is money -- up to $ 15,000 a month .",2.1171439363079503,0.37585621084027326,0.6321770011684178,0.6163121749820237,0.6241437891597266
223,"Others , just released from the majors , hope the senior league will be their bridge back into the big-time .",1.4818769275601769,0.246318014057841,0.7442003452327703,0.7634083502715895,0.7536819859421588
224,"But as they hurl fireballs that smolder rather than burn , and relive old duels in the sun , it 's clear that most are there to make their fans cheer again or recapture the camaraderie of seasons past or prove to themselves and their colleagues that they still have it -- or something close to it .",2.6335357187052493,0.45870352690118754,0.4810346236578346,0.6188193751580641,0.5412964730988125
225,`` My fastball is good .,1.0000000000000009,0.23981246656813168,0.7039180890341349,0.8262346571285601,0.7601875334318687
226,"Real good , '' says 39-year-old Pete Broberg , working in the midday heat of the Tropics camp .",1.4553412870738534,0.2463164786210084,0.7663695852935066,0.741410614644728,0.7536835213789911
227,"Mr. Broberg , who started with the now-defunct Washington Senators , says that when he left baseball in 1978 , he `` never looked back . ''",2.4179337968571977,0.3840927015564183,0.6131839644362678,0.6186549306537478,0.6159072984435822
228,"For a long time , he ignored baseball altogether , even the sports pages .",1.650325833477564,0.2798685725293167,0.7610426460556,0.6833943338071621,0.7201314274706831
229,"Now Mr. Broberg , a lawyer , claims he 'd play for free .",1.4546091411857347,0.2602781317205457,0.6801350372449002,0.8107520985445816,0.7397218682794544
230,"`` You ca n't give it up that easily , '' he says .",1.6253491072973905,0.3234926776848672,0.6510107504618524,0.7040824247549319,0.6765073223151329
231,`` I tried . '',0.5509775004326936,0.16732395949356627,1.0,0.7133204400839018,0.8326760405064336
232,"The nagging memory of one afternoon fourteen years ago drove Jim Gideon , a lean 36-year-old righthander to take a four-month leave from selling insurance in Texas to try out for Mr. Weaver 's team .",2.8517004262527137,0.47184638626149616,0.4896280128634465,0.5732596357478308,0.5281536137385038
233,"`` It does n't replace pitching in the majors , but it proves to me that I would have been able to play if I 'd stayed healthy , '' he says .",2.9175962102270887,0.4648106524784364,0.5345476771470982,0.5358325602681477,0.5351893475215636
234,"Back in 1975 , late in the season , a then-21 Mr. Gideon made his only major league appearance , five and two-thirds innings for the Texas Rangers against the Chicago White Sox .",2.283578392248347,0.404854986285808,0.5237573489489257,0.6890638022873441,0.5951450137141922
235,"He gave up seven hits , walked five and did n't get a decision .",1.6679700005769242,0.29718959129708206,0.6182811705393574,0.8141131034896989,0.7028104087029177
236,Arm troubles forced him back to the minors the next year .,1.0629072918469555,0.19537476230114068,0.7954276330115606,0.8140380362325803,0.8046252376988594
237,"`` There 's a satisfaction in going against the rules , '' offers Will McEnaney , once a stopper with Cincinnati 's Big Red Machine .",2.2227096131469537,0.3468139725549166,0.645279047667448,0.6612891888012765,0.6531860274450829
238,He means the rule that a player ca n't cut it after a certain age .,2.0762050593046006,0.45337591020604123,0.39662789283824923,0.8790693350819735,0.5466240897939587
239,These days he hustles to house-painting jobs in his Chevy pickup before and after training with the Tropics .,1.5789473684210513,0.2633624152738894,0.7146191487022783,0.7600559948361969,0.7366375847261103
240,"While sipping a beer after practice , he vividly recounts getting the Red Sox 's Carl Yastrzemski to pop out to end the 1975 World Series , and repeating the feat against the Yankees ' Roy White in 1976 .",1.90467919649004,0.307792145144988,0.6541537259762371,0.734962901350174,0.6922078548550118
241,Some of the game 's reigning philosophers dislike the idea of middle-aged men attempting a young man 's sport .,1.9937151490463614,0.340797791910695,0.7118604964781977,0.6137978822999838,0.6592022080893052
242,"`` I personally do n't enjoy seeing players who I remember vividly from their playing days running about and being gallant about their deficiencies , '' says Roger Angell , New Yorker magazine 's resident baseball sage .",2.5605043614669705,0.4175678955846188,0.5486857684616194,0.6206015438194178,0.582432104415381
243,`` I feel people should be allowed to remember players as they were . '',1.2503258334775644,0.22746478057418992,0.7992394761325066,0.7475577566831667,0.77253521942581
244,"Worse , says baseball author Lawrence Ritter , `` Someone will get a heart attack and that will be the end of the whole story . ''",1.977188073527933,0.3070343120705974,0.7192955597555216,0.6684953614487518,0.692965687929403
245,But the ballplayers disagree .,0.40000000000000036,0.09425390072448082,0.8277293767706427,1.0,0.9057460992755192
246,Most are trim .,0.5,0.14285714285714285,1.0,0.75,0.8571428571428571
247,Some have been training for months ; others only recently left active status .,1.4546091411857338,0.26027813172054554,0.7136821257211248,0.7677337644138489,0.7397218682794545
248,"-LRB- No one has worked out the players ' average age , but most appear to be in their late 30s . -RRB-",2.321046868924094,0.3848894429891822,0.5951366648609233,0.6364717307670482,0.6151105570108177
249,And there 's pride .,0.40000000000000036,0.09425390072448082,0.8277293767706427,1.0,0.9057460992755192
250,"`` I 'm not going to look stupid , '' vows former Pittsburgh Pirate second baseman Rennie Stennett , sweat dotting his brow as he prepares for some practice swings .",2.1918818355507796,0.35918673557617775,0.610755242377364,0.673983010300577,0.6408132644238221
251,"`` It 's going to be a tough league , '' promises the 47-year-old Mr. Campaneris .",1.707032353450229,0.2962563522575726,0.6794002077131313,0.7298964059917472,0.7037436477424277
252,`` There will be a lot of malice . '',0.9509775004326926,0.17967113101375665,0.8203288689862431,0.8203288689862431,0.820328868986243
253,"Men who have played hard all their lives are n't about to change their habits , he says .",1.9741986844382593,0.33975723682231546,0.6513355616538222,0.6693969595227922,0.6602427631776845
254,"Nonetheless , one ca n't help wonder whether the game will be just a little bit slower .",2.2447984420314837,0.39726677077102984,0.5257341334855262,0.7061570979303741,0.6027332292289702
255,"At the weatherbeaten Pompano Beach municipal stadium , Mr. Blair , the 45-year-old former Oriole , knows his power is n't what it used to be .",1.8373940916458071,0.31773609242563416,0.6494051825837088,0.71862503143445,0.6822639075743658
256,So he adjusts .,0.0,0.0,1.0,1.0,1.0
257,He no longer crowds the plate .,0.2857142857142865,0.060054705797450265,0.8866950819254699,1.0,0.9399452942025498
258,"He 's not thinking about home runs anymore , just base hits .",1.134991346320266,0.2008655248911552,0.8129136273233448,0.7858146592777018,0.7991344751088445
259,"Still , `` how sweet it is , '' he says , savoring the fat sound of the well-hit line drive that bounces off the center field wall .",2.0695176700346036,0.34952411934584554,0.6628414180908133,0.6385632606966349,0.6504758806541544
260,"And do n't expect many complete games by pitchers -- perhaps three out of 288 , laughs Mr. Fingers , the former Oakland reliever .",2.070977500432692,0.31489447856697256,0.6620128048752077,0.7098675345672751,0.6851055214330272
261,"Expect `` tricky '' stuff from pitchers , says Mr. Weaver , the manager .",1.7903168648182226,0.39009149788142555,0.5490156977604528,0.6859939297800254,0.6099085021185743
262,"Expect brushbacks but no beanballs , says Mr. McEnaney .",0.8754887502163466,0.16308286645303988,0.8907626467325385,0.7892103335617199,0.83691713354696
263,"Even expect stolen bases , says the wiry and fit Mr. Campaneris : `` If you know how to slide , it 's no problem , '' he says .",2.3739705289900015,0.3754608258745165,0.6358930594503699,0.6135836242829387,0.6245391741254832
264,And expect slower fastballs .,0.40000000000000036,0.09425390072448082,0.8277293767706427,1.0,0.9057460992755192
265,"`` I 'm not so young anymore , '' concedes the cigar-chomping , 48-year-old Mr. Tiant .",1.689944467835328,0.3048347742840021,0.6951652257159979,0.6951652257159978,0.6951652257159978
266,"`` I wo n't be throwing 90 mph , but I will throw 80-plus , '' he says .",2.3378039885058177,0.4854817444636999,0.4292312023936936,0.6421021842012148,0.5145182555362999
267,"White-haired Pedro Ramos , at 54 the league 's oldest player and a pitcher-coach with the Suns , has lost even more speed .",1.625814583693912,0.2689915423979916,0.6544043999626107,0.8279246584403022,0.7310084576020085
268,"Stuffing a wad of Red Man into his cheek , he admits the fastball he brought into the majors in 1955 has become a slowball .",1.9332562502496313,0.3260589549015962,0.6839891946977867,0.6641838461552103,0.6739410450984038
269,Its maximum velocity is 72 mph .,0.2857142857142856,0.06005470579745008,0.8866950819254699,1.0,0.9399452942025498
270,But he is n't worried .,1.3333333333333335,0.34753068574288004,0.48419625702061114,0.9999999999999998,0.65246931425712
271,He will compensate with the guile learned from his years in the majors .,0.4824919644402472,0.08622386443592188,0.9470804186315953,0.8827345872551082,0.9137761355640781
272,He has good control .,0.8000000000000003,0.20812433153147844,0.6554587535412856,1.0,0.7918756684685216
273,"He will keep the ball down , move it around .",0.9777170456512243,0.17529633757796437,0.789263722193895,0.8634759182215922,0.8247036624220354
274,"After all , he says , `` Even to make love , you need experience .",1.576205059304601,0.2825026801066723,0.8258184049331784,0.6342976596303043,0.7174973198933278
275,Alltel Corp. said it will acquire the 55 % of Pond Branch Telephone Company Inc. 's cellular franchise that it does n't own already .,2.2725097565253343,0.36922490821460124,0.5798632371445882,0.6914875331292734,0.6307750917853986
276,Terms were n't disclosed .,0.40000000000000036,0.09425390072448082,0.8277293767706427,1.0,0.9057460992755192
277,"Alltel holds 45 % of the franchise , which has operations in Aiken , S.C. , and Augusta , Ga .",1.2981488061352406,0.23103250127716302,0.7199038918873056,0.8252078883764303,0.7689674987228371
278,"Alltel , which provides local telephone service in 25 states , said it exercised its right of first refusal following an offer from an undisclosed third party to acquire the majority position in the franchise .",2.6069019842212313,0.42015449219670625,0.6008525944665307,0.5602577049542932,0.5798455078032939
279,Stewart & Stevenson Services Inc. said it received two contracts totaling $ 19 million to build gas-turbine generators .,1.4876138161310717,0.2332903570371563,0.8300482522250102,0.71235209128325,0.7667096429628435
280,"The separate contracts were from Paragould Light & Water Commission , a utility in Paragould , Ark. , and PSE Inc. , a cogeneration-plant operator in Houston .",1.8342230870104017,0.3203006856374943,0.7269856107647221,0.638188750766145,0.6796993143625057
281,Stewart & Stevenson makes equipment powered with diesel and gas turbines .,1.666666666666667,0.32237733936211804,0.7243237749167601,0.6365789359075155,0.677622660637882
282,"Liberty National Bancorp said its acquisition of Florence Deposit Bank , Florence , Ky. , first announced in April , has been completed in a transaction valued at $ 13.1 million .",2.094861326239294,0.3216135785395813,0.7224507221488863,0.6393883296193041,0.6783864214604188
283,"Liberty National exchanged about 78.64 shares of its common stock for each of Florence Deposit 's 5,600 shares outstanding .",1.7049932735054938,0.3164494308832238,0.5970610827611006,0.7993422387616633,0.6835505691167761
284,"Liberty National , a bank holding company , has assets exceeding $ 3 billion .",1.768621667532055,0.3552524264524716,0.5967975183415459,0.7010759413036737,0.6447475735475284
285,"Hani Zayadi was appointed president and chief executive officer of this financially troubled department store chain , effective Nov. 15 , succeeding Frank Robertson , who is retiring early .",2.2167831154672646,0.3520745161624039,0.6207647018859985,0.6775717887160094,0.6479254838375963
286,"Mr. Zayadi was previously president and chief operating officer of Zellers Inc. , a retail chain that is owned by Toronto-based Hudson 's Bay Co. , Canada 's largest department store operator .",2.518947464984487,0.4755852810933786,0.4346319543666451,0.6609480343902866,0.5244147189066213
287,"Tuesday , October 31 , 1989",0.6666666666666679,0.1737653428714403,1.0000000000000002,0.7039180890341349,0.8262346571285601
288,The key U.S. and foreign annual interest rates below are a guide to general levels but do n't always represent actual transactions .,1.8408128881581467,0.30736977190247244,0.6550603756598676,0.7347717905747909,0.6926302280975274
289,PRIME RATE : 10 1/2 % .,1.1428571428571428,0.2930084280109052,0.6166497805700455,0.8283480523167006,0.7069915719890949
290,The base rate on corporate loans at large U.S. money center commercial banks .,1.0628988943740176,0.25222912608696846,0.6959779076737618,0.8078922290335707,0.7477708739130314
291,"FEDERAL FUNDS : 9 % high , 8 13/16 % low , 8 7/8 % near closing bid , 8 15/16 % offered .",1.805252353962946,0.36098101928894727,0.6259122267821159,0.6526863921607323,0.6390189807110528
292,Reserves traded among commercial banks for overnight use in amounts of $ 1 million or more .,1.5977211446311874,0.32407178959923466,0.6061290011288327,0.7638950832593856,0.6759282104007656
293,Source : Fulton Prebon -LRB- U.S.A . -RRB- Inc .,1.37513499245131,0.5059840609784344,0.49325649232294294,0.49477772790393637,0.4940159390215658
294,DISCOUNT RATE : 7 % .,1.0000000000000009,0.23981246656813168,0.8262346571285601,0.7039180890341349,0.7601875334318687
295,The charge on loans to depository institutions by the New York Federal Reserve Bank .,1.1236501981515556,0.24310061894806184,0.8138890331381867,0.7073684496807902,0.756899381051938
296,CALL MONEY : 9 3/4 % to 10 % .,1.350977500432693,0.3006930731598586,0.6421375612179431,0.7676506995164392,0.6993069268401412
297,The charge on loans to brokers on stock exchange collateral .,0.7868201847321448,0.2151214324909178,0.8875715099209507,0.7034846637456551,0.784878567509082
298,COMMERCIAL PAPER placed directly by General Motors Acceptance Corp. : 8.55 % 30 to 44 days ; 8.25 % 45 to 59 days ; 8.40 % 60 to 89 days ; 8 % 90 to 119 days ; 7.90 % 120 to 149 days ; 7.80 % 150 to 179 days ; 7.55 % 180 to 270 days .,1.5196645314566957,0.3054252563798468,0.6569492682092872,0.736771903233549,0.6945747436201533
299,"COMMERCIAL PAPER : High-grade unsecured notes sold through dealers by major corporations in multiples of $ 1,000 : 8.62 % 30 days ; 8.55 % 60 days ; 8.45 % 90 days .",2.3391490811344298,0.4444005040406286,0.5533416138578923,0.5578758799010983,0.5555994959593712
300,CERTIFICATES OF DEPOSIT : 8.09 % one month ; 8.04 % two months ; 8.03 % three months ; 7.96 % six months ; 7.92 % one year .,1.845716808114843,0.38569083263188636,0.7000446350781909,0.547282675355901,0.6143091673681135
301,"Average of top rates paid by major New York banks on primary new issues of negotiable C.D.s , usually on amounts of $ 1 million and more .",2.139862391460488,0.3408471820983572,0.7006294580541689,0.6223124735092493,0.6591528179016428
302,"The minimum unit is $ 100,000 .",0.5714285714285721,0.11330491807453026,0.7964530359382731,1.0,0.8866950819254699
303,Typical rates in the secondary market : 8.53 % one month ; 8.50 % three months ; 8.30 % six months .,1.8690643399438067,0.34244484049068596,0.702046305414731,0.6183670618581452,0.657555159509314
304,BANKERS ACCEPTANCES : 8.49 % 30 days ; 8.44 % 60 days ; 8.27 % 90 days ; 8.12 % 120 days ; 8.05 % 150 days ; 7.98 % 180 days .,1.5595879182389698,0.3836020421717996,0.6432352959963655,0.5917103648763891,0.6163979578282004
305,"Negotiable , bank-backed business credit instruments typically financing an import order .",1.4757921620455567,0.3230493322577202,0.6769506677422796,0.6769506677422795,0.6769506677422795
306,LONDON LATE EURODOLLARS : 8 3/4 % to 8 5/8 % one month ; 8 3/4 % to 8 5/8 % two months ; 8 11/16 % to 8 9/16 % three months ; 8 9/16 % to 8 7/16 % four months ; 8 1/2 % to 8 3/8 % five months ; 8 7/16 % to 8 5/16 % six months .,1.5549972843387194,0.3710122602138696,0.6070726094470295,0.6525443869986449,0.6289877397861307
307,LONDON INTERBANK OFFERED RATES -LRB- LIBOR -RRB- : 8 3/4 % one month ; 8 11/16 % three months ; 8 7/16 % six months ; 8 7/16 % one year .,1.8200492162558182,0.40754998441470897,0.6071846374967129,0.5784135842495369,0.592450015585291
308,The average of interbank offered rates for dollar deposits in the London market based on quotations at five major banks .,1.917364881261447,0.3694229818341551,0.652954574660792,0.6096824505931852,0.6305770181658445
309,FOREIGN PRIME RATES : Canada 13.50 % ; Germany 9 % ; Japan 4.875 % ; Switzerland 8.50 % ; Britain 15 % .,1.272055208874201,0.25960191595333254,0.7545113005255246,0.7268031515282426,0.7403980840466676
310,These rate indications are n't directly comparable ; lending practices vary widely by location .,1.7836591668108976,0.3244911287398937,0.6536684460730643,0.6988592141987596,0.6755088712601061
311,"TREASURY BILLS : Results of the Monday , October 30 , 1989 , auction of short-term U.S. government bills , sold at a discount from face value in units of $ 10,000 to $ 1 million : 7.78 % 13 weeks ; 7.62 % 26 weeks .",2.517753675372429,0.41516658600429196,0.6216402006632555,0.5521415813665477,0.5848334139957082
312,FEDERAL HOME LOAN MORTGAGE CORP . -LRB- Freddie Mac -RRB- : Posted yields on 30-year mortgage commitments for delivery within 30 days .,1.5489414306713192,0.28624593432357215,0.7872954104064116,0.6527780054848291,0.7137540656764281
313,"9.78 % , standard conventional fixed-rate mortgages ; 7.875 % , 2 % rate capped one-year adjustable rate mortgages .",1.287567496225655,0.2842423764851463,0.6574028915931102,0.7854813069396839,0.7157576235148536
314,Source : Telerate Systems Inc .,1.4591479170272446,0.39321896299175063,0.7715561736794712,0.5,0.6067810370082494
315,"FEDERAL NATIONAL MORTGAGE ASSOCIATION -LRB- Fannie Mae -RRB- : Posted yields on 30 year mortgage commitments for delivery within 30 days -LRB- priced at par -RRB- 9.75 % , standard conventional fixed-rate mortgages ; 8.75 % , 6/2 rate capped one-year adjustable rate mortgages .",2.501719162355363,0.4450395394887643,0.5483680643761049,0.5617132908974792,0.554960460511236
316,Source : Telerate Systems Inc .,1.4591479170272446,0.39321896299175063,0.7715561736794712,0.5,0.6067810370082494
317,MERRILL LYNCH READY ASSETS TRUST : 8.63 % .,0.8455156082707567,0.22749972499828228,0.8659489083141714,0.6972560808066699,0.7725002750017176
318,Annualized average rate of return after expenses for the past 30 days ; not a forecast of future returns .,2.075488750216347,0.3778508260601985,0.630818526546239,0.6137148771555768,0.6221491739398014
319,"Canada 's gross domestic product rose an inflation-adjusted 0.3 % in August , mainly as a result of service-industry growth , Statistics Canada , a federal agency , said .",2.645900094331781,0.4724346831156677,0.4593803286090958,0.6195194667356064,0.5275653168843325
320,The August GDP was up 2.4 % from its year-earlier level .,1.9999999999999996,0.41351433762485973,0.4149131330076334,1.0,0.5864856623751402
321,GDP is the total value of a nation 's output of goods and services .,0.9903168648182223,0.1672038137554802,0.860444729719637,0.8068691780616255,0.8327961862445195
322,Statistics Canada said service-industry output in August rose 0.4 % from July .,1.9622903849482256,0.40684370961397814,0.5452441212023121,0.6503000239064727,0.5931562903860217
323,Output of goods-producing industries increased 0.1 % .,1.5,0.3333333333333333,0.5454545454545453,0.8571428571428571,0.6666666666666665
324,"Separately , Statistics Canada reported that its industrial-product price index dropped 0.2 % in September , its third consecutive monthly decline .",2.249270157062,0.37851714876819303,0.5654503086774899,0.6898418026155407,0.6214828512318068
325,It also reported a 2.6 % decline in its raw-materials price index for September .,1.8434322969602146,0.3390522385496178,0.5783247194224792,0.7711138495693335,0.6609477614503818
326,"Columbia Pictures Entertainment Inc. was dropped , effective today , from the recreational products and services industry group of the Dow Jones Equity Market Index .",1.953614904595046,0.3206496861396282,0.754481642781761,0.6178270570835288,0.6793503138603717
327,"Columbia Pictures is being acquired by Sony Corp. , which is based in Japan .",1.3249535320618149,0.286652397918417,0.6823911064400343,0.7472462337611004,0.7133476020815829
328,People 's Savings Financial Corp. said it will buy back as much as 10 % of its 2.4 million shares outstanding because the stock is undervalued .,1.702746979668044,0.2428897554167364,0.7247023493438568,0.7925523160106257,0.7571102445832639
329,The holding company said it has been `` unfairly associated '' with other banks in New England that have had major loan losses in recent quarters .,1.9627303133218872,0.30410643401408444,0.7070716797738095,0.685063381926579,0.6958935659859157
330,The company said its People 's Savings Bank unit does n't have a `` large exposure to construction and commercial loans that have caused the loan-loss problems in many of the banks .,2.3344109830199216,0.3464067955034973,0.6695100868059849,0.6384155610961075,0.6535932044965026
331,"A seat on the Chicago Mercantile Exchange was sold for $ 410,000 , down $ 6,000 from the previous sale Oct .",1.812468317314874,0.2841250351643494,0.6919389783865156,0.7415263072164456,0.7158749648356507
332,"Seats currently are quoted at $ 400,000 bid , $ 425,000 asked .",1.0769230769230766,0.18865017822711777,0.7900577454181883,0.8338213277866716,0.8113498217728818
333,"The record price for a full membership on the exchange is $ 550,000 , set March 9 .",1.8344194449252154,0.2919558523137828,0.7111265432817966,0.7049883582057127,0.708044147686217
334,"In a surprise move , the British government cleared the way for a bidding war for Jaguar PLC by agreeing to remove an obstacle to a takeover of the auto maker .",2.5131995121115684,0.44300452784869615,0.5651808878281435,0.5490437675572156,0.5569954721513038
335,Trade and Industry Secretary Nicholas Ridley told the House of Commons yesterday that he will relinquish the government 's so-called golden share in the company as long as Jaguar shareholders agree .,2.40090379447845,0.3838537830461517,0.5769177240990019,0.6610987398328849,0.6161462169538483
336,The golden share restricts any individual holding to 15 % and expires at the end of 1990 .,1.27886388936966,0.2072008659013205,0.8037213937324474,0.7821697528418912,0.7927991340986794
337,"It was in Jaguar 's best interests `` for the company 's future to be assured and the present climate of uncertainty resolved as quickly as possible , '' Mr. Ridley said .",2.3034323778286323,0.3488492315207346,0.6321338357827591,0.6713473904890597,0.6511507684792656
338,Mr. Ridley 's decision fires the starting pistol for perhaps a costly contest between the world 's auto giants for Britain 's leading luxury-car maker .,1.9826490392936416,0.3633927489888595,0.6065906146283313,0.6697492398855047,0.6366072510111404
339,Both General Motors Corp. and Ford Motor Co. have been trying to amass 15 % stakes in Jaguar .,0.9237694202259634,0.15580617080476547,0.8333347595584679,0.8553396413942939,0.844193829195234
340,"Ford , which already has an unwelcome 13.2 % holding , is prepared to bid for the entire company and had lobbied the government to lift the takeover restrictions early .",1.9707607719290587,0.2915642939057795,0.6818662112020533,0.7371597610238625,0.7084357060942205
341,GM has been negotiating a friendly transaction with Jaguar that likely would involve joint ventures and an eventual stake of just under 30 % .,1.9597487383876375,0.29302622495226316,0.6635021685490731,0.756541147423893,0.7069737750477367
342,"But the government 's action , which caught Jaguar management flat-footed , may scuttle the GM minority deal by forcing it to fight for all of Jaguar .",1.8307544617442861,0.28892296817309066,0.6658826324599025,0.7628529438608039,0.7110770318269095
343,"`` I ca n't believe they -LRB- GM -RRB- will let Ford have a free run , '' said Stephen Reitman , a European auto industry analyst at UBS-Phillips & Drew .",2.5735846518325274,0.4509479788985372,0.4971850686345437,0.6130010365275859,0.5490520211014628
344,`` I am sure they will be going for a full bid . '',2.1410120322169357,0.43673897274801626,0.4766884100859759,0.688257200597937,0.5632610272519838
345,Many investors certainly believe a bidding war is imminent .,1.4264662506490402,0.2961076991222205,0.6930324464947313,0.7150979224129665,0.7038923008777792
346,"Jaguar shares skyrocketed yesterday after Mr. Ridley 's announcement , following their temporary suspension on London 's Stock Exchange .",2.088721875540866,0.33934627075653895,0.7403062526363728,0.5964764337969641,0.6606537292434609
347,"In late trading , the shares were up a whopping 122 pence -LRB- $ 1.93 -RRB- -- a 16.3 % gain -- to a record 869 pence on very heavy volume of 9.7 million shares .",2.27544852669149,0.3984453871679371,0.5814835489361303,0.6230607983779382,0.6015546128320629
348,"In the U.S. over-the-counter market , Jaguar shares trading as American Depositary Receipts closed at $ 13.625 , up $ 1.75 .",1.9244862012562445,0.34043484130442364,0.5945072192498557,0.7406115436690304,0.6595651586955763
349,"Analysts expect Ford will make the first move , perhaps today , with an initial offer of about 900 pence -LRB- $ 14.25 -RRB- a share .",2.8469637570599344,0.4690051411686152,0.5074348043183255,0.5568492102420682,0.5309948588313851
350,Such a proposal values Jaguar at more than # 1.6 billion -LRB- $ 2.53 billion -RRB- .,1.2736167326119543,0.24656501170046446,0.652063960910451,0.8921265788133684,0.7534349882995356
351,Speculation about a takeover fight has sent Jaguar shares soaring in the past six weeks .,2.3506025296523,0.4353453403942368,0.5257635374031322,0.6097589881390796,0.564654659605763
352,The share price was languishing at about 400 pence before Ford 's Sept. 19 announcement of its interest in a minority stake .,2.0183645385900095,0.33722134359281103,0.6831236008019033,0.6436105002718796,0.662778656407189
353,"Ford is `` in the driving seat at the moment , '' observed Bob Barber , an auto analyst at brokers James Capel & Co .",2.1630319599049033,0.360080536904336,0.6943281265921288,0.5934182584089128,0.6399194630956638
354,An aggressive Ford bid for Jaguar would put pressure on GM to make a better offer as the British company 's `` white knight . '',2.0609157279028434,0.35294416503401077,0.6171960903724993,0.679951674136619,0.6470558349659891
355,Such a countermove could end Jaguar 's hopes for remaining independent and British-owned .,1.2156821434752771,0.21936257749956234,0.6797917653000594,0.9166153534440754,0.7806374225004379
356,But it is n't clear how long GM would be willing to fight Ford for Jaguar .,1.5893852946266995,0.28608945255633356,0.6334279139132222,0.8178220971066867,0.7139105474436667
357,"Because of their longstanding rivalry , GM just `` wants to make sure Ford pays a huge packet for -LRB- Jaguar -RRB- , '' said John Lawson , an auto analyst at London 's Nomura Research Institute .",2.441947039986084,0.3977121859932706,0.6155997590845423,0.5895394071190372,0.6022878140067294
358,People close to the GM-Jaguar talks agreed that Ford now may be able to shut out General Motors .,1.698140131920547,0.26966588616789433,0.6913051691780985,0.7740336519050803,0.7303341138321057
359,"`` It 's either going to be a shootout , or there only may be one player in town , '' one person said .",2.1304449971536012,0.3471546214170207,0.6222189793269391,0.6866427991228833,0.6528453785829793
360,"Another person close to the talks said , `` It is very hard to justify paying a silly price for Jaguar if an out-and-out bidding war were to start now . ''",2.700699512111569,0.4234983039465683,0.57175732801289,0.5813254592037613,0.5765016960534316
361,"In a statement , Jaguar 's board said they `` were not consulted about the -LRB- Ridley decision -RRB- in advance and were surprised at the action taken . ''",2.107309364962454,0.34325731837317697,0.6479813255455152,0.6657442096803795,0.656742681626823
362,The statement emphasized that holders representing 75 % of the shares voting at a special shareholders ' meeting must agree to lift the takeover restrictions .,2.4825129786147806,0.4140772458597121,0.578415670986821,0.5936272639875338,0.5859227541402877
363,"Jaguar officials in the U.S. noted that Ford , as Jaguar 's largest shareholder , now has the power to call for such a meeting .",2.102732094732967,0.3328686685726132,0.6585439462689833,0.6759456338546389,0.6671313314273868
364,U.S. auto analysts also noted that Ford is in the best position to benefit from the large number of Jaguar shares that have moved over the past month into the hands of arbitragers waiting for the highest takeover bid .,2.50225115880376,0.39074103783206593,0.6291285349245671,0.5906060337030435,0.6092589621679338
365,"Jaguar 's own defenses against a hostile bid are weakened , analysts add , because fewer than 3 % of its shares are owned by employees and management .",2.6380514987592374,0.41295336003231037,0.5378257617326028,0.6461843034665304,0.5870466399676896
366,Ford officials in the U.S. declined to comment on the British government 's action or on any plans to call a special Jaguar shareholders meeting .,2.545415748745539,0.43331251972207613,0.5570875585953688,0.576624061603903,0.5666874802779237
367,"But GM officials said they , too , were surprised by the move , which left them to `` consider all our options and explore matters further . ''",2.0864219802302264,0.3248881886914792,0.6850920158602534,0.6654182085802233,0.6751118113085209
368,"Although GM has U.S. approval to buy up to 15 % of Jaguar 's stock , it has n't yet disclosed how many shares it now owns .",1.715682143475279,0.2506435768172006,0.7266099378762945,0.7735730873767301,0.7493564231827998
369,"In a prepared statement , GM suggested its plans for Jaguar would be more valuable in the long run than the initial windfalls investors might reap from a hostile Ford bid .",2.147782998537518,0.3389982593644777,0.6716669640447143,0.6506699237179472,0.6610017406355225
370,"`` Our intensive discussions with Jaguar , at their invitation , '' GM said , `` have as their objectives to create a cooperative business relationship with Jaguar that would provide for the continued independence of this great British car company , to ensure a secure future for its employees and to provide an attractive long-term return for its shareholders . ''",2.822737595011202,0.4350190258280184,0.5631080682879746,0.5668663802579912,0.5649809741719818
371,"Jaguar was shocked by Mr. Ridley 's decision , because management had believed the government would n't lift the golden share without consulting the company first .",2.453290035463982,0.42186221901157495,0.5128171314821213,0.6625280206425056,0.5781377809884252
372,"Indeed , the government is taking a calculated risk .",1.075488750216346,0.20809061329204634,0.751834461944411,0.8364970703764618,0.7919093867079535
373,"Mr. Ridley 's announcement set off a howl of protests from members of the opposition Labor Party , who accused the Thatcher administration of backing down on promised protection for a privatized company .",2.6611884081680497,0.42589533179622796,0.5802462831535822,0.568091703365309,0.5741046682037722
374,The British government retained the single golden share after selling its stake in Jaguar in,1.807961031917583,0.3472960987113469,0.59136282321928,0.7282433698699042,0.6527039012886527
375,"The Conservative government 's decision may reflect its desire to shed a politically sensitive issue well before the next election , expected in late 1991 .",2.23995503682798,0.3891546828134859,0.5371589570385907,0.7079621010888337,0.610845317186514
376,"`` It 's now a very good time politically to get this over and done with , '' observed Daniel Jones , professor of motor industry management at the University of Cardiff in Wales .",2.3323431799330843,0.36457831888736325,0.6310935140608666,0.6398096250174746,0.6354216811126367
377,"The government , already buffeted by high interest rates and a slowing economy , has been badly hurt by last week 's shake-up in Mrs. Thatcher 's cabinet .",2.6287778369791135,0.4294219000825415,0.5333199660735815,0.6134329898402652,0.5705780999174586
378,"At the same time , the government did n't want to appear to favor GM by allowing a minority stake that might preclude a full bid by Ford .",1.7536121714577018,0.27914703772811594,0.6918559632915647,0.7523869291296416,0.7208529622718842
379,Mr. Ridley hinted at this motive in answering questions from members of Parliament after his announcement .,2.2796992648331456,0.4393039344469362,0.5292303124367601,0.5961399790290673,0.5606960655530636
380,He said he was giving up the golden share `` to clear the way so the playing field is level between all contestants . '',2.1091622381280217,0.3424988198178431,0.6511159050001346,0.6640129321818283,0.657501180182157
381,Bradley A. Stertz in Detroit contributed to this article .,1.150977500432694,0.2259974310484496,0.8056404908414813,0.7447556273766333,0.7740025689515505
382,"Dow Chemical Co. , Midland , Mich. , and Eli Lilly & Co. , Indianapolis , said they completed the formation of Dow Elanco , a joint venture combining their plant-sciences businesses as well as Dow 's industrial pest-control business .",1.9887117983873415,0.34531475673231,0.6123049611305865,0.7033684225426843,0.6546852432676903
383,"The companies said Dow Elanco will be the largest research-based agricultural concern in North America , with projected first-year revenue of $ 1.5 billion .",1.6211730005192324,0.26723192568781934,0.6960524494857189,0.7735727688098054,0.7327680743121807
384,"Dow will own 60 % of the venture , with Eli Lilly holding the rest .",1.6721804688852169,0.2997910670213123,0.609718878052139,0.8222398025746456,0.7002089329786877
385,The venture will be based in Indianapolis .,0.8443609377704338,0.1637742533134754,0.7838687499016604,0.8960775105770448,0.8362257466865245
386,"William A. Wise , 44 years old , president of the El Paso Natural Gas Co. unit of this energy and natural-resources concern , was named to the additional post of chief executive officer , succeeding Travis H. Petty , 61 , who continues as a vice chairman of the parent .",2.4228117813424137,0.38693419118716327,0.6364573950341229,0.5913326817890077,0.6130658088128367
387,"Erwin Tomash , the 67-year-old founder of this maker of data communications products and a former chairman and chief executive , resigned as a director .",2.210920902129385,0.3912097810217375,0.6216747341627342,0.5964289354123028,0.6087902189782626
388,"Dataproducts is fighting a hostile tender offer by DPC Acquisition Partners , a group led by New York-based Crescott Investments Associates .",2.6267766044781764,0.5380415787069516,0.41798728140288055,0.5162684793669121,0.46195842129304854
389,"Under the circumstances , Dataproducts said , Mr. Tomash said he was unable to devote the time required because of other commitments .",1.7008441512505987,0.2755958104371675,0.7040682327826109,0.7459498336802822,0.7244041895628327
390,Mr. Tomash will remain as a director emeritus .,0.5283208335737193,0.09843720765687455,0.8876900403616653,0.915876032857139,0.9015627923431256
391,The company had no comment on whether a replacement would be named .,2.2399550368279812,0.46153882494723175,0.5211170520991054,0.5569995606737091,0.5384611750527684
392,"Robert Q. Marston , president emeritus , University of Florida , and a director of this maker of medical devices , was named chairman .",2.0952216163041513,0.35203698631307795,0.6826853001928164,0.6166018212161364,0.647963013686922
393,"Dr. Marston , 66 years old , succeeds Alexander T. Daignault , 72 , who did n't stand for re-election due to mandatory board retirement policy .",2.3549558861286646,0.39821928388689537,0.580245621705061,0.624975919892658,0.6017807161131048
394,SFE Technologies said William P. Kuehn was elected chairman and chief executive officer of this troubled electronics parts maker .,1.9435382701638435,0.34552840835396403,0.6519667837581595,0.6569957203341695,0.6544715916460361
395,"The 45-year-old Mr. Kuehn , who has a background in crisis management , succeeds Alan D. Rubendall , 45 .",2.074197172768201,0.34745655771278944,0.670775143591297,0.6352765933206702,0.6525434422872104
396,"Jerome J. Jahn , executive vice president and chief financial officer , said Mr. Rubendall was resigning by `` mutual agreement '' with the board .",1.8665125004992609,0.3020354672851461,0.7503593091686083,0.6524092420981862,0.6979645327148538
397,"`` He is going to pursue other interests , '' Mr. Jahn said .",1.3396348215831058,0.23487339775836127,0.7924669735023088,0.7396098201582222,0.7651266022416388
398,Mr. Rubendall could n't be reached .,0.39355535745192416,0.09649991755741669,0.823985545256799,1.0,0.9035000824425832
399,"Mr. Kuehn , the company said , will retain the rest of the current management team .",1.1476338237839379,0.19135825272232937,0.8592059868996719,0.7636981407650348,0.8086417472776708
400,"For the nine months ended July 29 , SFE Technologies reported a net loss of $ 889,000 on sales of $ 23.4 million .",2.2803773313833573,0.4332243474294607,0.49095479891793664,0.6702926361791495,0.5667756525705393
401,That compared with an operating loss of $ 1.9 million on sales of $ 27.4 million in the year-earlier period .,1.7628357146978022,0.36931468161938563,0.5572024220507983,0.7264941112926293,0.6306853183806143
402,"In national over-the-counter trading , SFE Technologies shares closed yesterday at 31.25 cents a share , up 6.25 cents .",1.898708422551854,0.3471346964496872,0.613840679724378,0.6971887399237684,0.6528653035503125
403,Sales of new cars in Europe fell 4.2 % in September from a year earlier and analysts say the market could continue to soften in the months ahead .,2.5734203614858853,0.4143438341140062,0.5436968884512563,0.6346333782898806,0.5856561658859936
404,"After a stronger-than-expected pace early this year , analysts say the market , after a series of sharp swings in recent months , now shows signs of retreating .",2.7040784752279503,0.5016359488269571,0.500930806199994,0.49582346601016164,0.4983640511730429
405,"Statistics from 12 countries which normally account for 94 % of non-communist Europe 's passenger car sales showed new car registrations totaled 911,606 in September , down 21 % from August and down 4.2 % for the year to date .",2.128080629533674,0.32493521376062334,0.6622881434525516,0.6883440917218889,0.6750647862393769
406,Tokyo stocks rebounded Tuesday from two consecutive daily losses in relatively active dealings .,1.7871107149038488,0.34000242101308553,0.610240508928312,0.7185890439593415,0.6599975789869146
407,"London shares also rose , while trading in Frankfurt , West Germany , ended higher .",0.9284220607670841,0.1776130703024818,0.8188180839419805,0.8259870215050118,0.822386929697518
408,"In Tokyo , the Nikkei index of 225 selected issues was up 132.00 points to 35549.44 .",1.589385294626699,0.27031934258483853,0.7408712735194021,0.7188230721173492,0.7296806574151616
409,The index fell 109.85 Monday .,0.792481250360578,0.18103744911964742,0.6934264036172707,0.9999999999999998,0.8189625508803525
410,"Volume on the First Section was estimated at 900 million shares , up from 582 million shares Monday .",1.2050840501178808,0.2180319432599505,0.7084568614581078,0.8725008528286347,0.7819680567400493
411,"Advancing issues outnumbered decliners 542 to 362 , while 208 issues were unchanged .",1.161761607606457,0.21878374346447313,0.784007402684596,0.7784449134144041,0.7812162565355267
412,Small-lot buying targeted at incentive-backed issues pushed up the Nikkei .,0.9090909090909092,0.15126877682663575,0.9334525592955638,0.7781090597497254,0.8487312231733642
413,"But other sectors failed to attract investor interest and remained sluggish , making overall trading appear mixed .",1.1664701345749795,0.233031768765474,0.7952405119456276,0.7406371999216972,0.7669682312345261
414,"Individuals and corporations , as well as dealers trading for their own account , actively bought Tuesday .",1.5283208335737193,0.24871522070934163,0.7759056563718323,0.728178374404757,0.7512847792906583
415,"An official at Wako Securities said these investors feel the need to make quick profits , despite destabilizing external factors , such as political uncertainty tied to the ruling party 's fate at next year 's Lower House elections - an event which could directly affect the stock market .",3.0018630651043217,0.47947862729444607,0.524961433015331,0.5161557894639487,0.5205213727055538
416,"The Tokyo Stock Price Index of all issues listed in the First Section , which declined 5.16 on Monday , was up 16.05 , or 0.60 % , at 2692.65 on Tuesday .",2.052649157593758,0.3309701050248196,0.6325911568395818,0.7099231370103056,0.6690298949751801
417,"The Second Section index , which fell 21.44 points Monday , was up 6.84 points , or 0.19 % , to close at 3642.90 .",1.7971514757368108,0.3114766624171826,0.5930578026376736,0.8206199415943068,0.6885233375828173
418,"Second Section volume was estimated at 14 million shares , unchanged from Monday .",1.5903330361778867,0.2916464575126972,0.6668208572227631,0.755403568468144,0.7083535424873029
419,Institutional investors mostly remained on the sidelines Tuesday .,0.7505430557959407,0.13428195354110548,0.8207686211452081,0.9158760328571389,0.8657180464588944
420,A fund manager at a life-insurance company said three factors make it difficult to read market direction .,1.953403303262787,0.34659984036503716,0.6812117413658482,0.6277704076215975,0.6534001596349627
421,"First , he said , domestic interest rates are likely to stay at higher levels as increased anticipation of inflation followed rising consumer prices reported last week .",2.386747193689659,0.41934923364258014,0.6029747898431976,0.5599207392585549,0.58065076635742
422,"Second , the dollar is showing persistent strength despite a slowdown in the U.S. economy shown by economic indicators .",2.0008006215501757,0.3469054949312475,0.6350000672384211,0.6722503975682848,0.6530945050687524
423,"Third , oil prices have n't declined although supply has been increasing .",0.5776750003328415,0.10548639428281903,0.9203696330802096,0.8700706327215103,0.894513605717181
424,"The topic that attracted participants ' attention was Mitsubishi Estate 's purchase of 51 % of Rockefeller Center Properties , announced late Monday in New York .",2.0559175927528512,0.33432600804847984,0.6668406942146023,0.6645113650749624,0.6656739919515205
425,"Mitsubishi Estate ended the day at 2680 , up 150 .",1.454545454545456,0.2661897628177449,0.688024000786675,0.7861248328849514,0.7338102371822554
426,"The gains also sparked buying interest in other real-estate companies , traders said .",1.6792696431662097,0.2972302848600127,0.8224494548529593,0.6134960814693272,0.7027697151399874
427,Sumitomo Realty & Development rose 40 to 2170 .,1.27886388936966,0.27701772908011946,0.6897790127158187,0.7595437291421124,0.7229822709198807
428,Heiwa Real Estate gained 40 to 2210 .,1.1887218755408666,0.27572377406989873,0.724276225930101,0.7242762259301009,0.7242762259301009
429,"Investor focus shifted quickly , traders said .",1.4387218755408666,0.3542534718014346,0.6881041381073281,0.6083013373782921,0.645746528198565
430,Many of the morning-session winners turned out to be losers by afternoon .,1.0392134618713023,0.19108144632042157,0.857428205881259,0.7656039296704661,0.8089185536795782
431,"In other stock-market news , the Tokyo Stock Exchange said that for the week ended Friday , the balance of margin buying rose 189.8 billion yen -LRB- $ 1.34 billion -RRB- , to 7.160 trillion yen -LRB- $ 50.46 billion -RRB- .",2.1864831886139813,0.35789081528918804,0.6370466861892039,0.6472527893479882,0.6421091847108117
432,"The balance of short positions outstanding fell 159.7 billion yen , to 779.8 billion yen .",0.9221804688852169,0.16532992215703865,0.8867883928056315,0.7883378942010577,0.8346700778429612
433,"In London , prices finished at intraday peaks , comforted by a reassuring early performance on Wall Street and news that the British government will waive its `` golden share '' in auto maker Jaguar .",2.4674700395364004,0.36952598685325344,0.6733871211649917,0.5927027011652982,0.6304740131467464
434,"But trading was very sketchy , as investment decision makers remain wary from gyrations and upsets of recent weeks .",1.6070854725038135,0.2826492999682971,0.7548662656047225,0.6833875068248478,0.7173507000317025
435,"`` Volume has been appalling , '' said a dealer at a British brokerage concern .",1.4284220607670841,0.26079340299748544,0.771199036322933,0.709762780780594,0.7392065970025146
436,`` The market was dragged up by the scruff of its neck by Wall Street and by market makers getting caught short .,1.9403995862213348,0.32352914461236254,0.6268495896391985,0.7346234766242498,0.6764708553876375
437,No one wants stock on their books . '',0.6666666666666679,0.14440824202522412,0.8162983545263642,0.8988593228552806,0.8555917579747759
438,"Meanwhile , the broad-based Financial Times 100-share index added 30.4 points to end at 2142.6 , while reaching its minimum of 2120.5 a half hour into the session .",2.014423302814156,0.32669618755731455,0.6096515756469887,0.7517971194038493,0.6733038124426853
439,"At the close , the narrower 30-share index was up 19.7 points to 1721.4 .",1.21764416709936,0.2100785681968444,0.7831218582138629,0.7968401162357459,0.7899214318031554
440,"Volume totaled a modest 334.5 million shares , up from 257.8 million shares Monday .",1.2176441670993592,0.2437171280974618,0.6462869856616997,0.9114001297379194,0.756282871902538
441,The market also moved at early afternoon on news that Jaguar shares were being temporarily suspended at 746 pence -LRB- $ 11.80 -RRB- each .,1.9637433571920324,0.3085721112552807,0.6472672342232587,0.7420556038932682,0.6914278887447193
442,"Secretary of State for Trade and Industry Nicholas Ridley said later in the day that the government would abolish its golden share in Jaguar , the luxury auto maker being stalked by General Motors and Ford Motor .",1.8740069289758354,0.31836400810312715,0.642040597864676,0.7264361588066401,0.6816359918968727
443,The golden share dates from Jaguar 's public offering in 1984 and was designed to protect the company from takeover .,1.7083001419489134,0.27053909184523434,0.7125595166664672,0.7471835565906989,0.7294609081547654
444,The golden share was scheduled to expire at the beginning of,0.9777170456512243,0.18752220442944587,0.7752397622423198,0.8534737364261736,0.8124777955705542
445,"But although the golden share has been waived , a hostile bidder for Jaguar would still have to alter the British concern 's articles of association which ban shareholdings of more than 15 % .",2.0582600004945064,0.3085173926949596,0.6381620580460642,0.7545257256038754,0.6914826073050403
446,"Jaguar shares closed at 869 pence , up 122 pence , on hefty turnover of 9.7 million shares .",1.3928628129847445,0.26887187192007006,0.6974360303156286,0.7682406938774258,0.73112812807993
447,"As the London trading session drew to a close , the market was still listening to the parliamentary debate on the economy , with new Chancellor of the Exchequer John Major expected to clarify his approach to the British economy and currency issues .",1.3477947479274217,0.21375825903138615,0.7541639717476781,0.8211695391046324,0.7862417409686141
448,"On the Frankfurt Stock Exchange , share prices closed higher in fairly thin trading , as selective buying by foreigners helped propel prices .",1.2381840008614118,0.218305696089023,0.7519377161930094,0.8139030590359958,0.7816943039109769
449,"The DAX index closed at 1472.76 , up from 1466.29 .",0.545454545454545,0.1032569023498804,0.8128144004720051,1.0,0.8967430976501195
450,"Despite the modest gains , traders said the market remains dull , with investors remaining cautiously on the sidelines .",1.180482023721841,0.2022444144795397,0.8232099175080613,0.7738281777960652,0.7977555855204606
451,"Contributing to the market 's reserved stance was the release later in the day of new data on the health of the U.S. economy , in the form of the U.S. index of leading indicators .",1.5684553735197273,0.2587398876115975,0.8212067623536984,0.6754985429061868,0.7412601123884026
452,"Additionally , the end of the month position-squaring might have also played a minor role , traders said .",1.6173187343789754,0.2679263171425728,0.7833666927019932,0.6870849736778807,0.7320736828574271
453,"Elsewhere , share prices closed higher in Amsterdam , Brussels , Milan and Paris .",0.6666666666666661,0.12870519265491676,0.8768271043388441,0.8658318841461293,0.8712948073450831
454,Prices were mixed in Zurich and lower in Stockholm .,0.7999999999999989,0.14695465348674178,0.853045346513258,0.8530453465132579,0.853045346513258
455,"Stocks closed higher in Hong Kong , Manila , Singapore , Sydney and Wellington , but were lower in Seoul .",0.7792632369809658,0.15841741038363263,0.790645874560006,0.8995343562167,0.8415825896163672
456,Taipei was closed for a holiday .,0.6792696431662097,0.1376310147645185,0.7580392711198944,1.0,0.8623689852354814
457,"Here are price trends on the world 's major stock markets , as calculated by Morgan Stanley Capital International Perspective , Geneva .",1.9137396709131975,0.3211715609251157,0.6823787625782184,0.675314868050004,0.6788284390748847
458,"To make them directly comparable , each index is based on the close of 1969 equaling 100 .",1.306098611351496,0.20513290898275102,0.731077437004489,0.8708527422077907,0.7948670910172491
459,The percentage change is since year-end .,0.46358749969093305,0.12223529256711271,0.7821574613154438,1.0,0.8777647074328873
460,"French consumer prices rose 0.2 % in September from the previous month and were up 3.4 % from a year earlier , according to definitive figures from the National Statistics Institute .",2.483157398509153,0.43775503310847597,0.4790750793707445,0.680358726493883,0.5622449668915241
461,"The state agency 's figures confirm previous estimates and leave the index at 178.9 , up from 178.5 in August and 173.1 a year earlier .",1.5216739542052764,0.25065620130604344,0.7003818023764004,0.805665955267935,0.7493437986939564
462,The index is based on 1980 equaling 100 .,0.30609861135149696,0.05949597510024328,0.8876900403616653,1.0,0.9405040248997569
463,A breakdown showed that food prices were the most active part of growth with a rise of 0.6 % .,2.5052858167917096,0.523287147316927,0.3841038386869471,0.6281663383258661,0.4767128526830729
464,An official linked the gain essentially to higher prices for beef and pork .,1.5435457481740578,0.2542421393626946,0.8408206372529026,0.6700071721813057,0.7457578606373051
465,He said summer drought problems that had hit several southern agricultural regions had stopped being a major source of price pressure in September .,2.802546872035003,0.464455761723623,0.5670321266399299,0.5073694792610212,0.5355442382763771
466,"Japan 's index of leading indicators rose to 63.6 in August , above the so-called boom-or-bust line of 50 for the first time since May , the Economic Planning Agency said .",2.2945600614131423,0.3863612164909305,0.6085358810085235,0.6188279909178904,0.6136387835090695
467,"The leading index recovered from July 's revised level of 36.6 on strong performances in consumer durables and machinery orders , among other factors , according to an agency spokeswoman .",2.8213237662029953,0.5785615332445658,0.3595856493905923,0.5089906400827222,0.42143846675543417
468,The index is intended to measure future economic performance .,1.4754887502163476,0.2854844914707581,0.6783571352010399,0.7547456055646926,0.714515508529242
469,A figure above 50 indicates the economy is likely to expand ; one below 50 indicates a contraction may be ahead .,1.9720035447842772,0.34754274290740483,0.5968270874577646,0.7195239876969478,0.6524572570925947
470,"Metromedia Co. said its Metromedia Long Distance unit has been renamed Metromedia-ITT Long Distance , reflecting acquisitions from ITT Corp. , which licenses its name to closely held Metromedia .",2.097719612119595,0.3810356275489341,0.6166595935251675,0.62128644433462,0.6189643724510658
471,"Metromedia said its unit is the fifth-largest provider of long-distance communications service in the U.S. , with projected 1989 revenue of more than $ 550 million .",2.260576386653977,0.36720058384679355,0.6279375752398343,0.6377371306587112,0.6327994161532065
472,"Metromedia , headed by John W. Kluge , has interests in telecommunications , robotic painting , computer software , restaurants and entertainment .",1.6315559754491495,0.3165182243225988,0.712300694375629,0.656904141814398,0.6834817756774011
473,"South Korean consumer prices rose 5 % in the first 10 months of this year , matching the government 's target for the entire year , according to the Bank of Korea and the Economic Planning Board .",2.166695335329057,0.33228973660680805,0.6806686554971337,0.6552360505798362,0.6677102633931918
474,"According to reports released by the two government agencies , domestic consumer and wholesale prices each rose by 0.2 % in October from the previous month .",2.543812529188925,0.4331362389041962,0.5415094252014662,0.5947089853373082,0.5668637610958039
475,"As a result , consumer prices for the first 10 months of 1989 surged by 5 % and wholesale prices by 1.3 % .",1.7752542873661028,0.2990897934464555,0.7049329237618202,0.696933140307904,0.7009102065535447
476,The South Korean government had been projecting a 5 % consumer price increase for the entire year .,1.331898247279839,0.22912548379266537,0.7764764811101138,0.7653528041511388,0.7708745162073346
477,Martin Marietta Corp. said it won a $ 38.2 million contract from the U.S. Postal Service to manufacture and install automated mail-sorting machines .,1.3799756449484892,0.21035010365006768,0.8081780029301877,0.7719522922408694,0.7896498963499322
478,"Under terms of the three-year contract , Martin Marietta said it will make and install 267 of the new machines at 156 postal offices .",1.580391000173078,0.23422494814070163,0.782047044943488,0.750166396980311,0.7657750518592985
479,"The new machines are capable of sorting by zip code up to 10,000 large flat mail pieces , including magazines and parcels , an hour .",1.885367308025149,0.318528964265985,0.7091181270489615,0.6558988568582693,0.6814710357340148
480,"Thomas A. Donovan , 37 years old , formerly vice president , West Coast operations , at this hazardous-waste-site remediation concern , was named executive vice president and chief operating officer , both newly created posts , and a director , filling a vacancy .",2.3857388096953613,0.3832301786285569,0.6645430473290804,0.575404650947533,0.6167698213714432
481,"Canonie said it anticipates naming Mr. Donovan to succeed Richard F. Brissette , 55 , as president and chief executive officer , effective March 1 .",1.8177355741861563,0.2844619106886289,0.7639674359506567,0.6728827724717381,0.7155380893113712
482,Mr. Brissette will remain a Canonie board member and will be a consultant to the company .,1.3096860297935544,0.22107901106569766,0.8175194264483734,0.7438030053185583,0.7789209889343025
483,Yields on savings-type certificates of deposit dropped slightly in the week ended yesterday .,2.144000887928822,0.4953960949692333,0.43753974332928697,0.5959482190972715,0.5046039050307667
484,"The average yield on a six-month CD of $ 50,000 or less was 7.90 % , compared with 7.94 % a week earlier .",2.1909613674162953,0.44200158233691633,0.42822166224806313,0.8006402671738253,0.5579984176630836
485,"The average one-year savings-type CD was down to 7.99 % from 8.01 % , according to Banxquote Money Markets , a New York information service that tracks CD yields .",1.8364527976600282,0.26769138219943006,0.761441400726951,0.7053229301337727,0.73230861780057
486,"`` This week was uneventful for the CD market , '' said Norberto Mehl , chairman of Banxquote .",1.5584021302335165,0.28255615816095486,0.7466558715587348,0.6904315233818987,0.717443841839045
487,`` The major banks have n't even reacted to sharp rises in the three-month Treasury bill rates '' in the past two weeks .,2.057669916052256,0.3223833174726123,0.681418930389846,0.6738566315183439,0.6776166825273877
488,"Banks that adjusted payouts on CDs in the most recent week made only fractional moves , he said .",1.7828580516277484,0.3036775568441819,0.7146110485500932,0.6789465768670055,0.696322443155818
489,The CD trend runs counter to the direction of short-term interest rates at the Treasury bill auction Monday .,1.61952104911405,0.29266438031831316,0.7504604064725838,0.6688977833317684,0.7073356196816868
490,"The average six-month bill was sold with a yield of 8.04 % , up from 7.90 % .",1.5836798570375872,0.2847739335244992,0.6139831041351734,0.8564508308552177,0.7152260664755009
491,The average three-month issue rose to 8.05 % from 7.77 % .,1.3008033728697357,0.26715360019689555,0.6113702068966146,0.9145660944534321,0.7328463998031047
492,"Typically , banks offer CD yields higher than those on Treasury bills , which are considered the safest short-term investments ; banks need a competitive edge to sell their products .",2.286986998459347,0.36220843931747715,0.6446547735023914,0.6310729446081,0.6377915606825229
493,"But when market interest rates move up rapidly , increases in bank CD yields sometimes lag .",1.0671593794162524,0.2457810678096814,0.7356971442267558,0.7736974084348468,0.7542189321903185
494,"Most yields on short-term jumbo CDs , those with denominations over $ 90,000 , also moved in the opposite direction of Treasury bill yields .",2.020249497067061,0.3352175993016838,0.6570324243851423,0.6727173878123608,0.6647824006983158
495,"The average six-month yield on a jumbo CD was at 7.90 % , down from 7.93 % , Banxquote said .",1.7256586170251191,0.2825893217067234,0.6767268755552972,0.7632990713364103,0.7174106782932765
496,"For longer-term CDs , yields were up .",0.3443609377704333,0.08286594013910299,0.8469506943242517,1.0,0.9171340598608969
497,"The average two-year and five-year jumbos were up 0.02 of a percentage point to 7.91 % and 7.96 % , respectively .",1.5358675135690847,0.28659936563157945,0.585357592237602,0.9131449623397463,0.7134006343684207
498,"However , CDs sold through major broker-dealer networks were up slightly almost across the board .",1.6415414066556515,0.28020022340357004,0.7713519416310892,0.6747067498701921,0.7197997765964302
499,"The average six-month CD in that category added 0.05 percentage point to 8.35 % , for example .",1.860219080853558,0.33273205413987855,0.6622997936112905,0.6723111972985075,0.6672679458601216
500,Mr. Mehl attributed the rise specifically to the Treasury bill increase .,0.792481250360578,0.13876942465908715,0.936527633100352,0.7971402947207242,0.861230575340913
501,"Among the major banks surveyed by Banxquote in six regions of the country , 8.33 % is the highest yield available .",1.5620239989363762,0.25966713966690474,0.7355819341220619,0.7451455554062003,0.7403328603330952
502,It is offered by the flagship banks of New York 's Manufacturers Hanover Corp. in the one-year maturity only .,1.2364527976600277,0.19527313104924152,0.8047268689507584,0.8047268689507584,0.8047268689507584
503,The yield is offered across a range of maturities at San Francisco 's BankAmerica Corp. and Wells Fargo & Co .,1.5625116149111138,0.27770975320130126,0.7222902467986988,0.7222902467986987,0.7222902467986988
504,"Just two weeks ago , BankAmerica 's yields in many of those maturities was 8.61 % .",1.2652808826074686,0.19650097338230896,0.7751728862185695,0.8339738547747828,0.8034990266176915
505,"Still , on average , the major California banks have the highest yields on CDs , according to Banxquote .",1.5622556248918267,0.2634218374552278,0.7572970143338886,0.7169628122089062,0.7365781625447722
506,The average yield there on six-month issues is 8.32 % .,0.18181818181818077,0.03025375536532697,0.9412693131031604,1.0000000000000002,0.9697462446346731
507,I had to reach back to French 101 when the monsieur avec clipboard leaned over my shoulder during the coffee phase of dinner and asked whether I wanted to ride in a montgolfiere .,2.5893852946266986,0.4208786087517702,0.5274544288323327,0.642009645495927,0.57912139124823
508,"I was a last-minute -LRB- read interloping -RRB- attendee at a French journalism convention and so far the festivities had been taken up entirely by eating , drinking , smoking , sleeping and drinking .",2.46276633995393,0.4424572715075974,0.5065095570837518,0.6200117708525827,0.5575427284924026
509,The man with the clipboard represented a halfhearted attempt to introduce a bit of les sportif into our itinerary .,1.6559707739381873,0.27655351746687357,0.7459296951508881,0.7022789553873419,0.7234464825331264
510,"But as the French embody a Zen-like state of blase when it comes to athletics -LRB- try finding a Nautilus machine in Paris -RRB- , my fellow conventioners were having none of it .",2.517641804602277,0.4089265636295213,0.54462827861962,0.6461786734702338,0.5910734363704787
511,"The diners at my table simply lit more Gauloises and scoffed at the suggestion of interrupting a perfectly good Saturday morning to go golfing or even montgolfing -LRB- ballooning to you ; the brothers Montgolfier , French of course , were the world 's first hot-air balloonists -RRB- .",3.1312722013254497,0.5072366283775133,0.4566097361183244,0.5351344712483894,0.4927633716224865
512,Back in the U.S.A. this kind of chi-chi airborne activity wins heartwarmingly covetous responses .,1.6176441670993595,0.2728142767535076,0.7504294950338058,0.705338595107267,0.7271857232464924
513,As in : `` You went ballooning ? ? ! !,1.3744923162512497,0.3688734732231077,0.6974952166544323,0.5762907891920173,0.6311265267768922
514,In France ? ? ! ! '',1.4428379243014111,0.5128572096773218,0.5964715920974529,0.4116841507106974,0.4871427903226784
515,Americans it seems have followed Malcolm Forbes 's hot-air lead and taken to ballooning in a heady way .,2.1405807612135304,0.36071803400718305,0.5771324221567096,0.7164322640739287,0.6392819659928168
516,"During the past 25 years , the number of balloonists -LRB- those who have passed a Federal Aviation Authority lighter-than-air test -RRB- have swelled from a couple hundred to several thousand , with some estimates running as high as 10,000 .",2.056768601618951,0.3061524541114881,0.6820596240623135,0.706050090920545,0.6938475458885122
517,"Some 30 balloon shows are held annually in the U.S. , including the world 's largest convocation of ersatz Phineas Foggs -- the nine-day Albuquerque International Balloon Fiesta that attracts some 800,000 enthusiasts and more than 500 balloons , some of which are fetchingly shaped to resemble Carmen Miranda , Garfield or a 12-story-high condom .",2.7077605389489845,0.40164828449666884,0.5789068557429463,0.6191482401625519,0.5983517155033313
518,-LRB- The condom balloon was denied official entry status this year . -RRB-,1.5868608063915919,0.3711471446779821,0.5876202941742061,0.6763085580084991,0.6288528553220178
519,"But in Epinal , a gray 16th-century river town adjacent to France 's Vosges mountain region , none of these Yankee-come-lately enthusiasms for things aloft was evident .",2.0725723165002514,0.35028670441945803,0.641963393964513,0.6576526002155318,0.6497132955805422
520,Ballooning at the de rigueur hour of 6 a.m. held all the attraction for most people of sunrise root-canal work .,1.5557635458598615,0.28967086337281966,0.6926554991082388,0.7289283026111842,0.7103291366271802
521,"Feeling the naggings of a culture imperative , I promptly signed up .",1.1930596157174573,0.2257554698232527,0.7523427939029063,0.7974596812615405,0.7742445301767472
522,"The first thing anybody will tell you about ballooning is that it requires zip in the way of athletic prowess , or even a measure of derring-do .",2.4094650708045826,0.4070365168070889,0.5540763526488978,0.6377211127965463,0.5929634831929109
523,-LRB- So long as you do n't look down . -RRB-,2.3431306828015774,0.5562861284837272,0.36012192016756844,0.5778436677150687,0.4437138715162729
524,"They will also tell you that even if you hate heights , you can still balloon .",1.4933424675242843,0.2932608847657932,0.6838568469929404,0.7312057052230787,0.706739115234207
525,-LRB- I still say do n't look down .,1.961276050489247,0.5620209316305832,0.3052839157238289,0.7747199911055349,0.43797906836941675
526,At least not when you are ascending . -RRB-,1.2788638893696604,0.25269065369583904,0.6415372422904163,0.8948450410714238,0.7473093463041611
527,What they wo n't tell you is not to go aloft in anything you do n't want to get wet .,2.674947590059849,0.5546183468103103,0.39556707794490337,0.5095503799586997,0.4453816531896898
528,I 'm not referring to the traditional champagne drenching during the back-on-terra-firma toast .,1.1617616076064579,0.19752745442714081,0.7764934471794495,0.8302501800087209,0.8024725455728593
529,I 'm talking about landing in a canal .,1.5121822749374236,0.3132324675502112,0.5623846264932783,0.8817944864489706,0.6867675324497886
530,In a porous wicker basket .,1.0,0.23981246656813146,0.7039180890341348,0.82623465712856,0.7601875334318685
531,With a pilot who speaks no English .,0.5943609377704338,0.12115871759637824,0.7838687499016606,1.0000000000000002,0.878841282403622
532,"To wit , my maiden voyage -LRB- and novitiates are referred to as virgins -RRB- began at dawn on a dew-sodden fairway and ended at noon in a soggy field .",2.0347550457943164,0.3613239739128561,0.6304968536595257,0.6470701975855527,0.6386760260871439
533,"-LRB- Balloon flights almost always occur at dawn or dusk , when the winds are lightest . -RRB-",1.7491079697424463,0.31920178468774063,0.6895022470384173,0.6723111972985076,0.6807982153122595
534,In between came lots of coffee drinking while watching the balloons inflate and lots of standing around deciding who would fly in what balloon and in what order -LRB- the baskets hold no more than four passengers -RRB- .,2.798826713100983,0.48217673757873375,0.47387973538927314,0.5707496735671131,0.5178232624212664
535,"When it was n't my turn in the balloon I followed its progress from the `` chase car , '' listening to the driver holler into a walkie-talkie .",2.382728598711278,0.42150395331382323,0.5554276890524334,0.6035636145995641,0.5784960466861767
536,After long stretches of this attendant ground activity came 20 or so lovely minutes of drifting above the Vosges watching the silver mists rise off the river and the French cows amble about the fields .,2.372660011109483,0.4050626297420663,0.5678300817054965,0.6247625212787914,0.5949373702579337
537,"It 's hard not to feel that God 's in his heaven with this kind of bird's-eye view of the world , even if your pilote in silly plaid beret kept pointing out how `` belle '' it all was .",2.6257651373574453,0.42358862706164274,0.5274765708225276,0.6353541409819561,0.5764113729383574
538,Eventually little French farmers and their little French farmwives came out of their stone houses and put their hands above their tiny eyes and squinted at us .,1.9160264461337344,0.35927668161062193,0.6104318988387937,0.6741780066003921,0.640723318389378
539,No wonder .,0.666666666666667,0.26631956334878915,0.5793801642856952,1.0,0.7336804366512111
540,We were coming down straight into their canal .,1.1111111111111112,0.2322413729638676,0.6738597578300081,0.8920629867197595,0.7677586270361322
541,"See , the other rule of thumb about ballooning is that you ca n't steer .",2.548181245822936,0.4898635200960712,0.42045960517411685,0.6484370651309878,0.5101364799039289
542,And neither can your pilot .,0.792481250360578,0.18103744911964742,0.6934264036172707,0.9999999999999998,0.8189625508803525
543,"You can go only up or down -LRB- by heating the balloon 's air with a propane burner , which does make the top of your head feel hot -RRB- and ride the air currents .",2.672330473713563,0.4468330751337187,0.500419610274872,0.6183442210465995,0.553166924866281
544,Which makes the chase car necessary .,0.39355535745192416,0.08464054970690846,0.8439288486314105,0.9999999999999999,0.9153594502930914
545,"Most balloonists seldom go higher than 2,000 feet and most average a leisurely 5-10 miles an hour .",1.7560911374687125,0.3010502602308348,0.6915766238192431,0.7064817641087278,0.6989497397691651
546,When the balloon is cruising along at a steady altitude there is little sense of motion .,2.1176470588235294,0.3851751989153779,0.5580448325382323,0.6844680882464631,0.614824801084622
547,"Only when one is ascending -- or in our case descending a tad trop rapidement -- does one feel , well , airborne in a picnic basket .",3.0381340136013555,0.5182503686044326,0.40916342209139894,0.5856437105196647,0.4817496313955673
548,"`` What 's he doing ? '' hissed my companion , who was the only other English-speaking member of the convention and whose knuckles were white .",2.0223466271899193,0.3316313182787799,0.6677003882718551,0.669038314284964,0.6683686817212204
549,"`` Attention , '' yelled our pilot as our basket plunged into the canal .",1.5739760316291203,0.29479879793696995,0.7223392720461522,0.6888575132625423,0.7052012020630299
550,"`` You bet attention , '' I yelled back , leaping atop the propane tanks , `` I 'm wearing alligator loafers ! ''",1.9633089782818227,0.36971190003414195,0.6383502608277695,0.6224270442670976,0.6302880999658581
551,"Our pilot simply laughed , fired up the burner and with another blast of flame lifted us , oh , a good 12-inches above the water level .",1.8569902255309572,0.3239869650820596,0.6442513446644961,0.7110688378490128,0.6760130349179404
552,We scuttled along for a few feet before he plunged us into the drink again .,1.498385528189818,0.2723537855782919,0.650335229721932,0.8258184049331782,0.7276462144217078
553,Eventually we came to rest in a soggy patch of field where we had the exquisite pleasure of scrambling out of the basket into the mud while the French half of our ballooning tag team scrambled in .,2.0819854533297013,0.36764073371335176,0.5870767154387775,0.6852111471321509,0.6323592662866482
554,I looked at my watch .,1.6666666666666665,0.47574757765427617,0.40783617806826955,0.733680436651211,0.524252422345724
555,Barely half-an-hour aloft .,0.5,0.14285714285714285,1.0,0.75,0.8571428571428571
556,"Back in the chase car , we drove around some more , got stuck in a ditch , enlisted the aid of a local farmer to get out the trailer hitch and pull us out of the ditch .",2.098086765273334,0.34393901539695254,0.6430518903194482,0.6696073012313645,0.6560609846030473
557,"We finally rendezvoused with our balloon , which had come to rest on a dirt road amid a clutch of Epinalers who watched us disassemble our craft -- another half-an-hour of non-flight activity -- that included the precision routine of yanking the balloon to the ground , punching all the air out of it , rolling it up and cramming it and the basket into the trailer .",2.4637885158354216,0.40256857104130533,0.5912604493540079,0.6037325800713315,0.5974314289586947
558,It was the most exercise we 'd had all morning and it was followed by our driving immediately to the nearest watering hole .,1.9318553323583458,0.30462116196831485,0.6847412015510166,0.7063522072269053,0.6953788380316853
559,"This meant returning to the golf course , where we watched a few French duffers maul the first tee while we sat under Cinzano umbrellas , me nursing an espresso and my ego .",2.303953610073653,0.37553625866607265,0.6104383718986951,0.6391487576480249,0.6244637413339276
560,A whole morning of ballooning and I had been off the ground barely 30 minutes .,1.8838568406297682,0.3411682614465675,0.559680827841543,0.8006765231238114,0.6588317385534324
561,"Still , I figured the event 's envy-quotient back in the U.S.A. was near peerless .",1.3137218755408666,0.22130396318999335,0.7626372118225067,0.7954457091740892,0.7786960368100065
562,"As for the ride back to camp , our pilot and all the other French-speaking passengers clambered into the chase car .",1.5963370672165338,0.2752611597521819,0.725306560795475,0.7241720077509671,0.7247388402478182
563,My American companion and I were left to ride alfresco in the wicker basket .,0.9903168648182232,0.1600000278925832,0.7822450185440799,0.9069631531464246,0.8399999721074167
564,"As we streaked by a blase gendarme , I could n't resist rearing up on my soggy loafers and saluting .",1.7130556405255746,0.28327591642545674,0.6366424797197281,0.8198510129420195,0.716724083574543
565,Ms. de Vries is a free-lance writer .,0.9387218755408666,0.20580237598473092,0.7529301269245373,0.84025111448191,0.7941976240152688
566,"Treasury Undersecretary David Mulford defended the Treasury 's efforts this fall to drive down the value of the dollar , saying it helped minimize damage from the 190-point drop in the stock market Oct. 13 .",2.2571772490605935,0.37232273620666045,0.6372276094899555,0.6184089595676594,0.6276772637933395
567,"Testifying before a House subcommittee , Mr. Mulford said that if the Treasury had n't intervened in foreign-exchange markets in September and early October to reduce the dollar 's value , the plunge in the stock market might have provoked a steep fall in the currency that might have `` unhinged financial markets . ''",2.338828161369241,0.3471448621966277,0.6556003378105776,0.6501328319228727,0.6528551378033721
568,"Mr. Mulford , responding to critics of intervention , also said intervention is `` highly visible , '' is taken seriously by financial markets and works better than `` was recognized some time ago . ''",2.559105047948812,0.40929805756544074,0.5902313961889858,0.5911732395396353,0.5907019424345593
569,Differences between the Treasury and the Federal Reserve on the usefulness of intervention to help restrain the dollar resurfaced at the hearing .,1.3743321945407319,0.24744297216583558,0.7592098931870955,0.7460197461596686,0.7525570278341646
570,"Fed Vice Chairman Manuel Johnson , who had dissented from the Treasury 's policy , told lawmakers , `` I became convinced about what looked to me like an attempt to push the dollar down against the fundamentals in the market . ''",2.854672540696009,0.44332288293493866,0.5581815750744832,0.5551807471399164,0.5566771170650613
571,"Intervention , he added , is useful only to smooth disorderly markets , not to fundamentally influence the dollar 's value .",1.3681757031868118,0.22280422808038042,0.8452740626545828,0.719266146488237,0.7771957719196194
572,"Rep. John LaFalce -LRB- D. , N.Y . -RRB- said Mr. Johnson refused to testify jointly with Mr. Mulford and instead asked to appear after the Treasury official had completed his testimony .",2.3663650409742565,0.39080114086522894,0.6078840304760095,0.6105193879655714,0.609198859134771
573,A Fed spokesman denied Mr. LaFalce 's statement .,1.373836441844476,0.3369620878234226,0.5586733081089774,0.8153521614316707,0.6630379121765775
574,"Mr. Mulford said reports of tension between the Treasury and Fed have been exaggerated , insisting that they involved `` nuances . ''",1.5980385870505858,0.24288072091871438,0.781680355099551,0.7340546442824664,0.7571192790812856
575,"Mr. Johnson also said that `` in the scheme of things , these things are minor . ''",1.9035923614716896,0.3176988832753993,0.6775587143404026,0.687110373553241,0.6823011167246008
576,"On other matters , Mr. Mulford said West Germany is contributing to imbalances in the world economy because of its success as an exporter .",2.070977500432692,0.33099972117166737,0.736132281431136,0.6130892550815298,0.6690002788283324
577,"`` The solution is stronger domestic growth -LCB- in Germany -RCB- , '' he said .",2.117143936307951,0.39331238124465523,0.6148637015156607,0.5987261236698153,0.6066876187553448
578,"But because the growth of the German economy has been stronger than expected , Mr. Mulford said , it 's difficult for the U.S. to argue that Germany ought to adopt more stimulative monetary and fiscal policies .",2.1953467895411025,0.3222340834616354,0.66395773397342,0.6921606284805388,0.6777659165383646
579,"Germany 's trade surplus is largely with other European countries rather than with the U.S. , Mr. Mulford acknowledged .",1.3377443751081728,0.20175243896466247,0.868699174759642,0.7383659855566932,0.7982475610353374
580,"But nonetheless U.S. companies might be more successful in European markets if not for the German export push , he said .",1.7558722946859397,0.2653362504279334,0.7168892654187635,0.7533420403545015,0.7346637495720664
581,"Five officials of this investment banking firm were elected directors : E. Garrett Bewkes III , a 38-year-old managing director in the mergers and acquisitions department ; Michael R. Dabney , 44 , a managing director who directs the principal activities group which provides funding for leveraged acquisitions ; Richard Harriton , 53 , a general partner who heads the correspondent clearing services ; Michael Minikes , 46 , a general partner who is treasurer ; and William J. Montgoris , 42 , a general partner who is also senior vice president of finance and chief financial officer .",2.661302308029221,0.43373952876811145,0.5498214332119284,0.583712823427411,0.5662604712318886
582,The board increased by one to 26 members .,0.9727652780181644,0.19761047377095148,0.7889467394418684,0.8162983545263643,0.8023895262290488
583,"In the past year , one inside director resigned , while three others retired .",1.033985000288463,0.1729130838701545,0.886378466417972,0.7752302805021506,0.8270869161298454
584,"Some U.S. allies are complaining that President Bush is pushing conventional-arms talks too quickly , creating a risk that negotiators will make errors that could affect the security of Western Europe for years .",2.035735507757071,0.3351919649687292,0.6277139163239472,0.7065615764271851,0.6648080350312706
585,"Concerns about the pace of the Vienna talks -- which are aimed at the destruction of some 100,000 weapons , as well as major reductions and realignments of troops in central Europe -- also are being registered at the Pentagon .",1.8261162293482158,0.27534198604774657,0.7364350400939006,0.7132517338891586,0.7246580139522536
586,Mr. Bush has called for an agreement by next September at the latest .,1.5903330361778867,0.3143327814609955,0.610240508928312,0.7823693272884431,0.6856672185390047
587,But some American defense officials believe the North Atlantic Treaty Organization should take more time to examine the long-term implications of the options being considered .,2.0053448264391402,0.33687133128623387,0.642699674809774,0.6848990203411266,0.6631286687137662
588,"For one thing , Pentagon officials , who asked not to be identified , worry that the U.S. will have a much tougher time persuading Europeans to keep some short-range nuclear weapons on their soil once Soviet armored forces are thinned out .",2.9029943335845783,0.44375560341694437,0.5162763342262342,0.6029200729071466,0.5562443965830554
589,"At the same time , they contend that a reduction of NATO forces under a treaty will increase the possibility of a conventional Soviet attack unless the West retains a residual force of nuclear weapons in Europe .",2.5194417590498697,0.4272447875614658,0.5573420675533857,0.5890450960446241,0.5727552124385343
590,"Allies concerned about the deadline include the British , French and smaller NATO allies , some of whom do n't have adequate staffs to provide quick answers to the questions being raised by what generally are considered the most complex arms-control talks ever attempted .",2.0504634626563227,0.31876166890745417,0.631641535119002,0.7392875431963442,0.6812383310925461
591,"So far , no ally has complained openly , preserving the impression that NATO is in line with the Bush position that a quick agreement bringing Soviet conventional forces down to parity with NATO is the West 's top bargaining priority .",2.5128999968174752,0.41007210050420384,0.5583131493155867,0.625337961872123,0.589927899495796
592,"But even though NATO negotiators have only 10 months left under the Bush timetable , they are still wrestling over such seemingly fundamental questions as `` What is a tank ? ''",2.466524590419384,0.406741099938885,0.5156196060172289,0.6984239061739937,0.5932589000611149
593,Five of the six categories of weapons under negotiation have n't even been defined .,1.3509775004326938,0.23857042804278683,0.7171462902123823,0.8115417045005395,0.7614295719572132
594,Tanks currently are defined as armored vehicles weighing 25 tons or more that carry large guns .,1.5005750002545257,0.2552146725777522,0.7447853274222478,0.7447853274222477,0.7447853274222477
595,"The Soviets complicated the issue by offering to include light tanks , which are as light as 10 tons .",1.442737648613667,0.22807810388761296,0.7214283482590659,0.8300155814851028,0.771921896112387
596,"Oleg A. Grinevsky , the chief Soviet negotiator in the conventional-arms talks , argued that this would mean the Soviets would have to destroy some 1,800 tanks , while the U.S. would lose none because it has no light tanks in Europe .",2.2961606236959264,0.352404092299169,0.6227332072816065,0.6745264601550391,0.647595907700831
597,But the issue is stickier than it seems .,0.666666666666667,0.12750047008764348,0.7738351806137475,1.0,0.8724995299123566
598,"France , Britain and Italy all have light tanks they would like to keep out of the talks .",1.4220815794028336,0.22074489979730452,0.7545954594563694,0.8055809090316135,0.7792551002026952
599,"And some U.S. Army analysts worry that the proposed Soviet redefinition is aimed at blocking the U.S. from developing lighter , more transportable , high-technology tanks .",2.0792209439784317,0.3389923409867982,0.6439362854914233,0.6790088398614247,0.6610076590132019
600,Defining combat aircraft is even tougher .,1.536412500309067,0.3767289068911252,0.5684187323034962,0.6898406599187923,0.6232710931088749
601,"The Soviets insisted that aircraft be brought into the talks , then argued for exempting some 4,000 Russian planes because they are `` solely defensive . ''",1.8084785712337217,0.2676653978957241,0.7420579573641313,0.7228627658325144,0.7323346021042763
602,NATO has n't budged from its insistence that any gun-carrying plane has offensive capability .,1.9673183336217965,0.3364971918133404,0.583640442606334,0.7686858366816455,0.6635028081866596
603,"The dispute over that issue , according to one U.S. official , is a `` potential treaty stopper , '' and only President Bush and Soviet leader Mikhail Gorbachev may be able to resolve it .",2.459592706777342,0.3846795313772393,0.5805709297360947,0.6544946433814532,0.6153204686227607
604,Accounting problems raise more knotty issues .,0.9649839288804953,0.2366144122242709,0.8449203299593961,0.6962021387801476,0.7633855877757291
605,"Greece and Turkey , for example , are suspected of overstating their arsenals in hopes that they can emerge from the arms-reduction treaty with large remaining forces to deter each other .",2.649462617444088,0.42557974591365216,0.5236268135222089,0.6361265182872881,0.5744202540863477
606,Other nations are n't sure how many weapons they have in their own arsenals .,1.5169925001442306,0.28112564476478885,0.695212583262452,0.7442035496679787,0.7188743552352109
607,"`` It 's just going to be sloppy , both on our side and theirs -LCB- the Warsaw Pact 's -RCB- , '' says one NATO analyst .",2.378113622283956,0.37277702121741496,0.5916029160781175,0.6674071709718792,0.6272229787825853
608,"So far , neither the Bush administration nor arms-control experts in Congress seem moved by arguments that these problems may take more time to thrash out than President Bush has allowed .",2.3211853429636014,0.3682191608175955,0.5791555321879808,0.6949256673885086,0.6317808391824042
609,They argue that the bigger danger would be that the West would delay action so long that the Soviets might back away from the current conciliatory attitude .,2.1672477960036054,0.3722442037856655,0.5511934188098305,0.729018613002127,0.6277557962143344
610,"`` So what if you miss 50 tanks somewhere ? '' asks Rep. Norman Dicks -LRB- D. , Wash. -RRB- , a member of the House group that visited the talks in Vienna .",2.425342631883867,0.42359040893301414,0.544411288455325,0.6124042458333121,0.5764095910669857
611,"`` The bottom line is that if we can get that -LCB- Warsaw Pact -RCB- superiority brought down to parity , we ought to keep pressing ahead as quickly as possible .",2.681957496343794,0.46857210092342827,0.44538450305534033,0.6586770789836072,0.5314278990765718
612,I worry more about things becoming so unraveled on the other side that they might become unable to negotiate .,1.81323312532452,0.30448232225267563,0.6305830523372512,0.7753608766685172,0.6955176777473243
613,"International Lease Finance Corp. announced a leasing contract with charter carrier American Trans Air Inc. , in a transaction involving six Boeing Co. 757-200s .",2.1027370012115423,0.42705552332567204,0.5504964243787877,0.5973011232521506,0.572944476674328
614,"The value of the jets , including spares , is in excess of $ 250 million .",1.236444118156112,0.2145855194102746,0.8366626842669811,0.7400821371993653,0.7854144805897257
615,"Two of the 757-200s are new aircraft to be delivered to American Trans Air , the main subsidiary of Amtran Inc. , in December 1991 and January 1992 .",2.0631825490271476,0.3150218697044422,0.6997143408238373,0.670849816003968,0.684978130295558
616,Four of the planes were purchased by International Lease from Singapore Airlines in a previously announced transaction .,1.5283208335737193,0.24871522070934163,0.7546293816147559,0.7479696934537845,0.7512847792906585
617,"Delivery of the first aircraft is set for early November , a second for December and two for April 1990 .",2.3749668086155804,0.3818770778015524,0.6049008513213251,0.6319359324976271,0.6181229221984474
618,"Norway 's unemployment rate for October was 3.6 % , unchanged from September but up from 2.6 % in the same month last year .",2.043743357192033,0.3927868340204378,0.4668946609128859,0.868111710413344,0.6072131659795624
619,"The figure excludes a record number employed by extraordinary government work programs , the Labor Directorate announced Tuesday .",2.033115288583719,0.35348082484008897,0.7218900409501043,0.5853990204278824,0.6465191751599109
620,"Including those in the state programs , there were 143,800 Norwegians , or about 6.5 % of the work force , without permanent employment in October , up from September 's 136,800 .",2.2378324676352817,0.3394212079042291,0.6403287558956223,0.6821514473540565,0.6605787920957706
621,"The number of people registered as jobless at the end of October declined by 900 from September to 78,600 .",1.8712960982610278,0.3532699444071889,0.6340248742028817,0.6599548459248622,0.646730055592811
622,"Those employed in state-funded special programs increased by 7,400 to 65,200 in the same period , the Directorate said .",1.8559707739381865,0.2905454079274737,0.7438051655001439,0.6781367326268988,0.709454592072526
623,"In October 1988 , there were 40,800 fewer employed by government programs .",1.7503759617048824,0.3276132932703665,0.6127907064618506,0.7448233333018607,0.6723867067296333
624,"Coca-Cola Co. , aiming to boost soft-drink volume in Singapore , said it is discussing a joint venture with Fraser & Neave Ltd. , its bottling franchisee in that country .",1.954947062391219,0.29555832520430614,0.7362352646144192,0.6752803620007461,0.7044416747956939
625,The venture would be the latest in Coke 's rapid expansion of overseas investment .,1.7249535320618135,0.2962737605997597,0.681450735897103,0.7275072547367519,0.7037262394002401
626,"So far this year , it has put nearly $ 700 million into bottling operations in Australia , New Zealand and France .",1.4028114133256704,0.20909069635154004,0.7770368567819057,0.805286084259002,0.79090930364846
627,The move also reflects Coke 's eagerness to have a hand in developing the soft-drink markets in Pacific Basin countries .,1.5537709753852704,0.2503421779560744,0.80799158795401,0.6991798304802223,0.7496578220439256
628,"Aside from Europe , the Pacific division is where Coke will be focusing much of its attention for years to come .",2.0991277030629103,0.33456067823936003,0.6529886142282899,0.6783740603438787,0.6654393217606398
629,"That 's because when Coke looks to the Pacific area , it sees an economic and demographic gold mine .",1.7937151490463608,0.2869879475291535,0.665845908544341,0.7673697848737261,0.7130120524708463
630,"In countries such as Taiwan , South Korea and Singapore , economies are growing , resulting in a rise in disposable income that consumers can use for soft drinks .",2.1182958340544893,0.3634176917371704,0.6276441047094925,0.645778765317908,0.6365823082628295
631,"And unlike Europe and the U.S. , where populations are aging , the Pacific Basin countries have growing proportions of youths -- the heaviest consumers of Coca-Cola and other sodas .",1.1117546273132302,0.17616489180415948,0.8270262805990395,0.8206684681155167,0.8238351081958404
632,"A Coca-Cola spokesman said it is too early to say how the joint venture would be structured , or how much the company would invest in the transaction .",1.6711859809210399,0.2533961330471589,0.7360025362801152,0.7575150625972927,0.7466038669528414
633,"In the past , however , Coke has typically taken a minority stake in such ventures .",1.8305538516919855,0.3116481603254603,0.6774317162697286,0.6996297936000884,0.6883518396745397
634,"By acquiring stakes in bottling companies in the U.S. and overseas , Coke has been able to improve bottlers ' efficiency and production , and in some cases , marketing .",2.147457064288618,0.3330890967704976,0.6507044764036807,0.6839452231296536,0.6669109032295022
635,Coke has tended to increase its control when results were sluggish in a given country .,1.1721804688852169,0.18524239876334017,0.8048594390260695,0.8249022499567308,0.8147576012366599
636,"That does n't appear to be the case in Singapore , a country of about three million people with a relatively high soft-drink consumption rate -- a key indicator of Coke 's success in a market .",2.510379293827616,0.38846425770233534,0.6332710124822065,0.5912429681089528,0.6115357422976648
637,"In Singapore , per-capita consumption is about one-third that of the U.S. .",1.6923076923076934,0.29645028007118535,0.7654352155742712,0.6509225796450593,0.7035497199288147
638,"And combining Fraser & Neave 's own soft drinks with Coca-Cola 's gives the Singapore company more than half the share of the soda market there , Coke said .",2.0201119644709253,0.3025624943652273,0.7296954341364911,0.6679109095275171,0.6974375056347725
639,"Fraser & Neave , which also has interests in packaging , beer and dairy products , holds the Coke licenses for Malaysia and Brunei , where per-capita consumption is n't as high as in Singapore .",2.286095314754336,0.36353539769353777,0.6260196683219975,0.6472639908838606,0.6364646023064623
640,Coke could be interested in more quickly developing some of the untapped potential in those markets .,2.059973529920817,0.3503560101083939,0.593205614314992,0.7179507881581508,0.6496439898916061
641,A Coke spokesman said he could n't say whether that is the direction of the talks .,1.589385294626699,0.27446504654132475,0.6710062136122683,0.7897100586493788,0.7255349534586754
642,"Coke said the joint-venture arrangement , which needs approval from both companies ' boards , should be completed early next year .",1.7234612254951651,0.29440500797372177,0.7218296744186191,0.6900745154073175,0.7055949920262783
643,"AMERICAN BRANDS Inc. , Old Greenwich , Conn. , said it increased its quarterly 11 % to 68 cents a share from 61 cents , payable Dec. 1 to stock of record Nov. 10 .",2.276676411302394,0.36576243972058203,0.6475065039505485,0.6215015203860573,0.6342375602794178
644,"The increase follows the company 's report of strong earnings for the third quarter , and reflects what American Brands called its `` tradition of sharing earnings growth '' with shareholders .",2.0802632821965172,0.3264409447228716,0.6870355056771099,0.6606011248361787,0.6735590552771283
645,"American Brands is a consumer products company with core businesses in tobacco , distilled spirits and life insurance .",2.0536605267712558,0.4200532166793375,0.5832704268042368,0.5766608033818301,0.5799467833206624
646,"As of Sept. 30 , American Brands had 95.2 million shares outstanding .",0.9434355774223402,0.17046856277679687,0.8625593835819958,0.7989395352438048,0.8295314372232034
647,Giovanni Agnelli & Co. announced a transaction that will strengthen its indirect control of Fiat S.p . A. and will admit Prince Karim Aga Khan as its first non-family shareholder .,2.154094060582736,0.40212344775906633,0.5318324728293639,0.6826493955588615,0.5978765522409337
648,"Giovanni Agnelli , a limited partnership that is the master holding company for Fiat 's Agnelli family , owns approximately 75 % of the shares in Istituto Finanziario Industriale , which in turn owns approximately 40 % of Fiat , Italy 's biggest private-sector industrial group .",2.0621978503851692,0.35259512385766045,0.5638593422863001,0.7600141433526288,0.6474048761423397
649,"The company said Maria Sole Agnelli Teodorani , sister of Fiat Chairman Giovanni Agnelli , agreed to trade her shares in IFI for new ordinary shares in the limited partnership , which will give her control of 4.67 % of Giovanni Agnelli & Co .",2.362852661848549,0.37216845244911095,0.6160380758625427,0.6400853823885397,0.6278315475508891
650,"The Aga Khan , meanwhile , agreed to trade some of his stake in Luxembourg-based Ifint S.A. , another Agnelli family company , for 7.45 % of Giovanni Agnelli & Co. 's capital .",1.7513101126174302,0.2949595318162927,0.6319601312840911,0.7972330925377065,0.705040468183707
651,"His new stake would be in the form of preferred shares , which receive higher dividends but have voting rights only in extraordinary shareholders assemblies .",2.4966388224324336,0.4327493416663461,0.5468016526848365,0.5892885676742458,0.567250658333654
652,"The Aga Khan owns 10 % of Ifint 's capital , while IFI owns 23 % .",0.8005670867315775,0.1457695306744835,0.7455517418259973,0.9999999999999999,0.8542304693255165
653,"As a result of the transaction , which is expected to be approved at a shareholders meeting Nov. 24 , Giovanni Agnelli & Co. will control 79.18 % of IFI 's ordinary shares .",2.55085458685884,0.3800590993327855,0.595738087807814,0.6461935472848547,0.6199409006672142
654,Its capital will also be raised to 232.4 billion lire -LRB- $ 172.5 million -RRB- from the current 204.3 billion lire .,0.9275623616621234,0.1491813056974038,0.8422793316924998,0.8595329812691844,0.8508186943025962
655,"IFI also has nonvoting preferred shares , which are quoted on the Milan stock exchange .",1.2193609377704329,0.2144392010171708,0.6973413805076195,0.8993339366841074,0.7855607989828292
656,"The value of the two transactions was n't disclosed , but an IFI spokesman said no cash would change hands .",2.3156757372900323,0.3926517587022512,0.5888059961468489,0.6270962964081123,0.6073482412977487
657,"The move strengthens the existing links between the Agnellis and the Aga Khan , the head of the world 's Ismaili Moslems who is a longtime family friend and frequently goes sailing with Mr. Agnelli .",1.8383133262474862,0.3055407787465172,0.6811915092709652,0.7082540358245465,0.6944592212534829
658,"Mr. Agnelli and the Aga Khan also have some business ties , and a spokesman for the Agnelli company did n't rule out that the current agreement could lead to further collaboration .",2.229812391681027,0.3401513772076998,0.643095501267721,0.6774979540893442,0.6598486227923003
659,"For instance , Ifint earlier this year bought an 18 % stake in Alisarda , the Aga Khan 's airline , which flies between Italy and Sardinia .",1.8935553574519233,0.28400913653649246,0.7297099700689152,0.7027780967147339,0.7159908634635075
660,"Giovanni Agnelli & Co. , which was formed in January 1987 as a way of keeping the Agnellis ' controlling stake in Fiat together despite an ever-growing family tree , has been playing a more active role in the Agnelli group of late .",2.662071686923502,0.40873520364682525,0.5513079969729638,0.6374660157102088,0.5912647963531745
661,"It raised financing of 300 billion lire for the purchase this summer by another Agnelli-related group of the food concern Galbani S.p . A. , by selling a chunk of its IFI shares to Mediobanca S.p . A.",2.565675847400905,0.42608493275477527,0.5791932654781995,0.5687322008746812,0.5739150672452251
662,Mediobanca said during the weekend that it agreed to sell the shares back to Giovanni Agnelli for 333 billion lire .,2.107841071737637,0.3452440602426291,0.6362203478130074,0.6744039702570445,0.6547559397573706
663,Your Oct. 2 page-one article on people riding so-called `` railbikes '' on railroad tracks was a disservice to your readers .,2.1648024047927406,0.3747703538228162,0.6311251892318641,0.6194432280729102,0.6252296461771836
664,It unfortunately encourages others to engage in a highly dangerous and illegal activity that only a very few are doing now .,1.6148085197877462,0.27605880206363653,0.6561905616909294,0.8072929126034765,0.7239411979363634
665,"And it treats such activities in a frivolous , cavalier fashion , with total indifference to common sense and public safety .",2.2104177492313943,0.385713225020444,0.6510511276696361,0.5814525973649588,0.6142867749795559
666,Saul Resnick,-0.0,0.0,1.0,1.0,1.0
667,Vice President,-0.0,0.0,1.0,1.0,1.0
668,Public Affairs,1.0,1.0,1.0,0.0,0.0
669,Conrail,-0.0,0.0,1.0,1.0,1.0
670,"MCI Communications Corp. said it received a three-year contract valued at more than $ 15 million to provide network , credit-card and other telecommunications services to Drexel Burnham Lambert Inc .",2.6140504012792705,0.4207129889269025,0.5534181761211874,0.607692847095982,0.5792870110730974
671,"Congressional Democrats and the Bush administration agreed on a compromise minimum-wage bill , opening the way for the first wage-floor boost in more than nine years .",2.491152775142224,0.42440525956358177,0.5793317114750673,0.5719056709673872,0.5755947404364183
672,The agreement ended a long impasse between the congressional leaders and the White House over the wage issue .,2.129704918247902,0.3911603362491457,0.6115851850367953,0.6061186826256248,0.6088396637508544
673,President Bush in June vetoed a measure passed by Congress and said he would n't accept any minimum-wage rise that went beyond limits he set early in this year 's debate on the issue .,3.051394748263266,0.5165821126190208,0.45428729555845343,0.516540378531324,0.4834178873809791
674,The compromise was a somewhat softened version of what the White House had said it would accept .,2.029406945165601,0.3459610339104264,0.5999999999999999,0.7187754350214809,0.6540389660895736
675,"Under the agreement with the House and Senate leaders , the minimum wage would rise from the current $ 3.35 an hour to $ 4.25 an hour by April 1991 .",1.9813928387923188,0.3237280034495227,0.6584171808659874,0.6951221702530319,0.6762719965504771
676,"Employers could also pay a subminimum `` training wage '' for 90 days to new workers who are up to 19 years old , and then for another 90 days if the company institutes a specific training program for the newcomers .",2.5880702552167727,0.4014795258107303,0.600442488489077,0.5966107253498325,0.5985204741892696
677,"White House officials were delighted that the compromise includes the concept of a training wage , which Mr. Bush has fought for throughout the year .",2.208689306354638,0.3741415166730452,0.6065094248190716,0.64648278480634,0.6258584833269547
678,"`` For the first time in history , we have a training wage that will be part '' of the nation 's labor laws , said Roger Porter , assistant to the president for economic and domestic policy .",2.511386236331821,0.38975302954190805,0.6419279512533418,0.5815460111453268,0.6102469704580923
679,"White House aides said that although they made a small compromise on the length of a training wage , the final minimum-wage increase will meet the standards set by Mr. Bush .",2.8333840781374517,0.49732442835169416,0.46931646404385435,0.5411399036226555,0.5026755716483059
680,"The bill vetoed by the president in June , which the House failed to override , would have lifted the minimum wage to $ 4.55 an hour by late 1991 , with a training wage for up to two months , generally for a worker 's first job .",2.4100009459622536,0.3526200843266427,0.661446880989344,0.6338988140351713,0.6473799156733567
681,"Mr. Bush had been holding out for a bill boosting the wage floor to $ 4.25 an hour by the end of 1991 , coupled with a six-month training wage for workers newly hired by any employer .",2.665795393319678,0.4274037716759068,0.5763694644987675,0.5688720742501273,0.5725962283240932
682,"Under the compromise , the $ 4.25 level would be reached nine months earlier , while the training subminimum would be shorter , unless it is tied to a training plan .",2.0,0.3299634101806649,0.6031488971319259,0.7536100445792765,0.6700365898193351
683,"Democrats argued that the training wage was a way of allowing employers to pay less than the minimum wage , while new workers need far less than six months to be trained for their jobs .",2.155221528859511,0.3271864959795257,0.6700431887428754,0.6756068223214011,0.6728135040204741
684,Democrats had been negotiating with some Republican congressional leaders on a compromise lately .,1.2578314624597722,0.2174129071582852,0.7318973556088951,0.8408206372529029,0.7825870928417148
685,"With congressional elections next year , GOP leaders have worried about opposing a minimum-wage rise for low-paid workers at a time when Congress is moving toward a capital-gains tax cut that would directly benefit wealthier taxpayers .",2.9098213048499217,0.4778522938033073,0.5122874123918648,0.5323950228763645,0.5221477061966928
686,Republicans have been imploring the White House to compromise on the wage issue .,0.9649839288804962,0.16658957138861868,0.8334104286113814,0.8334104286113815,0.8334104286113813
687,"In the Senate , Edward Kennedy -LRB- D. , Mass. -RRB- , chairman of the Labor Committee , and Pete Domenici , -LRB- R. , N.M . -RRB- ranking minority member of the Budget Committee , have been working on a compromise , and their soundings showed that the Senate appeared to be heading toward enough strength to override another Bush veto , a Democratic staff official said .",2.675002511999168,0.4278185457581341,0.5765433067293885,0.56788510558684,0.5721814542418658
688,"The House is scheduled to vote this week on the compromise , as a substitute to a new Democratic bill , itself watered down from last spring 's version .",2.7829931440362783,0.46662248577449167,0.4979712895139307,0.5742039526268615,0.5333775142255085
689,The Senate will probably vote not long afterward .,0.9433583328525628,0.2173711838486419,0.7445063344985762,0.824866124612572,0.782628816151358
690,Some Democrats thought they might have compromised too much .,0.9609640474436816,0.1968022269246617,0.7204319802301129,0.9074487147360963,0.8031977730753384
691,"Rep. Austin Murphy -LRB- D. , Pa. -RRB- , chairman of the House labor standards subcommittee , said they might have done better `` if we 'd held their feet to the fire . ''",2.514664813381281,0.40182002224960844,0.6166341279106204,0.5807982947412513,0.5981799777503914
692,"Mr. Kennedy suggested Democrats `` yielded a great deal '' on the size of the increase , but he cited concessions from the White House on the training wage , which he said make it `` less harsh . ''",2.0286132566160875,0.31875057350447317,0.6943323417107651,0.6686504213143268,0.6812494264955269
693,"With only 16-year-olds to 19-year-olds eligible , 68 % of workers getting less than $ 4.25 an hour , who are adults , wo n't be subject to the training wage , he said .",1.9217464265382853,0.2840789386425886,0.7091857636483077,0.7227855190213583,0.7159210613574113
694,"The AFL-CIO , which previously opposed the administration 's subminimum idea , said the compromise has `` adequate safeguards , so the youth are not exploited and older workers are not displaced . ''",2.183495028162575,0.33639556085165395,0.6606692999313194,0.6665657744875694,0.6636044391483462
695,Gerald F. Seib contributed to this article .,1.1887218755408666,0.24706987307546238,0.7529301269245375,0.7529301269245375,0.7529301269245374
696,Moody 's Investors Service Inc. said it lowered the ratings on about $ 3.2 billion of Houston Lighting & Power Co. 's securities because of the company 's low levels of interest coverage and internal cash generation .,2.3840593836645123,0.3601882652583478,0.6641195959785783,0.6172204584890139,0.6398117347416524
697,"Houston Lighting is a unit of Houston Industries Inc. , a utility holding company in Houston .",2.157119674297477,0.4455629464136108,0.5534840603094547,0.5553933342664765,0.5544370535863893
698,"Downgraded by Moody 's were Houston Lighting 's first-mortgage bonds and secured pollution-control bonds to single-A-3 from single-A-2 ; unsecured pollution-control bonds to Baa-1 from single-A-3 ; preferred stock to single-A-3 from single-A-2 ; a shelf registration for preferred stock to a preliminary rating of single-A-3 from a preliminary rating of single-A-2 ; two shelf registrations for collateralized debt securities to a preliminary rating of single-A-3 from a preliminary rating of single-A-2 , and the unit 's rating for commercial paper to Prime-2 from Prime-1 .",2.911261411698936,0.49628630930697953,0.5454499260929431,0.46791054247937947,0.5037136906930201
699,"Moody 's said Houston Lighting 's current situation has some positive aspects , including managing `` very well '' the construction and commercial operation risks of Units 1 and 2 of the South Texas Project nuclear power plant .",2.39446353808344,0.3466790575082675,0.688155604401675,0.6218430440872534,0.6533209424917326
700,"Capital requirements will be declining and no new generating facilities will be required for several years , Moody 's said .",1.5957035716346137,0.25586317585265395,0.7585601320908945,0.7302517730441379,0.7441368241473456
701,"Scott C. Smith , formerly vice president , finance , and chief financial officer of this media concern , was named senior vice president .",1.8127658567593379,0.3275822274734943,0.6553193689977258,0.6904323333708573,0.6724177725265054
702,"Mr. Smith , 39 , retains the title of chief financial officer .",0.9811451924741137,0.1605265805976516,0.8929073296388509,0.7920736597298406,0.8394734194023484
703,Armstrong World Industries Inc. agreed in principle to sell its carpet operations to Shaw Industries Inc .,1.6675500274366613,0.37594237755737825,0.5727505617988365,0.6854613262167707,0.6240576224426216
704,The price was n't disclosed but one analyst estimated that it was $ 150 million .,1.4859023444260835,0.24706987307546244,0.6901392114849736,0.8282904526473265,0.7529301269245374
705,"Armstrong , which has faced a takeover threat from the Belzberg family of Canada since July , said that disposing of the carpet business would improve `` total financial performance . ''",2.2994940289210595,0.3662591288262433,0.6358138366840622,0.6316813788564761,0.6337408711737568
706,"The move also would allow the company to concentrate on core businesses , which include ceramic tile , floor coverings and furniture .",2.1702672591692886,0.35487617133203875,0.64010249038476,0.6502245704669838,0.6451238286679614
707,"Moreover , such a sale could help Armstrong reassure its investors and deter the Belzbergs , who own a 9.85 % stake in the Lancaster , Pa. , company .",1.677956547587912,0.2662645580582263,0.707827948325202,0.7616114884030598,0.7337354419417738
708,"Analysts expect Armstrong to use proceeds of the sale to reduce debt , buy back stock or perhaps finance an acquisition .",1.5488197236884966,0.2598662920519399,0.7703630049277777,0.7121872467980412,0.7401337079480598
709,"The carpet division had 1988 sales of $ 368.3 million , or almost 14 % of Armstrong 's $ 2.68 billion total revenue .",1.9947626242053005,0.36413280731281766,0.563613341236216,0.7293707367075543,0.6358671926871823
710,The company has been manufacturing carpet since 1967 .,0.30609861135149696,0.05949597510024328,0.8876900403616653,1.0000000000000002,0.9405040248997569
711,Recently it upgraded its plants so that it could make stain-resistant products with higher quality dyes .,0.5149933824802044,0.08825553791535316,0.8828633029971314,0.9425791078022682,0.9117444620846468
712,"For the past year or two , the carpet division 's operating profit margins have hovered around 5 % , high by industry standards , but disappointing compared with the 13 % to 19 % margins for two of Armstrong 's chief businesses , flooring and building products .",2.8290861679766457,0.4225509566662354,0.5999578143848473,0.5565681340381052,0.5774490433337647
713,"Analysts hailed the planned transaction as being beneficial to Armstrong and Shaw , the market leader in the U.S. carpet industry , with an estimated 17 % to 20 % share .",1.8334698269705347,0.27376788051252227,0.7476586258137247,0.7059994866458766,0.7262321194874777
714,"Shaw , based in Dalton , Ga. , has annual sales of about $ 1.18 billion , and has economies of scale and lower raw-material costs that are expected to boost the profitability of Armstrong 's brands , sold under the Armstrong and Evans-Black names .",2.23384722194017,0.3284214763517732,0.6716025296846615,0.6715545193278935,0.6715785236482265
715,"Yesterday , in composite trading on the New York Stock Exchange , Shaw 's shares closed ex-dividend at $ 26.125 , up $ 2.25 .",1.4545811190640103,0.22969221210286364,0.7647755419480448,0.7759206555531365,0.7703077878971362
716,"Armstrong 's shares , also listed on the Big Board , closed at $ 39.125 , up 12.5 cents .",1.8754887502163458,0.30404945369963576,0.6740940641515066,0.7192718499348421,0.6959505463003641
717,"Yesterday , Armstrong reported flat earnings for the third quarter and nine months , worsened by the stock dilution of an employee stock ownership plan adopted earlier this year .",2.320087427554833,0.3936559177640719,0.6314661769616718,0.5831444088223633,0.6063440822359282
718,"For the quarter , earnings were $ 47 million , or 92 cents a share , including a one-time gain of $ 5.9 million .",2.2282092903765403,0.4360197010970313,0.48604368014184907,0.6716841876709629,0.5639802989029687
719,"In the year-ago quarter , earnings were $ 42.9 million , or 93 cents a share .",1.7647058823529411,0.3490231388233952,0.5597983286204455,0.7776362883467598,0.6509768611766048
720,"Yesterday , Armstrong announced an agreement to sell its small Applied Color Systems unit to a subsidiary of the Swiss company , Brauerei Eichof Ltd .",2.2658695916632015,0.3717101834431454,0.6599774216425718,0.5995056525221266,0.6282898165568545
721,The price was n't disclosed .,0.33333333333333304,0.06891905627080991,0.8710490642551528,1.0,0.93108094372919
722,"Armstrong expects to close the sale of the color unit in late November and the carpet sale in December , with the gains to be applied to fourth quarter or first-quarter results .",1.6295284094187084,0.24707316965603354,0.7715199243027901,0.7352088090265794,0.7529268303439667
723,"The government 's primary economic-forecasting gauge rose a slight 0.2 % in September , but economists said the report offered little new information on the degree to which the U.S. economy is slowing .",2.3304498052905047,0.37429405760872775,0.584294555833049,0.6734350895054749,0.6257059423912726
724,"The small increase in the index of leading indicators , which had climbed 0.5 % in August but was unchanged in July , does lend support to the view that the economy has slowed noticeably .",2.4980528806750475,0.4256328721656833,0.4820333594762156,0.7104552391453897,0.5743671278343168
725,"However , it does n't give much of a clue as to whether a recession is on the horizon .",2.1580629729365084,0.39339123580387636,0.5288088978320425,0.7112498633690817,0.6066087641961235
726,"`` I do n't think it provides much new information on the economy , '' said Richard Rippe , economist at Dean Witter Reynolds Inc .",1.7755691167838652,0.29027382441264776,0.6917803880701965,0.7286278394852885,0.7097261755873518
727,"So far this year , the index of leading indicators has risen in four months , fallen in four months and remained unchanged in the other month .",1.6348013396720469,0.2954941261074628,0.6230059163910814,0.8105383151596718,0.704505873892537
728,"In another report yesterday , the Commerce Department said sales of new single-family houses plunged 14 % in September to an annual rate of 618,000 from 719,000 in August .",2.5877167923721553,0.45326400477827283,0.5220767265561064,0.5738402103663162,0.5467359952217272
729,"The declines were particularly pronounced in the Northeast and in the South , where Hurricane Hugo was a factor .",1.5804820237218404,0.2790707407600732,0.6755442244371513,0.7728516941724827,0.7209292592399267
730,"Although September 's weakness followed two strong months for home sales , the decline supports other indications that the drop in mortgage rates earlier this year has had only a limited beneficial effect on the housing market .",2.4011549528489495,0.3932083397663759,0.6058973708519639,0.6076885934150352,0.606791660233624
731,"The September drop was the largest since a 19 % drop in January 1982 , but monthly changes in this measure are even less reliable than those in other economic indicators .",2.5017375226054535,0.46086951326921194,0.4369180978649447,0.7037700894550628,0.5391304867307881
732,"Because the figures are based on a small sample , the department said it is 90 % confident only that new-home sales fell somewhere between 5 % and 23 % during the month .",2.107315896816017,0.3173536274093263,0.6403309172632362,0.7309502943493044,0.682646372590674
733,The department also said it takes four months to establish a trend .,1.5588201928069552,0.2668271799105668,0.7607688944832264,0.7075087019646574,0.7331728200894333
734,"So far this year , 534,000 newly built homes have been sold , down 4.5 % from the like months of 1988 .",2.2687308464080025,0.37297838043192716,0.5945072241212576,0.6632982904651475,0.6270216195680728
735,The index of leading indicators got a major boost in September from a surge in consumer expectations as measured by the University of Michigan .,2.191759500778847,0.4154551782760083,0.5705075589470346,0.5992902795209718,0.5845448217239914
736,This measure had dropped sharply in August .,1.701205059304601,0.39573998824642803,0.4329316468984661,0.9999999999999999,0.6042600117535718
737,"The Commerce Department said that as a result of a new adjustment to the formula used to calculate the index , the influence of this component has been reduced .",2.427091463771111,0.4077291878258671,0.5873055663760262,0.5973207289626014,0.5922708121741326
738,"Of the 11 components to the index , only three others rose in September : the money supply , the length of the average work week and stock prices .",1.7236501981515566,0.28263460642754235,0.7777272186243847,0.6656984678300765,0.7173653935724578
739,Several components that track the health of the manufacturing sector of the economy turned down in September .,1.5702590281383562,0.2980464228324167,0.6304546043783595,0.7917441739105018,0.7019535771675834
740,"These include new orders for manufactured consumer goods , lead times on vendor deliveries , orders for new plant and equipment , and backlogs of orders for durable goods .",1.750116448800596,0.32732817152390814,0.7601795579729871,0.6032311452470667,0.6726718284760919
741,"Meanwhile , the National Association of Manufacturers said yesterday a recent poll of 53 executives on its board found that 61 % do n't expect a recession to occur until 1991 or later .",2.342610014463075,0.31821471738326196,0.6820574133762122,0.6815133689229053,0.6817852826167378
742,The remainder expect a downturn to begin sometime in,1.4172097224626081,0.28789625926944856,0.7001735516589389,0.7244475317895467,0.7121037407305516
743,"Although manufacturers often are quick to call for lower interest rates , 60 % of the executives said they would prefer that the Fed keep inflation-fighting as its top priority even if that means higher rates .",2.0440946965179663,0.31466154121815276,0.6368769691174146,0.7417824576171111,0.6853384587818477
744,The other 40 % said the Fed ought to worry less about inflation and bring interest rates down .,0.9870993422191283,0.14521046520353884,0.8214308241401114,0.8909723615650655,0.854789534796461
745,All the figures are adjusted to remove usual seasonal patterns .,0.5454545454545459,0.10325690234988055,0.8669051185911277,0.9287082776283172,0.8967430976501195
746,Here are the net contributions of the components of the Commerce Department 's index of leading indicators .,0.6247284721020288,0.10191064685898818,0.9253018854572774,0.8724316989478398,0.8980893531410117
747,"After various adjustments , they produced a 0.5 % rise in the index for August and a 0.2 % rise for September .",1.519766019234054,0.26064202109967205,0.6585135130475079,0.8428307219328502,0.7393579789003282
748,"September , and the change from August , are : from 1.11 in the previous month .",1.8690845594598442,0.35427144735282146,0.5707946512664663,0.7433103025516062,0.6457285526471785
749,Boston Edison Co. said it will take a previously reported $ 60 million charge against earnings in the fourth quarter .,2.16313914120098,0.3466267324975491,0.5948362173483038,0.724688954844034,0.6533732675024508
750,The charge resulted from a settlement approved yesterday by the Massachusetts Department of Public Utilities .,1.813721875540868,0.32434705575725425,0.7606720968236329,0.6077281066631359,0.675652944242746
751,"As expected , the settlement limits rate increases for three years and ties future charges to customers for operation of the troubled Pilgrim Nuclear Power Station to that plant 's performance .",1.6163367004028597,0.26556169554064124,0.7272132399986351,0.7418083756250121,0.7344383044593586
752,"In its order , the state regulatory agency said the company `` must be held accountable for the mistakes made in the management of the plant 's operation . ''",1.446227398263761,0.23998757697279655,0.7910956705178673,0.7312794383647477,0.7600124230272035
753,Pilgrim had been closed for 32 months .,0.5,0.09090909090909091,0.8333333333333333,0.9999999999999999,0.9090909090909091
754,"The average interest rate rose to 8.3875 % at Citicorp 's $ 50 million weekly auction of 91-day commercial paper , or corporate IOUs , from 8.337 % at last week 's sale .",1.9553060552268726,0.33841306209982014,0.6090701185846433,0.7240148162810126,0.66158693790018
755,Bids totaling $ 515 million were submitted .,0.5,0.1,0.9000000000000001,0.9000000000000001,0.9000000000000001
756,Accepted bids ranged from 8.38 % to 8.395 % .,0.7999999999999998,0.15860880443455516,0.779568019769887,0.9138646883853215,0.8413911955654448
757,Citicorp also said that the average rate rose to 8.0087 % at its $ 50 million auction of 182-day commercial paper from 7.962 % at last week 's sale .,2.030817106942903,0.338508733075301,0.5880254671100882,0.7559350954712085,0.6614912669246988
758,Bids totaling $ 475 million were submitted .,1.0943609377704333,0.22308223737786706,0.7622556248918265,0.7921550211540895,0.7769177626221329
759,Accepted bids ranged from 8 % to 8.019 % .,0.7999999999999998,0.15860880443455516,0.779568019769887,0.9138646883853215,0.8413911955654448
760,The bank holding company will auction another $ 50 million in each maturity next Tuesday .,1.4528195311147831,0.266434552404445,0.677318738556615,0.7999999999999999,0.7335654475955549
761,"An imaginative novelist writing a thriller about amateur spy-chasing might invent a Clifford Stoll , but it 's unlikely .",1.9887218755408673,0.3440906286575953,0.5977582392967867,0.7265938970840881,0.6559093713424048
762,It 's also unnecessary .,0.40000000000000036,0.09425390072448082,0.8277293767706427,1.0,0.9057460992755192
763,"Amateur spy-chaser Clifford Stoll is a real person , or as he might waggishly put it , a surreal person .",2.2642321438873645,0.3931983943680306,0.5243345969750844,0.7200507204971837,0.6068016056319692
764,"He is 37 , an astronomer with impressive credentials , and something of a genius at making computers do his bidding .",1.6083671811479165,0.26148226690934984,0.7323199779647609,0.7448212890511434,0.7385177330906502
765,"He once described himself as a `` Berkeley Hippie , '' and played the role well ; obligatory ragged jeans , a thicket of long hair and rejection of all things conventional , including , for a time at least , formal marriage to his `` sweetheart , '' Martha Matthews .",2.4482836433044985,0.38990729771556326,0.6196679347881052,0.6008088836006237,0.6100927022844366
766,"He also is an entertaining writer , combining wisecracks and wordplay with programmatic detail and lucid explanations of how computers work .",2.1900367939720002,0.3649116374852259,0.6249511110649124,0.6455599065813376,0.635088362514774
767,"In `` The Cuckoo 's Egg '' -LRB- Doubleday , 326 pages , $ 19.95 -RRB- , he spins a remarkable tale of his efforts over 18 months to catch a computer spy .",2.4883340862978756,0.418156634823984,0.5621346876783574,0.6029842452650559,0.581843365176016
768,"The result last spring was the arrest by West German authorities of five young West Germans , accused of stealing information from computers in the U.S. and Europe and selling it to the Soviet KGB .",1.9347634570667545,0.29659816415851215,0.7207472065835493,0.6868717066976269,0.7034018358414876
769,"One of them , 25-year-old Markus Hess of Hannover , allegedly used the international telecommunications network to break into more than 30 high-security computers in the U.S. , searching for secrets .",1.8003012648261496,0.2693788543842818,0.7531252021420459,0.7094229515345734,0.730621145615718
770,"He probably did n't penetrate any top-secret files , but the KGB in East Berlin was willing to pay two of his associates , Peter Carl and Dirk Brezinski , $ 15,000 for some of the material Hess collected .",2.120495476710852,0.3087774970560098,0.6680016563513046,0.7161158798239305,0.69122250294399
771,They promised yet more for really good stuff .,0.8888888888888893,0.17754637556585942,0.7553948183725061,0.9025783848842868,0.8224536244341406
772,"Mr. Stoll draws his title from the cuckoo 's habit of laying eggs in the nests of other birds , making them surrogate parents .",1.9508359973266796,0.3137968132847418,0.6931228193983252,0.6794203494974556,0.6862031867152583
773,The computer spy had discovered that a popular editing/electronic mail program called Gnu-Emacs could do tricks with the widely used Unix operating system created by AT&T .,2.580277662422474,0.435212740646128,0.5446487088334614,0.5864722478627009,0.5647872593538723
774,"Using Gnu-Emacs , the spy could substitute a bogus `` atrun '' program for the one that routinely cleans up the Unix system every five minutes .",2.0042917741153117,0.32283220814339075,0.6568424786130269,0.6987911639143949,0.6771677918566092
775,"Once his cuckoo 's egg was laid , he could enter Unix and become a `` super-user , '' with access to everything .",1.978497643973503,0.32283448904278755,0.6474320501772939,0.7097614639141439,0.6771655109572124
776,Mr. Stoll was scanning the heavens at the Keck observatory of the Lawrence Berkeley Laboratory in 1986 when his grant ran low and he was asked to switch to helping run the lab 's computers .,1.9922992892469864,0.30846936150345505,0.672824483784468,0.7113066920589058,0.691530638496545
777,"He discovered a 75-cent discrepancy in the charges made to various departments for computer time and traced it to a user named `` Hunter , '' who had no valid billing address .",2.083966664641423,0.3355662957223656,0.6994098572873308,0.6327891269303415,0.6644337042776343
778,Mr. Stoll suspected the intruder was one of those precocious students who has fun breaking into computers .,2.1949875002403862,0.370609626165576,0.632297938323331,0.6265094272863874,0.6293903738344241
779,"But after much tracking , it became evident to Mr. Stoll , through various clues , that the hacker was not on the Berkeley campus or even in California .",1.7087041642946694,0.2613593196771895,0.7183086564553343,0.7601572458360868,0.7386406803228108
780,Finding him became an obsession for Mr. Stoll .,0.9727652780181644,0.19761047377095148,0.7246199192766692,0.8988593228552807,0.8023895262290486
781,He made a midnight requisition of all the printers he could lay hands on so that he could monitor all the telephone lines coming into the lab 's computers .,2.213545731885558,0.3784318878462135,0.613159693503581,0.6302103509119837,0.6215681121537866
782,"After discovering that the hacker had taken over the dormant account of a legitimate user named Joe Sventek , he rigged up an alarm system , including a portable beeper , to alert him when Sventek came on the line .",2.190468447206902,0.3278172671944315,0.6803454434414308,0.6642135706252482,0.6721827328055685
783,Some nights he slept under his desk .,0.75,0.14285714285714285,0.9,0.818181818181818,0.8571428571428571
784,His boss complained about neglect of other chores .,0.972765278018163,0.18124649188249334,0.9081491772631821,0.7453803480164571,0.8187535081175066
785,The hacker was pawing over the Berkeley files but also using Berkeley and other easily accessible computers as stepping stones to the network of computers used by the military and national security agencies .,1.909402486427764,0.31246026668271126,0.6912641110027975,0.6838552728084526,0.6875397333172886
786,The White Sands missile range and CIA contractor Mitre Inc. were among the targets .,0.8027895986644289,0.1628473516985989,0.8366791922647699,0.8376266404755138,0.8371526483014012
787,"When the hacker moved , Mr. Stoll moved too , calling up other systems managers to alert them but keeping his own system open to avoid arousing suspicion .",2.052613359838981,0.3154062836087255,0.7013395824340664,0.6686288828289989,0.6845937163912746
788,"Sometimes , if the hacker seemed to be into a sensitive file , he would drag his keychain across the terminal to create static or slow the system down to frustrate his quarry .",1.5923225143358115,0.25034244631095354,0.7177632660385852,0.7845181384510083,0.7496575536890463
789,"The FBI initially showed little interest , and he had the impression other federal security agencies were tangled up in legal red tape .",2.445967683509904,0.39299236138117516,0.5960154657284052,0.6184128817795468,0.6070076386188248
790,The CIA told him it does not do domestic counterespionage .,1.1595352274694077,0.20133168756759684,0.7429097216466911,0.8634759182215922,0.7986683124324033
791,"One learns a lot from this book , or seems to , about crippling federal bureaucracy .",1.7358691179015855,0.3157342627011022,0.6152151124391223,0.7707762626170775,0.6842657372988977
792,`` Seems to '' because it 's possible that the CIA and the National Security Agency were more interested than they let on to Mr. Stoll .,1.9320295198659476,0.3154241459352615,0.6479620170213805,0.7255753198118112,0.6845758540647385
793,"Finally , he got help .",0.3333333333333335,0.07993748885604385,0.8519590445170674,1.0,0.9200625111439562
794,Tymnet is a major network linking computers .,1.3443609377704333,0.2887596997535768,0.6622556248918265,0.7680502228963819,0.711240300246423
795,"One of its international specialists , Steve White , took a quick interest in Mr. Stoll 's hunt , ultimately tracing the hacker to West Germany .",1.5410977953495122,0.23099176601914478,0.8042814514376206,0.7366989685235251,0.7690082339808554
796,The West Germans then took over and finally found Markus Hess .,1.2295739585136225,0.24888392501451045,0.7877207980593358,0.7177622660637883,0.7511160749854897
797,"Eventually , Mr. Stoll was invited to both the CIA and NSA to brief high-ranking officers on computer theft .",1.6132331253245198,0.25086731241375376,0.7334227239043709,0.7655303998287275,0.7491326875862462
798,He savored the humor of his uncombed appearance among these buttoned-up chaps .,1.566502152046176,0.3001541200461074,0.671587884712368,0.7305863163446282,0.6998458799538924
799,"Back in Berkeley , he was violently scolded by a left-wing lady friend for consorting with such people .",2.271645234670008,0.39144989042829553,0.5308372354247956,0.7129192014118815,0.6085501095717043
800,He became angry in return .,0.0,0.0,1.0,1.0,1.0
801,He had developed a hatred for the hacker and a grudging appreciation of the federal `` spooks '' who make national security their business .,1.7313685006057709,0.2758562204365966,0.7644064647898261,0.6879102877554414,0.7241437795634033
802,"At several different levels , it 's a fascinating tale .",1.5231715911057697,0.30269373160368174,0.6586897955539807,0.7407325981383581,0.6973062683963183
803,Mr. Melloan is deputy editor of the Journal .,0.8344194449252145,0.16487289753610726,0.7999999999999999,0.8734806581894542,0.8351271024638925
804,Mips Computer Systems Inc. today will unveil a new general-purpose computer that will compete with more expensive machines from companies such as Sun Microsystems Inc. and Digital Equipment Corp .,2.423440813474589,0.4387371413005862,0.5211494434232148,0.6080663595033815,0.561262858699414
805,"The closely held Sunnyvale , Calif. , company also will announce an agreement to supply computers to Control Data Corp. , which will sell Mips machines under its own label .",1.7278555744947477,0.277721737074565,0.6848384922405791,0.7640483987539419,0.722278262925435
806,"The new Mips machine , called the RC6280 , will cost $ 150,000 for a basic system .",1.4319131950454063,0.22942656905672607,0.7621266687834651,0.7792095249145249,0.7705734309432739
807,"The computer processes 55 million instructions per second and uses only one central processing chip , unlike many rival machines using several processors .",2.0508033728697344,0.3519701302552427,0.6493788510596396,0.6466864813997691,0.6480298697447572
808,"The machine employs reduced instruction-set computing , or RISC , technology .",1.459147917027245,0.2892775526667757,0.6826381655017594,0.7412166969478347,0.7107224473332242
809,"At that price , an analyst familiar with the machine said , the computer offers up to 10 times the performance of similar machines .",2.145026116217612,0.3503630622203771,0.7711382746237126,0.561211827142045,0.649636937779623
810,"`` In the price range it 's a tremendously high-performing product , '' said Sandy Gant , an analyst at the market-research firm InfoCorp .",1.8837433571920332,0.2923265693327151,0.7690380601711012,0.6553781787099572,0.7076734306672849
811,"The machine is part of an effort by Mips to establish itself as a supplier of computers , not just of integrated-circuit technology .",1.7133089782818223,0.2751401003068354,0.7505709052167688,0.700852027518125,0.7248598996931644
812,Mips also wants to wedge into markets other than traditional RISC applications such as engineering ; Mips said the new machine will also be used by businesses and for communications .,1.7464182415296001,0.2826931284193536,0.688889157810213,0.7481700096407319,0.7173068715806463
813,"`` This clearly demonstrates that Mips is a systems company rather than just a chip company , '' said Mips Vice President John Hime .",2.2472323786953607,0.36958141106947245,0.655687706460178,0.6070248569708049,0.6304185889305275
814,"The Control Data deal is a boon for Mips because it gives the the five-year-old company one more ally as it battles more established electronic concerns such as Sun , Hewlett-Packard Co. , Motorola Inc. and Intel Corp. for the emerging market for RISC machines .",2.300186125129685,0.37155644757347867,0.6029556468451297,0.6561813960893175,0.6284435524265214
815,RISC technology speeds up a computer by simplifying the internal software .,0.959147917027245,0.16319133923667334,0.8612305753409127,0.8137336173760192,0.8368086607633267
816,"For Mips , which expects revenue of $ 100 million this year , big-name allies such as Control Data are essential to attract software developers to the company 's RISC architecture .",2.1542405302983596,0.32280138289137167,0.694722701139061,0.6605368564399856,0.6771986171086283
817,"`` The thing it says about Mips is that they 're on a roll right now , '' said Ms. Gant at InfoCorp .",2.1520308538226898,0.39000944857759906,0.5511468041935563,0.6829011891120961,0.6099905514224011
818,"`` They 're getting some major wins , '' she added .",1.0629072918469555,0.19537476230114068,0.8467132018086353,0.7665233095909045,0.8046252376988593
819,"Last month , for example , Mips agreed to supply its computers to Nixdorf Computer AG of West Germany and France 's Groupe Bull .",1.311759500778848,0.21521291641259577,0.8627785958249296,0.719726841017074,0.7847870835874041
820,"Sony Corp. , Tandem Computers Inc. and Digital Equipment have agreed to sell MIPS computers and companies such as Japan 's NEC Corp. and West Germany 's Siemens A.G. have agreed to make Mips chips under license .",1.3728021523325333,0.24420525551979047,0.8019107903185322,0.714694317471593,0.7557947444802096
821,"Today 's agreement gives Control Data a machine to compete against Digital and other general-purpose computer makers , said John Logan , a computer-market analyst at Aberdeen Group Inc. of Boston .",2.337312109983476,0.37739201046633253,0.663819037419143,0.5862147515635948,0.6226079895336675
822,"The machine is essentially a mainframe computer , he said .",1.4099795458479032,0.27403532930912217,0.7525578933616124,0.7011867556734688,0.7259646706908779
823,"`` Suddenly CDC -LRB- Control Data -RRB- has a competitive product to fight back against the VAX9000 , '' a machine Digital announced last month , he added .",2.397440946045877,0.4036632251985049,0.5804534250948032,0.6131138339302871,0.5963367748014952
824,"Control Data , based in Minneapolis , Minn. , expects its sales of Mips systems , including the new RC6280 , to amount to more than $ 100 million by the end of 1991 , Mips said .",1.8961871696924009,0.27577990407150194,0.7859011399588625,0.6715164732374289,0.7242200959284979
825,"Nixdorf , Bull and others will also sell versions of the machine , said Mips President Robert Miller .",1.5531460528593106,0.24923439549713206,0.8278091305524906,0.686841794382352,0.7507656045028678
826,"Mips will start shipping its new machine in the first quarter of 1990 , he said .",1.5005750002545275,0.22482711378143094,0.8034990266176912,0.7487759258003519,0.7751728862185692
827,"The machine uses a single processor , which makes it easier to program than competing machines using several processors .",2.1937151490463607,0.37498500186129446,0.6520711345332819,0.600114671260074,0.6250149981387056
828,The computer can process 13.3 million calculations called floating-point operations every second .,0.9811451924741146,0.17849851923161286,0.8605838547608041,0.7858146592777019,0.8215014807683872
829,"The machine can run software written for other Mips computers , the company said .",1.217644167099361,0.21007856819684456,0.8205484036248241,0.7614984979036913,0.7899214318031554
830,Another fight is brewing between Congress and the Bush administration over how to pay for the savings-and-loan bailout without adding to the federal budget deficit .,1.9284217495160627,0.3118596697926363,0.6493292312942751,0.7318859308787097,0.6881403302073635
831,"In a hearing before the House Ways and Means Committee , the General Accounting Office and the Congressional Budget Office , which both are arms of Congress , advised the new S&L bailout agency to abandon plans to raise temporary working capital through debt issued from an agency that would n't be counted on the federal budget .",2.951612188058958,0.45493857814475214,0.5492496125311245,0.5409366202035246,0.5450614218552478
832,Officials of the Resolution Trust Corp. have said privately that such a plan was the most likely alternative to raise short-term cash for the bailout .,2.4126559982000195,0.38794964500989215,0.5927284136308186,0.632674470063665,0.6120503549901073
833,"Instead , the GAO and the Congressional Budget Office said , the RTC should consider using Treasury debt , which is less expensive and subject to oversight by Congress .",1.8550494818134426,0.2865197548083042,0.7158091250063904,0.7111664702207918,0.7134802451916961
834,The spending could be exempted from meeting deficit-reduction targets in the Gramm-Rudman budget law .,1.3427806300050849,0.25317893727113566,0.6660207368185048,0.8499332989743025,0.7468210627288642
835,The RTC has projected that it will require between $ 50 billion to $ 100 billion in temporary working capital .,1.2933933075585786,0.21003777006266913,0.7145314304851638,0.8831986932543464,0.7899622299373309
836,The borrowing to raise these funds would be paid off as assets of sick thrifts are sold .,1.1949875002403854,0.19101543165286075,0.8199783524669889,0.7982816803571412,0.8089845683471392
837,The new S&L law allows the RTC to issue notes for as much as 85 % of the value of the assets it holds .,1.9843856189774716,0.3033048594548674,0.6971207748905391,0.6962700256335401,0.6966951405451325
838,"But higher interest rates paid on off-budget debt could add billions to the bailout costs , and would n't be subject to congressional scrutiny , Ways and Means members argued .",1.6932330643765496,0.2596718298127908,0.7850271831575137,0.7004452080294349,0.7403281701872093
839,"`` To allow this massive level of unfettered federal borrowing without prior congressional approval would be irresponsible , '' said Rep. Fortney Stark -LRB- D. , Calif. -RRB- , who has introduced a bill to limit the RTC 's authority to issue debt .",2.638473814143591,0.4126754037918695,0.6011626037414363,0.5741093212346994,0.5873245962081305
840,The RTC will have to sell or merge hundreds of insolvent thrifts over the next three years .,1.2369256948050227,0.1857669798718488,0.819393943239799,0.8091367018801728,0.8142330201281512
841,"The new S&L bailout law allows $ 50 billion to be spent to sell or merge sick S&Ls and their assets , but that is a net cost .",2.1115618406854173,0.33736956525866885,0.638036493882654,0.6891964002793474,0.6626304347413311
842,"In the meantime , the agency must raise cash to maintain assets , such as real estate , until they can be sold .",1.5466423116151553,0.23575515390343874,0.803057266017017,0.729011136670721,0.7642448460965608
843,Then the short-term debt is paid off through the proceeds of selling the assets .,1.0843108337660263,0.19494447996398745,0.7447580342639273,0.8759768081541812,0.8050555200360123
844,"David Mullins , assistant secretary of the Treasury , said that the working capital is necessary to reduce the final costs of the bailout , by allowing the agency to sell savings and loans without their bad assets , then hold the assets until they can be sold under favorable conditions .",2.5099610802412853,0.38098634059927855,0.6008120233835367,0.6383525890909543,0.6190136594007213
845,"He said it has n't yet been determined how the RTC will raise the cash , but the administration does n't want it to be included on the federal budget , because it would `` distort '' the budget process by requiring either exemptions from Gramm-Rudman or big increases in the budget deficit .",2.20581041619024,0.33332013423321516,0.6279788110261832,0.7104643353217388,0.6666798657667852
846,"But the worst possibility would be raising no working capital , he said .",2.026037712614306,0.3625257780277388,0.6150338084336715,0.6616141892491174,0.6374742219722613
847,"`` If working capital financing is not provided , '' he said , `` the RTC may have to slow -LCB- S&L sales -RCB- or dump acquired assets through fire sales .",2.103217778400202,0.3296455164315947,0.7066631412408682,0.6375945975287403,0.6703544835684054
848,"Panhandle Eastern Corp. said it applied , on behalf of two of its subsidiaries , to the Federal Energy Regulatory Commission for permission to build a 352-mile , $ 273 million pipeline system from Pittsburg County , Okla. , to Independence , Miss .",1.853476900627145,0.3065435518200857,0.6947473683101147,0.6921703165069303,0.6934564481799144
849,The natural gas pipeline concern said the 500 million cubic feet a day capacity pipeline would be built by a proposed joint venture between two Panhandle Eastern units - Texas Eastern Transmission Corp. and Trunkline Gas Co .,2.4862542609225,0.4287329439006231,0.5611802431341311,0.5817231124278204,0.5712670560993769
850,"Texas Eastern Transmission will build and operate the system , which will connect the Arkoma Basin with several interstate pipelines .",1.6364060941238217,0.26721398635575516,0.7152920994558596,0.7511570783901743,0.7327860136442447
851,Now was that a quarter cup or a half cup ?,1.1686139065703034,0.25842352364270194,0.5892900620696361,1.0,0.741576476357298
852,"Not a gripping question , unless you 're the pastry chef of this city 's Chez Panisse restaurant and you 've just lost your priceless personal dessert notebook .",1.95472575496761,0.3183658575107586,0.6131909446704515,0.7672760211827517,0.6816341424892419
853,Chez Panisse was listed among the top 30 restaurants in the world this year by Connoisseur magazine .,1.486382639009082,0.252755983436691,0.749117027901112,0.7453803480164571,0.7472440165633091
854,"The tattered black binder , bulging with 18 years ' worth of recipes held together by rubber bands , was in chef Lindsey Shere 's purse when it was stolen from her house recently .",2.6779519955919344,0.45261307572739834,0.4977088069145976,0.6080817661620344,0.5473869242726015
855,The Berkeley police do n't have any leads but doubt the crime was driven by a passion for sweets .,2.3692038992627085,0.4032926175203836,0.6036171683904398,0.5899540029026886,0.5967073824796163
856,"Instead , they figure the culprit probably took money from Ms. Shere 's wallet and discarded all the tips in the five-by-eight-inch looseleaf .",1.7378960810227788,0.2755846833339869,0.7057627435617451,0.7440805904938883,0.7244153166660131
857,"Chez Panisse , whose founder , Alice Waters , is considered the inventor of the cooking style known as California cuisine and whose patrons make reservations a month in advance , has n't exactly subjected diners to vanilla ice cream because of the theft .",2.385681277853642,0.377557289011841,0.6307511875714958,0.6143502730222093,0.6224427109881592
858,"For one thing , Ms. Shere can draw on her cookbook , published by Random House four years ago , which is teeming with recipes for such specialties as kiwi sherbet , gooseberry fool -LRB- a creamy dish made with crushed stewed berries -RRB- and hazelnut `` oeufs a la neige . ''",2.761462459034122,0.4492933026162049,0.5143754002246981,0.5925603434006564,0.5507066973837951
859,"For another , sympathetic fans have sent Ms. Shere copies of her recipes clipped from magazines over the years .",1.3182263988300145,0.21519850918491668,0.8171836701751607,0.754887879466966,0.7848014908150832
860,"Still , the restaurant 's ever-changing menu of five-course dinners -- it supposedly has n't repeated a meal since opening in 1971 -- requires constant improvisation .",2.605136904727311,0.43711585691072763,0.49624276417671226,0.6502008435240698,0.5628841430892725
861,And that puts added pressure on Chez Panisse dessert-menu planners .,0.614080682014861,0.11009943522349477,0.8721998193769318,0.9083346436511922,0.8899005647765053
862,"`` We make what we know how to make , '' says business manager Richard Mazzera .",1.8091110295390278,0.31963474713866863,0.7317355550630233,0.6357345451188371,0.6803652528613314
863,"Many in the Bay Area 's pastry community express disbelief that Ms. Shere kept only one copy of such valuable notes , but she has received moral support from Baker 's Dozen , a group of California pastry chefs that meets regularly to discuss issues like how to keep meringues from weeping and how bovine eating habits affect butter texture .",3.0573441883493158,0.46482765277882915,0.5201165074166861,0.5511258150800833,0.5351723472211709
864,Ms. Shere has offered a $ 500 reward for the book 's return but figures she 'll have to reinvent many recipes from scratch .,1.9737991187178556,0.3011993870197012,0.6618544728236052,0.7401154491556635,0.698800612980299
865,"`` It 's an overwhelming job , '' she says .",1.5231715911057697,0.30269373160368174,0.7407325981383582,0.6586897955539809,0.6973062683963184
866,`` There are so many possible proportions when you consider how many things are made out of eggs and butter and milk .,1.9525435120558097,0.3617108590118076,0.5646999010878018,0.7339319694465019,0.6382891409881926
867,"Newport Electronics Inc. named a new slate of officers , a move that follows replacement of the company 's five incumbent directors last week .",1.9272323786953596,0.30882758672916094,0.7077371072992064,0.6753653843145463,0.6911724132708389
868,"Milton B. Hollander , 60 years old , was named chief executive officer , succeeding Barrett B. Weekes .",1.7033962092947519,0.3301250820832659,0.6777927324749623,0.6621399554019801,0.6698749179167339
869,"Mr. Hollander 's Stamford , Conn.-based High Technology Holding Co. acquired most of its 49.4 % stake in Newport in August .",2.446735696173982,0.4943943168814287,0.45253102745366447,0.5727841021623635,0.5056056831185711
870,"Mr. Hollander was named chairman last week , succeeding Mr. Weekes , who was among the ousted directors .",1.2631578947368407,0.20978710057263047,0.8188433618793377,0.7635168999798726,0.7902128994273693
871,"The company has declined requests to discuss the changes , but Mr. Weekes has said that Mr. Hollander wanted to have his own team .",1.7500539969805233,0.28239123616834444,0.6906746447311117,0.746728817777847,0.7176087638316554
872,"Scott Wakeman was named president and chief operating officer of U.S. operations , titles that had been held by Mr. Weekes .",1.8290377707967034,0.3245691016105329,0.6442514468488786,0.7097817823419471,0.675430898389467
873,"Mr. Wakeman was vice president of the instrument and controls division of closely held Omega Engineering Inc. , another company controlled by Mr. Hollander .",2.082790409440551,0.38680999720675324,0.5880821517288476,0.6405374025700048,0.6131900027932469
874,A company spokesman did n't know Mr. Wakeman 's age .,1.4099795458479027,0.2559465083719613,0.7694487965626727,0.7202809489722167,0.7440534916280387
875,"James R. Lees , 51 , vice president of Newport 's European operations , was named executive vice president and chief operating officer of European operations , assuming some former duties of Mr. Weekes .",1.9349364117968983,0.31751807178097585,0.6842629622491966,0.6807101416488794,0.6824819282190239
876,"Arthur B. Crozier , 34 , an attorney , was named secretary , succeeding John Virtue , who was another of the ousted directors .",1.5949721192370863,0.25757140823823804,0.8041059785985597,0.6895388536576303,0.7424285917617617
877,UNIFIRST Corp. declared a 2-for-1 stock split .,0.75,0.14285714285714285,0.9,0.818181818181818,0.8571428571428571
878,"The Wilmington , Mass. , garment service company also boosted its quarterly dividend 20 % to three cents a share adjusted for the split .",2.3312269974997557,0.36907027508124707,0.6310969546785397,0.6307625837614661,0.6309297249187527
879,The dividend had been five cents a share .,1.0566416671474381,0.2183701645473637,0.7816298354526364,0.7816298354526364,0.7816298354526364
880,"The split and quarterly dividend will be payable Jan. 3 to stock of record Nov. 16 , the company said .",1.715048211000167,0.28036464688399704,0.693731495652839,0.7475487405629537,0.7196353531160029
881,The split will raise the number of shares outstanding to about 10.2 million .,1.5013964291895627,0.27091801284022027,0.7107602111065713,0.7483733439316499,0.7290819871597799
882,"Separately , UniFirst reported that net income rose 21 % to $ 3 million , or 29 cents a share adjusted for the split , for the fourth quarter ended Aug. 26 .",2.324340133461747,0.3812150366493115,0.5737996679882704,0.6714238963735029,0.6187849633506886
883,"A year earlier UniFirst earned $ 2.4 million , or 24 cents a share adjusted for the split .",1.7711307607580635,0.3166900891356733,0.6132386980587813,0.7714601692583638,0.6833099108643265
884,Sales rose to $ 52.4 million from $ 50.1 million .,0.7513329551354913,0.1885065795582665,0.6827841211811734,0.9999999999999998,0.8114934204417333
885,"Fibreboard Corp. said it completed the previously reported sale of approximately 27,500 acres of timberland near Truckee , Calif. , to closely held Sierra Pacific Industries Corp. , Arcata , Calif. , for $ 32.5 million .",1.7939944985120313,0.29847111637350165,0.6833981575390631,0.7206478535777298,0.7015288836264985
886,"The lumber , insulation and fireproofing concern said the transaction , which includes a swap of other timber interests , would result in a $ 13.5 million after-tax gain , to be recorded in the fourth quarter .",2.019607062742212,0.30471491114235505,0.7207925013953143,0.6715212865823381,0.695285088857645
887,Healthcare International Inc. said it reached a 120-day standstill agreement with its HealthVest affiliate calling for Healthcare to pay HealthVest $ 5 million right away and additional amounts in the future .,1.5432524370391931,0.21938129474078052,0.7783538230709024,0.7828968067863434,0.7806187052592194
888,"Under the agreement , Healthcare , a manager of health-care facilities , said it would pay HealthVest $ 3.9 million in overdue rent and mortgage payments and repay $ 1.1 million in funds that HealthVest advanced for construction work on facilities .",2.1988852175277707,0.3297478026584198,0.7003539971974735,0.6426313644606072,0.6702521973415801
889,"In return , HealthVest agreed that it wo n't exercise its rights and remedies against Healthcare during the 120-day period .",1.6909416668727095,0.25925683312380193,0.7096559810683369,0.7746787392535637,0.7407431668761979
890,"After the payment , Healthcare still will be $ 6.5 million in arrears on rent and mortgage payments to HealthVest , a real estate investment trust whose portfolio consists largely of properties operated by Healthcare .",2.063275860412088,0.30891615899317126,0.7093744952590724,0.6737126976950218,0.6910838410068287
891,"Healthcare has given HealthVest a 12 % note for that overdue amount , to be repaid over three years .",1.81323312532452,0.2734634600247585,0.7117506521543118,0.7419497836966156,0.7265365399752416
892,"In addition , Healthcare agreed to make monthly rent and mortgage payments of $ 2.7 million to $ 3 million to HealthVest during the standstill period , to be paid when Healthcare successfully completes asset sales .",1.6523088624261426,0.23756253197567886,0.7665684819041997,0.7583507393055698,0.7624374680243211
893,"Because Healthcare actually owes HealthVest $ 4.2 million in rent and mortgage payments each month , the amount due above the amount paid will be added to the three-year note .",2.1183063511421523,0.31199943977754674,0.6803571918861643,0.6958176163215888,0.6880005602224533
894,"The funds should help ease a cash bind at HealthVest , which has been unable to pay its debts because Healthcare has n't made complete rent and mortgage payments since July .",1.9104821221802268,0.2832376087258619,0.7213974288480703,0.7121865344512197,0.7167623912741379
895,A spokesman said HealthVest has paid two of the three banks it owed interest to in October and is in negotiations with the third bank .,2.031881593204247,0.3106045774871297,0.712908245450683,0.6673840580917583,0.6893954225128702
896,"Healthcare , which has been in a severe liquidity bind , said it is able to make the payments because it completed a transaction with Greenery Rehabilitation Group Inc. in which Greenery purchased stock and warrants for $ 500,000 and loaned Healthcare $ 9 million .",2.120792340305141,0.298280861482421,0.7039780901190874,0.699474637764827,0.701719138517579
897,The loan is backed by Healthcare 's 5.4 % stake in HealthVest and interest in certain facilities .,1.5066341932646532,0.23582534217410664,0.7286317255885613,0.8033630105177079,0.7641746578258933
898,I was pleased to note that your Oct. 23 Centennial Journal item recognized the money-fund concept as one of the significant events of the past century .,2.321047796311053,0.3807635154568921,0.5942523293718239,0.6464136588850123,0.6192364845431082
899,"Actually , about two years ago , the Journal listed the creation of the money fund as one of the 10 most significant events in the world of finance in the 20th century .",1.7844421900899157,0.29276111552304046,0.7512536534343395,0.6680961809300113,0.7072388844769597
900,"But the Reserve Fund , America 's first money fund , was not named , nor were the creators of the money-fund concept , Harry Brown and myself .",1.6963258413762325,0.26161145044692435,0.7501758390427594,0.7269659501338452,0.7383885495530758
901,"We innovated telephone redemptions , daily dividends , total elimination of share certificates and the constant $ 1 pershare pricing , all of which were painfully thought out and not the result of some inadvertence on the part of the SEC .",2.160211687476834,0.3338232532224376,0.6625917812578895,0.6698007163787417,0.6661767467775623
902,President,-0.0,0.0,1.0,1.0,1.0
903,The Reserve Fund,4.440892098500626e-16,2.4180073206327504e-16,1.0,1.0,1.0
904,"The crowning moment in the career of Joseph F. O'Kicki came as 300 local and state dignitaries packed into his elegant , marble-columned courtroom here last year for his swearing in as President Judge of Cambria County .",2.9323881746043057,0.479494385993218,0.4917177225807294,0.5528739300975878,0.5205056140067817
905,Baskets of roses and potted palms adorned his bench .,0.7999999999999989,0.14695465348674178,0.9206955977827224,0.7946561378256197,0.853045346513258
906,The local American Legion color guard led the way .,1.350977500432693,0.2761109739702878,0.7238890260297122,0.7238890260297121,0.7238890260297121
907,"As the judge marched down the center aisle in his flowing black robe , he was heralded by a trumpet fanfare .",1.9098187468637957,0.3264921313935067,0.6543032874700608,0.6938738942017088,0.6735078686064931
908,"To many , it was a ceremony more befitting a king than a rural judge seated in the isolated foothills of the southern Allegheny Mountains .",2.004456842350515,0.34560239581733987,0.6408532060000012,0.6685268840690168,0.6543976041826601
909,"But then Judge O'Kicki often behaved like a man who would be king -- and , some say , an arrogant and abusive one .",2.0055586194967043,0.32868511910749154,0.6163275188700102,0.737075069142775,0.6713148808925085
910,"While his case may be extreme , it reflects the vulnerability of many small communities to domineering judges .",1.705598524029826,0.29726560147252085,0.6754334362373952,0.7323353305673436,0.7027343985274791
911,"Last March , nine months after the judge 's swearing-in , the state attorney general 's office indicted him on a sweeping array of charges alleging more than 10 years of `` official oppression '' in Cambria County , a depressed steel and mining community in western Pennsylvania .",2.9397524941599404,0.4527049894603347,0.583806842746324,0.5150813365052987,0.5472950105396656
912,"The allegations , ranging from theft and bribery to coercion and lewdness , paint a disquieting picture .",1.5010861115918823,0.2659719321927254,0.7967735705282678,0.6804434975989878,0.7340280678072747
913,"According to testimony in a public , 80-page grand-jury report handed up to the state attorney general , Judge O'Kicki extorted cash from lawyers , muscled favorable loans from banks and bullied local businesses for more than a decade .",2.6932842310318628,0.4405954845254175,0.6174946785604538,0.5113041178166029,0.5594045154745824
914,"Prosecutors , in an indictment based on the grand jury 's report , maintain that at various times since 1975 , he owned a secret and illegal interest in a beer distributorship ; plotted hidden ownership interests in real estate that presented an alleged conflict of interest ; set up a dummy corporation to buy a car and obtain insurance for his former girlfriend -LRB- now his second wife -RRB- ; and maintained 54 accounts in six banks in Cambria County .",3.4059284407689643,0.5202451441371254,0.4852324357796897,0.47439956357331525,0.47975485586287464
915,"In testimony recorded in the grand jury report , court employees said the judge , now 59 years old , harassed his secretaries , made imperial demands on his staff and hounded anyone who crossed him .",2.616299726333717,0.42147506348234753,0.6078863479225924,0.5518691995292057,0.5785249365176522
916,"Bailiffs claimed they were required to chauffeur him to and from work , mow his lawn , chop his wood , fix his car and even drop by his house to feed his two grown mutts , Dixie and Husky .",2.0423212783984415,0.3295026049490998,0.6491709118320522,0.6932727049718932,0.6704973950509003
917,One former bailiff charged that the judge double-crossed him by reneging on a promise of a better paying job after pocketing a $ 500 bribe .,1.9839926509797658,0.3082772392836027,0.6902191136870325,0.6932329734597564,0.691722760716397
918,Some of the allegations are simply bizarre .,0.5,0.09090909090909091,0.909090909090909,0.909090909090909,0.9090909090909088
919,"Two former secretaries told the grand jury they were summoned to the judge 's chambers on separate occasions to take dictation , only to find the judge in his bikini underwear .",1.9685537018653418,0.3103640597805324,0.6967242183373115,0.6826904378747987,0.6896359402194674
920,One secretary testified that the judge once called her to his office while wearing nothing at all .,1.792481250360579,0.3092177243439123,0.6577199734642627,0.7273444654711511,0.6907822756560879
921,"The judge , suspended from his bench pending his trial , which began this week , vehemently denies all the allegations against him , calling them `` ludicrous '' and `` imaginative , political demagoguery . ''",1.8027898487631813,0.28657853481815554,0.78292976073498,0.6552486634280827,0.7134214651818446
922,"He blames the indictment on local political feuding , unhappiness with his aggressive efforts to clear the courthouse 's docket and a vendetta by state investigators and prosecutors angered by some of his rulings against them .",2.687508805142282,0.4412934306240891,0.5845977012067969,0.5350115488289899,0.5587065693759109
923,"`` I do n't know whose toes I 've stepped on , '' says the judge .",2.068309379925305,0.38296820380596514,0.590398602666886,0.6461813803544333,0.6170317961940351
924,"`` I 'll find out , eventually , who pushed the state police buttons into action . ''",1.4793994712828162,0.2573164259549929,0.7771532714488096,0.7111417386774148,0.7426835740450074
925,"Even if only some of the allegations stand up , however , they provide ample testimony to the awesome power of judges in rural communities .",1.8607900156770691,0.3111028687739019,0.6869878467561711,0.6908170578833236,0.688897131226098
926,"That power can sometimes be abused , particularly since jurists in smaller jurisdictions operate without many of the restraints that serve as corrective measures in urban areas .",1.8867471936896587,0.319471661083937,0.6552082489302965,0.7078840504571281,0.6805283389160631
927,Lawyers and their clients who frequently bring business to a country courthouse can expect to appear before the same judge year after year .,2.094360937770434,0.3483253771584848,0.6482832978279974,0.6551016161090417,0.651674622841515
928,"Fear of alienating that judge is pervasive , says Maurice Geiger , founder and director of the Rural Justice Center in Montpelier , Vt. , a public interest group that researches rural justice issues .",2.4791685695190555,0.39043814630112,0.646604921926889,0.5765330996310982,0.6095618536988798
929,"As a result , says Mr. Geiger , lawyers think twice before appealing a judge 's ruling , are reluctant to mount , or even support , challenges against him for re-election and are usually loath to file complaints that might impugn a judge 's integrity .",2.7370735947113944,0.43873686719043475,0.5309090367602176,0.5952986275308133,0.5612631328095654
930,"Judge O'Kicki , a stern and forbidding-looking man , has been a fixture in the local legal community for more than two decades .",2.5838861861810356,0.44916017242639716,0.5127207660301403,0.5950821829831333,0.5508398275736028
931,"The son of an immigrant stonemason of Slovenian descent , he was raised in a small borough outside Ebensburg , the Cambria County seat , and put himself through the University of Pittsburgh Law School .",2.096297409299559,0.35145126816392763,0.627409161194319,0.6711625029123566,0.6485487318360724
932,"He graduated near the top of his class , serving on the school law review with Richard Thornburgh , who went on to become governor of Pennsylvania and , now , U.S. Attorney General .",2.1761370581822996,0.35403025307484787,0.6516470003737921,0.6403905613829756,0.645969746925152
933,It was also in law school that Mr. O'Kicki and his first wife had the first of seven daughters .,1.7364527976600268,0.2843193229878955,0.6654546406966154,0.7741074202063065,0.7156806770121044
934,He divorced his first wife three years ago and married the daughter of his court clerk .,1.786148704505901,0.3192924165818439,0.6331371493742378,0.7360070981488089,0.6807075834181565
935,"Last year , Pennsylvania Supreme Court Justice John P. Flaherty called Mr. O'Kicki one of the finest judges `` not only in Pennsylvania but in the United States . ''",1.1761404171714762,0.19427551873728166,0.8769701311948465,0.7451851341263916,0.8057244812627183
936,"Clearly , the judge has had his share of accomplishments .",1.487684361509117,0.2935711655005081,0.6290714625995232,0.8054791922707566,0.7064288344994921
937,"After practicing law locally , he was elected to his first 10-year term as judge in 1971 ; in 1981 , he was effectively re-elected .",2.1317662294315607,0.35646621225989095,0.5959803230766535,0.6993338652993711,0.643533787740109
938,"Six years ago , Judge O'Kicki was voted president of the Pennsylvania Conference of State Trial Judges by the state 's 400 judges .",1.9021451856001343,0.31833475177098947,0.6823395099113293,0.680992317790175,0.6816652482290104
939,He has been considered several times for appointments to federal district and appellate court vacancies in Pennsylvania .,1.8399675265979858,0.320031118712582,0.6774136614019969,0.6825434508564501,0.6799688812874178
940,"And when he ran unsuccessfully for a state appellate court seat in 1983 , the Pennsylvania Bar Association rated him `` one of the best available , '' after interviewing local lawyers .",2.3987428938203488,0.35061341562037657,0.6412055394668618,0.6577790887112241,0.6493865843796235
941,"`` He probably was the smartest guy who ever sat on our bench , '' says a former president of Cambria County 's 150-member bar association , who , like most lawyers in Cambria County , refuses to talk about the judge publicly .",2.5484520530026566,0.3865826930930512,0.6256986169858,0.6016088348308443,0.6134173069069487
942,`` He 's sharp as a tack .,1.5,0.3333333333333333,0.5454545454545453,0.8571428571428571,0.6666666666666665
943,He could grasp an issue with the blink of an eye . '',1.4707242675972108,0.2767239437427685,0.7222321432923373,0.7243229913298982,0.7232760562572313
944,"For more than a decade , virtually no one complained about Judge O'Kicki .",1.4575979968976216,0.2906908569343476,0.6140018488805972,0.8396408277813096,0.7093091430656524
945,"`` What about those institutions that are supposed to be the bedrock of society , the banks and the bar association ... ? '' wrote a columnist for the Tribune-Democrat , a newspaper in nearby Johnstown , shortly after the scandal became public .",2.7373970903153273,0.4114063414307984,0.6081058238157646,0.570294730034282,0.5885936585692014
946,"`` If only a banker or a lawyer had spoken out years ago , the judicial process would n't be under the taint it is today . ''",2.488949445418249,0.4301582142051864,0.49988984544789405,0.6625564269887296,0.5698417857948136
947,"Officials with the Pennsylvania Judicial Inquiry and Review Board , the arm of the state that investigates judicial misconduct , counter that they had no inkling of anything amiss in Ebensburg .",2.4060537018653427,0.3701857223905299,0.6509556859836078,0.6100029126227958,0.62981427760947
948,"`` Nobody told us ; nobody called us , '' says an official close to the case who asked not to be named .",2.3796808468109605,0.42010953036125964,0.5535302040773208,0.6088869386317322,0.5798904696387405
949,`` Nobody had the guts to complain . '',0.9727652780181639,0.1976104737709514,0.8162983545263645,0.7889467394418684,0.8023895262290488
950,Certainly not the lawyers .,0.0,0.0,1.0,1.0,1.0
951,"Johnstown attorney Richard J. Green Jr. shelled out $ 500 in loans to the judge over five years , he said in testimony to the grand jury .",2.0624502129233724,0.33197726824473484,0.6918872925875936,0.6457495527992075,0.668022731755265
952,"`` The judge never made a pretense of repaying the money , '' said Mr. Green .",1.6337904418127849,0.2799862273738873,0.7897100586493787,0.6616219697860312,0.7200137726261128
953,"Eventually , Mr. Green testified , he began ducking out of his office rather than face the judge when he visited .",1.8049775429339388,0.3066704183949752,0.7126461795248762,0.6750325190131845,0.6933295816050246
954,"When Mr. Green won a $ 240,000 verdict in a land condemnation case against the state in June 1983 , he says Judge O'Kicki unexpectedly awarded him an additional $ 100,000 .",2.0621931525637685,0.3250903660140793,0.6430959456795816,0.7100347573991842,0.6749096339859207
955,"Mr. Green thought little of it , he told the grand jury , until the judge walked up to him after the courtroom had cleared and suggested a kickback .",1.8373138492921264,0.27521937973526245,0.7109358919903787,0.7391752809180099,0.7247806202647376
956,`` Do n't you think I ought to get a commission ... or part of your fee in this case ? '' Mr. Green said the judge asked him .,2.467108948944829,0.4013731091724561,0.5795649674157679,0.6189853528684801,0.5986268908275441
957,"Appalled , Mr. Green never paid the money , he testified .",1.2295739585136216,0.21929196984868393,0.7665233095909045,0.7954276330115605,0.780708030151316
958,"But he did n't complain to the state 's Judicial Inquiry and Review Board , either , saying later that he feared retribution .",1.7821208305486245,0.281762827857712,0.6605326358043406,0.7869890153888717,0.7182371721422881
959,Mr. O'Kicki said he will respond to Mr. Green 's allegation at his trial .,2.1100989636268817,0.4081153915881307,0.5387339180277347,0.6566707743540007,0.5918846084118693
960,"Like most of Cambria County 's lawyers and residents who had dealings with the judge , Mr. Green declined to be interviewed for this article .",2.187337130895262,0.3509624132203245,0.6271642341177704,0.6724918109575075,0.6490375867796754
961,And no one with a complaint about the judge would allow his name to be printed .,1.6240964984962845,0.2941754854103442,0.6528887656846254,0.7681016400150612,0.705824514589656
962,"`` I do n't have anything much to say , and I think that 's what you 're going to find from everyone else you talk to up here , '' says local attorney Edward F. Peduzzi .",3.0417888168142744,0.49814837398318823,0.4870357096995641,0.5175972423567855,0.5018516260168117
963,Says another lawyer : `` The practice of law is a matter of biting one 's lip when you live in a small community .,2.302988262823903,0.3906049302253095,0.5922593411931435,0.6275519116876381,0.6093950697746906
964,One had best not dance on top of a coffin until the lid is sealed tightly shut . '',1.8933772868966874,0.33328763797099725,0.6290390477916451,0.7091856791244772,0.6667123620290024
965,"The judge was considered imperious , abrasive and ambitious , those who practiced before him say .",1.47173823580317,0.2594193856989618,0.7076348020590899,0.7767439877027618,0.7405806143010384
966,"He sipped tea sweetened with honey from his high-backed leather chair at his bench , while scribbling notes ordering spectators to stop whispering or to take off their hats in his courtroom .",2.3990187227559936,0.40339649093762403,0.6334616468692373,0.5637987271422007,0.5966035090623758
967,"Four years ago , he jailed all nine members of the Cambria County School Board for several hours after they defied his order to extend the school year by several weeks to make up for time lost during a teachers ' strike .",2.127905950845756,0.32202503419372097,0.6807960982533808,0.675177117699965,0.6779749658062788
968,"Visitors in his chambers say he could cite precisely the years , months , weeks and days remaining until mandatory retirement would force aside the presiding president judge , giving Judge O'Kicki the seniority required to take over as the county 's top court administrator .",2.394452529416129,0.3961717644436241,0.5625064177090626,0.6517024059891622,0.6038282355563757
969,"The judge , they say , was fiercely proud of his abilities and accomplishments .",1.2176441670993592,0.20083846174175451,0.8058507055950004,0.7925825069557939,0.7991615382582453
970,"`` My name is judge , '' Judge O'Kicki told a car salesman in Ebensburg when he bought a new red Pontiac Sunbird in October 1984 , according to the grand-jury report .",2.7399891037851978,0.4464938747396944,0.5416513786514675,0.5658913962577865,0.5535061252603055
971,The dealership dutifully recorded the sale under the name `` Judge O'Kicki . '',1.2767359272090877,0.24575692573201258,0.7405485993323953,0.7684535774889449,0.7542430742679874
972,"Yet , despite the judge 's imperial bearing , no one ever had reason to suspect possible wrongdoing , says John Bognato , president of Cambria County 's 150-member bar association .",2.4493918877376175,0.3946655392335592,0.6253237838800025,0.5865835226607394,0.6053344607664407
973,"`` The arrogance of a judge , his demeanor , the way he handles people are not a basis for filing a complaint , '' says Mr. Bognato .",2.2460492382678368,0.3586596222337975,0.7092419513285777,0.585304369687098,0.6413403777662025
974,"`` Until this came up and hit the press , there was never any indication that he was doing anything wrong . ''",2.122114578572772,0.38348892542172863,0.5445896911827178,0.7103196262239945,0.6165110745782715
975,"State investigators dispute that view now , particularly in light of the judge 's various business dealings in Cambria County .",1.9241129503126997,0.3154998761594518,0.7325858837885242,0.6423380843922879,0.6845001238405481
976,"The judge came under scrutiny in late 1987 , after the state attorney general 's office launched an unrelated investigation into corruption in Cambria County .",2.1742048081915697,0.3721641150113044,0.6155981725539224,0.6405700224149458,0.6278358849886954
977,The inquiry soon focused on the judge .,1.0,0.2,0.7999999999999999,0.7999999999999999,0.7999999999999999
978,"Even his routine business transactions caused trouble , according to the grand jury report .",1.757635198440017,0.30359123842331437,0.73764547578823,0.6595384756152589,0.6964087615766852
979,"When the judge bought his new Sunbird from James E. Black Pontiac-Cadillac in Ebensburg five years ago , the dealership had `` certain apprehensions '' about the judge 's reputation , according to the grand-jury report .",2.324217074263919,0.380523951109736,0.5908617143215978,0.6510029097677854,0.6194760488902642
980,"The dealership took the extra step of having all the paper work for the transaction pre-approved by Ebensburg 's local lender , Laurel Bank .",2.13935773821456,0.35258873107878347,0.6683618914697008,0.6277341720268957,0.6474112689212166
981,"Then , as an additional precaution , the car dealership took the judge 's photograph as he stood next to his new car with sales papers in hand -- proof that he had received the loan documents .",2.3962802638410947,0.3743348799017214,0.6552426131052782,0.5986425406657228,0.6256651200982787
982,"But when the judge received his payment book , he disavowed the deal .",0.5435457481740578,0.10146688228641207,0.9032344990217482,0.8938804248352685,0.898533117713588
983,"`` There was no loan , there is no loan , there never shall be a loan , '' the judge wrote the bank on his judicial stationery , according to the report .",2.107867555453139,0.3416794962921743,0.7150762327690138,0.6099117023214874,0.6583205037078258
984,"Later , the judge went a step farther .",0.8888888888888902,0.17754637556585956,0.9025783848842867,0.755394818372506,0.8224536244341405
985,"After Laurel Bank tried to repossess the car , a vice president asked him to intervene in an unrelated legal dispute involving a trust account .",2.3130371341314477,0.3573661267590498,0.6836652939622031,0.6062487478658546,0.6426338732409504
986,The judge wrote again .,0.40000000000000036,0.09425390072448082,0.8277293767706427,1.0,0.9057460992755192
987,"`` I find myself in an adversary relationship with Laurel Bank , and I am not inclined to extend myself as far as any favors are concerned , '' the judge wrote back in a letter attached to the grand jury 's report .",2.8345281098918447,0.416868255349926,0.5726655344285654,0.5939876442635267,0.583131744650074
988,"`` Perhaps if my personal matters can be resolved with Laurel bank in the near future , I may be inclined to reconsider your request ... . ''",2.531923321056467,0.43015961885519033,0.5022884171011126,0.6583856058827426,0.5698403811448096
989,The judge now says it was `` unfortunate '' that he chose to write the letter but says `` there was certainly no intent to extort there . '',2.163623047731176,0.36162625779479224,0.6285455447467272,0.6485141774430437,0.6383737422052078
990,The bank acquiesced .,0.0,0.0,1.0,1.0,1.0
991,"It refinanced the judge 's loan , lowered its interest rate and accepted a trade-in that had n't originally been part of the deal -- a beat up 1981 Chevy Citation the dealer had to repair before it could be resold .",2.8555276045689792,0.41933888327799757,0.5728493459606264,0.5886888864367461,0.5806611167220023
992,The incident was n't the only time the judge got special treatment from his local bank .,1.56642296959357,0.288367766177047,0.7086366797838509,0.7146532210282182,0.7116322338229533
993,"Two years later , he wrote to complain that the interest he was paying on an unsecured $ 10,000 loan was `` absolutely onerous . ''",2.001503846819527,0.3018793557437748,0.657933585210743,0.7435363841483652,0.6981206442562249
994,"Paul L. Kane , Laurel 's president at the time , quickly responded .",1.0539205358688193,0.1759654464273884,0.8962334867511544,0.7626008237161511,0.8240345535726117
995,"The bank , he wrote back , was `` immediately '' lowering the rate by 3.5 % , `` as a concession to you . ''",1.7315211541789948,0.26892866439740476,0.785047058824144,0.6840403074706979,0.7310713356025952
996,"The judge says he ca n't discuss in detail how he will defend himself at his trial , although he contends that if he were as corrupt as state prosecutors believe , he would be far wealthier than he is .",2.519345116849928,0.4199130184623278,0.5480818506414254,0.6160617873465623,0.5800869815376721
997,His seven-bedroom cedar and brick house outside of Johnstown is up for sale to pay for his lawyers .,1.8536463657301887,0.3125263701692003,0.6783850777517402,0.6968090135479305,0.6874736298307995
998,The judge says he is confident he will return to his old bench .,1.0260377126143068,0.1922148231868836,0.7585104503673665,0.8639067063298629,0.8077851768131165
999,"Already , he notes , the 76 charges originally filed against him have been trimmed to 27 .",1.27886388936966,0.2072008659013205,0.7927991340986795,0.7927991340986795,0.7927991340986795
1000,Most of the allegations no longer pending were ethics charges withdrawn by state prosecutors as part of a pre-trial agreement .,2.0007624967144526,0.3473788835582269,0.7331615108679848,0.5880245340974182,0.6526211164417731
1001,The heart of the case -- `` official oppression '' -- remains intact .,1.7124406036455073,0.339424718735449,0.7082545438560571,0.6189105984203197,0.6605752812645512
1002,"`` If I lose , I lose my position , my career , my pension , my home and my investments , '' says the judge .",1.587469001792614,0.29876312263944,0.7802742910317657,0.6367388042467896,0.7012368773605602
1003,`` My God and I know I am correct and innocent .,1.1341367062030674,0.24780988071563348,0.6824798402303024,0.8377612482033205,0.7521901192843663
1004,"Many thanks for Alexander Cockburn 's comic masterpiece -LRB- `` U.S. . Economy : A House Built on Junk-Bond Sand , '' Viewpoint , Oct. 19 -RRB- .",2.215066546311709,0.4185845297469627,0.5787601643608812,0.5840952531107226,0.5814154702530374
1005,The use of the abominable construction practices in the Soviet Union -- as evidenced by the collapse of sand apartment blocks during the Armenian earthquake -- as a metaphor for the U.S. economic system was a sublime example of Mr. Cockburn 's satirical muse .,2.269180754187882,0.38183898647860326,0.6552714688909778,0.5850286686410759,0.6181610135213966
1006,I await his sequel : the economic and social resiliency of the San Francisco Bay area and the outstanding work of the local governments and the private charitable organizations there as metaphors for the supremacy of whatever failed system Mr. Cockburn now believes in .,2.1802881968729153,0.34042715382609384,0.6631430258021874,0.6560409024241839,0.6595728461739062
1007,It should be a scream .,0.666666666666667,0.1480409554829327,0.7420981285103057,1.0,0.8519590445170674
1008,William S. Smith,1.584962500721156,1.0,1.0,0.0,0.0
1009,"As a money manager and a grass-roots environmentalist , I was very disappointed to read in the premiere issue of Garbage that The Wall Street Journal uses 220,000 metric tons of newsprint each year , but that only 1.4 % of it comes from recycled paper .",2.3697234644670937,0.33077504832680205,0.6723234177140163,0.6661549137660752,0.669224951673198
1010,"By contrast , the Los Angeles Times , for example , uses 83 % recycled paper .",1.0588235294117663,0.1765498858002213,0.8399266649528895,0.8076075562195613,0.823450114199779
1011,"With newspapers being the largest single component of solid waste in our landfills , and with our country overflowing with trash , all sectors of our society and all types of businesses must become more responsible in our use and disposal of precious natural resources .",2.2209472336261773,0.36759281073540123,0.6197661184762631,0.645574664526887,0.6324071892645989
1012,The Wall Street Journal is an excellent publication that I enjoy reading -LRB- and must read -RRB- daily .,1.8505926030910587,0.3077302971373491,0.646222474851034,0.7453826911458532,0.6922697028626504
1013,"Please make me and thousands of other readers more comfortable with our daily purchase of your newspaper by raising your environmental standards to your overall impeccable quality levels , and increase your use of recycled paper .",2.3768665734308376,0.4157789614031491,0.5859310120102281,0.5825210168687608,0.5842210385968508
1014,Virginia M.W. Gardiner,0.9182958340544896,1.0,1.0,0.0,0.0
1015,"FIRST AMERICAN FINANCIAL Corp. declared a special dividend of one share of Class B common stock for each share of Class A common stock , payable to holders of record on Nov. 10 if the Securities and Exchange Commission approves this as the effective date of the registration statement .",2.5637982364452068,0.4215144107814456,0.593526375759452,0.5641882711846129,0.5784855892185546
1016,"Shareholders of the Santa Ana , Calif. , title-insurance company approved the creation of this second class of stock , which will be traded on the national over-the-counter market and which the company said would be used for acquisitions and other general corporate purposes .",2.493014180825048,0.3861383104552799,0.6236837631884165,0.604344184935919,0.6138616895447202
1017,"The following were among yesterday 's offerings and pricings in the U.S. and non-U.S. capital markets , with terms and syndicate manager , as compiled by Dow Jones Capital Markets Report :",1.9398135600358417,0.32096748722747515,0.6770571138638952,0.6810194723582154,0.6790325127725247
1018,Continental Cablevision Inc. --,1.6887218755408673,0.7306441650920088,0.3836885465963442,0.20751874963942182,0.2693558349079911
1019,"$ 350 million of senior subordinated debentures , due Nov. 1 , 2004 , was priced at par to yield 12 7/8 % .",1.8060407486644348,0.30058118298847875,0.6952975163335025,0.7035892661379213,0.6994188170115214
1020,"Rated single-B-1 by Moody 's Investors Service Inc. and single-B by Standard & Poor 's Corp. , the issue , which is non-callable for five years , will be sold through underwriters led by Morgan Stanley & Co .",2.5313343155233006,0.400462942163624,0.5751693175681806,0.626060880404441,0.5995370578363762
1021,Beatrice Co. --,1.3333333333333335,0.7259824578787192,0.2740175421212811,0.2740175421212811,0.2740175421212811
1022,"$ 251 million of notes , due Nov. 1 , 1997 , was priced in a two-part offering through underwriters at Salomon Brothers Inc .",2.6611730005192307,0.44452609964295015,0.5374484651136956,0.5747504018682721,0.5554739003570497
1023,The size of the issue was scaled back from an originally planned $ 350 million .,1.1887218755408675,0.18834883396027477,0.845128064367673,0.7807253635267191,0.8116511660397253
1024,"The first part , consisting of $ 151 million of 13 3/4 % senior subordinated reset notes , was priced at 99.75 .",1.8790991716901582,0.3290270543190764,0.6393811956532184,0.7058488549746257,0.6709729456809237
1025,The rate on the notes will be reset annually to give the issue a market value of 101 .,0.7765730264296549,0.12780650561224835,0.9137059394346987,0.834289194078745,0.8721934943877515
1026,"However , the maximum coupon at which the notes can be reset is 16 1/4 % .",0.8390977944994358,0.13623138805916013,0.8262482945896843,0.9048586624693585,0.86376861194084
1027,The minimum coupon is 13 3/4 % .,0.5,0.09090909090909091,0.909090909090909,0.9090909090909091,0.9090909090909091
1028,"The second part , consisting of $ 100 million of senior subordinated floating-rate notes , was priced at 99 3/4 to float 4.25 % above the three-month London interbank offered rate .",2.0113914992687585,0.332810992072387,0.6241225820533259,0.716639384880852,0.6671890079276129
1029,The initial coupon on the floating-rate notes will be 12.9375 % .,0.7295739585136225,0.11946485063688528,0.8715573932948416,0.8896997869679855,0.8805351493631147
1030,The issue is rated single-B-3 by Moody 's and single-B-plus by S&P .,0.7315211541789957,0.12083322367265943,0.8216447632803787,0.945349130880858,0.8791667763273406
1031,New Jersey Wastewater Treatment Trust --,1.7274213294333802,0.8190051309549856,0.2936429548646672,0.13081230654804507,0.1809948690450144
1032,"$ 75.1 million , two-part offering of bonds apparently was won by a Merrill Lynch Capital Markets group .",1.2512861847798575,0.2168274475514952,0.6930138924039051,0.9002981642411245,0.7831725524485045
1033,"The group 's bid for $ 40.9 million of wastewater treatment insured bonds , Series 1989 A , produced a 7.0826 % true interest cost .",2.0367160939378155,0.33847912762633947,0.668078328457791,0.6550908931630685,0.6615208723736605
1034,The Series 1989 A bonds are insured and rated triple-A by Moody 's and S&P .,1.3199634674227338,0.2135850589983921,0.7302188444585604,0.8519816449208658,0.7864149410016078
1035,"The group 's bid for $ 34.2 million of wastewater treatment bonds , Series 1989 B , produced a 7.0808 % true interest cost .",1.8937991187178556,0.31599493426821085,0.698671825984636,0.6699414239992768,0.6840050657317892
1036,The Series 1989 B bonds are uninsured and rated double-A by Moody 's and S&P .,1.6887218755408666,0.2905938830277615,0.6435823512483945,0.790228424449066,0.7094061169722383
1037,"Both the Series 1989 A and Series 1989 B bonds were priced to yield from 6 % in 1991 to 7.15 % in 2008-2009 , according to a Merrill Lynch official .",2.472982122180227,0.3920603396292004,0.5956413159317482,0.6207565651879922,0.6079396603707997
1038,"Matagorda County Navigation District No. 1 , Texas --",1.5555555555555556,0.47379130304452116,0.7055131565909607,0.41957478242574525,0.5262086969554789
1039,"$ 70.3 million of pollution control revenue bonds -LRB- Houston Lighting & Power Co . Project -RRB- , due Oct. 1 , 2019 , were tentatively priced by a Goldman , Sachs & Co. group at 98 1/4 to yield 7.649 % with a coupon of 7 1/2 % .",2.8439364379677494,0.42301636188074493,0.5925935571749934,0.5621749955522235,0.576983638119255
1040,Interest on the bonds will be treated as a preference item in calculating the federal alternative minimum tax that may be imposed on certain investors .,1.7714560158065358,0.3109366422644976,0.6755876589503739,0.7030875874902336,0.6890633577355023
1041,The bonds are insured and rated triple-A by Moody 's and S&P .,1.3469057695636106,0.24765720609709355,0.6316468082238208,0.9300600047812944,0.7523427939029064
1042,Federal Home Loan Mortgage Corp. --,1.6016067457394683,0.5519638373508048,1.0,0.28868982115845626,0.44803616264919527
1043,$ 500 million of Remic mortgage securities is being offered in 11 classes by a Morgan Stanley group .,1.782858051627747,0.3194568826326716,0.6392208071793141,0.7275772108358394,0.6805431173673284
1044,"The offering , Series 109 , is backed by Freddie Mac 10 % securities .",1.4937581304377794,0.28989787102779035,0.608558847709198,0.8523188674307542,0.7101021289722095
1045,Complete details were n't immediately available .,1.4285714285714293,0.3412623489149146,0.5467803277018796,0.8283480523167006,0.6587376510850855
1046,Lomas Mortgage Funding Corp. II --,1.7274213294333802,0.8190051309549856,0.2936429548646672,0.13081230654804507,0.1809948690450144
1047,$ 100 million issue of collateralized mortgage obligations is being offered in four classes by a Morgan Stanley group .,1.755970773938186,0.2920583706625841,0.694143043446586,0.7222999345600398,0.7079416293374156
1048,The securities yield from 9.35 % to 10.48 % for a 30-year issue with an average life of 21.18 years .,1.6956971654493707,0.30216548254044245,0.6955306456300271,0.7001537026774549,0.6978345174595574
1049,The 10.48 % yield represents a spread to the 20-year Treasury of 2.45 percentage points .,1.772782998537517,0.3236649192581128,0.6272706414818421,0.7337263736076262,0.6763350807418871
1050,The collateral consists of collateralized whole loans with a weighted average coupon rate of 11.08 % and weighted average remaining term to maturity of 28 years .,1.5957839380437169,0.3035751673897346,0.6575270093082108,0.7402142474888705,0.6964248326102658
1051,"The issue is rated triple-A by S&P , Moody 's and Fitch Investors Service Inc .",1.4449634674227347,0.26011772540987094,0.7072580208914133,0.775661845977217,0.7398822745901291
1052,"The issue is 6 % to 7 % overcollateralized , and 75 % of the loans are covered by a General Electric pool policy covering losses of as much as 10 % of the original principal balance of the loans .",1.7226591561931013,0.2628135949741579,0.728398286511214,0.7461891703880608,0.7371864050258423
1053,J.C. Penney Co. --,0.6887218755408673,0.29798312381900666,1.0,0.5408520829727552,0.7020168761809934
1054,"$ 350 million of JCP Master Credit Card Trust asset-backed certificates , Series B , with a final stated maturity of Oct. 15 , 2001 , was priced at 99.1875 to yield 9.192 % with a coupon of 8.95 % .",1.913371120403247,0.3121332530179769,0.661750292157395,0.716129309117329,0.6878667469820234
1055,"The certificates , which have an average life of 10.05 years , were priced at 1.31 percentage points over the benchmark Treasury 10-year note .",2.055363119410165,0.31953537289199674,0.7098411961245031,0.653422912170711,0.6804646271080032
1056,"Rated triple-A by Moody 's and S&P , the issue will be sold through First Boston Corp .",1.6232933860485348,0.28261705384001795,0.6688033181271626,0.7735726680911758,0.7173829461599821
1057,The issue is backed by a 12 % letter of credit from Credit Suisse .,1.0843108337660272,0.1828680756289599,0.8058507055950004,0.8287334823979173,0.8171319243710402
1058,Keio Teito Electric Railway Co . -LRB- Japan -RRB- --,1.4000000000000001,0.5198897393859474,0.6657798536434144,0.3754159924507775,0.48011026061405276
1059,"$ 300 million of bonds due Nov. 16 , 1993 , with equity-purchase warrants , indicating a 3 3/4 % coupon at par via Nomura International Ltd .",2.07200044396441,0.34497136563778735,0.6589607689253297,0.6511431489098068,0.6550286343622124
1060,"Each $ 5,000 bond carries one warrant , exercisable from Nov. 30 through Nov. 2 , 1993 , to buy company shares at an expected premium of 2 1/2 % to the closing share price when terms are fixed Tuesday .",1.7499327150866693,0.26308006084300434,0.7449582127788715,0.7290532834483165,0.7369199391569958
1061,Diesel Kiki Co . -LRB- Japan -RRB- --,1.561278124459133,0.757432054380727,0.24999999999999992,0.23556501753714118,0.24256794561927292
1062,"$ 200 million of bonds due Nov. 16 , 1994 , with equity-purchase warrants , indicating a 4 1/2 % coupon at par via Yamaichi International Europe Ltd .",1.9281429986515053,0.325836634034105,0.6706593833999869,0.6777041552302334,0.6741633659658952
1063,"Each $ 5,000 bond carries one warrant , exercisable from Nov. 30 through Nov. 2 , 1994 , to buy company shares at an expected premium of 2 1/2 % to the closing share price when terms are fixed Monday .",1.7919007566917209,0.27109988723796596,0.7322018492411134,0.7256280198196802,0.7289001127620345
1064,Chugoku Electric Power Co . -LRB- Japan -RRB- --,1.482775329771823,0.540411112461135,0.6361852839286349,0.35973213224345557,0.4595888875388652
1065,"$ 150 million of 8 7/8 % bonds due Nov. 29 , 1996 , priced at 101 7/8 to yield 8 7/8 % less full fees via Nikko Securities Ltd .",2.360557157733344,0.39181759549602996,0.6166726631726552,0.5999227560962029,0.6081824045039699
1066,Fees 1 7/8 .,0.6887218755408673,0.29798312381900666,0.5408520829727552,1.0,0.7020168761809934
1067,"Monte dei Paschi di Siena , Singapore branch -LRB- Italian parent -RRB- , via the Law Debenture Trust Corp. --",2.146716616312326,0.4812524896295107,0.4941327045679507,0.5459432131581683,0.518747510370489
1068,"10 billion yen -LRB- $ 70 million -RRB- of 6 % bonds due Feb. 24 , 1993 , priced at 101 1/4 , via Daiwa Europe Ltd .",2.0938996601103814,0.38057716125199553,0.6464005440218403,0.5946067613040049,0.6194228387480045
1069,Okobank -LRB- Finland -RRB- --,0.9709505944546686,1.0,0.0,1.0,0.0
1070,"10 billion yen of 6 % bonds due Nov. 30 , 1992 , priced at 101.225 to yield 6.056 % via IBJ International .",2.0787631421637807,0.3412753084203873,0.6866337270000764,0.6329958315078213,0.6587246915796128
1071,"EG&G Inc. said it acquired Laboratorium Prof. Dr. Berthold , a German maker of scientific instruments .",1.500575000254527,0.28204921184184917,0.7061629164532384,0.7301388871476773,0.717950788158151
1072,Terms were n't disclosed .,0.40000000000000036,0.09425390072448082,0.8277293767706427,1.0,0.9057460992755192
1073,"The Wellesley , Mass. , maker of scientific instruments and electronic parts said Berthold expects 1989 sales of more than 100 million Deutsche marks -LRB- $ 54.5 million -RRB- and employs about 400 people .",2.08268151398803,0.32120789761110374,0.6838381631769236,0.6738199661547796,0.6787921023888961
1074,"Berthold is based in Wildbad , West Germany , and also has operations in Belgium .",1.201205059304601,0.2350661221452175,0.7166404440412665,0.8202064877962969,0.7649338778547824
1075,"John M. Kucharski , EG&G 's chairman and chief executive , said the acquisition `` will extend EG&G 's core technologies , strengthen its position in the European Economic Community and assure a strength and presence in the Eastern European market . ''",1.9310595916199382,0.30242637111166065,0.7052889799955453,0.690025251921712,0.6975736288883392
1076,"He said it especially will strengthen the company 's efforts in the rapidly growing field of bio-analytical instrumentation , and in applied nuclear physics .",1.5793577382145614,0.23614927098201163,0.7766473054965634,0.7514690075362302,0.7638507290179882
1077,"Separately , EG&G said it sold most of its Mason Research Institute subsidiary to Transgenic Sciences Inc. , a closely held biotechnology company based in Worcester , Mass .",2.455184809518548,0.45775357851242543,0.501517273879941,0.5901756828579662,0.5422464214875745
1078,"The sale , for $ 7 million in cash and securities , will leave EG&G with a 12 % stake in Transgenic , executives said .",1.5853569595720618,0.26138807292616445,0.711538993900896,0.7678265112434856,0.7386119270738353
1079,"Mason is the largest toxicology lab in New England , with annual revenue of $ 8 million and 140 employees .",1.5490154768086093,0.24653138623124565,0.7534686137687543,0.7534686137687543,0.7534686137687543
1080,"Mason serves commercial and government customers , including the National Institutes of Health .",1.4285714285714284,0.27361217374826124,0.6754726714982202,0.7856043877262473,0.7263878262517386
1081,"The combined companies will become profitable by January 1990 , said James P. Sherblom , Transgenic 's chairman and chief executive officer .",1.326358148985939,0.20815120572206855,0.7957201822561372,0.7880148945510677,0.7918487942779315
1082,The Internal Revenue Service said it is willing to let the U.S. Tax Court decide how much oil man William Herbert Hunt will owe the government after his assets are liquidated .,2.0375112336261854,0.31760145251691335,0.7205804582903674,0.6480593636540268,0.6823985474830867
1083,The surprise announcement came after the IRS broke off negotiations with Mr. Hunt on a settlement of the one-time tycoon 's personal bankruptcy case .,2.0268413785222825,0.34587211530178813,0.6683717863376017,0.6404784280371194,0.6541278846982117
1084,"Although the action removes one obstacle in the way of an overall settlement to the case , it also means that Mr. Hunt could be stripped of virtually all of his assets if the Tax Court rules against him in a 1982 case heard earlier this year in Washington , D.C .",3.044355893970323,0.47285227799826407,0.5063121490218123,0.549771727721056,0.527147722001736
1085,The IRS has been seeking more than $ 300 million in back taxes from Mr. Hunt .,1.354091176979641,0.2214393740445471,0.7497128100246256,0.8097173249387171,0.7785606259554533
1086,"Separately , a federal judge hearing Mr. Hunt 's bankruptcy case yesterday turned down a proposed $ 65.7 million settlement between Mr. Hunt and Minpeco S.A. , another major creditor in the case .",2.4110000991724574,0.3684826121176122,0.6297285693753191,0.633316398041273,0.631517387882388
1087,The Peruvian minerals concern had been seeking a claim of $ 251 million against Mr. Hunt .,1.47173823580317,0.23613554889113095,0.7393724418845267,0.7900346668931902,0.7638644511088691
1088,"In addition to turning down the compromise , Judge Harold C. Abramson said he would allow a claim of only $ 19.7 million .",1.9487874972152905,0.3252552497101579,0.6177732022267872,0.7432917181634572,0.674744750289842
1089,Minpeco attorneys said they would appeal the decision to a federal district court .,1.4824919644402472,0.25356898197610495,0.7396098201582224,0.753379206781367,0.7464310180238951
1090,"Regarding Mr. Hunt 's taxes , he and the IRS have apparently agreed on a basic formula for liquidating his estate in which the IRS would get 70 % of the proceeds from a liquidating trust and 30 % would go to other creditors .",2.62416227532204,0.37232731063380187,0.5977078830857745,0.6608005095242215,0.627672689366198
1091,But they have been at odds over how much Mr. Hunt would owe the government after his assets are sold .,2.2018490932155945,0.34445282599438704,0.6113295476075616,0.7066600830142206,0.6555471740056128
1092,The IRS had demanded $ 90 million but Mr. Hunt would agree to no more than $ 60 million .,1.3580629729365077,0.230735760313721,0.7109718914421951,0.83796904194159,0.769264239686279
1093,"Grover Hartt III , a government lawyer , warned that Mr. Hunt stood to lose certain oil and gas properties , $ 200,000 in English pottery , a Colorado condominium and other assets he might have kept if he had settled with the IRS .",2.6033653409060156,0.37181934432299113,0.6263523788080296,0.6300196370049486,0.6281806556770086
1094,"`` But they wanted to roll the dice and we 're going to let them , '' Mr. Hartt said .",1.4225858562346279,0.22874127239587524,0.8139808424870075,0.7327975507380067,0.7712587276041245
1095,"Stephen McCartin , Mr. Hunt 's attorney , said his client welcomed the gamble .",2.067970000576924,0.3967345391555137,0.6032654608444862,0.6032654608444862,0.6032654608444862
1096,The Tax Court is n't expected to rule before early next year .,1.2888375001664212,0.2220468411921781,0.6970746822015615,0.8800629507605627,0.7779531588078217
1097,Japan has found another safe outlet for its money : U.S. home mortgages .,1.5364125003090674,0.2652378886760718,0.721332986262088,0.7487007445543522,0.7347621113239285
1098,An increasing number of big Japanese investors are buying up U.S. home mortgages that have been pooled and packaged for sale as interest-bearing instruments known as mortgage-backed securities .,2.643828774588176,0.47365053038056687,0.49968185089212186,0.5560240248836449,0.526349469619433
1099,"As much as 10 % of new U.S. mortgage securities issued by the Federal National Mortgage Association , or Fannie Mae , and Federal Home Loan Mortgage Corp. , or Freddie Mac , now flow into Japanese hands .",1.5989090466999878,0.25468105944726827,0.7937468319877045,0.70246058380839,0.7453189405527318
1100,That may not come as a surprise to Americans who have watched the Japanese snap up properties in the U.S. from golf courses to a stake in Rockefeller Center .,2.72215843075827,0.4556195634129434,0.557050516159604,0.5322738996267208,0.5443804365870568
1101,"But it marks a big change for the Japanese , who shunned mortgage securities after getting burned by a big downturn in interest rates a few years back .",2.1843038927163065,0.38582714560578074,0.5309014922673329,0.728425686639265,0.6141728543942192
1102,"`` You ca n't say it 's a `` tsunami '' -LRB- tidal wave -RRB- , but we 're making some headway , '' says Fannie Mae 's chairman , David O. Maxwell , who visits Tokyo at least once a year to explain and drum up investor interest in mortgage securities .",3.17094228524631,0.4835551070733207,0.5170536230229126,0.5158375944676045,0.5164448929266795
1103,`` Interest is a great deal higher than it was a year ago . '',2.210750630582011,0.4602824409865341,0.4511599570615584,0.6715316304998911,0.539717559013466
1104,The steady growth of the mortgage securities market in the U.S. has even triggered talk of building up a similar market here .,1.822441172212768,0.2948359301807565,0.7411158152894841,0.6725390054965039,0.7051640698192435
1105,Evidence of the growing Japanese demand for mortgage securities abounds .,0.7718386359702789,0.15691402642004196,0.8754454628898928,0.813033447997997,0.8430859735799582
1106,"Earlier this year , Blackstone Group , a New York investment bank , had no trouble selling out a special $ 570 million mortgage-securities trust it created for Japanese investors .",2.025612500628103,0.3247741443057765,0.6491246561094903,0.7035140439472882,0.6752258556942237
1107,"Industrial Bank of Japan , which claims to be the biggest Japanese buyer of U.S. mortgage securities , says it will more than double its purchases this year , to an amount one official puts at several billion dollars .",2.4808823344969273,0.3621863121983962,0.6550347453020439,0.6214749278438466,0.6378136878016039
1108,"And a Fannie Mae seminar this week promises to draw hundreds of prospective investors , who can be expected to channel tens of billions of dollars into the market in the next few years .",2.2709698130104012,0.3539757153966041,0.655613278790163,0.6367117441007164,0.646024284603396
1109,"`` Last year , there were only several big investors who were interested , '' says Kinji Kato , a vice president at the international arm of Nomura Securities Co .",2.4183189326041292,0.37732504569193864,0.6688252888510279,0.582482454714256,0.6226749543080611
1110,"`` This year , some investors are changing their policies and investing a lot . ''",1.7665414066556502,0.3221582467678014,0.7209420872611108,0.6396040779814924,0.6778417532321986
1111,"Ultimately , he says , strong demand could help to drive down interest rates on mortgage securities .",0.6813701392494664,0.115017128766686,0.9084528768354752,0.8626950260294995,0.884982871233314
1112,"At the moment , Nomura is the only Japanese institution authorized to act as a primary seller of Fannie Mae instruments .",1.905279407313348,0.33589598200544685,0.644092825232517,0.6853985295242778,0.6641040179945534
1113,But other Japanese institutions say privately that they are considering asking to join the 59-dealer selling group .,1.5541204695020605,0.257509933665468,0.71135406308343,0.7764764811101138,0.742490066334532
1114,These securities are attractive to Japanese investors for three reasons .,1.341353409287588,0.2572661992008365,0.7269518364431845,0.7592162177719057,0.7427338007991634
1115,"First , they are safe .",0.666666666666667,0.1480409554829327,0.8519590445170674,0.8519590445170674,0.8519590445170674
1116,"While they are n't backed by the full faith and credit of the U.S. government , as Treasury bonds are , it is widely assumed that the government would support them if necessary .",2.099531705448653,0.3062989449349233,0.6716945114810569,0.7171984311239014,0.6937010550650767
1117,-LRB- U.S. Treasury bonds are still the dollar-denominated investment of choice for long-term Japanese investors -RRB- .,1.4117647058823533,0.2609995356274855,0.7081940768409122,0.7726088913498438,0.7390004643725145
1118,"Second , they are liquid .",0.666666666666667,0.1480409554829327,0.8519590445170675,0.8519590445170675,0.8519590445170675
1119,"The secondary market in federally backed mortgage securities now exceeds $ 900 billion , or nearly half of the $ 2.2 trillion in U.S. residential mortgages issued .",2.157272428353857,0.3665085264747677,0.5629396043285657,0.7242614184049174,0.633491473525232
1120,"Third , they offer high yields .",0.8571428571428585,0.1801641173923506,0.7733901638509398,0.8722165935233486,0.8198358826076496
1121,"At the moment , some offer as much as 1.6 to 1.8 percentage points over Treasury securities of similar maturities .",1.5758849490381346,0.2682167182684971,0.7398481974331101,0.7238922976380773,0.7317832817315026
1122,"But there is a risk , which the Japanese discovered when they first dipped their toes into the market nearly five years ago .",2.2284976439735025,0.3973716621694906,0.5441503267992861,0.6751885918191469,0.6026283378305095
1123,"Since most mortgages can be prepaid or refinanced at any time , issuers of mortgage securities retain the right to buy back their bonds before maturity .",1.8924565886096127,0.3426104321500798,0.5724938301029301,0.7718477111952677,0.6573895678499203
1124,"That 's a headache for long-term investors , since it forces them to reinvest their money -- usually at lower rates than the original mortgage securities carried .",2.2136099473987234,0.368909703001777,0.6052906181226142,0.6591872453736773,0.6310902969982229
1125,"`` Two or three years ago , the problem was that people did n't understand the prepayment risk , '' says Nomura 's Mr. Kato .",2.3357329212769438,0.3839139404238672,0.5918045649553871,0.6424453234078098,0.6160860595761327
1126,`` So they were surprised and very disappointed by prepayment . '',0.959147917027245,0.17300303290438043,0.8028614027386389,0.8526286304340864,0.8269969670956194
1127,"Compounding the trouble to Japanese investors , mortgage securities pay interest monthly , since most mortgages require homeowners to make monthly payments .",1.1189277171091128,0.19450874290422648,0.8521542518519428,0.7636733742638163,0.8054912570957734
1128,"But Japanese institutional investors are used to quarterly or semiannual payments on their investments , so the monthly cash flow posed administrative problems .",1.6887218755408675,0.28533921299164977,0.7435016249781919,0.6879739001022058,0.7146607870083505
1129,"As a result , Japanese investors steered clear of the mortgage securities .",0.8650086536797339,0.1573699438051694,0.8827176077871357,0.8060253888849379,0.8426300561948308
1130,But they did n't lose touch with the U.S. issuers .,1.0909090909090908,0.1871855995279949,0.7226363246871569,0.9287082776283172,0.8128144004720051
1131,"Since 1985 , Japanese investors have bought nearly 80 % of $ 10 billion in Fannie Mae corporate debt issued to foreigners , money that Fannie Mae uses to buy mortgages from U.S. banks .",1.8034118708218196,0.2718534280743653,0.7537949285429423,0.7041861846826044,0.7281465719256344
1132,"And Japanese investors took up nearly all of two $ 200 million Real Estate Mortgage Investment Conduits , a kind of collateralized mortgage obligation , that were offered to foreigners this year .",2.2509295435604217,0.3299316845906598,0.6672864008415208,0.6728735226676454,0.6700683154093401
1133,"In addition , further packaging of mortgage-backed securities , such as Blackstone 's fund , have reduced the effects of prepayment risk and automatically reinvest monthly payments so institutions do n't have to .",2.3252544125282837,0.38593486388817444,0.5950971689105538,0.6342820723939253,0.6140651361118254
1134,Freddie Mac for years has offered a so-called participation certificate that guarantees it wo n't be prepaid for a set number of years and offers semiannual payments .,2.146995639325479,0.3375846647266594,0.6594051875900703,0.6654530912976989,0.6624153352733406
1135,"As Georgia-Pacific 's bid for Great Northern Nekoosa has shown , uninvited takeovers are still alive despite premature reports of their demise .",1.7604445650292648,0.2997848062343344,0.6344515420080397,0.7811887980003663,0.7002151937656657
1136,"Therefore , the debate about poison pills will continue to rage in the boardrooms of corporations and the halls of academia .",1.2225725887381707,0.20884223411089703,0.8256938145475502,0.7593947868669351,0.791157765889103
1137,"Although poison pills come in different colors and shapes , they usually give current shareholders the right to buy more stock of their corporation at a large discount if certain events occur -- typically , if a hostile bidder acquires more than a specified percentage of the corporation 's stock .",2.84970576021203,0.4390605439358627,0.5860810017146605,0.5378662153883638,0.5609394560641372
1138,"However , these discount purchase rights may generally be redeemed at a nominal cost by the corporation 's directors if they approve of a bidder .",2.0485048049553853,0.3139434594822989,0.7113914436582243,0.662464095265181,0.6860565405177009
1139,"Supporters of poison pills argue that their adoption forces bidders to negotiate with a corporation 's directors , who are thereby put in a better position to pursue the long-term interests of the corporation .",2.366919711190149,0.39038272700248833,0.6199732857333323,0.5996015490600853,0.6096172729975116
1140,Recent studies by Georgeson & Co. conclude that corporations with poison pills have experienced greater stock-price appreciation than corporations without poison pills during the past few years .,1.91959307006623,0.3194682102423799,0.7259653609132505,0.6404500781966552,0.6805317897576202
1141,Critics of poison pills argue that they harm shareholders by letting corporate management defeat takeover bids at premium prices and by deterring premium bids from ever being made to shareholders .,2.036626706766686,0.3444457903612706,0.687878024725341,0.6261318840068694,0.6555542096387296
1142,"These critics are backed by several academic studies showing that the adoption of poison pills reduces shareholder values not merely in the short run , but also over longer periods .",2.054534982958418,0.33094607588950237,0.6938509912855727,0.6459681105407056,0.6690539241104977
1143,Institutional investors that must evaluate poison pills on a regular basis are interested less in this general debate than in the answers to specific questions about the corporation issuing the pill .,2.4461853429636014,0.42268357430723796,0.6023938609718423,0.5542434733722931,0.5773164256927619
1144,Does this corporation have a high-quality management team with a good track record ?,1.4546091411857343,0.29629046399069003,0.692176089853808,0.7156338491827791,0.7037095360093099
1145,"Does this team have a viable strategy for improving shareholder values , and does this strategy require implementation over an extended period ?",2.496779215879155,0.4644668014248392,0.5043947447696157,0.570769234700953,0.5355331985751608
1146,Will the adoption of this particular form of a poison pill significantly improve the chances for management to carry out this strategy ?,2.093694692105268,0.40664875105152887,0.5320950246269055,0.6705463679223069,0.5933512489484712
1147,"If the answers to these questions are affirmative , then institutional investors are likely to be favorably disposed toward a specific poison pill .",1.9214949125463914,0.3226177666460472,0.6789148393786447,0.6758565312606156,0.6773822333539525
1148,"However , the problem is that once most poison pills are adopted , they survive forever .",1.7573119400545427,0.3125265160799919,0.6675376953882753,0.7086366797838507,0.6874734839200082
1149,"Although the current management team may be outstanding , who will be the CEO in 10 years ?",1.617745304375764,0.267155785571405,0.6623008727098301,0.8202064821440126,0.7328442144285947
1150,"Although the five-year strategy may be excellent , what will be the strategy in 25 years ?",1.4043707635839553,0.2510456905130147,0.6506719618106561,0.8822098703360809,0.7489543094869855
1151,The solution to this problem is a time-limited poison pill .,1.1595352274694055,0.24837857262038326,0.7628351661626104,0.7407325981383582,0.7516214273796168
1152,"The limit could range from three years to seven years , depending on the composition of the management team and the nature of its strategic plan .",1.6483791639509846,0.2760279798976118,0.7409448976911958,0.7077593267526645,0.7239720201023883
1153,"At the end of this period , the poison pill would be eliminated automatically , unless a new poison pill were approved by the then-current shareholders , who would have an opportunity to evaluate the corporation 's strategy and management team at that time .",2.552407736675607,0.4399254921329384,0.5258937314316424,0.599007347333796,0.5600745078670616
1154,One rare example of a time-limited poison pill is the shareholder rights plan adopted by Pennzoil last year after it received a huge litigation settlement from Texaco .,2.260722319505278,0.3758878853858257,0.6423367879361669,0.6068930667704251,0.6241121146141746
1155,Pennzoil 's poison pill covers five years in order to give current management enough time to put these proceeds to work in a prudent manner .,2.682638690840555,0.5029672144848548,0.4493100639269204,0.5560977876768766,0.4970327855151451
1156,"Another interesting example is the poison pill adopted recently by Pittsburgh-based National Intergroup Inc. , a diversified holding company .",2.4069482743708814,0.3987054810343031,0.6321877583063155,0.5732799392167226,0.6012945189656969
1157,"The State of Wisconsin Investment Board , which owned about 7 % of the company 's voting stock , worked with management to devise a time-limited poison pill .",2.6438287745881763,0.4087332387560779,0.5956106429651858,0.5869857819848678,0.5912667612439221
1158,This pill automatically expires after three years unless continued by a vote of the shareholders .,2.01654140665565,0.3517146542222421,0.6683566445528547,0.6293844150518478,0.6482853457777579
1159,"The attitude of the Wisconsin Investment Board reflects a growing receptivity to time-limited poison pills on the part of institutional investors , as shown by the discussions at recent meetings of the Council of Institutional Investors and my informal survey of several retirement plans with large stock positions .",2.4380400565739895,0.39397310400570545,0.6539132713662789,0.5646754482385442,0.6060268959942945
1160,More widespread time limits on poison pills would allow shareholders to evaluate a specific poison pill within the context of a specific management team 's strategy .,2.540113808073744,0.44778329638417597,0.586830837747208,0.5214585449477013,0.5522167036158242
1161,Such concrete analysis is likely to lead to more fruitful dialogue between management and shareholders than the abstract debate about poison pills .,2.6696884512572328,0.4610817929186345,0.571579257888835,0.5097880171730959,0.5389182070813656
1162,Mr. Pozen is the general counsel and a managing director of Fidelity Investments in Boston .,1.828820308052502,0.3373472956022823,0.6474125323227002,0.6786276850771009,0.6626527043977176
1163,"Michael Blair , former president and chief executive officer of Enfield Corp. , failed to win election to the company 's board at a special shareholder meeting .",2.0013964291895627,0.3293449173040927,0.6929339214190074,0.6497642132108035,0.6706550826959072
1164,"Mr. Blair said after the meeting that he had filed separate lawsuits in the Ontario Supreme Court for unjust dismissal against Enfield and for libel against its largest shareholder , Canadian Express Ltd. , and two executives of Hees International Bancorp Inc. , which controls Canadian Express .",2.5591516843713142,0.3990784598173489,0.6246856256892324,0.5788992451348013,0.600921540182651
1165,Holders at the meeting elected a full slate of Canadian Express nominees to Enfield 's 11-member board .,1.4849475529555862,0.2489011360370914,0.8075733326397967,0.7020067776206009,0.7510988639629084
1166,Mr. Blair and Hees have been feuding for months .,1.2364527976600272,0.26836217548829006,0.6368841593219509,0.8595136149612356,0.7316378245117098
1167,Yesterday 's election was a sequel to Enfield 's annual meeting in June when Mr. Blair disallowed proxies in favor of two Hees nominees .,1.7506944942206641,0.30624606597409226,0.6806338221291367,0.7073898026286313,0.6937539340259077
1168,The Ontario Supreme Court overturned Mr. Blair 's decision .,1.721928094887362,0.41774821278982455,0.5553077115834221,0.6119439066536299,0.5822517872101753
1169,"He later resigned from his executive positions with Enfield , saying that actions by its board `` amounted to -LCB- my -RCB- dismissal . ''",2.869944238474178,0.5108691149942786,0.5034702522301959,0.4755856994444416,0.4891308850057215
1170,Mr. Blair said his libel suit seeks 10 million Canadian dollars -LRB- US$ 8.5 million -RRB- from Canadian Express and Hees executives Manfred Walt and Willard L'Heureux .,1.886422109586933,0.33082065892188856,0.6569165936148286,0.6819086179082661,0.6691793410781115
1171,"He said his suit against Enfield seeks two years severance pay , equivalent to C$ 720,000 .",1.1320654410492086,0.1882736175100509,0.8057757185484886,0.8177655917980253,0.8117263824899493
1172,Hees and Canadian Express executives could n't be reached for comment .,0.5629072918469555,0.09475993721230204,0.941630827397726,0.8715573932948416,0.9052400627876979
1173,Enfield is a holding company with interests in manufacturing concerns .,1.9237508598845603,0.49273839467988734,0.4103563708443708,0.6640844689203808,0.5072616053201124
1174,"It is 38.5 % owned by Canadian Express , another holding company .",1.3469057695636106,0.24765720609709355,0.6316468082238207,0.9300600047812944,0.7523427939029064
1175,Hees is a merchant bank controlled by Toronto financiers Peter and Edward Bronfman .,0.7753394980195258,0.1579295036130816,0.8282693835239449,0.8563393272031085,0.8420704963869186
1176,All the concerns are based in Toronto .,0.5,0.09090909090909091,0.909090909090909,0.909090909090909,0.9090909090909088
1177,Buying 51 % of Rockefeller Group Inc. is right up Mitsubishi Estate Co. 's alley in one sense : The huge Japanese real estate company is entering a long-term relationship with a similarly conservative U.S. owner of tony urban property .,3.3788777708183027,0.5426842301170555,0.43417533405515346,0.4830617254493735,0.4573157698829447
1178,"But in another sense , the $ 846 million purchase is uncharacteristically nervy , industry analysts say .",1.617745304375764,0.267155785571405,0.7093528524015883,0.7579447762652672,0.732844214428595
1179,The usually cautious giant will become the majority owner of the company that owns New York 's beloved Rockefeller Center at a time when tensions over Japanese purchases of U.S. property are at an all-time high .,2.7322590251297525,0.45503392888348076,0.5280752716429851,0.5629730981845432,0.5449660711165192
1180,"Officials of Rockefeller Group and Mitsubishi Estate prefer to focus on the affinities , nearly dismissing the threat of a backlash from the U.S. public .",1.5853569595720627,0.2533853917982904,0.7965591346583277,0.702563631501723,0.7466146082017094
1181,"`` We think there will be positive as well as negative reactions , '' says Raymond Pettit , senior vice president and chief financial officer of Rockefeller Group .",2.0637403942056665,0.3151338874173472,0.715376998795948,0.6568513499724622,0.6848661125826528
1182,"`` On balance , we think it will be positive . ''",1.333333333333334,0.24228070939498986,0.8065735963827292,0.7144452170993388,0.7577192906050102
1183,But some Japanese government officials and businessmen worry that the prominent purchase is just the sort of deal that should be avoided for the time being .,2.7572397027360918,0.45863837741424757,0.5185441126698852,0.5662796401438098,0.5413616225857528
1184,"In particular , they criticize the timing , coming as it does on the heels of Sony Corp. 's controversial purchase of Columbia Pictures Entertainment Inc .",1.955332871091528,0.3000170838286669,0.7010372910783962,0.6989317081055779,0.6999829161713335
1185,"`` Officially , yes , we encourage the free flow of direct investment , '' says a Foreign Ministry official .",1.5723595242216124,0.24651020057228432,0.7888239864277637,0.7211853822247964,0.7534897994277155
1186,`` But they did n't have to choose this particular moment . '',1.5007519234097648,0.268353922459336,0.6758673735672452,0.7974596812615404,0.7316460775406638
1187,"During the past year , government officials and leading business organizations have repeatedly urged Japanese companies to refrain from flashy real estate purchases in the",2.2047766191505493,0.35432073277212334,0.6918919082385325,0.6052533625037053,0.6456792672278766
1188,"Since the mid-1980s , Japan 's other major real estate purchases in the U.S. include Dai-Ichi Seimei America Corp. 's $ 670 million purchase of an office building at 153 East 53rd St. in Manhattan in 1987 and Mitsui Fudosan Inc. 's $ 610 million purchase of the Exxon Building , part of Rockefeller Center , in 1986 .",2.199175422449375,0.3625516481546029,0.6371102678561839,0.6377867948351663,0.6374483518453976
1189,"In Los Angeles , Arco Plaza was sold to Shuwa Corp. for $ 620 million in 1986 , and Sumitomo Life Insurance Co. paid $ 300 million for Atlanta 's IBM Tower last year .",1.7526002775917506,0.2804939397144129,0.7911318257588269,0.6597729755184099,0.7195060602855867
1190,"Altogether , annual Japanese investment in U.S. commercial real estate grew from about $ 1.3 billion in 1985 to about $ 7.1 billion in 1988 .",2.102732094732966,0.3790228455290034,0.6089919526870826,0.6334435738008893,0.6209771544709968
1191,Many Japanese companies have taken the warnings by the country 's leaders to heart and sought development partnerships rather than landmark properties .,1.8277869572742507,0.29913621168093024,0.7604953230780958,0.6499038874755451,0.7008637883190698
1192,Critics say Mitsubishi Estate 's decision to buy into Rockefeller reflects the degree to which companies are irritated by the pressure to act for the good of Japan .,2.6414951356595786,0.4137154339306912,0.6150334385048798,0.560103324499859,0.5862845660693089
1193,"`` Those who have no money and are n't buying think it 's right to refrain , but those with money who want to buy for themselves pay no attention , '' says an official of the Japan-U.S . Business Council .",2.9629220955051383,0.44602782927971063,0.5738715197059685,0.5354066160008273,0.5539721707202893
1194,"But to Mitsubishi Estate , the acquisition has just the elements that should win support from both sides .",1.1320934212803646,0.18557071970815245,0.787261594770136,0.8435390498840303,0.8144292802918477
1195,"First of all , it is a friendly acquisition in which Rockefeller sought out Mitsubishi Estate and asked it to buy a majority share .",1.7785757378684064,0.30206975556619753,0.6183111885323344,0.8010847992915364,0.6979302444338025
1196,"Secondly , the two companies found a similarity in their business and development philosophies and intend to cooperate in a range of activities from real estate to telecommunications .",2.1996706876489958,0.34867143795168337,0.6830147203720435,0.6224520060610207,0.6513285620483168
1197,"Finally , Mitsubishi Estate has no plans to interfere with Rockefeller 's management beyond taking a place on the board .",1.7268886907852563,0.29554855025520244,0.6755731014437079,0.7359089406678005,0.7044514497447973
1198,"`` We 'll continue to work with them , in keeping with the reputation of the company , and we 'll rely very much on their leadership , '' says Mitsubishi Estate President Jotaro Takagi .",2.0268857475202235,0.30690118852719966,0.7040839957008995,0.6824511450007796,0.6930988114728004
1199,"Rockefeller may well have found its match in Mitsubishi Estate , a company of long history , strong government ties and sound resources .",2.0739348962840563,0.3225743604478904,0.6853064156947194,0.6697240549275809,0.6774256395521094
1200,"In asset terms , Mitsubishi Estate is the largest real estate firm in Japan .",1.9673183336217948,0.37027486806753346,0.6297251319324665,0.6297251319324664,0.6297251319324665
1201,"The core of its holdings is 190,000 square meters of incredibly expensive property in the Marunouchi district , the business and financial center of Tokyo , often jokingly called `` Mitsubishi Village . ''",2.2513334542348336,0.3279547429778141,0.7165817153752997,0.6327208569041878,0.672045257022186
1202,The Mitsubishi family company acquired that property from the government some 100 years ago when it was a portion of samurai residential land running from the moat of the Imperial Palace east toward the hodgepodge of tiny shops and twisted alleys that made up the merchants ' district .,2.7449334929563465,0.4635563820686536,0.5203839116384278,0.5535261351997487,0.5364436179313462
1203,"At the time , Japan had just opened its doors to the world after about 250 years of isolation and needed a Western-style business center .",2.556938687604371,0.42497772192972827,0.5471854655661219,0.6058431673630009,0.5750222780702715
1204,"Mitsubishi built the government 's dream development , the story goes , in exchange for the official decision to locate Tokyo 's central railway station there .",1.7731223326269347,0.29127656629340193,0.7338864230529536,0.6852287837924371,0.7087234337065983
1205,"That was just an early step in a relationship with government that has earned the Mitsubishi group the dubious moniker of `` seisho , '' literally government-business , a title that has the pejorative connotation of doing the government 's bidding , but also suggests the clout inherent in maintaining such close ties .",2.7741146053276156,0.4265482668940726,0.5564899598420804,0.5914800002413144,0.5734517331059278
1206,Mitsubishi Estate is one of the dozens of companies in today 's Mitsubishi group .,2.0000000000000004,0.4070725166360147,0.531675978159693,0.6701294635349451,0.5929274833639854
1207,"It 's known for its cautiousness in part because it has had little need for bold overseas ventures : In the year ended March 31 , 57.4 % of its total revenue came from office building management .",2.850520393547412,0.42394689907718713,0.6019143817811733,0.5523225361384809,0.5760531009228129
1208,"Its earnings can rise 10 % to 12 % annually simply from the natural turnover of tenants and automatic rent increases , says Graeme McDonald , an industry analyst at James Capel Pacific Ltd .",2.040740627577729,0.29807513014433906,0.7031172682468322,0.7007365089326388,0.7019248698556607
1209,"For the latest fiscal year , the company 's net income jumped a robust 19 % to 35.5 billion yen -LRB- $ 250.2 million -RRB- .",1.569105057004995,0.2633796068532624,0.7328508877316039,0.7404288768472023,0.7366203931467374
1210,"For Mitsubishi Estate , the Rockefeller purchase will catapult it firmly into the overseas real estate business , the one area where it has lagged notably behind Japanese competitors such as Mitsui , which had purchased the Exxon Building .",2.1186267096051,0.33435242909792523,0.626085579317409,0.71054660676213,0.6656475709020744
1211,"`` Japanese companies need to invest in overseas real estate for diversification , '' says Yoshio Shima , an industry analyst at Goldman Sachs -LRB- Japan -RRB- Corp .",2.3805366358502544,0.4032037504179798,0.6398701449533186,0.5591557729182801,0.5967962495820203
1212,Rockefeller is n't the first overseas purchase for Mitsubishi Estate -- it has already played a leading role in designing Los Angeles 's Citicorp Plaza .,2.419099882778452,0.3968071359630548,0.565339285595033,0.6464793608742817,0.6031928640369449
1213,But the Rockefeller investment is its largest .,0.25,0.043478260869565216,0.9166666666666666,0.9999999999999999,0.9565217391304347
1214,"Nonetheless , it will barely make a dent in Mitsubishi Estate 's finances , analysts say .",1.6182220590780565,0.25599070232668286,0.740630716756351,0.7474188444117645,0.7440092976733172
1215,"Mitsubishi Estate has n't decided how it will raise the funds for the purchase , which are due in cash next April , but the Marunouchi holdings alone are estimated to have a market value of as much as 10 trillion yen to 11 trillion yen .",2.524366019448813,0.35003043003604556,0.6648644865151515,0.6357274094851749,0.6499695699639546
1216,"Moreover , as a member of the Mitsubishi group , which is headed by one of Japan 's largest banks , it is sure to win a favorable loan .",2.2679700005769243,0.33873123150822004,0.6451467295401546,0.6782172301382423,0.6612687684917798
1217,Analysts say the company also could easily issue new convertible bonds or warrants .,1.7682062501545328,0.317977566158165,0.6754726714982203,0.6887004602534631,0.6820224338418349
1218,"Meanwhile , at home , Mitsubishi has control of some major projects .",1.4426836540125745,0.2553194879896074,0.7322683240971274,0.7575207365855688,0.7446805120103925
1219,"It is the largest private-sector landowner of the Minato-Mirai 21 project , a multibillion-yen development in the port city of Yokohama , about an hour outside Tokyo .",2.310829443008489,0.3665725388132039,0.6795258047899869,0.5931863021540572,0.6334274611867962
1220,The project is one of a select group of public projects opened to U.S. firms under a U.S.-Japan construction trade agreement reached last year .,2.670195500086537,0.49110422663881814,0.5194230414584697,0.49878674588605715,0.5088957733611816
1221,"The centerpiece of that complex , the Landmark Tower , will be Japan 's tallest building when it is completed in 1993 .",2.006041977713811,0.30770616579536547,0.6568134596637741,0.73182632509887,0.6922938342046346
1222,"Mitsubishi is also pushing ahead with a controversial plan to redevelop Marunouchi into a business center of high-tech buildings , a project budgeted for 30 years and six trillion yen .",2.3105049324335587,0.3572085091802228,0.6314742137989446,0.6545218270247309,0.6427914908197774
1223,"Time Warner Inc. and Sony Corp. may be today 's public enemies , but the two entertainment giants could end up becoming partners in a number of ventures as part of a settlement of their acrimonious legal dispute over Hollywood producers Peter Guber and Jon Peters .",2.637657335444762,0.4196774070752116,0.5825908351567055,0.5780719444108166,0.5803225929247885
1224,"The Warner Bros. studio and Sony signaled they are close to a settlement yesterday , asking a Los Angeles Superior Court to postpone a hearing scheduled for tomorrow on Warner 's request for a preliminary injunction blocking Mr. Guber and Mr. Peters from taking the top posts at Columbia Pictures Entertainment Inc .",2.748533746051474,0.4700039955316335,0.519651889719654,0.5407603001575353,0.5299960044683664
1225,"In separate statements , the two sides said they want to have `` further discussions . ''",1.6396648812310142,0.281276107867241,0.7125777625510082,0.724976967403442,0.7187238921327591
1226,Sony is acquiring Columbia and Guber-Peters Entertainment Co. in two separate transactions valued at more than $ 5 billion .,2.218226398830014,0.38576904168406867,0.5759888791936806,0.6579122389932567,0.6142309583159313
1227,"Warner Communications Inc. , which is being acquired by Time Warner , has filed a $ 1 billion breach-of-contract suit against Sony and the two producers .",1.9129163145090597,0.2851706807392214,0.7144353852802471,0.7152236879050989,0.714829319260779
1228,Warner has a five-year exclusive contract with Mr. Guber and Mr. Peters that requires them to make movies exclusively at the Warner Bros. studio .,2.190835997326678,0.3425062149715483,0.6659975999132387,0.6492043948016658,0.6574937850284516
1229,"The two sides in the legal battle have hurled accusations of duplicity at each other for weeks , and both Warner and Sony have accused each other of trying to sabotage each other 's prospects for success in the entertainment business .",2.4443146510737543,0.3676004668592588,0.6455767328343284,0.6197495062902769,0.6323995331407409
1230,"But it may amount to little more than posturing ; the two have continued on-again , off-again settlement talks over the last few weeks , and people familiar with the talks say the matter could be resolved within a week .",2.7496318736323135,0.4557430190368449,0.5141280732972038,0.5781369326043974,0.5442569809631551
1231,Both Warner and Sony declined to comment on the terms of the settlement discussions .,0.8176441670993597,0.13789497506668583,0.889661358639626,0.8362044628800573,0.862105024933314
1232,But the people familiar with the talks said that Warner is n't expected to get any cash in the settlement .,1.4459299036476319,0.228988193233081,0.7575042718358818,0.7850098102467085,0.7710118067669187
1233,"Instead , Sony is likely to agree to let Warner participate in certain of its businesses , such as the record club of Sony 's CBS Records unit .",1.881764448032663,0.3057847792232445,0.6806690979228011,0.7083114594301412,0.6942152207767557
1234,"Warner has surpassed Sony as the largest record company , but it does n't have a powerful world-wide record club like CBS .",1.9075783904750967,0.30423993344648936,0.6555104229820666,0.7412758797292646,0.6957600665535104
1235,The two sides are also discussing certain business ventures involving cable rights to Columbia 's movies .,1.573816911891969,0.2604919549479215,0.7306505787073859,0.7485828997555785,0.7395080450520786
1236,"In addition , Sony is expected to agree to swap Columbia 's 35 % stake in the sprawling Burbank , Calif. , studio that Warner and Columbia share , in exchange for the old MGM studio lot that Warner acquired with the purchase of Lorimar Telepictures Corp .",2.563101352100424,0.4066275341854889,0.5948451062429522,0.5919070989238564,0.5933724658145112
1237,"Still , it may be tough for the two to have a smooth partnership in anything , in the wake of sworn affidavits filed over the last week .",2.441171983430044,0.3901373576146512,0.5682615040573229,0.6580359658361006,0.6098626423853492
1238,"One , for example , came from CBS Records Chairman Walter Yetnikoff , who will head a committee that will oversee Sony 's entertainment division , including both records and movies .",2.3588732329801267,0.3646456662749412,0.6487189887884157,0.6225292298396271,0.635354333725059
1239,"In his affidavit , Mr. Yetnikoff accused Warner Chairman Steven J. Ross of having an `` antiSony , anti-Japanese bias '' and said that Mr. Ross had tried to talk him out of letting Sony buy CBS Records two years ago for that reason .",2.537646176349532,0.38442304906348074,0.609132978711478,0.6221587215205495,0.6155769509365194
1240,"Mr. Ross , who will be chairman and co-chief executive officer of Time Warner after the merger is complete , denied that in his own affidavit , and called Mr. Yetnikoff 's remarks `` vicious '' and his claims `` reckless , irresponsible and baseless , '' saying Warner under his leadership has started a number of businesses in Japan .",2.7684073788583814,0.4249242420326031,0.5694701113721414,0.5807928613956821,0.5750757579673971
1241,"Mr. Ross also said he enjoys `` warm professional and personal relationships '' with Japanese executives including Sony Chairman Akio Morita , `` who has visited my home here . ''",2.5093693529619623,0.423096228994903,0.5579623754528934,0.5971763817746792,0.576903771005097
1242,"But despite the acrimony between Mr. Ross and Mr. Yetnikoff , officials of the Time side of Time Warner have reportedly been increasingly interested in a settlement that might yield attractive business opportunities .",2.7068242606472657,0.4175574224924095,0.5864598169884029,0.5784799996359612,0.5824425775075904
1243,"Time executives such as the company 's president , N.J . Nicholas , who will eventually be co-chief executive of Time Warner alongside Mr. Ross , have no personal relationships or ego at stake in the fight over the Guber-Peters duo , and were never directly drawn into the fray .",2.363864239016757,0.3547972332735591,0.6581524684252353,0.6327528243237803,0.6452027667264405
1244,"Talks between the two sides could unravel , of course , as they have more than once since Sony announced its plans to hire Mr. Guber and Mr. Peters .",2.471298849580586,0.38558923288863994,0.567482786323043,0.669799856537821,0.61441076711136
1245,But both sides appear to be more willing now to meet each other 's terms to resolve the issue .,2.100800621550175,0.3988180300567198,0.5562679918661738,0.6539858457128409,0.6011819699432802
1246,"And although Warner has said it wanted the producers to fulfill the terms of their contract , the producers said in sworn court declarations that they did n't believe the relationship could be repaired after the acrimony of the legal battle .",2.2636824394515505,0.37161635247062763,0.5909139183968787,0.6709269888832844,0.6283836475293723
1247,Any settlement is also expected to exclude Mr. Guber and Mr. Peters from any of the projects they were working on at Warner .,2.113710664716691,0.3340968568398471,0.6572460205113144,0.674791369896046,0.6659031431601532
1248,"The Guber-Peters duo have 50 projects in various stages of development and production at Warner , including `` Bonfire of the Vanities '' and `` A Bright Shining Lie . ''",1.9610963715958443,0.32190587511141483,0.7070542390975754,0.6514130102975505,0.6780941248885851
1249,But that does n't mean Mr. Guber and Mr. Peters might not eventually get their hands on some of their projects ; studios develop hundreds of movies but produce only 10 to 20 each year .,2.27364487207286,0.3522841782106075,0.605640047508258,0.6960743604878643,0.6477158217893925
1250,"Once a studio chooses not to actually make a movie that is in development , producers are typically free to take it elsewhere .",2.062612493709425,0.3651827882465685,0.6075506225506931,0.664646225024471,0.6348172117534314
1251,"Mr. Guber and Mr. Peters also almost certainly would n't be able to participate in future sequels to `` Batman , '' the blockbuster hit they produced for Warner .",2.0746276985842496,0.3094072432263218,0.6899077333701737,0.6912791418765479,0.6905927567736782
1252,"But in acquiring Guber-Peters Entertainment , Sony will actually get a piece of the profits from `` Batman , '' since the publicly held concern gets certain revenue from the movies Mr. Guber and Mr. Peters produce .",1.9519447208225484,0.2904108617989249,0.7340648138035509,0.6866929661440643,0.7095891382010753
1253,The two producers own a combined 28 % stake in Guber-Peters .,1.8008033728697344,0.3353999960229047,0.5783406208128454,0.7811010652001633,0.6646000039770952
1254,"Southern Co. 's Gulf Power Co. subsidiary pleaded guilty to two felony charges of conspiracy to make illegal political contributions and tax evasion , and paid $ 500,000 in fines .",2.302712193072714,0.36004137573008116,0.6628765617277745,0.6185724338819092,0.6399586242699187
1255,Gulf Power 's guilty plea before U.S. District Judge Robert L. Vining yesterday marks the end of only one part of a wide-ranging inquiry of Southern Co .,2.335145642330505,0.41096539977588703,0.6245801411890924,0.5573170741861396,0.5890346002241128
1256,The company is the subject of a federal grand jury investigation into whether its officials and its utility subsidiaries conspired to cover up their accounting for spare parts to evade federal income taxes .,1.8119225526265774,0.2932146900373401,0.737655492961976,0.6783951174912316,0.7067853099626599
1257,"`` The terms announced today are strictly between the United States and Gulf Power , '' said U.S. Attorney Robert L. Barr .",1.8447591105596066,0.3252917079595001,0.7488859439745803,0.6139009897945965,0.6747082920404999
1258,`` This is only a further step in a lengthy investigation . '',1.5965298078587287,0.3076778902626951,0.6251756537359784,0.7756277436878898,0.6923221097373048
1259,"The plea settlement does not allow Southern Co. to charge any of the $ 500,000 to its customers , or take action against employees who provided information during the federal inquiry .",1.9973795925279259,0.2957932583205383,0.7022140788545246,0.706210745788864,0.7042067416794617
1260,"Gulf Power had been under investigation for violating the Utility Holding Company Act , which prohibits public utilities from making political contributions .",1.2830336958403024,0.20342548104830804,0.8280242077001175,0.7674264310464334,0.7965745189516922
1261,"In a statement , Southern Co. President Edward L. Addison said , `` We believe our decision to plead -LRB- guilty -RRB- to these charges is responsible and proper .",2.310007498204927,0.36644835469992,0.6463981244666419,0.6212058362218809,0.63355164530008
1262,"And our action today will allow Gulf Power to avoid prolonged , distracting legal proceedings . ''",1.589385294626699,0.2599178628006348,0.7509891012255674,0.7294874516313266,0.7400821371993651
1263,"He did not say what effect , if any , the $ 500,000 fine would have on the company 's earnings .",1.8690643399438063,0.2873563020083118,0.7145930819260714,0.710704920819373,0.7126436979916879
1264,"Mr. Barr said yesterday 's plea by Gulf Power , which came after months of negotiations , was based on evidence that Gulf Power had set up an elaborate payment system through which it reimbursed outside vendors -- primarily three Florida advertising agencies -- for making illegal political contributions on its behalf .",3.060317394309199,0.47298232030236403,0.518918847009733,0.5353733194372118,0.5270176796976361
1265,"The Appleyard Agency , for example , allegedly made contributions from 1982 to 1984 to various funds for political candidates , then submitted bills to Gulf Power .",1.3562203018227539,0.21549520809714395,0.8279419530939552,0.7453982072459208,0.7845047919028563
1266,"The contributions were funded by monthly payments of $ 1,000 to $ 2,000 to Appleyard in the guise of a `` special production fee '' -- in effect , hiding the nature of the payments from the Internal Revenue Service , federal prosecutors said .",2.091556533657375,0.31671178729229693,0.7381518488611735,0.6360159001257386,0.6832882127077032
1267,"The government also indicated that former Gulf Power senior vice president Jacob F. `` Jake '' Horton was the mastermind behind the use of the ad agencies -- Appleyard , Dick Leonard Group II Inc. and Hemmer & Yates Corp. -- to make payments to various political candidates from 1981 to 1988 .",2.512493017464726,0.3937784013399387,0.6368010500883164,0.5784444552031304,0.6062215986600614
1268,"Mr. Horton , who oversaw Gulf Power 's governmental-affairs efforts , died mysteriously in a plane crash in April after learning he might be fired following the uncovering of irregularities in a company audit .",2.1613925854784144,0.32002814886834413,0.6965007177080041,0.6642093017918436,0.6799718511316557
1269,Government officials declined to say whether the investigation includes the ad agencies or the politicians involved .,2.0444051471860876,0.42020646322088895,0.5816547861680311,0.57794416109743,0.579793536779111
1270,"In New York Stock Exchange trading , Southern Co. rose 50 cents a share to $ 27.125 .",1.6596834989404012,0.29801885272613177,0.7210795598739312,0.6838683067318958,0.7019811472738682
1271,` Frequent Drinker ' Offer Stirs Up Spirited Debate,1.8616541669070523,0.4615193119771033,0.4942966142764044,0.5913391807070937,0.5384806880228968
1272,"TO GRAB a bigger piece of the declining scotch market , Seagram Co. has launched a controversial `` frequent drinker '' promotion for its Chivas Regal brand .",1.9581757651182299,0.2990177983526725,0.747495612272021,0.6599183446311015,0.7009822016473274
1273,"Under the program , dubbed Chivas Class , customers who send in two labels from Chivas bottles will receive an upgrade in seating class on some Trans World Airlines flights .",1.9739769135721663,0.3517524823430018,0.6314353126077651,0.6659794741283354,0.6482475176569982
1274,Repeat customers also can purchase luxury items at reduced prices .,1.3504320883884868,0.2870873792456932,0.6974751350085934,0.7290489417224063,0.7129126207543068
1275,"But at a time of mounting concern over alcohol abuse , some liquor marketers consider Seagram 's frequent buyer promotion risky .",1.7781552490347141,0.3127162191544687,0.7006724156809162,0.6743972194466554,0.6872837808455308
1276,"`` I 'm surprised they 're doing this , '' says Penn Kavanagh , president of Schieffelin & Somerset Co. , which markets Johnnie Walker scotches .",2.0565106457529803,0.33913359009650024,0.7192340059521112,0.6112610804441767,0.6608664099035
1277,"`` I would be very leery of anything that says if you drink more , you get more . ''",2.2232196723355084,0.4009306452529298,0.614329624405595,0.5845488549998687,0.5990693547470702
1278,Others question the impact on Chivas 's upscale image of a promotion that has customers soaking off labels .,1.9881282900430177,0.3266362311600043,0.7251891842103315,0.6284516693320834,0.6733637688399957
1279,"`` It 's really bizarre , '' says Albert Lerman , creative director at the Wells Rich Greene ad agency .",1.4411744050709707,0.24606739373940556,0.7693478727395903,0.7391229503887813,0.7539326062605943
1280,"`` Chivas has an image of something you would savor , rather than guzzle . ''",1.5165414066556506,0.2534556532809574,0.7563816785312131,0.7369596139572124,0.7465443467190425
1281,Chivas Class is n't the first such promotion .,1.1111111111111116,0.2322413729638677,0.6738597578300081,0.8920629867197594,0.7677586270361323
1282,"Last year , J&B Scotch offered 500 TWA frequent flier miles in exchange for a label .",1.5722974090117985,0.27771982589452254,0.737607939431419,0.7075764737253278,0.7222801741054774
1283,And Dewar 's gave discounts on Scottish merchandise to people who sent in bottle labels .,1.4449634674227338,0.2723757807414663,0.6766794152014499,0.7868644668285408,0.7276242192585335
1284,But the scope of Seagram 's Chivas promotion sets it apart .,0.5629072918469555,0.08972515320930859,0.878140893446774,0.9448498934839926,0.9102748467906912
1285,The current campaign is just the first leg of an aggressive three-to-five-year direct marketing plan .,1.9449634674227343,0.3847575492062986,0.6277352899076721,0.6032371598584277,0.6152424507937014
1286,Seagram says the promotion is designed to build brand loyalty rather than promote heavy drinking .,0.6556390622295662,0.10651031608602705,0.9166666666666669,0.8714558115708683,0.8934896839139731
1287,"Seagram asks customers to buy only two or three bottles over a 12-month period , says Richard Shaw , vice president of U.S. direct marketing .",1.7934304031957948,0.27065320974325874,0.7552101560305959,0.7051962304364329,0.729346790256741
1288,`` We 're not asking them to save up 50 proof-of-purchases .,1.333333333333333,0.2422807093949897,0.7144452170993387,0.8065735963827291,0.7577192906050101
1289,"We 're not saying drink more , we 're saying trade up . ''",1.5903330361778867,0.3143327814609955,0.610240508928312,0.782369327288443,0.6856672185390046
1290,Goya Concocts a Milk For Hispanic Tastes,0.6792696431662097,0.15565257401499102,0.7306239305568805,0.9999999999999998,0.8443474259850089
1291,MOST FOOD companies these days are trimming the fat and cholesterol content of their products to appeal to health-conscious consumers .,1.3459363098328758,0.22045140056580206,0.8296001022463069,0.7351928809970499,0.779548599434198
1292,But Goya Foods Inc. believes it can milk some sales by bucking the trend .,1.5346366672435927,0.2552419657360727,0.7447580342639275,0.7447580342639275,0.7447580342639274
1293,"The Secaucus , N.J. , company has formed a joint venture with a distributor called La Lecheria to market a higher-fat milk targeted at Hispanic consumers .",2.217566777071379,0.35771512524958593,0.6614704314231858,0.6241808793693425,0.6422848747504144
1294,"To give Leche Fresca the creamier taste Goya says Hispanics prefer , the new brand has a butterfat content of 3.8 % .",1.304347826086957,0.21966101550126735,0.7474996768768071,0.8161962854822097,0.7803389844987328
1295,That compares with 3.5 % butterfat for whole milk .,0.8000000000000007,0.13689590811625363,0.8631040918837465,0.8631040918837465,0.8631040918837465
1296,"A spokesman for Borden Inc. , the nation 's largest milk producer , concedes Goya may be on to something .",1.7316441893619174,0.2906993533243488,0.6724521876801423,0.7504216071341502,0.709300646675651
1297,"Borden sells considerably more whole milk than reduced-fat milks in southern and Hispanic markets , he says .",1.2844119710424309,0.2111591438541473,0.8195287323428857,0.7603682877563249,0.7888408561458529
1298,"Borden even tested a milk with 4 % butterfat in the South , but decided the market was too small .",1.4178303576579685,0.22103784538189813,0.7497674256069848,0.8105225913671309,0.7789621546181018
1299,Goya is selling Leche Fresca in nearly 500 grocery stores and bodegas in New York and parts of New Jersey .,1.4760220201118863,0.28060919977747106,0.687028401560757,0.7549527688711507,0.7193908002225287
1300,"And it 's adding 15 to 20 new outlets a day , says Greg Ricca , sales director at La Lecheria .",1.3070403410074318,0.1917627506978915,0.8492712770091555,0.7709857250148284,0.8082372493021087
1301,"Because of Leche Fresca 's success , he says , the joint venture is developing other dairy products tailored to Hispanic tastes .",1.6582158907572895,0.2543532286335163,0.782814996350883,0.7118480713005123,0.7456467713664839
1302,Jewelry Makers Copy Cosmetics Sales Ploys,0.6016067457394687,0.316360130955631,1.0000000000000002,0.5193410625009365,0.6836398690443692
1303,"FOR YEARS , costume jewelry makers fought a losing battle .",1.0909090909090908,0.23029316338304956,0.7697068366169505,0.7697068366169504,0.7697068366169505
1304,Jewelry displays in department stores were often cluttered and uninspired .,1.341353409287588,0.2572661992008365,0.7592162177719058,0.7269518364431846,0.7427338007991635
1305,"And the merchandise was , well , fake .",0.7505430557959416,0.14588204357457457,0.831752065714278,0.8777199272247981,0.8541179564254254
1306,"As a result , marketers of faux gems steadily lost space in department stores to more fashionable rivals -- cosmetics makers .",1.353383523218969,0.25796377224425676,0.810689540405148,0.684102914299746,0.742036227755743
1307,"But lately , retailers say , fake has become more fashionable .",1.4591479170272441,0.2713460120775266,0.7286539879224732,0.7286539879224732,0.7286539879224732
1308,And jewelry makers are beginning to use many of the same marketing tricks honed in the aggressive world of cosmetics .,1.2225986686051167,0.21469999288702177,0.7765658246359038,0.7942328944606366,0.7853000071129781
1309,"Last year , the total women 's fashion jewelry business topped $ 4.9 billion , says Karen Alberg , editor of Accessories magazine .",1.5635744764721018,0.2492539759904761,0.7889314578952901,0.7160863973597925,0.7507460240095237
1310,"And it 's growing fast , with annual sales gains of more than 10 % .",1.2971804688852169,0.21791026287710996,0.6995029355858697,0.8867883928056316,0.7820897371228901
1311,"To increase their share of that business , jewelry makers such as Crystal Brands Inc. 's Trifari and Monet units and Swank Inc. , maker of Anne Klein jewelry , are launching new lines with as much fanfare as the fragrance companies .",2.4476092373237437,0.37470220509307633,0.6534927752152444,0.599435134368601,0.6252977949069237
1312,"They 're hiring models to stroll the aisles sporting their jewels , and they 're even beginning to borrow a perennial favorite of the beauty business -- offering a gift when consumers make a purchase .",2.044631428683462,0.3283240065815083,0.6794195533366957,0.664106956023544,0.6716759934184919
1313,"`` We 've started trying just about anything to keep sales moving in the stores , '' says Kim Renk , a Swank vice president .",1.5272886901748723,0.23400680370874433,0.8099995974947939,0.7265220403900655,0.7659931962912558
1314,But there are limits .,0.40000000000000036,0.09425390072448082,0.8277293767706427,1.0,0.9057460992755192
1315,Ms. Renk says retailers nixed a promotion for pins with animal motifs .,1.296519459405642,0.27252379169781477,0.7376711667311079,0.7175592065124812,0.7274762083021852
1316,Her idea : bring in live zoo animals .,1.7233083338141046,0.3732898904302688,0.5979281899790009,0.6584030519973932,0.6267101095697314
1317,"Trifari , whose national ads earlier this year included paper cutouts of its costume finery , takes a tamer approach .",2.191238687190642,0.3682708579627437,0.6596398593170975,0.6060844635495888,0.6317291420372559
1318,"The company focuses on the how-to aspects , says Andrew E. Philip , president .",1.2679700005769243,0.21088975804476343,0.8821259008532127,0.7138395201152851,0.7891102419552363
1319,Trifari now trains sales help to advise customers on the best earring styles .,1.2928475335792768,0.24134345442797753,0.716700187629022,0.8058306940138568,0.7586565455720224
1320,But cosmetics firms still have one big marketing edge : They motivate sales people with commissions .,1.4284364058913281,0.29022584075058655,0.6478330037769561,0.7848122941468828,0.7097741592494134
1321,Jewelry makers rarely pay commissions and are n't expected to anytime soon .,1.2511278851146468,0.2393735929897942,0.7469388845855682,0.7748249363822368,0.7606264070102059
1322,Odds and Ends,0.666666666666667,0.26631956334878915,1.0,0.5793801642856952,0.7336804366512111
1323,"DESPITE GROWING interest in the environment , U.S. consumers have n't shown much interest in refillable packages for household products .",1.3760284262971307,0.23198717160251978,0.8164293410133772,0.7250173019239071,0.7680128283974802
1324,"Procter & Gamble Co. recently introduced refillable versions of four products , including Tide and Mr. Clean , in Canada , but does n't plan to bring them to the U.S. .",1.9540414066556497,0.2950040550784916,0.7016210876434114,0.7084034258247744,0.7049959449215084
1325,Marketers believe most Americans wo n't make the convenience trade-off ... .,1.937092708153044,0.43624765011268346,0.43833935343180086,0.7896900821428472,0.5637523498873164
1326,"Braumeisters Ltd. tests a beer brewed with oat bran , rather than rice or corn .",1.5699634674227338,0.30870303033600505,0.6335992165793558,0.7605558349250627,0.6912969696639949
1327,"Called Otto 's Original Oat Bran Beer , the brew costs about $ 12.75 a case .",1.747617996738041,0.3102676083503793,0.6620751852770262,0.7198010084480584,0.6897323916496207
1328,"No cholesterol , of course .",0.666666666666667,0.1480409554829327,1.0000000000000002,0.7420981285103058,0.8519590445170675
1329,"Northwest Airlines settled the remaining lawsuits filed on behalf of 156 people killed in a 1987 crash , but claims against the jetliner 's maker are being pursued , a federal judge said .",2.2826364845422606,0.3444444877569731,0.692109098962762,0.6226693692618874,0.6555555122430271
1330,"Northwest , a unit of NWA Inc. , and McDonnell Douglas Corp. , which made the MD-80 aircraft , also are pursuing counterclaims against each other in the crash near Detroit Metropolitan Airport .",2.0538151481853566,0.3304688025741753,0.6852754670167635,0.6544941319605548,0.6695311974258246
1331,Terms of the settlements for the remaining 145 lawsuits against Northwest were n't disclosed .,1.0843108337660272,0.17499787844353423,0.8502029132863093,0.8012522716039345,0.8250021215564657
1332,A total of 157 lawsuits were filed on behalf of crash victims .,0.7972713828154063,0.1403515559575306,1.0,0.753845109914933,0.8596484440424695
1333,U.S. District Judge Julian A. Cook Jr. announced the settlements as the jury trial was to begin yesterday .,2.1575641294574184,0.40819205314899065,0.6344841874599192,0.5545108200739678,0.591807946851009
1334,He reset opening arguments for today .,0.9649839288804962,0.20753565833176318,0.7306239305568806,0.8657411483701791,0.7924643416682371
1335,"The jury will resolve the claims against McDonnell Douglas , Northwest 's claim that a defect in the aircraft caused the crash , and McDonnell Douglas ' claim that the plane was improperly flown .",1.6903216988208607,0.25593263759545226,0.7754954109133246,0.7150874326647485,0.7440673624045474
1336,The National Transportation Safety Board ruled that pilots failed to set the plane 's wing flaps and slats properly for takeoff and failed to make mandatory preflight checks that would have detected the error .,1.8308057152747272,0.29466411748330573,0.6582686063794195,0.7596522544048064,0.705335882516694
1337,"Also , a cockpit warning system failed to alert the pilots the flaps and slats were not set for takeoff , the NTSB said .",1.4585757378684043,0.23495236476537007,0.7998607878335472,0.7331385042785767,0.7650476352346295
1338,"The only passenger who survived the crash was Cecelia Cichan , then 4 , of Tempe , Ariz. , whose parents and brother died in the crash .",1.851731122570154,0.2948387910340518,0.6898612590612769,0.7211552053980678,0.7051612089659482
1339,She now lives with relatives in Alabama .,0.25,0.047619047619047616,0.9090909090909091,1.0,0.9523809523809523
1340,"Sun Myung Moon , the Korean evangelist-industrialist who in 1954 founded the Unification Church , remains the mystery man behind a multimillion-dollar political and publishing operation based in this country and catering to the American right .",2.228767390451628,0.3625027110799256,0.626411662883402,0.6489823490689608,0.6374972889200745
1341,But there may be less there than meets the eye .,1.4190582249488006,0.2580197337484697,0.622518009832378,0.9181806898099119,0.7419802662515304
1342,"Mr. Moon planned to convert millions of Americans to his unique brand of Christianity -- in which he plays the role of Old Testament-style temporal , political messiah -- and then to make the U.S. part of a unified international theocracy .",2.6795855590791815,0.43055016827273823,0.5435317467650383,0.5979634707781054,0.5694498317272616
1343,His original strategy -LRB- in itself a brilliant innovation for spreading a religion -RRB- was to create new economic enterprises each time he wanted to extend and fund his various religious missions .,2.625612209518007,0.47278575005540024,0.4810514535777269,0.5831772732572688,0.5272142499445999
1344,Tax-exempt airport and street-corner solicitations were intended only to provide start-up funds .,1.0972817312684935,0.20393597120788678,0.7607688944832265,0.8347934610019553,0.7960640287921134
1345,"More stable industries were to build an economically viable infrastructure for the Moon movement in North America , as they had in Japan and South Korea .",1.4851802025966636,0.23849840163879962,0.6856874499434527,0.8561648588352699,0.7615015983612007
1346,Then he would move his movement to Europe .,0.666666666666667,0.12750047008764348,0.7738351806137475,1.0,0.8724995299123566
1347,But that was not to be .,1.1428571428571432,0.2930084280109053,0.6166497805700455,0.8283480523167006,0.7069915719890949
1348,Throughout the 1970s and early 1980s spokesmen for both the Unification Church and its opponents in the anticult movement gave wildly exaggerated membership figures .,1.4047766191505486,0.24045526304974663,0.7562867029066398,0.762830963242763,0.7595447369502533
1349,Their legacy lives on .,0.40000000000000036,0.09425390072448082,0.8277293767706427,1.0,0.9057460992755192
1350,"It is still common to read in the press that the church has 10,000 or more full-time American members and 25,000 `` associates . ''",1.5305865002596155,0.22518142630301444,0.7782759809700116,0.7713917488839933,0.7748185736969856
1351,"Some estimates have gone as high as 80,000 members .",0.8754887502163458,0.1517740954247139,0.7836309070274349,0.9244267583903902,0.848225904575286
1352,"But internal church documents clearly show that at its publicity-seeking heights , as when it organized a spectacular Yankee Stadium bicentennial rally in 1976 , there actually were only about 2,000 full-time Unification Church members in the U.S.",2.387602391421763,0.366752462929532,0.600546743706195,0.669714640244678,0.633247537070468
1353,"Mr. Moon 's support for a Watergate-beleaguered Richard Nixon , the Koreagate scandal , and his prison sentence for income-tax evasion did not help the church 's recruitment efforts .",2.121624683058153,0.35410547755343147,0.6392756287534996,0.6526519106858655,0.6458945224465685
1354,"Defections , burnouts , and abduction `` deprogrammings '' kept member turnover high .",1.5085296770545535,0.3039354218329633,0.9236161735898983,0.5584733342642596,0.6960645781670366
1355,That the membership number has even kept close to its 1976 size is the result of the `` graying '' of the church .,1.5780959575386353,0.26175426095060517,0.7314467088319118,0.745172353507503,0.738245739049395
1356,"Many of the enthusiastic young `` Moonies '' of the Nixon era who remained faithful to Father Moon are now parents , producing new members by procreation rather than conversion .",1.9464095621818496,0.32560651318208306,0.6668371997013557,0.6821229853043146,0.6743934868179169
1357,The reputed wealth of the Unification Church is another matter of contention .,1.654598077255919,0.3042329658737655,0.7109487525089311,0.6812201453844658,0.6957670341262345
1358,"For a while in the 1970s it seemed Mr. Moon was on a spending spree , with such purchases as the former New Yorker Hotel and its adjacent Manhattan Center ; a fishing/processing conglomerate with branches in Alaska , Massachusetts , Virginia and Louisiana ; a former Christian Brothers monastery and the Seagram family mansion -LRB- both picturesquely situated on the Hudson River -RRB- ; shares in banks from Washington to Uruguay ; a motion picture production company , and newspapers , such as the Washington Times , the New York City Tribune -LRB- originally the News World -RRB- , and the successful Spanish-language Noticias del Mundo .",2.9323531282724167,0.48761780708563784,0.5172088640630278,0.5076447752850688,0.5123821929143625
1359,Yet these purchases can be misleading .,0.5714285714285712,0.1133049180745301,0.7964530359382731,1.0,0.8866950819254699
1360,"Most were obtained with huge inputs of church money from South Korea and Japan , minimum cash downpayments and sizable mortgages .",1.4895863605984987,0.2602221610481605,0.7738937442028186,0.70854282749187,0.7397778389518394
1361,"Those teams of young fund-raisers selling flowers , peanuts or begging outright at traffic intersections brought in somewhere near $ 20 million a year during the mid-to-late 1970s , but those revenues were a pittance compared to the costs of Mr. Moon 's lavish international conferences , speaking tours , and assorted land buys .",2.579569639645506,0.4013864000333677,0.6107190733099651,0.5869787005133422,0.5986135999666327
1362,"Only his factories in Japan and Korea , employing his followers at subsistence wages and producing everything from rifles to ginseng to expensive marble vases , kept the money flowing westward .",1.8600951085209925,0.3037701604896074,0.7079543575140638,0.6848873372281623,0.6962298395103924
1363,"Virginia Commonwealth University sociologist David Bromley , who more than any other researcher has delved into the complex world of Unificationist finances , has concluded that profitable operations in the U.S. have been the exceptions rather than the rule .",2.5063710847132734,0.3740997130691583,0.6439849181152477,0.6088036301531176,0.6259002869308413
1364,"Likewise , journalists John Burgess and Michael Isikoff of the Washington Post have estimated that at least $ 800 million was transferred from Japan to the U.S. to deal with the church 's annual operating losses in this country .",2.1182263988300125,0.3020688218073974,0.704182870262626,0.6917895135784783,0.6979311781926023
1365,Mr. Moon 's two English-language U.S. newspapers illustrate the scope of this financial drain .,1.0843108337660263,0.16777715766180598,0.8945551209776182,0.7780112954838004,0.8322228423381939
1366,"Start-up costs for the Washington Times alone were close to $ 50 million , and the total amount lost in this journalistic black hole was estimated at $ 150 million by 1984 .",2.2488787699565025,0.3456316691219188,0.6307902445976626,0.6797774943035535,0.654368330878081
1367,"Since then , Moon 's organization has inaugurated a pair of high-quality glossy opinion magazines , The World and I and Insight , which are a further drain .",2.1101189448245075,0.3342814301608997,0.6232799160367197,0.7143587091545115,0.6657185698391003
1368,"Insiders say that not even their editors know for sure how much these show-piece publications , along with the newspapers , have cost Mr. Moon .",1.718116710117581,0.2647450400853855,0.7176397454452371,0.7537567026899913,0.7352549599146143
1369,"Many American church-owned businesses , such as a $ 30 million factory to build fishing vessels , are defunct .",1.7741971727682015,0.30226579902302864,0.7052139429127908,0.6904114592801489,0.6977342009769714
1370,Some components of the American church had their budgets cut in half last year and again this year .,2.013929605604757,0.3366980840014204,0.6922657360517327,0.6366644090172369,0.6633019159985796
1371,The relatively small academic conferences that have attracted conservative guests -- and press scrutiny -- in recent years are much more narrowly targeted and austere than the thousand-person get-togethers in fancy digs and exotic locales of years past .,2.9892423648988875,0.5560934920973891,0.4050644240598704,0.4909878896339074,0.44390650790261094
1372,I attended several of these in the dual role as a presenter of research findings as well as an investigator of my hosts .,2.1410032493855904,0.3691800053394536,0.6701310533731875,0.5958654840320476,0.6308199946605464
1373,-LRB- Mr. Moon 's Paragon House eventually even published three of my co-edited books on religion and politics . -RRB-,2.1264662506490404,0.3769059718431754,0.5414293268763566,0.7337697627528044,0.6230940281568246
1374,"According to veteran watchers of Unificationist affairs , such as Dr. J. Gordon Melton , director of the Institute for the Study of American Religion , almost all operations are being drastically reduced as Mr. Moon now concentrates more on developing his empire in the Far East .",2.3798282458797253,0.3651140037744683,0.6538434850561115,0.6169968363561469,0.6348859962255318
1375,"`` Everything , '' one non-`` Moonie '' senior consultant to the Unification Church recently told me in an interview , `` is going back to Korea and Japan . ''",1.8524490956522754,0.29119922932464,0.7021178334303381,0.7156121502820348,0.7088007706753601
1376,-LRB- Europe had proved even less hospitable than North America .,1.4099795458479045,0.32937888468586735,0.5388975931253451,0.8875715099209506,0.6706211153141327
1377,European politicians were less reluctant to have their governments investigate and harass new religions . -RRB-,1.4221804688852173,0.26389955420723604,0.7133103394418896,0.7603948931392939,0.736100445792764
1378,"So Mr. Moon is in retreat , refocusing on the Far East .",1.296519459405642,0.2559687968679225,0.7182395942131214,0.7717441320772465,0.7440312031320774
1379,South Korea and Japan continue to be profitable .,0.30609861135149696,0.05949597510024328,1.0000000000000002,0.8876900403616652,0.9405040248997569
1380,"Moon 's Tong'Il industry conglomerate is now investing heavily in China , where church accountants have high hopes of expanding and attracting converts even in the wake of the bloody massacre in Tiananmen Square .",2.4179768709454468,0.36728132328118446,0.6399117364478406,0.6256855295992192,0.6327186767188154
1381,Panda Motors is one such investment .,0.8571428571428581,0.18016411739235053,0.7733901638509398,0.8722165935233486,0.8198358826076496
1382,"According to senior consultants to the church , Mr. Moon has successfully negotiated a joint venture with the Chinese government to build an automobile-parts plant in Guangdong Province , an area of China with a substantial Korean minority .",2.588505369244898,0.4115932539838357,0.6072468806500968,0.5707004814813066,0.5884067460161645
1383,Mr. Moon has agreed to put up $ 10 million a year for 25 years and keep the profits in China .,1.4099795458479036,0.21003764823841084,0.8064508764332995,0.7741345596917799,0.7899623517615891
1384,"In return , he has the government 's blessing to build churches and spread Unificationism in that country .",1.7828580516277475,0.2833556615004741,0.760235823665223,0.6777807782452498,0.7166443384995258
1385,"Whatever respectability and ties to intellectuals and opinion-makers the publications and conferences bring really are salvage -- not the Rev. Moon 's original final goals , but the ones for which he will have to settle .",1.7256343630260629,0.26646610937210113,0.7117916255733672,0.756646278217856,0.7335338906278986
1386,"Mr. Shupe is co-author -LRB- with David G. Bromley -RRB- of `` ` Moonies ' in America : Cult , Church , and Crusade '' and `` Strange Gods : The Great American Cult Scare .",2.5266329043292144,0.4804309718081783,0.5341584330117688,0.5057553921980129,0.5195690281918217
1387,The Manville Personal Injury Settlement Trust said it is considering several ways to ease a liquidity crunch that could include the sale of Manville Corp. to a third party .,2.3338670810334503,0.37268707708949367,0.6408794706407407,0.6143088393473697,0.6273129229105063
1388,"In a filing with the Securities and Exchange Commission , the majority holder of Manville acknowledged that the cash portion of its initial funding of $ 765 million will be depleted next year , and that alternative sources of funds will be necessary to meet its obligations .",2.1626952378053446,0.3096121966387703,0.6814645169486314,0.6995478783506048,0.6903878033612296
1389,"The trust , which was created as part of Manville 's bankruptcy-law reorganization to compensate victims of asbestos-related diseases , ultimately expects to receive $ 2.5 billion from Manville , but its cash flow from investments has so far lagged behind its payments to victims .",2.070239558581391,0.2964961258356167,0.7218876201073596,0.6860332045077404,0.7035038741643836
1390,Spokespersons for both the trust and the company refused to comment on whether any talks with a possible acquirer of Manville had actually taken place .,2.624570421443365,0.43691297401732115,0.5260998097530118,0.6056682677293143,0.5630870259826788
1391,"The trust is considering a sale of its Manville holdings , but Manville has the right of first refusal on any sales of its stock held by the trust .",2.1161314485121325,0.33784238709042985,0.6972007391347698,0.6304686170601338,0.6621576129095699
1392,"Manville , a forest and building products concern , has offered to pay the trust $ 500 million for a majority of Manville 's convertible preferred stock .",1.8417011219748884,0.28005419971052037,0.7093332661019508,0.7308807118639594,0.7199458002894796
1393,"Manville and the trust are discussing the offer , but no decision has been made .",1.1949634674227338,0.2293298528531852,0.7345478247158901,0.8105289373141975,0.7706701471468147
1394,The filing also said the trust is considering a sale of Manville securities in the open market ; an extraordinary dividend on the common stock ; or a recapitalization of Manville .,2.1050309499671847,0.358094217990211,0.6366000513080129,0.6473006970345062,0.6419057820097892
1395,"The Soviet Union 's jobless rate is soaring to 27 % in some areas , Pravda said .",1.4025062498798073,0.21883308384303637,0.7471946714465746,0.8183754960340522,0.7811669161569637
1396,It said the situation is caused by efforts to streamline bloated factory payrolls .,1.0000000000000009,0.16847950044886542,0.8520275240688202,0.8119774209430989,0.8315204995511347
1397,"Unemployment has reached 27.6 % in Azerbaijan , 25.7 % in Tadzhikistan , 22.8 % in Uzbekistan , 18.8 % in Turkmenia , 18 % in Armenia and 16.3 % in Kirgizia , the Communist Party newspaper said .",1.3259566003772871,0.23107722897356803,0.7411203627554214,0.7988924425797093,0.7689227710264318
1398,"All are non-Russian republics along the southern border of the Soviet Union , and all but Kirgizia have reported rioting in the past six months .",1.812285210721683,0.2903517571404057,0.6993472131571381,0.7202572670491509,0.7096482428595942
1399,The newspaper said it is past time for the Soviet Union to create unemployment insurance and retraining programs like those of the West .,1.7821208305486254,0.2817628278577121,0.7087043181340793,0.7280299775650055,0.7182371721422882
1400,"Pravda gave no estimate for overall unemployment but said an `` Association of the Unemployed '' has cropped up that says the number of jobless is 23 million Soviets , or 17 % of the work force .",2.2220674183617692,0.3243086333413999,0.7075105610918901,0.6466110343550086,0.6756913666586003
1401,"An 11-week dispute involving Australia 's 1,640 domestic pilots has slashed airline earnings and crippled much of the continent 's tourist industry .",1.7026634547274009,0.26565708905135954,0.7636183664932625,0.7072292891162363,0.7343429109486408
1402,"`` The only people who are flying are those who have to , '' said Frank Moore , chairman of the Australian Tourist Industry Association .",1.494413575856668,0.23542800813223794,0.8053909741393244,0.7276910141092948,0.7645719918677619
1403,He added : `` How is a travel agent going to sell a holiday when he can not guarantee a return flight ? '',1.697043998050023,0.2954820253887148,0.6968848912853789,0.7123201223063736,0.7045179746112851
1404,"Transport giant TNT , which owns half of one of the country 's two major domestic carriers , said the cost of the dispute had been heavy , cutting TNT 's profits 70 % to $ 12 million in the three months to Sept. 30 .",2.3147914321242107,0.3315514984329992,0.6978970464407834,0.641384563970801,0.6684485015670009
1405,"Brazilian financier Naji Nahas , who was arrested on Monday after 102 days in hiding , is likely to be interrogated next week by the Brazilian judiciary .",1.9945882654272964,0.30129178772916404,0.7137253340823204,0.6843100030688117,0.6987082122708359
1406,"Mr. Nahas , who single-handedly provoked a one-day closure of Brazil 's stock markets in June when he failed to honor a debt of $ 31.1 million owed to his brokers , yesterday blamed his predicament on the president of the Sao Paulo stock exchange ; a few days before Mr. Nahas 's failure , the exchange raised the required margin on stock-margin transactions .",2.610054910176734,0.3783135414857742,0.6534483372959377,0.5928691270263912,0.6216864585142259
1407,China 's parliament ousted two Hong Kong residents from a panel drafting a new constitution for the colony .,2.1781093676449546,0.3693781170949122,0.6354700050740407,0.6258471751455196,0.6306218829050876
1408,"The two , Szeto Wah and Martin Lee , were deemed unfit because they had condemned China 's crackdown on its pro-democracy movement .",1.6288993304083688,0.24902812071533845,0.7044615185940843,0.8040578455519822,0.7509718792846615
1409,"The committee is formulating Hong Kong 's constitution for when it reverts to Chinese control in 1997 , and Chinese lawmakers said the two can only return if they `` abandon their antagonistic stand against the Chinese government and their attempt to nullify the Sino-British joint declaration on Hong Kong . ''",2.36715599451606,0.3732266231224195,0.5475145773220771,0.732863483617129,0.6267733768775805
1410,NUCLEAR REACTOR FOR ISRAEL ?,0.8000000000000003,0.20812433153147844,0.7918756684685216,0.7918756684685216,0.7918756684685216
1411,"Israeli officials confirmed that Energy Minister Moshe Shahal and his Canadian counterpart , Jake Epp , discussed a possible Israeli purchase of a $ 1.1 billion Canadian nuclear reactor for producing electricity .",2.6751719678028456,0.421126578573191,0.5601105306181954,0.5989369406878517,0.5788734214268088
1412,"However , a Canadian Embassy official in Tel Aviv said that Canada was unlikely to sell the Candu heavy-water reactor to Israel since Israel has n't signed the Nuclear Non-Proliferation Treaty .",1.9415789277754967,0.3361844520152593,0.6360679183347687,0.6940945117542983,0.6638155479847406
1413,Israel has been accused in the past of using subterfuge to seek elements needed to develop nuclear weapons .,1.6775948937330103,0.2950309019659719,0.6669137859124814,0.7476302375110939,0.7049690980340279
1414,The South Korean government is signing a protocol today establishing formal diplomatic relations with Poland .,1.7028195311147831,0.3122823928791672,0.6818181818181819,0.6937200129032117,0.6877176071208327
1415,The two are also signing a trade agreement .,1.734404497159646,0.37659863633249524,0.5267036305200798,0.7635889728979416,0.6234013636675048
1416,"South Korean government officials said they do n't expect that Seoul can loan money to Warsaw , but it can `` offer experience . ''",1.8545811190640116,0.29660293596960713,0.6758785811912437,0.7332514922791786,0.7033970640303928
1417,Poland is the second Communist nation to recognize the Seoul government ; South Korea established diplomatic relations with Hungary in February 1989 .,1.8169760844269938,0.31118766767665873,0.6775036954752565,0.7005048965683821,0.6888123323233414
1418,"Venezuela will hold a debt-equity auction Friday , with 32 potential bidders participating .",1.0539205358688184,0.18478013055400858,0.7516362555922521,0.8905551305006955,0.8152198694459913
1419,"Earlier this year , Venezuela announced it was opening up debt-equity swaps to foreign investors but said the program would be limited to a net disbursement of $ 600 million a year .",1.8007855140975941,0.27012480749805856,0.7164481095151766,0.7438151664286086,0.7298751925019417
1420,Friday 's auction will be limited to $ 150 million disbursed by the Central Bank to potential investors .,1.046015946364589,0.16351133617395155,0.8043613588017919,0.8712891576926584,0.8364886638260485
1421,"The office of foreign investment has authorized some $ 1.78 billion worth of investment proposals , said Edwin Perozo , superintendent of foreign investment .",1.4104449971536006,0.22329585391930612,0.7971065055316041,0.7573201395528993,0.7767041460806936
1422,"Most of the proposals are in tourism , basic industry and fishery and agro-industry projects , he said .",1.4273376567770395,0.23220257124781743,0.8366357477829077,0.7094259233843853,0.7677974287521825
1423,"Under the debt-equity program , potential investors will submit sealed bids on the percentage of discount they are willing to purchase the debt at , and the bids will be allocated based on these discount offers .",1.9741059684290558,0.3261844071708355,0.6743118436015233,0.6733200719378816,0.6738155928291643
1424,The Venezuelan central bank set a 30 % floor on the bidding .,1.0392134618713031,0.17165807436268324,0.890698261761716,0.774145274516239,0.8283419256373167
1425,A song by American singer Tracy Chapman praising jailed black leader Nelson Mandela was banned from South African state radio and television .,1.5718962293530496,0.30924130459934396,0.6219497215107523,0.776686910308858,0.6907586954006562
1426,The South African Broadcasting Corp. said the song `` Freedom Now '' was `` undesirable for broadcasting . '' ...,0.9195179762781596,0.16383695434623194,0.8662619346355226,0.8080855371118236,0.8361630456537682
1427,Britain 's House of Commons passed a law that will force English soccer fans to carry identity cards to enter stadiums .,1.4888585228256108,0.24731765750600487,0.7657767139985374,0.7400282558280868,0.7526823424939948
1428,"The `` anti-hooligan '' law , which would deprive troublemakers of cards , must be ratified by the House of Lords and is expected to become effective early next year .",1.8352855803090682,0.2833972535515798,0.7106747895640602,0.7226304289965034,0.7166027464484203
1429,"A federal judge ruled that Imelda Marcos was n't brought to the U.S. against her will and that marital privileges , which protect spouses from incriminating each other , do n't apply in her case .",2.6324487769585625,0.38846306726868846,0.5938380390299687,0.6303232402658965,0.6115369327313114
1430,"As a result , Judge John F. Keenan of New York ordered Mrs. Marcos to turn over to the court all pleadings and documents she may have filed in foreign countries in opposition to U.S. requests for evidence .",2.351702974889073,0.3876488851070872,0.6239909733035239,0.6011375614916218,0.6123511148929127
1431,Mrs. Marcos had claimed that she did n't have to turn over the documents because she was brought here involuntarily and because providing the materials would violate her marital privilege .,2.5864777247543227,0.4029604314310972,0.5509848249634649,0.6514956314336641,0.5970395685689025
1432,"In 1988 , a year and a half after Mrs. Marcos and her late husband , Ferdinand Marcos , the ousted president of the Philippines , fled the Philippines for Hawaii , they were charged with racketeering , conspiracy , obstruction of justice and mail fraud in a scheme in which they allegedly embezzled more than $ 100 million from their homeland .",2.4237190941681632,0.3700223872839787,0.6039326925542462,0.6583701785579423,0.629977612716021
1433,"Much of the money was fraudulently concealed through purchases of prime Manhattan real estate , federal prosecutors have charged .",1.6132331253245198,0.24330038212755578,0.8406637141457463,0.6879848346385091,0.7566996178724441
1434,Mrs. Marcos 's trial is expected to begin in March .,1.7049897729239523,0.3270101939722272,0.6586897955539808,0.6879244954002229,0.6729898060277729
1435,U.S. law requires criminal defendants to turn over foreign documents such as those sought in the Marcos case .,2.093391447937753,0.3499828830283003,0.6543636618407231,0.6457279340567066,0.6500171169716995
1436,"The law is meant to overcome delays caused by defendants ' use of foreign procedures to block U.S. requests for records , Judge Keenan said in his opinion .",2.2863366387516604,0.40370081201485664,0.5709758028186023,0.6239730578761999,0.5962991879851435
1437,"For instance , the documents could involve foreign business dealings or bank accounts .",1.0539205358688202,0.18834117064812006,0.8882469105530313,0.7472297892970489,0.8116588293518802
1438,"The U.S. has charged that the Marcoses ' alleged crimes involved bank accounts in the Philippines , Hong Kong , the U.S. and other countries .",1.0832614244761736,0.16811892245211527,0.8582398310420013,0.8070931696280413,0.8318810775478845
1439,"On the allegation of kidnapping , Judge Keenan wrote , `` The suggestion that Mrs. Marcos was brought to this country against her will is unsupported by affidavit or affirmation . ''",2.65140418294731,0.4125790256777245,0.6063090373171711,0.5696741799721673,0.5874209743222754
1440,The judge also said the two marital testimonial privileges cited by Mrs. Marcos do n't apply .,1.7861487045058997,0.2902663004094185,0.6543459227365711,0.775365283448199,0.7097336995905815
1441,The first one permits a witness to refuse to testify against her spouse .,1.393555357451925,0.2651274995992079,0.6794706267413321,0.8001110069306571,0.7348725004007923
1442,But Judge Keenan said that privilege 's purpose is `` fostering harmony in marriage . '',1.6250000000000004,0.29381776350180305,0.6613406307216925,0.7575470305596925,0.706182236498197
1443,"Because Mr. Marcos died Sept. 28 , the privilege can no longer apply , the judge said .",1.8071847229433775,0.29683297826628696,0.7031670217337129,0.7031670217337129,0.7031670217337129
1444,The second marital privilege cited by Mrs. Marcos protects confidential communications between spouses .,1.7331901790350286,0.3263955643071953,0.6625083464922061,0.6850785441712703,0.6736044356928046
1445,"But Judge Keenan said that privilege is meant to protect private utterances -- not litigation papers filed with foreign governments , as Mrs. Marcos 's attorneys maintained .",2.079958248483126,0.3236326755678491,0.6707399460540957,0.6820899269540545,0.6763673244321511
1446,"Though Judge Keenan threw out most of Mrs. Marcos 's objections , he agreed with one of her concerns : that turning over the foreign documents could violate the defendant 's constitutional right against self-incrimination .",2.5594157079838222,0.386187872312379,0.6022260592701705,0.6258527436584128,0.6138121276876211
1447,"As a result , he said he will examine the Marcos documents sought by the prosecutors to determine whether turning over the filings is self-incrimination .",1.8514986725929852,0.3031915025978798,0.7061476454456487,0.6877131545188618,0.6968084974021201
1448,Judge Keenan also directed the prosecutors to show that Mrs. Marcos 's Fifth Amendment right against self-incrimination wo n't be violated .,1.8810944538751873,0.3163172751915823,0.6742251737871197,0.6934093781994974,0.6836827248084174
1449,"Mrs. Marcos 's attorney in New York , Sandor Frankel , declined to comment on the ruling .",1.4397859422718682,0.2810826772991308,0.7082641343885735,0.729895879821827,0.7189173227008693
1450,Mrs. Marcos has n't admitted that she filed any documents such as those sought by the government .,1.6541354172676312,0.2748167882265504,0.6514388301997116,0.8177549642060484,0.7251832117734497
1451,"Charles LaBella , the assistant U.S. attorney prosecuting the Marcos case , did n't return phone calls seeking comment .",2.1314595241545344,0.40700725668386456,0.6039494492713141,0.5824265015134713,0.5929927433161354
1452,U.S. . AND BRITISH LAW FIRMS announce rare joint venture in Tokyo .,2.3861192314349133,0.5423767948229118,0.37825727017470895,0.5791379139816262,0.4576232051770882
1453,"Sidley & Austin , a leading Chicago-based law firm , and Ashurst Morris Crisp , a midsized London firm of solicitors , are scheduled today to announce plans to open a joint office in Tokyo .",2.0882575524926024,0.3432466443942785,0.6439010918783372,0.6701291309079624,0.6567533556057217
1454,The firms will be registered under Japanese law as foreign legal consultants and their practice with Japanese clients will be limited to advising them on matters of foreign law .,1.3330060294013544,0.22505057075194607,0.8035861499370052,0.7482834829772591,0.7749494292480541
1455,The office may also be able to advise foreign and multinational clients on international law and general matters .,1.0320863407598315,0.17461550242621116,0.8116514449919764,0.839590272015402,0.8253844975737886
1456,"The office will provide `` one-stop shopping '' for Japanese financial institutions and other clients seeking advice on access to the world capital markets , according to A. Bruce Schimberg , Sidley 's senior banking specialist , who will move to Tokyo from Chicago to open the office next year .",2.013103735301933,0.30341365146189353,0.748343227297233,0.6515255681261994,0.6965863485381066
1457,"The Sidley-Ashurst venture will also be staffed by another Sidley partner specializing in corporate law , a partner from Ashurst concentrating on acquisitions and a Japanese attorney .",2.1828362670987067,0.3531425884418677,0.639103275461218,0.6548020179443387,0.6468574115581324
1458,"The office will tap the resources of Sidley 's 700 lawyers in the U.S. , London and Singapore as well as the 400 Ashurst staff members in London and Brussels .",1.5251574620161996,0.2408166892018791,0.7579999449064918,0.7603703773349849,0.759183310798121
1459,Ashurst is new to the Far East .,0.6887218755408666,0.14314738365250718,0.8568526163474928,0.8568526163474928,0.8568526163474927
1460,Sidley will maintain its association with the Hashidate Law Office in Tokyo .,0.6811348440210265,0.11990689398339414,0.9420223909514854,0.8258041018336051,0.880093106016606
1461,THE UNITED AUTO WORKERS said it will seek a rehearing of a U.S. appellate court ruling against the union 's claim that the state of Michigan engages in wage-discrimination against female employees .,2.378554839477501,0.39858394302180256,0.5870054131699931,0.6165520537448244,0.6014160569781974
1462,A three-judge panel of the court in Cincinnati made the ruling Saturday .,1.3469057695636115,0.24765720609709369,0.768759002007145,0.736613036122242,0.7523427939029064
1463,The UAW is seeking a hearing by the full 14-judge panel .,1.3553885422075336,0.2632911469836094,0.6640919780795518,0.8271564379782971,0.7367088530163904
1464,"The union sued the state in November 1985 , alleging that it intentionally segregated job classifications by sex and paid employees in predominantly female jobs less than males in comparable jobs .",1.3227998147737825,0.20984116550718326,0.788243245665263,0.7920837565303223,0.7901588344928165
1465,The UAW also charged that the state applied its own standards for determining pay in a discriminatory manner .,1.8881212095224837,0.30519128961430125,0.6897928209776577,0.6998980810849275,0.6948087103856987
1466,"In November 1987 , a district court judge in Detroit ruled against the UAW .",1.5346366672435918,0.2800869114747646,0.7333853481989332,0.706926870042796,0.7199130885252352
1467,"The union is the bargaining representative for more than 20,000 Michigan state employees .",1.6513868199116981,0.29085956711260114,0.7477066791571608,0.6743574921423251,0.7091404328873993
1468,NEW JERSEY MERGER :,0.5,0.14285714285714285,1.0,0.75,0.8571428571428571
1469,"One of the largest law firms in central New Jersey has been created through the merger of Norris , McLaughlin & Marcus , a 41-lawyer firm , and Manger , Kalison , McBride & Webb , a health-care specialty law firm with 14 lawyers .",2.211623188281595,0.3539201938835974,0.6615943613960505,0.6312762189531016,0.6460798061164027
1470,"Norris McLaughlin is a general-practice firm that has expanded recently into such specialties as banking , labor and environmental work .",1.7083001419489134,0.27053909184523434,0.7125595166664672,0.7471835565906989,0.7294609081547654
1471,The merged firm will carry Norris McLaughlin 's name .,0.7999999999999998,0.1586088044345552,0.7795680197698871,0.9138646883853213,0.8413911955654448
1472,DRUG WARS :,0.666666666666667,0.26631956334878915,1.0,0.5793801642856952,0.7336804366512111
1473,A Texas legislator proposes color-coding drivers ' licenses of some drug offenders .,1.662280036495139,0.345192041888418,0.6307246434559504,0.6808034604711046,0.6548079581115818
1474,The bill would authorize courts to order the licenses as a condition of probation .,1.3576351984400183,0.24002831613146805,0.8430914374274595,0.6917705439021242,0.7599716838685318
1475,"State Senator J.E. `` Buster '' Brown , a Republican who is running for Texas attorney general , introduced the bill .",1.7280005650456136,0.3012386692490875,0.7590008167486955,0.6473807733510307,0.6987613307509124
1476,He said an altered license would be an `` embarrassment '' to teenagers and young adults and would act as a deterrant to drug use .,1.9739735589404646,0.32669292569046765,0.6700872022900535,0.676558039697516,0.6733070743095325
1477,"Richard Avena , executive director of the Texas Civil Liberties Union , called the proposal `` political gimmickry , '' and said it fails to recognize the drug problem as a health issue .",2.1361526612673742,0.34132029812576764,0.7011200431021963,0.621084111930776,0.6586797018742326
1478,"The amendment , offered by Rep. Douglas Bosco -LRB- D. , Calif. -RRB- , was approved 283-132 during debate on a bill designed to strengthen the Transportation Department 's authority in dealing with leveraged buy-outs of airlines .",2.262365651734311,0.36025871970986784,0.6536609185307769,0.6264021153025953,0.6397412802901319
1479,"The bill would require the agency to block the acquisition of 15 % or more of an airline 's stock if the purchase threatened safety , reduced the carrier 's ability to compete , or put the airline under foreign control .",1.896362161173097,0.29298290929757337,0.7294057337579106,0.6859619275274133,0.7070170907024266
1480,"Debate on the legislation , which faces a veto threat from President Bush , is to continue today .",1.4015363412152988,0.24935553938134425,0.7479106052867446,0.7533983755269729,0.7506444606186558
1481,The amendment would require the department to block the purchase of a major airline by anyone who has run two or more carriers that have filed for protection from creditors under Chapter 11 of the Bankruptcy Code .,2.78548609031485,0.4303229990178617,0.5614379782348835,0.5781614381328605,0.5696770009821385
1482,"In 1983 , Texas Air 's Continental Airlines filed for bankruptcy .",1.0000000000000009,0.19825101299950976,0.7822377339362117,0.8222584720802697,0.8017489870004904
1483,"Earlier this year , Texas Air 's Eastern Airlines filed for bankruptcy .",0.9811451924741128,0.17849851923161256,0.8129136273233449,0.8302727206699844,0.8215014807683874
1484,"`` This ought to be subtitled the ` Do n't let Frank Lorenzo take over another airline ' amendment , '' said Rep. James Oberstar -LRB- D. , Minn. -RRB- , chairman of the House aviation subcommittee , who argued that the provision was unnecessary because the bill already would give the department ample power to block undesirable deals .",2.8187404171956656,0.43764270211735684,0.554045204055479,0.5709225957118977,0.5623572978826431
1485,"For years , a strict regimen governed the staff meetings at Nissan Motor Co. 's technical center in Tokyo 's western suburbs .",1.9475646747596191,0.33109640815102515,0.6958825709350088,0.6439384570807182,0.6689035918489751
1486,Employees wore identification badges listing not only their names but also their dates of hire .,1.6109023444260848,0.3294886823521601,0.66000603350774,0.6813564350982838,0.6705113176478399
1487,"No one could voice an opinion until everybody with more seniority had spoken first , so younger employees -- often the most enthusiastic and innovative -- seldom spoke up at all .",3.337812498452335,0.5645647228844786,0.39273236545687934,0.48855753288557036,0.43543527711552144
1488,"But in 1986 , the badges and the `` do n't speak out of turn '' rule were abolished -- early steps in a cultural revolution still rolling on with all the subtlety of a freight train .",2.6136617478679867,0.41821362336000856,0.5755096567776362,0.588201518612789,0.5817863766399916
1489,"In recent years , Nissan has instituted flex-time work schedules and allowed employees to dress casually , even in blue jeans .",1.6695025433272974,0.2691436127930791,0.7308563872069208,0.7308563872069208,0.7308563872069208
1490,"A rule forbidding staffers to own competitors ' cars has been lifted , and now many designers drive foreign cars to get useful ideas .",1.5655268748970368,0.27851332366649095,0.7071215954873669,0.736447509203212,0.7214866763335089
1491,Nissan 's decades-old corporate song filled with references to Mount Fuji has been scrapped in favor of a snappy tune sung by a popular Japanese vocalist .,2.3223416446013947,0.4005292470840254,0.586231083765965,0.6133222596423615,0.5994707529159748
1492,"And in a Japanese corporate first , Nissan recently opened the first coed company dormitory for single employees at the suburban Tokyo technical center .",1.9206404972401394,0.3219153838043435,0.7090116984506211,0.6497428408383603,0.6780846161956564
1493,"`` We had lots of internal debate about this one , '' concedes Tadahiko Fukuyama , a senior public-relations official .",2.225193140628599,0.38381698340120873,0.6355472862004913,0.5979638632616778,0.6161830165987914
1494,"`` But in the end , top management decided to follow the voice of the younger generation . ''",0.952624498426835,0.16712428095394538,0.8358885680880871,0.8298845108289503,0.8328757190460545
1495,"This corporate glasnost is a big reason Nissan , after years of making lackluster cars and lousy profits , has loosened up its rigid ways and now is riding a string of hits , ranging from the sleek Maxima sedan and Porsche-like 300ZX to the whimsically nostalgic Pao , a minicar sold only in Japan .",3.0361108168579922,0.4578577045749486,0.5258497140620031,0.5594767548835571,0.5421422954250514
1496,The company 's turnaround is far from complete ; many crucial tests are just beginning .,1.5471804688852164,0.30286640101203705,0.5875457372741689,0.85697484096428,0.6971335989879628
1497,But its surprising progress so far holds important lessons for companies in trouble .,2.117963175314517,0.4300155103575028,0.5,0.6627487566304625,0.5699844896424974
1498,The big one : A company 's culture ca n't be radically changed unless top management first admits that things have gone badly awry and then publicly leads the charge .,2.7272689498059446,0.46431667191524795,0.502521416272028,0.5735312530052397,0.5356833280847519
1499,"Atsushi Muramatsu , Nissan 's executive vice president for finance , helped set the tone in December 1986 , when the company was heading toward the first operating loss by a Japanese auto maker since the nation 's postwar recovery .",2.577819133456365,0.41630121982144463,0.5884690718256415,0.5790052052289761,0.5836987801785555
1500,"`` This is a time of self-criticism to discover what is wrong with us , '' he said .",2.40050739339141,0.4230494524131198,0.5900325333907868,0.5644360770628313,0.57695054758688
1501,"Yutaka Kume , who took the helm as Nissan 's president in June 1985 , added simply , `` I am deeply disappointed . ''",1.3011730005192303,0.1987573777814779,0.8213159063473092,0.7821271272799829,0.8012426222185218
1502,No wonder .,0.666666666666667,0.26631956334878915,0.5793801642856952,1.0,0.7336804366512111
1503,"Nissan , Japan 's second-largest auto maker and the world 's fourth-largest , was getting beat up not only by its bigger rival , Toyota Motor Corp. , but also by Honda Motor Co. , the most successful Japanese car company in the U.S. but a relative pipsqueak in Japan .",2.2734727963234866,0.3709106775815056,0.5970419011602918,0.664772309140907,0.6290893224184942
1504,Nissan 's market share in Japan had been dropping year by year since the beginning of the decade .,1.7378710530870447,0.3209148964163387,0.6823360701846858,0.6758649683235866,0.6790851035836613
1505,"Its U.S. sales sagged , partly because of price increases due to the rising yen .",1.1415414066556506,0.18687879916210787,0.8410465208507899,0.786990699623835,0.8131212008378921
1506,"Worst of all , Nissan was preoccupied with management infighting , cronyism and corporate rigidity .",1.3443609377704338,0.22764021363386452,0.7409918090303109,0.8065009231089414,0.7723597863661356
1507,"Consider the experience of Satoko Kitada , a 30-year-old designer of vehicle interiors who joined Nissan in 1982 .",1.70339620929475,0.2800985233184961,0.7271082319905597,0.7128361792562791,0.7199014766815036
1508,"At that time , tasks were assigned strictly on the basis of seniority .",1.911063393011677,0.3527292949918981,0.6716653915020865,0.6245859304827887,0.647270705008102
1509,"`` The oldest designer got to work on the dashboard , '' she recalls .",1.2503258334775635,0.21694031720026427,0.80883411684448,0.7588771841590056,0.7830596827997356
1510,`` The next level down did doors .,0.75,0.14285714285714285,0.8999999999999999,0.818181818181818,0.857142857142857
1511,"If a new person got to work on part of the speedometer , that was a big deal . ''",2.3509775004326925,0.40412926158187523,0.5760657816363239,0.6170859556231052,0.5958707384181244
1512,"This system produced boring , boxy cars that consumers just were n't buying .",1.7331901790350295,0.30973024641386493,0.6354765128867738,0.7554035684681442,0.6902697535861353
1513,"Desperately hoping to spark sales , Nissan transferred 5,000 middle managers and plant workers to dealerships .",0.7273251750941352,0.12050115328029107,0.8826344810918938,0.876385412696677,0.8794988467197092
1514,"Meanwhile , President Kume ordered everyone from top executives to rookie designers to go `` town watching , '' to visit chic parts of Tokyo to try to gain insights into developing cars for trend-setters .",1.5503760424479198,0.24512734705112238,0.7978488979645082,0.7162896106129325,0.7548726529488778
1515,Some town-watching excursions were downright comic .,0.2857142857142856,0.06005470579745008,0.8866950819254699,1.0,0.9399452942025498
1516,One group of middle-aged manufacturing men from the company 's Zama plant outside Tokyo was supposed to check out a trendy restaurant in the city .,2.0532337686636213,0.3225058690688365,0.7045851642553838,0.6524092420981861,0.6774941309311634
1517,"But when they arrived at the door , all were afraid to go in , fearing that they would be out of place .",1.7022813738447242,0.27566584809489425,0.6633067386111838,0.7977290665120951,0.7243341519051059
1518,Other trips were more productive .,1.0,0.23981246656813146,0.7039180890341348,0.82623465712856,0.7601875334318685
1519,Mr. Kume himself visited Honda 's headquarters in Tokyo 's upscale Aoyama district .,1.365672534197412,0.2674548271929766,0.694646891574795,0.7748173642317927,0.7325451728070235
1520,He liked the well-lighted lobby display of Honda 's cars and trucks so much that he had Nissan 's gloomy lobby exhibit refurbished .,1.474336582718923,0.22019522266274943,0.7854022414580814,0.7742865334850569,0.7798047773372505
1521,"Later , Nissan borrowed other Honda practices , including an engineering `` idea contest '' to promote inventiveness .",1.4583950497129825,0.25971447450305307,0.7783622712306224,0.7057603948515793,0.7402855254969467
1522,One engineer developed a `` crab car '' that moves sideways .,0.7295739585136225,0.13727894504249413,0.8730552662007037,0.8526286304340864,0.8627210549575058
1523,"Such sudden cultural shifts may come across as a bit forced , but they seem to be genuine -- so much so , in fact , that some older employees have resisted .",2.473019408316266,0.4277435551535998,0.49702096471347046,0.674332002116937,0.5722564448463999
1524,"Nissan handled the die-hards in a typically Japanese fashion : They were n't fired but instead `` were neglected , '' says Kouji Hori , the personnel manager at the Nissan Technical Center .",2.291570676418676,0.3540969947290977,0.6277453497898071,0.6651423769862598,0.6459030052709023
1525,"Despite the pain of adjusting , the cultural revolution has begun to yield exciting cars .",1.25,0.20833333333333334,0.8260869565217391,0.76,0.7916666666666667
1526,"A year ago , the company completely revamped its near-luxury sedan , the $ 17,699 Maxima , which competes against a broad range of upscale sedans ; it replaced its boxy , pug-nosed body with sleek , aerodynamic lines .",2.508062972936508,0.37518804995347177,0.6618940124936599,0.5916644410258479,0.6248119500465282
1527,"Since then , Nissan also has launched new versions of the $ 13,249 240SX sporty coupe and 300ZX sports car .",1.2195066892588944,0.18116877461664033,0.8194101160362881,0.8182531520935549,0.8188312253833595
1528,"The restyled 300ZX costs as much as $ 33,000 and is squared off against the Porche 944 , which begins at $ 41,900 .",1.557669916052257,0.2416645021155056,0.7107173362053778,0.8127927249969782,0.7583354978844944
1529,"Besides new styling , the new Nissans have more powerful engines and more sophisticated suspension systems .",1.0827277621509843,0.1988429942557846,0.7492997156125987,0.8607258386255878,0.8011570057442158
1530,All three new models are outselling their predecessors by wide margins .,1.7516291673878222,0.3232804595826369,0.6066511716760796,0.7650873264012858,0.6767195404173629
1531,"In its home market , Nissan has grabbed attention with limited-production minicars featuring styling odd enough to be cute .",1.2804820237218397,0.20364270959786332,0.8117874690800196,0.7815027532490122,0.7963572904021367
1532,"One is the Pao , a tiny coupe with a peelback canvas top and tilted headlights that give it a droopy-eyed look .",2.085833410914656,0.35642051833629806,0.6149576055134708,0.6749957015775263,0.6435794816637017
1533,"Nissan initially planned to sell just 10,000 Paos , but sales have passed 50,000 , and there 's a one-year waiting list for the car .",1.6584390568755287,0.23982721034141238,0.7472087379212238,0.773594636026574,0.7601727896585877
1534,"Then , there 's the S-Cargo , an offbeat delivery van with a snail-like body that inspired its name .",1.9754887502163458,0.36631433117909973,0.5679189771142242,0.7166792371693119,0.6336856688208999
1535,Nissan helped develop a Tokyo restaurant with both vehicles as its design theme .,1.6792696431662097,0.2972302848600127,0.7450665380663073,0.665017226680552,0.7027697151399872
1536,"The chairs are S-Cargo seats , and a gift shop sells such items as alarm clocks styled like the Pao 's oversized speedometer .",2.1766179565636454,0.38456326256846995,0.6099617798929502,0.6210108705317291,0.6154367374315299
1537,All these vehicles have sharply improved Nissan 's morale and image -- but have n't done much for its market share .,1.9765428843347284,0.3089861416229598,0.670689526796647,0.7126084868836163,0.6910138583770402
1538,Nissan had 29 % of the Japanese car market in 1980 before beginning a depressing eight-year slide that continued through last year .,2.143428708819426,0.37414105267200676,0.553228233593753,0.7204424192832377,0.625858947327993
1539,"Strong sales so far this year are certain to turn the tide , but even the 25 % market share that Nissan expects in 1989 will leave it far below its position at the beginning of the decade .",2.3029544174456635,0.3482332802813171,0.6230073831282411,0.6833097404825645,0.6517667197186832
1540,"Nissan concedes that it wo n't recoup all its market-share losses in Japan until at least 1995 , and even that timetable might prove optimistic .",1.9763106917405446,0.28382911051884085,0.6756595826499437,0.7618500163117513,0.716170889481159
1541,"`` Everyone else is going to catch up '' with Nissan 's innovative designs , says A. Rama Krishna , auto analyst at First Boston -LRB- Japan -RRB- Ltd .",2.184192914511015,0.3801718778951276,0.6085188380547351,0.6315657312039613,0.6198281221048724
1542,"Nissan 's pace of new-model hits will slow , he adds , just as arch-rival Toyota unleashes its own batch of new cars .",2.2610276044371007,0.3622146796734113,0.6083642957954914,0.670196609111277,0.6377853203265889
1543,"Likewise , in the U.S. , Nissan has grabbed 5.2 % of the car market so far this year , up from 4.5 % a year ago .",1.9780027851876487,0.34546382915207907,0.5945844748483362,0.72793337933915,0.654536170847921
1544,"But even that brings Nissan only to the share it had in 1987 , and leaves the company behind its high of 5.5 % in 1980 and 1982 .",1.8417210184212793,0.3139651067569257,0.6062416075268491,0.7900165681386712,0.6860348932430744
1545,Why ?,0.0,0.0,1.0,1.0,1.0
1546,"So far , Nissan 's new-model successes are mostly specialized vehicles with limited sales potential .",1.6784220607670832,0.3064370209029375,0.6964599697527328,0.6906899892173453,0.6935629790970624
1547,"In compact and subcompact cars , the bread-and-butter sales generators for Japanese auto makers , Nissan still trails Toyota and Honda .",1.252346317467878,0.2223082339961497,0.7655953968923526,0.790176515565187,0.77769176600385
1548,"Nissan hopes that that will start to change this fall , with its new version of the Stanza compact sedan .",1.7268886907852572,0.2586404117432073,0.73483413538087,0.7480019737912398,0.7413595882567925
1549,The Stanza has been a nonentity compared with Honda 's hugely successful Accord and Toyota 's Camry .,1.6596834989404012,0.2865833084267612,0.6472582788687513,0.7946394187834881,0.7134166915732387
1550,"But this year , Honda has revamped the Accord and made it a midsized car .",1.3915414066556506,0.22780565430562882,0.7662757902150679,0.7782050402297958,0.7721943456943714
1551,"Nissan instead has kept its new Stanza a bit smaller than that and cut the base price 6 % ; at $ 11,450 , Stanza prices start $ 749 below the predecessor model yet have a more-powerful engine .",2.003563217626094,0.28879012942425925,0.6873069551324227,0.7368352638229576,0.711209870575741
1552,"Accord prices start at $ 12,345 .",0.5714285714285712,0.1133049180745301,0.7964530359382731,1.0,0.8866950819254699
1553,Nissan 's risk is that its low-base-price strategy might get lost amid the highly publicized rebates being offered by Detroit 's Big Three .,1.9743365827189239,0.3103202490658831,0.6193284018404472,0.77806213536719,0.6896797509341169
1554,"But `` on a new car , a rebate does n't work well '' because it cheapens the vehicle 's image , contends Thomas D. Mignanelli , executive vice president of Nissan 's U.S. sales arm .",2.5650573367007015,0.3936704712538659,0.6048490586297884,0.6078172640460083,0.6063295287461342
1555,"Even if the new Stanza succeeds , Nissan will remain behind in the subcompact segment , where its Sentra does n't measure up to the Honda Civic and Toyota Corolla .",1.3810562552623669,0.20751825421019987,0.7700855895254413,0.8162196030147565,0.7924817457898
1556,Nissan will introduce a completely revamped Sentra next fall .,1.075488750216346,0.1931425614222114,0.7688208852920502,0.8488535167807805,0.8068574385777884
1557,"At the opposite end of the market , Nissan launches its luxury Infiniti division on Nov. 8 -- three years after Honda pioneered Japanese luxury cars and two months after Toyota 's Lexus went on sale .",2.4525694157893003,0.37615361602622216,0.6288836228659415,0.6188891985305146,0.623846383973778
1558,Nissan started advertising Infiniti fully eight months before the cars hit American showrooms .,1.5903330361778876,0.2771260777261782,0.6948094579391224,0.753300951504992,0.722873922273822
1559,"The ads featured fences , rocks and pussy-willow buds -- almost anything but the cars themselves .",1.0743919121464955,0.21364728857224807,0.7776689019513058,0.7952326457647739,0.7863527114277521
1560,The ads have generated some laughs but also plenty of attention because they are so unlike any other U.S. auto advertising .,2.249270157062,0.39517202121133954,0.527104277721368,0.7094374600673569,0.6048279787886603
1561,"On the other hand , Nissan 's sales goals for Infiniti are modest compared with Toyota 's targets for Lexus .",0.9523809523809517,0.1556694844649571,0.9003962004716969,0.7948377240411297,0.8443305155350427
1562,"Nissan will build only about 3,500 of the $ 38,000 Infiniti Q45 sedans each month , sending about 2,000 of them to the U.S. and keeping the rest for sale in Japan .",1.5762428009394993,0.23602372789609777,0.781698591721529,0.7470397228062009,0.763976272103902
1563,"Toyota wants to sell about 49,000 Lexus LS400 sedans next year in the U.S. alone .",1.5165414066556506,0.23390932244288093,0.7869906996238352,0.7462720168940226,0.7660906775571191
1564,"`` When I saw the Lexus sales projections , I got worried , '' confesses Takashi Oka , who led the Infiniti development team .",1.5451676193236263,0.2540494174073999,0.8121281947388161,0.6897455251421272,0.7459505825925999
1565,"But on reflection , Mr. Oka says , he concluded that Nissan is being prudent in following its slow-startup strategy instead of simply copying Lexus .",2.0609157279028425,0.3164473886510599,0.6741388807155885,0.6932329734597568,0.6835526113489401
1566,"`` Infiniti is Nissan 's big business move for the 21st century , and we 're in no hurry to generate large profits right away , '' Mr. Oka says .",2.3980224654076565,0.36294385876428437,0.6421022614714897,0.6320887149444944,0.6370561412357155
1567,"Despite plans to add two new Infiniti models next year , bringing the total to four , Infiniti wo n't show profits for at least five years , he adds .",1.9801315479114239,0.291255858720445,0.7490662091413238,0.6725413875855154,0.7087441412795549
1568,"These days Nissan can afford that strategy , even though profits are n't exactly robust .",1.9693609377704329,0.3406822181025188,0.5949879609877,0.7392445589104015,0.659317781897481
1569,"Nissan had record net income of 114.63 billion yen -LRB- $ 868 million -RRB- in the fiscal year ended last March 31 , a remarkable recovery from the 20.39 billion yen of two years earlier , when the company lost money on operations .",2.629170666282053,0.47510951476668123,0.47327478681637253,0.5891428391682672,0.5248904852333188
1570,Nissan has increased earnings more than market share by cutting costs and by taking advantage of a general surge in Japanese car sales .,2.2821208305486245,0.39178733597119103,0.5861534293110897,0.6319971774003252,0.6082126640288089
1571,"But Nissan expects to earn only 120 billion yen in the current fiscal year , a modest increase of 4.7 % .",1.8199590916958064,0.3064229746946137,0.597465920460719,0.8265376594125258,0.6935770253053861
1572,"The big reason : For all its cost-cutting , Nissan remains less efficient than Toyota .",1.7193609377704329,0.2851042683915449,0.7003786415796757,0.7300273652063469,0.7148957316084549
1573,"In its last fiscal year , Nissan 's profit represented just 2.3 % of sales , compared with 4.3 % at Toyota .",1.65387391379599,0.2870117871124414,0.6173606448938144,0.8436706093569362,0.7129882128875588
1574,"To help close the gap , Nissan recently established a top-level cost-cutting committee .",1.4006886053169163,0.24823493168608307,0.718915109950814,0.7877608496705371,0.7517650683139171
1575,"Nissan is the world 's only auto maker currently building vehicles in all three of the world 's key economic arenas -- the U.S. , Japan and Europe .",1.8668608788764693,0.2908911728932941,0.7030285630012731,0.7152951811807929,0.7091088271067058
1576,"That gives it an enviable strategic advantage , at least until its rivals catch up , but also plenty of managerial headaches .",2.272376630716975,0.3738017896642938,0.6035566640708112,0.6506046947182446,0.6261982103357064
1577,"For example , Nissan 's U.S. operations include 10 separate subsidiaries -- for manufacturing , sales , design , research , etc. -- that report separately back to Japan .",1.8998820807449883,0.30417925777208976,0.7239754962517453,0.6697738416612448,0.6958207422279101
1578,"And in July , Nissan 's Tennessee manufacturing plant beat back a United Auto Workers organizing effort with aggressive tactics that have left some workers bitter .",2.0989272023354495,0.335582537508902,0.6542212719565711,0.6749365047418557,0.6644174624910981
1579,"`` We are in a transitional phase from being a Japanese company to becoming an international company based in Japan , '' says Mr. Muramatsu , the executive vice president .",2.227698387934246,0.36178666977392127,0.657891620424176,0.6196780515432504,0.6382133302260787
1580,"He promises that Nissan will soon establish a holding company overseeing all U.S. operations , just as it 's doing in Europe .",1.6253946950110514,0.26477851676812314,0.7117549827928839,0.760288116920144,0.7352214832318772
1581,"Perhaps the biggest challenge , however , will be to prevent a return to its former corporate rigidity as its recovery continues .",2.185420108977844,0.35442779924520107,0.6041028797153875,0.6931545755250142,0.645572200754799
1582,"Already , personnel officials are talking about the need for a `` Phase Two '' cultural-reform effort of some sort .",2.0912450933758873,0.3688838883790674,0.6820878806288835,0.5872327732395671,0.6311161116209326
1583,"`` We are still only half way through the turnaround of this company , and there are many more things to do , '' President Kume says .",2.199421747338355,0.3457466851710113,0.6316820340279383,0.6784974037829112,0.654253314828989
1584,"He adds , however , that `` the momentum we have generated is unstoppable .",1.70065166695513,0.2908855676292861,0.7091144323707141,0.7091144323707141,0.7091144323707141
1585,"As expected , Warner Bros . Records said it agreed to form a recorded-music and music-publishing joint venture with former MCA Records Chairman Irving Azoff .",1.3076923076923066,0.22725735180865933,0.746290201668585,0.8011392326036054,0.7727426481913404
1586,"Warner said it will provide financing for the venture , but did n't disclose terms .",0.8915414066556506,0.1459519440185869,0.8266023274225112,0.8833789420105786,0.8540480559814133
1587,"Mr. Azoff has n't named the company yet , but any records it produces will be distributed by Warner .",1.6509775004326919,0.2504183040864445,0.7468051957600493,0.7523789182600302,0.7495816959135553
1588,"Warner is part of Warner Communications Inc. , which is in the process of being acquired by Time Warner Inc .",1.4353194976226797,0.2744989148433759,0.6742390422297913,0.7851993851137247,0.7255010851566239
1589,"Mr. Azoff resigned as head of MCA Records , a unit of MCA Inc. , in September , and had been discussing a joint venture with both Warner and MCA .",1.9030231761190626,0.3315602032669658,0.6612483289048079,0.6757894074158103,0.6684397967330339
1590,"In a statement yesterday , Mr. Azoff said he chose Warner , the largest record company , because `` their standing in the entertainment industry is second to none .",2.7426891645831315,0.43164088839797116,0.611567708286141,0.5308531734082699,0.568359111602029
1591,"President Bush and Soviet leader Mikhail Gorbachev will hold an informal meeting in early December , a move that should give both leaders a political boost at home .",2.3854231686115073,0.41404710225225705,0.5453228678500937,0.6331247257663299,0.5859528977477432
1592,The White House is purposely not calling the meeting a summit so that there wo n't be any expectation of detailed negotiations or agreements .,2.1247766191505484,0.32573931389148186,0.6356693966953985,0.717840561103333,0.6742606861085181
1593,"Rather , senior administration officials said that the unexpected meeting was scheduled at Mr. Bush 's request because of his preference for conducting diplomacy through highly personal and informal meetings with other leaders .",2.5039831738166844,0.41876279978544795,0.522864132643235,0.6542818740832174,0.581237200214552
1594,"The two leaders will meet on Dec. 2 and 3 , alternating the two days of meetings between a U.S. and a Soviet naval vessel in the Mediterranean Sea .",1.4536546824812273,0.2310264661402349,0.7592023664716938,0.7789994963837804,0.768973533859765
1595,"The unusual seaborne meeting wo n't disrupt plans for a formal summit meeting next spring or summer , at which an arms-control treaty is likely to be completed .",2.6212418079656397,0.46713732699708976,0.4878799133411647,0.5869827624035192,0.5328626730029103
1596,"In announcing the meeting yesterday , Mr. Bush told reporters at the White House that neither he nor Mr. Gorbachev expects any `` substantial decisions or agreements . ''",1.8471597039757537,0.3124092572308953,0.6586706278797868,0.7191670620694033,0.6875907427691046
1597,"Instead , he said that the purpose is simply for the two to get `` better acquainted '' and discuss a wide range of issues without a formal agenda .",2.1917116641504357,0.34671203718081495,0.6142825042372622,0.6975827887091776,0.6532879628191851
1598,"Despite the informal nature of the session and the calculated effort to hold down expectations , the meeting could pay significant political dividends for both leaders .",2.237866088428526,0.3768354982293437,0.6478090708870282,0.6003263167700088,0.6231645017706562
1599,Mr. Gorbachev badly needs a diversion from the serious economic problems and ethnic unrest he faces at home .,1.7378710530870451,0.3046036305583708,0.628648328430297,0.7780023876727826,0.6953963694416292
1600,"American officials have said that a meeting with the leader of the U.S. could help bolster his stature among Soviet politicians and academics , whose support he needs .",2.547941910756233,0.3964863831039648,0.6049165096717941,0.6021172161049709,0.6035136168960354
1601,"For his part , Mr. Bush has been criticized regularly at home for moving too slowly and cautiously in reacting to Mr. Gorbachev 's reforms and the historic moves away from communism in Eastern Europe .",2.642650775271313,0.41658440025235605,0.5415000153257149,0.6323646948586609,0.5834155997476439
1602,"A face-to-face meeting with Mr. Gorbachev should damp such criticism , though it will hardly eliminate it .",1.6200699699294532,0.3007678457197381,0.5551611532979941,0.9442856439312978,0.6992321542802619
1603,"Senate Majority Leader George Mitchell -LRB- D. , Maine -RRB- , who has been the most prominent Democratic critic of Mr. Bush 's handling of the Soviet relationship , praised the president for arranging the meeting .",2.174127784086914,0.3474141837981901,0.6424980873298047,0.6629953686253564,0.6525858162018101
1604,But he added : `` The mere fact of a meeting does n't deal with the substance of policy . '',1.7723467118511245,0.2959824356322148,0.6838445218142668,0.7254169716471746,0.7040175643677851
1605,"Mr. Bush said that the December meeting , which was announced simultaneously in Moscow , will be held in the unusual setting of ships at sea to hold down the `` fanfare '' and force the two sides to limit participation to just small groups of advisers .",2.1257255485869697,0.3152307121475662,0.667522176371749,0.7029312824971439,0.6847692878524337
1606,"`` By doing it in this manner we can have , I would say , more time without the press of social activities or mandatory joint appearances , things of that nature for public consumption , '' Mr. Bush said .",2.356636959214388,0.363012004463873,0.6457452836130446,0.6284650536567012,0.636987995536127
1607,"Soviet Foreign Minister Eduard Shevardnadze , at a news conference in Moscow , said , `` As the two sides plan to hold a full-scale summit in late spring-early summer next year , they found it useful , I would say even necessary , to hold an interim informal meeting . ''",2.5833805266500987,0.39192222911926045,0.5961279010427003,0.620516530685598,0.6080777708807396
1608,"Although no specific agreements are expected , Mr. Shevardnadze said `` that does n't mean they will be without an agenda . ''",2.172789932653788,0.3768793641062744,0.5487381415846415,0.7208305871074263,0.6231206358937258
1609,"If the two leaders cover the subjects that have been featured in lower level U.S.-Soviet meetings , their talks would include human rights , Soviet reforms , regional disputes , relations with allies , economic cooperation , arms control , and joint efforts to fight narcotics , terrorism and pollution .",1.8113359285874409,0.3140713351289755,0.6686266746836479,0.7041498858861887,0.6859286648710243
1610,The president specifically mentioned U.S. economic advice to Moscow as a possible topic .,1.1617616076064579,0.19752745442714081,0.814793333153943,0.7905188217446792,0.8024725455728595
1611,Mr. Gorbachev has for months been publicly urging the U.S. to drop its restrictions on Soviet trade .,1.3208020839342973,0.2079223572198966,0.7604545425701504,0.8264449178671727,0.7920776427801032
1612,"He recently told a small group of American businessmen in Moscow that he hoped to sign a general trade agreement with the U.S. , possibly at the 1990 summit .",2.659681664727362,0.41857727497647557,0.5428321312184942,0.6259201464884259,0.5814227250235244
1613,"The Soviets hope a trade agreement would give them Most-Favored Nation status , which would lower the tariffs on Soviet exports to the U.S. .",1.9803910001730771,0.3446232366212876,0.6208067142653554,0.6940239655148678,0.6553767633787123
1614,In an unusually candid article about the latest economic woe -- unemployment -- Pravda yesterday reported that three million Soviets have lost their jobs as a result of perestroika and the number could grow to 16 million by the year 2005 .,2.5178239514727228,0.3721098755748917,0.613257732390648,0.6432378450038714,0.6278901244251078
1615,Economists in Moscow are now proposing that the state start a system of unemployment benefits .,1.701205059304601,0.2933721707187305,0.7066278292812695,0.7066278292812695,0.7066278292812695
1616,But one Bush administration official knowledgeable about the summit plan cautioned against assuming that there will be bold new initiatives on the Soviet economy or other issues .,2.5476842446423933,0.43399942882110154,0.5134775336986669,0.630492987366926,0.5660005711788986
1617,"`` Do n't take this as some big opening for major movement on economic cooperation , or arms control , or the environment , '' he said .",2.1981741079155253,0.36496451419165143,0.6220886957202586,0.6485326217913288,0.6350354858083486
1618,"`` Those things will all come up , but in a fairly informal way . ''",1.5943609377704338,0.3001840424112216,0.629384415051848,0.7879971259995757,0.6998159575887785
1619,"Instead , this official said , `` This is vintage George Bush .",1.0769230769230784,0.18865017822711808,0.8338213277866716,0.7900577454181883,0.8113498217728818
1620,This was George Bush 's own idea .,0.5943609377704338,0.12115871759637824,0.7838687499016604,1.0,0.8788412824036218
1621,It 's George Bush wanting to meet a foreign leader and talk to him directly . '',1.3829279414309967,0.23059156067793407,0.6913597100313642,0.8673218191250964,0.7694084393220663
1622,"Aside from the Soviet economic plight and talks on cutting strategic and chemical arms , one other issue the Soviets are likely to want to raise is naval force reductions .",1.980648077943795,0.32616196902148625,0.6418948528056176,0.7091269385730063,0.6738380309785137
1623,"Western analysts say that , given the meeting 's setting at sea , Gorbachev is unlikely to pass up the opportunity to press once again for negotiated cuts in the navies of both the North Atlantic Treaty Organization and the Warsaw Pact .",1.9912304405298045,0.31714034360904203,0.6685212326188031,0.697826621278806,0.6828596563909579
1624,That theme has been a recurring one for Soviet military officials for much of this year .,1.9267580883625572,0.3866750740898725,0.5744322471756956,0.6578666380616135,0.6133249259101275
1625,They argue that as the Kremlin follows through on announced plans to cut land forces -- the Soviets ' area of greatest strength -- the U.S. should show more willingness to cut sea forces -- Washington 's area of greatest superiority .,1.9730882426874752,0.3224172150514391,0.6455335936314542,0.7129805558227207,0.6775827849485608
1626,"One of the reasons Bush administration aides are anxious to insist that the coming meeting will be informal is to avoid comparisons with the last such loosely structured superpower gathering , former President Reagan 's 1986 meeting with Mr. Gorbachev in Reykjavik , Iceland .",2.647933017191045,0.4146592900901178,0.5674993938030461,0.6043402462752409,0.5853407099098824
1627,That meeting sent shivers through the Western alliance because Mr. Reagan was pulled into discussing the possible elimination of nuclear weapons without consulting American allies .,1.9182424223433543,0.3126346878543378,0.7102735779326191,0.6658885838302373,0.6873653121456621
1628,"Mr. Bush said that he initiated talks with the Soviets on the informal meeting by sending a proposal to Mr. Gorbachev last July , which the Soviet leader readily accepted .",2.043902916095157,0.3339005238750472,0.6412256672622615,0.6929809251331421,0.6660994761249527
1629,"But word of the possible session was closely held by the president and a handful of top aides , and word of it did n't reach many second-level officials until the past few days .",2.077973027234301,0.3301639252801338,0.6728307722318597,0.6668679172351125,0.669836074719866
1630,"Indeed , many senior officials had been insisting for weeks that Mr. Bush was n't interested in such an informal get-together .",1.8875357925150196,0.3083082108177424,0.6492860514594992,0.7400237253698796,0.6916917891822575
1631,"Though President Bush 's political critics at home have been urging him to open a more direct dialogue with Mr. Gorbachev , it actually was the arguments of leaders within the Soviet bloc itself that led the president to seek the December meeting .",2.557261497614123,0.3861591777758948,0.5966975827791942,0.6319982570142693,0.613840822224105
1632,"Mr. Bush decided he wanted the meeting after talking in Europe in July with the leaders of Poland and Hungary , who urged him to support Mr. Gorbachev 's efforts to transform the Soviet system and to urge him to loosen his grip on Eastern Europe , a senior aide said .",2.197940080681459,0.35406252411059125,0.6221223174209826,0.6716485226633301,0.6459374758894085
1633,"While flying home from those discussions , Mr. Bush drafted a letter to Mr. Gorbachev suggesting an informal get-together to precede their formal summit next year .",2.4766950149361797,0.3971339899049664,0.5816505631751148,0.6256876917955972,0.6028660100950336
1634,Peter Gumbel in Moscow contributed to this article .,0.5827902775373923,0.12398690293530917,0.8509668736000924,0.9025783848842868,0.8760130970646908
1635,"Banca Nazionale del Lavoro said its potential losses from lending to Iraq could reach 1.175 trillion lire -LRB- $ 872 million -RRB- , marking the bank 's first quantification of potential costs of unauthorized lending by its Atlanta branch .",1.657016873437346,0.23177995075729707,0.7867405042938198,0.7505515099620446,0.7682200492427027
1636,BNL previously reported that its Georgia branch had taken on loan commitments topping $ 3 billion without the Rome-based management 's approval .,1.9447415631826335,0.29552454047598736,0.6691090702624947,0.7437891337858771,0.7044754595240127
1637,"State-owned BNL , Italy 's largest bank , has filed charges against the branch 's former manager , Christopher Drogoul , and a former branch vice president , alleging fraud and breach of their fiduciary duties .",2.290407253627138,0.3542192005778422,0.6751952688878269,0.6188221887584648,0.6457807994221578
1638,"BNL also said that its board had approved `` after an in-depth discussion , '' a letter to the Bank of Italy outlining measures the state-owned bank has taken or plans to take to improve controls on its foreign branches .",2.2684927114199986,0.34185113415673263,0.6523885969476737,0.664011761537936,0.6581488658432675
1639,The central bank had ordered BNL to come up with a suitable program by yesterday .,2.0253982472854184,0.3764512253168438,0.5534876471219663,0.7139172763602931,0.6235487746831564
1640,"Bank of Italy has also ordered BNL to shore up its capital base to account for potential foreign loan losses , and the Rome bank has outlined a 3 trillion lire capital-raising operation .",1.8330152622782467,0.26449880534045805,0.7355011946595422,0.7355011946595421,0.7355011946595421
1641,BNL was unable to elaborate on what measures were planned by the bank to improve controls on its branches abroad .,1.7130556405255737,0.27149667640800723,0.6871499739318218,0.7751527663683048,0.7285033235919924
1642,Hardly a day passes without news photos of the police dragging limp protesters from some building or thoroughfare in one of our cities .,2.307669916052257,0.39364884032485115,0.6302961473682587,0.5841589276707178,0.606351159675149
1643,"Of recent note are the activities of the pro- and anti-abortionists , anti-nuclear activists , animal rights protesters , college students concerned about racism , anti-apartheid groups , various self-styled `` environmentalists '' and those dissatisfied with the pace of the war against AIDS .",2.100555418229751,0.3514284809791654,0.7249322609892682,0.58676466156767,0.6485715190208347
1644,"Maybe he did n't start it , but Mohandas Gandhi certainly provided a recognizable beginning to non-violent civil disobedience as we know it today .",2.45935773821456,0.4120932844248672,0.4993362612352564,0.7146727804078269,0.5879067155751324
1645,"The Mahatma , or `` great souled one , '' instigated several campaigns of passive resistance against the British government in India .",2.2012691514387264,0.34807541166906336,0.7005697115879863,0.6095963395046582,0.6519245883309367
1646,"Unfortunately , according to Webster 's Biographical Dictionary , `` His policies went beyond his control and resulted ... in riots and disturbances '' and later a renewed campaign of civil disobedience `` resulted in rioting and a second imprisonment . ''",1.984785485689284,0.30981804533801705,0.6903308187648614,0.6900331547478756,0.6901819546619828
1647,"I am not a proponent of everything Gandhi did , but some of his law breaking was justified because India was then under occupation by a foreign power , and Indians were not able to participate fully in decisions that vitally affected them .",2.976539132535329,0.47326348854549494,0.48169380268376916,0.581071974287638,0.5267365114545048
1648,"It is difficult , however , to justify civil disobedience , non-violent or not , where citizens have full recourse to the ballot box to effect change .",2.081452676339068,0.3360638669902842,0.6867101969621305,0.6426241395146223,0.6639361330097159
1649,"Where truly representative governments are safeguarded by constitutional protections of human rights and an independent judiciary to construe those rights , there is no excuse for breaking the law because some individual or group disagrees with it .",3.1645289322597976,0.5159249241073566,0.4516112214512772,0.5215677193859772,0.4840750758926435
1650,There may be a few cases where the law breaking is well pinpointed and so completely non-invasive of the rights of others that it is difficult to criticize it .,2.0209730161030235,0.33449679822574974,0.6026025623506736,0.7430656027066116,0.6655032017742503
1651,"The case of Rosa Parks , the black woman who refused to sit at the back of the bus , comes to mind as an illustration .",1.7842184959724765,0.29363460708150024,0.7353395731907671,0.679587962655365,0.7063653929185001
1652,But most cases of non-violent civil disobedience are not nearly so benign .,1.5007519234097644,0.2839782279897047,0.6812201453844661,0.7545706712796421,0.7160217720102954
1653,The public has a tendency to equate lawful demonstrations with non-violent civil disobedience .,1.7682062501545333,0.3179775661581651,0.7263878262517387,0.642764481779965,0.6820224338418348
1654,"It is true that both are non-violent , but there is a fundamental difference between them .",2.237594118665163,0.4559683923530454,0.4430281833763521,0.7046897290866192,0.5440316076469548
1655,"Lawful demonstrations , such as peaceful picketing and other assemblages that do not disturb the peace or cause a public nuisance or interfere with the rights of others , are rights guaranteed by any truly free system of government .",2.30424064265309,0.38351877578491245,0.6002179605266026,0.6336503586748262,0.6164812242150872
1656,"Civil disobedience , violent or non-violent , is intentional law breaking .",1.3008033728697352,0.2949685095546546,0.731289163816198,0.6805940752473358,0.7050314904453456
1657,"The subject of this discussion is non-violent civil disobedience ; but , before we get on with that , let me make just a few tangential remarks about lawful demonstrations .",2.7088441435818407,0.4835098592378475,0.46309295649382765,0.5838062350172565,0.5164901407621523
1658,"They are useful to call public attention to grievances , but they have little value in educating anyone about the issues in dispute .",2.402030853822691,0.40475292595203904,0.5715698177501809,0.6209707624575573,0.5952470740479608
1659,"The delight of television in dramatic confrontation encourages overuse of slogans chanted through bullhorns , militant gestures , accusatory signs and other emotionally inspired tactics .",1.6018746342978671,0.281877840574593,0.788098999193726,0.659558665381597,0.7181221594254069
1660,Civilized discourse and an environment where compromise can begin are lost in a hostile posture abetted by superficial media interviews .,2.2516291673878213,0.40873829181646515,0.5586419433733281,0.6279271163131147,0.5912617081835344
1661,"At best , demonstrations are overused and boringly uninformative ; at worst , they can become the stimuli that lead to law breaking .",2.2506671846251467,0.3736776955825826,0.6073877641620448,0.6464753504099231,0.6263223044174175
1662,Demonstrations are particularly apt to degenerate into criminal conduct when they leave the site of the grievance and become mobile .,2.107841071737637,0.3452440602426291,0.640983223825781,0.6691335170608435,0.6547559397573706
1663,"Petty criminals and street people looking for excitement attach themselves like remora to the fringes of the crowd and use the protest as an excuse for rock throwing , auto trashing , arson , window breaking , looting , pocket picking and general hooliganism .",1.5840313565550384,0.2827396427374877,0.820712024273481,0.6369696248528018,0.7172603572625121
1664,Soon the whole purpose of the demonstration is lost in mob mania .,0.7111624998335797,0.12585825369955722,0.8892142185244479,0.8595717240655124,0.8741417463004428
1665,There are better ways to promote a cause .,1.1949875002403854,0.23226811204890568,0.7246199192766694,0.8162983545263645,0.7677318879510943
1666,"Where non-violent civil disobedience is the centerpiece , rather than a lawful demonstration that may only attract crime , it is difficult to justify .",2.5125097565253345,0.4365928758725543,0.515720975223616,0.6208103653047657,0.5634071241274456
1667,"Some find no harm in the misdemeanors of trespass , minor property destruction , blocking traffic and the like .",1.850977500432692,0.31280302962528456,0.7793959213587989,0.6145039775652484,0.687196970374715
1668,They say these are small prices to pay for galvanizing action for the all-important cause .,1.6721804688852169,0.27512835159462334,0.7460054730412695,0.7049022499567308,0.7248716484053769
1669,"The crimes may appear small , but the prices can be huge .",0.7315211541789948,0.13450568654374975,0.8473988175977942,0.8843795010035724,0.86549431345625
1670,Here are two cases to illustrate .,0.5714285714285712,0.11330491807453007,0.8866950819254699,0.8866950819254699,0.88669508192547
1671,Assume a neighborhood demonstration to protest speeding on a certain road or a careless accident involving a police car .,0.9203185978283352,0.16661760375636955,0.8846867678107981,0.7877023055722226,0.8333823962436304
1672,"The protesters lie down in the street , blocking traffic , and will not move until the authorities carry them away .",1.2327007035801687,0.20001663397908467,0.7682003351354588,0.8345098442600277,0.7999833660209149
1673,Assume that someone caught in the jam has a heart attack .,1.759951289896979,0.3466763762606396,0.6315543201167709,0.6766472541079136,0.6533236237393603
1674,There is no way to get an ambulance in quickly to move him to a hospital .,1.3540911769796402,0.24373649664630473,0.7255349534586754,0.7897100586493786,0.7562635033536953
1675,He dies .,4.440892098500626e-16,1.4009454786722165e-16,1.0,1.0,1.0
1676,"The demonstration was non-violent and involved only a simple misdemeanor , but its impact on that individual was violent and terminal .",2.1149693187718546,0.3747049814767636,0.5896356712632822,0.6655451361533635,0.6252950185232362
1677,Assume that a TV network is airing a celebrity interview program with a live audience .,1.2665414066556502,0.2590542255198572,0.6943863817047837,0.7941976240152688,0.7409457744801428
1678,The politician appearing is highly controversial and has recently generated a good deal of rancor amid certain groups .,2.4231105272267226,0.44532931482042787,0.5012429686860439,0.6208470558367848,0.554670685179572
1679,"In a planned protest against his appearance , several members of the studio audience chain themselves in front of the TV cameras in such a way that the program can not continue .",2.7546350104381028,0.46978822247824853,0.5378695945523934,0.5227689530301813,0.5302117775217513
1680,The network must refund money to the advertisers and loses considerable revenue and prestige .,1.0909685317733526,0.18419771053096662,0.8840093633652936,0.7573665338307713,0.8158022894690333
1681,"The demonstrators have been non-violent , but the result of their trespasses has been to seriously impair the rights of others unconnected with their dispute .",1.601874634297868,0.24973142883409916,0.740939348454347,0.7598357194975066,0.750268571165901
1682,"It might be alleged that TV has done more than its share to popularize and promote non-violent civil disobedience , so the second situation hypothesized above would be simply a case of `` chickens coming home to roost . ''",2.4294317972433417,0.3809869384390195,0.6044213823435812,0.6343267020538291,0.6190130615609805
1683,Or maybe the TV network would lose nothing .,0.2222222222222232,0.03917064001854877,0.9246117268712489,0.9999999999999998,0.9608293599814512
1684,Geraldo or Phil would probably pull up another camera and interview the chained protesters .,1.1169925001442298,0.18122829408371044,0.7787213119006942,0.8631651274478367,0.8187717059162892
1685,"Let us look for a moment at another type of non-violent civil disobedience that only harms other people indirectly , yet does irreparable damage to the nation as a whole .",2.805598571589628,0.5363853738191209,0.41966581638051426,0.5178450993025269,0.4636146261808791
1686,I am referring to those young men who chose to disobey their country 's call to arms during the Vietnam war and fled to Canada or some other sanctuary to avoid combat .,2.0615765109699113,0.32414966412075474,0.663210439210146,0.6889813921608955,0.6758503358792456
1687,"Their cowardly acts of civil disobedience , which they tried to hide under the cloak of outrage at a war they characterized as `` immoral , '' weakened the national fabric and threw additional burdens on those who served honorably in that conflict .",2.7256685324826933,0.42154367806468174,0.6125871906689111,0.5479280005052162,0.578456321935318
1688,"Even more at fault are those leaders in and out of government who urged and supported their defections , thereby giving great help and comfort to the enemy propagandists .",2.286870096559547,0.39032140105829527,0.6031038297025137,0.6163982985570119,0.6096785989417047
1689,It is amazing that the ensuing mass executions in Vietnam and Cambodia do not weight more heavily on minds so morally fine-tuned .,2.1001635879912253,0.3455696973963439,0.5679491044761783,0.771978982201633,0.6544303026036562
1690,"Worse , it remained to a well-meaning but naive president of the United States to administer the final infamy upon those who fought and died in Vietnam .",1.8796139458246675,0.29389811356530776,0.6998114606488747,0.7125064239909615,0.7061018864346922
1691,"Under the guise of `` healing the wounds of the nation , '' President Carter pardoned thousands of draft evaders , thus giving dignity to their allegations of the war 's `` immorality . ''",1.2936324959955279,0.2208171014026118,0.8287547788057446,0.7352065932976876,0.779182898597388
1692,"The precedent having been set , who can complain if future generations called upon to defend the U.S. yield to the temptation to avoid the danger of combat by simply declaring the war immoral and hiding until it is over ?",2.0124230324327383,0.3219492459745734,0.6217386032956249,0.7455794239167437,0.6780507540254269
1693,"Finally , I think it important to point out the extraordinarily high visibility of non-violent civil disobedience in these days of intensive media coverage .",2.448771237954945,0.4165327018890313,0.5726331571255479,0.5947193060114956,0.5834672981109688
1694,"Give television a chance to cover live any breaking of the law , and no second invitation will be required .",2.1319476158650934,0.39205088117460624,0.5434574866030476,0.6898080459756007,0.6079491188253936
1695,This brings into question the motives of those who lead civil disobedience demonstrations .,1.733190179035029,0.30973024641386493,0.7398009789209227,0.6469547760363443,0.6902697535861353
1696,Do they want the spotlight for themselves or for their cause ?,1.0220552088741996,0.18646548675499255,0.7808303232840994,0.8490980179480644,0.8135345132450071
1697,"Here is a good rule of thumb : If the movement produced the leader , the chance that he is sincere is much greater than if the leader produced the movement .",2.20019912364271,0.399728422187102,0.5640733333810792,0.641434303150811,0.600271577812898
1698,"In either case , ask yourself whether you have become better informed on the issues under protest by watching the act of civil disobedience .",2.153938857278571,0.3400719728460246,0.6615589401197716,0.6583051356531926,0.6599280271539751
1699,"If you have not , it is probable that a thorough airing of the dispute by calm and rational debate would have been the better course .",2.0979199359553045,0.3736628643187043,0.5318407701134606,0.7616688841314486,0.6263371356812958
1700,Mr. Agnew was vice president of the U.S. from 1969 until he resigned in 1973 .,1.3915414066556497,0.23752688262345076,0.7369596139572125,0.7898165242758174,0.7624731173765493
1701,Gov. George Deukmejian and key legislators agreed to back a temporary one-quarter-cent increase in the state sales tax to raise $ 800 million for repairs and relief associated with last month 's earthquake .,2.482459646879649,0.379300731711629,0.6383850414670946,0.6039670097789388,0.6206992682883712
1702,"The tax increase , which will be considered at a special session of the state legislature that begins tomorrow , would cover only part of the estimated $ 4 billion to $ 6 billion in total damage caused by the Oct. 17 quake .",2.412977053396014,0.3843712686747089,0.594234552702429,0.6386209498198442,0.6156287313252908
1703,"Aside from as much as $ 3.45 billion in recently approved federal aid , the state is expected to draw from a gubernatorial emergency fund that currently stands at an estimated $ 700 million .",2.2638655251393454,0.3501265258467071,0.6190007894547825,0.6839873665165461,0.6498734741532924
1704,"`` I am not aware that there is anything but bipartisan agreement for the general outline '' of the revenue-raising plan , said a spokesman for the governor , after a Monday meeting with legislative leaders over the quake-relief question .",2.9045503971221707,0.5024465184928635,0.46061256703208,0.540936324083908,0.49755348150713674
1705,"The tax increase -- on top of the current six-cent per dollar sales tax -- would become effective this Dec. 1 and expire Dec. 31 , 1990 .",2.2192487674077714,0.36646506585783956,0.6098336790854317,0.6591529897996923,0.6335349341421606
1706,The sales-tax plan was preferred over an alternative that would have boosted the state gasoline tax .,1.5688843801798305,0.3321312204007773,0.6314463666727494,0.7087501463376702,0.6678687795992226
1707,Some legislators expressed concern that a gas-tax increase would take too long and possibly damage chances of a major gas-tax-increasing ballot initiative that voters will consider next June .,2.4190901129351783,0.41988047827367625,0.5348145197813843,0.6338106453969573,0.580119521726324
1708,"Despite continuing problems in its newsprint business , Kimberly-Clark Corp. posted a 20 % gain in third-quarter net income .",2.1446926494790546,0.4047228648767821,0.5081788135154481,0.7184071313047586,0.5952771351232178
1709,"The consumer-products and newsprint company said net rose to $ 108.8 million , or $ 1.35 a share , from $ 90.5 million , or $ 1.12 a share , a year ago .",2.19885531809434,0.40594213295180465,0.5392211595409331,0.6613105985529744,0.5940578670481953
1710,Sales rose 6.2 % to $ 1.45 billion from $ 1.37 billion .,1.04888246333844,0.29741314302656785,0.5415290115949171,0.9999999999999999,0.702586856973432
1711,"After a flat second quarter tied largely to lower newsprint earnings , Kimberly-Clark attributed the gain to improved results in its consumer businesses in North America , Brazil and Korea .",2.0194138455372013,0.34336330128686987,0.6337980610186211,0.6811828258147198,0.6566366987131301
1712,"Those gains came from higher prices , particularly for disposable diapers and tissue products , and from increased sales , primarily for feminine-care products , the company said .",1.4439414821009384,0.24013411173013058,0.8103059040587292,0.7153374780642947,0.7598658882698693
1713,"Newsprint results continued to be depressed , the company added , because of industrywide price discounting .",1.9276999960686472,0.3633023211154089,0.6472304931044242,0.6265021901864289,0.6366976788845912
1714,"The quarter-to-quarter comparison was also enhanced by charges taken in the year-earlier period , including $ 11 million related to the modernization of a pulp and newsprint mill in Alabama .",1.9996832542593737,0.3128440228117352,0.6753365704765503,0.6993964683350049,0.6871559771882647
1715,"In the 1989 period also , interest expense and tax rates were lower than a year ago .",1.7086048612313038,0.3142979920994365,0.6508168220461547,0.7245388537139288,0.6857020079005637
1716,"In the first nine months , profit rose 10 % to $ 313.2 million , or $ 3.89 a share , from $ 283.9 million , or $ 3.53 a share .",1.9904273248992568,0.3841965768445546,0.5472786964477531,0.7039442302182035,0.6158034231554452
1717,Sales rose 6.7 % to $ 4.27 billion from $ 4 billion .,1.1382101140099916,0.29478250029955105,0.5951122115728198,0.8653145462448558,0.7052174997004489
1718,"In New York Stock Exchange composite trading , Kimberly-Clark closed at $ 66.50 a share , up $ 1.50 .",1.8741971727682016,0.35401150290251543,0.5509506758278974,0.7806487478790468,0.6459884970974845
1719,"INTENSIVE AUDITS are coming to 55,500 taxpayers as research guinea pigs .",0.7378960810227788,0.13084313214344456,1.0,0.7685918967462104,0.8691568678565554
1720,"This is the year : Unsuspecting filers of 1988 personal returns are being picked randomly for thorough audits to help the IRS update its criteria for enforcement , audit selection , and use of resources .",2.0283208335737184,0.316806885730635,0.6664223387327116,0.7008297660019197,0.6831931142693649
1721,The last Taxpayer Compliance Measurement Program survey covered 1985 returns .,1.454545454545456,0.2661897628177449,0.7861248328849515,0.6880240007866752,0.7338102371822554
1722,"The 1988-return project starts Jan. 1 and is to be done by May 31 , 1991 .",1.7514375006363156,0.2942158471259715,0.6379829442197524,0.7897100586493787,0.7057841528740287
1723,Specially trained IRS agents will look for under-reported income and unsupported deductions and credits .,1.1673183336217967,0.19095265837063014,0.8459493049228769,0.7752302805021508,0.8090473416293699
1724,The agents will make more than routine inquiries about such items as marital status and dependents ; they want to look at living standards and business assets .,1.8176376067707536,0.3225443504709271,0.6572342399616913,0.6989608806629327,0.6774556495290728
1725,But they also are to see that taxpayers get all allowable tax benefits and to ask if filers who sought IRS aid were satisfied with it .,1.97253262837709,0.3208417975956735,0.63687927529842,0.7274495971539556,0.6791582024043269
1726,"Courts have ruled that taxpayers must submit to TCMP audits , but the IRS will excuse from the fullscale rigors anyone who was audited without change for either 1986 or 1987 .",2.551523140367017,0.3881542743438632,0.5869565599582662,0.6389391486208823,0.6118457256561366
1727,Rewards have been suggested -- but never adopted -- for filers who come through TCMP audits without change .,1.310347208012617,0.23597529687581673,0.7140325121782287,0.8215442055169451,0.764024703124183
1728,"PENALTY OVERHAUL is still likely , congressional sources say .",1.6754887502163474,0.3372312476078211,0.7329106608538908,0.6048798084576689,0.6627687523921789
1729,Long-debated proposals to simplify the more than 150 civil penalties and make them fairer and easier to administer are in the House tax bill .,1.8406404972401402,0.2909150601539124,0.6967653976657059,0.7218479681497847,0.7090849398460878
1730,But they were stripped from the Senate bill after staffers estimated penalty revenue would fall by $ 216 million over five years .,2.4523316519090455,0.4082177428427525,0.5367557554670617,0.6593797865129547,0.5917822571572475
1731,"Still , congressional aides say penalty reform is a strong candidate for enactment , even if not this time around , although some provisions may be modified .",2.784115963507193,0.5120647852042567,0.4284347149535869,0.5666278054576531,0.4879352147957434
1732,"Sen. Pryor -LRB- D. , Ark. -RRB- , a leader on the issue who generally backs the House plan , wants some changes -- for one , separate sanctions for negligence and large misstatements of tax owed , not a single penalty .",2.4850744726199716,0.3917362126775252,0.6212398112246325,0.5958187410054977,0.6082637873224749
1733,He would ease the proposed penalties for delayed payroll-tax deposits and for faulty Form 1099 and other reports that taxpayers correct voluntarily .,0.9680288046300181,0.15591539938037102,0.8339502254928806,0.854468316807645,0.8440846006196291
1734,The General Accounting Office urges Congress to ensure that all penalties retain their force as deterrents .,1.6182220590780565,0.2658875088425925,0.7598899974293339,0.7100264888014991,0.7341124911574078
1735,TAXPAYERS ' RIGHTS are defined by a growing number of states .,1.8008033728697344,0.3576010879115362,0.6257314992900301,0.6599785528627528,0.6423989120884634
1736,The 1988 tax act created a federal bill of rights spelling out IRS duties to protect taxpayers ' rights in the assessment and collection of taxes .,1.578003810992092,0.2729083501046013,0.7502198157322665,0.7053468511008615,0.7270916498953989
1737,States are following suit .,0.8000000000000003,0.20812433153147844,0.7918756684685216,0.7918756684685216,0.7918756684685216
1738,California enacted a rights law in 1988 .,1.0943609377704333,0.22308223737786706,0.6929596589925695,0.8840251114481908,0.7769177626221326
1739,"In 1989 , Illinois , Kansas , Ohio , Oregon and South Carolina have adopted rights laws , the Federation of Tax Administrators , a state officials ' group , reports ; the features vary .",1.9256475703458902,0.3200688242667696,0.7216128724013792,0.6428017552308968,0.6799311757332306
1740,And taxpayer groups are urging legislation in many other states .,1.7049897729239523,0.3270101939722272,0.6879244954002229,0.6586897955539807,0.6729898060277728
1741,"One group is the Committee on State Taxation , which comprises 330 multistate corporations and advises the Council of State Chambers of Commerce .",1.751629167387823,0.2729118776504424,0.7885152749232611,0.6745399125165412,0.7270881223495577
1742,"The group 's Mark Cahoon says its efforts begun in 1989 have led to the introduction of bills in Massachusetts , Minnesota and Colorado to establish evenhanded procedures affecting all kinds of taxpayers .",2.0212347293499953,0.31138728691726164,0.6924382291806412,0.684829234426867,0.6886127130827385
1743,The group also seeks uniformity among states in provisions for taxpayers ' rights .,1.447475893320744,0.2782403550816268,0.7955437721320383,0.6605003600174416,0.7217596449183733
1744,"This week , New York City announced a 10-point policy patterned on the federal bill of rights for taxpayers .",1.8937151490463604,0.34590601348843847,0.6562788925484321,0.6519235803284418,0.6540939865115614
1745,"THE MILEAGE RATE allowed for business use of a car in 1989 has risen to 25.5 cents a mile for the first 15,000 from 24 cents in 1988 , the IRS says ; the rate stays 11 cents for each added mile .",2.4238311198705786,0.4032933969724762,0.6438809468674106,0.5559728978648869,0.5967066030275237
1746,Also unaltered : 12 cents for charitable activities and nine cents for medical and moving costs .,1.7573119400545432,0.351051725135689,0.6119488732555979,0.6907096800469441,0.6489482748643111
1747,"IRA BALANCES could be used to qualify for bank services under a bill entered by Reps. Chandler -LRB- R. , Wash . -RRB- and Andrews -LRB- D. , Texas -RRB- .",1.7520168526243447,0.34590580309239355,0.5966217138201519,0.7238196375213064,0.6540941969076065
1748,The bill would thwart a recent Labor Department opinion that investing individual-retirement-account funds to earn free checking violates the law .,2.2377961171281395,0.4000023249275068,0.5876704144649105,0.6128531816601255,0.5999976750724929
1749,HUGO FELLED vast timberlands .,0.40000000000000036,0.09425390072448082,0.8277293767706427,1.0,0.9057460992755192
1750,South Carolina 's congressional delegation has entered Senate and House bills to provide special casualty-loss treatment and other tax relief for timber growers in the hurricane disaster areas .,2.145370461076664,0.36061326887440187,0.659269677814211,0.6206679750909244,0.6393867311255982
1751,"HE RODE HIS HOBBY , but he could n't milk it , the Tax Court says .",2.0888102943721734,0.3882378849970101,0.5597983286204454,0.6743602118572538,0.6117621150029898
1752,The court often weighs deductions of sideline-business costs : Do they stem from a profit-seeking activity or a nondeductible hobby ?,2.3875697851151245,0.40983844248052237,0.554362959791741,0.630902799566895,0.5901615575194775
1753,But it 's rare to see both functions in one case .,1.2295739585136216,0.20698675038359715,0.7243718213106451,0.8760253574883866,0.7930132496164027
1754,"Charles O. Givens of Mount Vernon , Ind. - investment broker , ex-accountant , and son of a former stable owner - bred Tennessee Walking Horses for six years , raised cattle for four , and never made a profit on either .",2.6668805379720975,0.43778803168331754,0.5748428416512004,0.5501242306395494,0.5622119683166824
1755,"He claimed losses totaling $ 42,455 -- and the IRS denied them all .",1.1078410717376386,0.1780764445108369,0.8412410788254996,0.8034732983841155,0.8219235554891633
1756,"Special Judge Galloway noted that Givens managed horse-breeding in a businesslike way : He kept detailed accounts , practiced soil conservation , enhanced his experience by consulting experts , spent several hours a day doing chores , and dropped the sideline when his best brood mare died .",2.8526003883580255,0.46308023998192277,0.553668330004224,0.5211547324079915,0.5369197600180774
1757,Yet he took little businesslike care with his cattle : He had no prior experience and did n't seek business counsel about them .,2.2886994538925123,0.40951944340047564,0.5098262800702237,0.7014495427035121,0.5904805565995241
1758,"The judge said Givens may deduct his $ 30,180 of losses from horse breeding , but rejected the $ 12,275 in deductions from the cattle operation .",1.4359592567839634,0.21782257980705505,0.8168327659045707,0.7503430016792643,0.7821774201929452
1759,BRIEFS :,0.0,0.0,1.0,1.0,1.0
1760,"The IRS already is doing intensive TCMP audits of 19,000 returns for 1987 and fiscal 1988 filed by corporations with under $ 10 million in assets ... .",1.757831462459774,0.2682786643697191,0.7336817778868172,0.7297713422950709,0.731721335630281
1761,"President Bush says he will name Donald E. Kirkendall to the new Treasury post of inspector general , which has responsibilities for the IRS ... .",1.9236927858078268,0.30611933450232115,0.7429770359760584,0.6508707349237526,0.6938806654976788
1762,"The U.S. and Finland signed an income-tax treaty , subject to ratification .",0.9811451924741128,0.16903619790053995,0.8393609944582762,0.8227329610436622,0.8309638020994596
1763,"An arbitrator awarded Eastern Airlines pilots between $ 60 million and $ 100 million in back pay , a decision that could complicate the carrier 's bankruptcy-law reorganization .",1.5023321177688587,0.22906790617015124,0.7444910910429031,0.7993203887063404,0.7709320938298488
1764,"Eastern , a unit of Texas Air Corp. , said it is examining the ruling to determine if it can appeal .",1.5620239989363771,0.24486503812814192,0.7640387517777241,0.7464363035777548,0.755134961871858
1765,"It 's unclear whether Eastern will succeed in overturning the arbitrator 's decision , made in a long-simmering `` pay parity '' dispute that predates both the carrier 's Chapter 11 petition and its 1986 acquisition by Texas Air .",2.5447612485455213,0.3827792260301337,0.5980331609924112,0.6376804516389658,0.6172207739698664
1766,All Eastern 's previous court efforts to head off the pilots ' demands have failed .,1.2256025296523,0.2066770622608017,0.7966003261209958,0.790072406649235,0.7933229377391982
1767,An Eastern spokesman said he does n't expect that the arbitrator 's ruling `` will have any overall material effect on the company 's strategic plan . '',2.6644056762188484,0.4411822239807494,0.5245278425799332,0.597904562224744,0.5588177760192504
1768,Bankruptcy experts said the law is n't clear on how such an arbitration ruling can affect a company 's case .,2.651932593890998,0.5004681860973406,0.4704538602637003,0.5324410930631919,0.4995318139026595
1769,"Like any other creditor , the pilots will have to apply to the court for payment of their claim .",1.6314595241545327,0.2806861984840902,0.7199322759535769,0.7186963887956294,0.7193138015159094
1770,"That may leave a lot of leeway for U.S. Bankruptcy Judge Burton R. Lifland to decide what , if anything , the pilots actually collect .",2.5728404995992724,0.4141290286792603,0.5654444062891016,0.6078286589227103,0.5858709713207395
1771,"In August , he issued the ruling that let the pilots pursue their back-pay grievance before the arbitrator .",1.8278450501684502,0.33017929946447944,0.6929431449074627,0.6481915479562241,0.6698207005355205
1772,The pilots ' contract with Eastern calls for a mutually acceptable private arbitrator to resolve such grievances .,1.5361935808001794,0.2634577704925024,0.6864954727147694,0.794459778723279,0.7365422295074977
1773,"In a statement to employees , Eastern said the company was disappointed by the ruling .",1.4693609377704338,0.2541865911281629,0.8117214017855949,0.6898044999134614,0.7458134088718372
1774,"`` The obligation is totally unwarranted , '' the statement said .",1.0629072918469564,0.20812680752015125,0.8361488203385125,0.7520507149767733,0.7918731924798488
1775,"James Linsey , a lawyer for the Air Line Pilots Association , said the pilots were extremely pleased .",1.5531460528593106,0.2672945815740504,0.7824554241130879,0.6889036148947725,0.7327054184259494
1776,"`` This is a blow not only to Eastern but to the creditors committee , '' he said .",1.5981330514000138,0.25504254279363564,0.7651718088820177,0.7257836637533737,0.7449574572063643
1777,"Eastern 's creditors committee , along with the company , has consistently opposed the pilots ' claim , which if paid would have to come out of money both hope to use to pay off other bankruptcy claims .",2.2860047257289615,0.3637935267622271,0.6261349437091596,0.6466073055774639,0.6362064732377731
1778,"Eastern and its creditors are in the final , delicate stages of negotiating a second reorganization plan to pay off the airline 's debts .",2.1313685006057703,0.33014003364467626,0.6730077286314328,0.6667415121525208,0.6698599663553237
1779,"An earlier plan , which had received the creditors ' approval in July , fell apart when Eastern changed its business plan .",1.9465608666594356,0.31239954183461227,0.6576264647036145,0.7204373106939593,0.6876004581653881
1780,It is n't known whether the pilot claim was figured into either plan .,1.1078410717376403,0.18664851034309318,0.7585779866928299,0.876650475752496,0.8133514896569073
1781,The dispute between Eastern and its pilots is over a `` pay parity '' clause in the pilots ' contract .,1.5198165219473152,0.25937246078672366,0.781304241673537,0.7039767065370994,0.7406275392132762
1782,The clause was part of an agreement in which pilots accepted a substantial pay cut as long as no other labor group got a raise .,2.9816555181796836,0.5746712071050536,0.4022625182582047,0.4512012821741975,0.4253287928949463
1783,"Shortly after Texas Air took control of Eastern , some Machinists union supervisors received a 20 % pay raise .",1.7754887502163461,0.2962664259121321,0.7008669841560016,0.706623709387059,0.7037335740878679
1784,The pilots argued that this triggered a pay raise for them .,1.7924812503605785,0.35536122366661227,0.6046793454108601,0.6902532446600739,0.6446387763333878
1785,"Eastern has disputed the claim , but a federal district court , an appeals court and now the arbitrator have all sided with the pilots .",1.9488859408868113,0.3361657779610733,0.6557498636802248,0.6721204032507369,0.6638342220389267
1786,The two sides do n't even agree about how much money is at issue .,2.0270914637711113,0.3503024283739869,0.5656539943465617,0.76307325066913,0.6496975716260128
1787,"The pilots put the amount as high as $ 100 million , the company at $ 65 million .",0.8560348687626522,0.14567960157432108,0.8337476562286812,0.8759340918724036,0.8543203984256786
1788,"Another arbitrator is hearing another pay parity case between Eastern and its pilots , resulting from a similar set of circumstances involving a separate pay raise granted another union .",2.630098511481912,0.45743248743037007,0.54651247075408,0.5386790989761285,0.5425675125696299
1789,A decision on that case is n't expected before mid-November .,1.5917977276660848,0.29881324432653117,0.6409226442304552,0.7739599853777149,0.7011867556734689
1790,"Ironically , many of the pilots involved have left Eastern or are still striking the carrier , which filed for bankruptcy protection March 9 .",1.7247766191505498,0.25503371320635126,0.7379408206075325,0.7521268087692864,0.7449662867936488
1791,About 800 have crossed the picket lines and returned to work .,1.0629072918469555,0.17404686581748632,0.883261654795452,0.7756281786893546,0.8259531341825134
1792,Few people in the advertising business have raised as many hackles as Alvin A. Achenbaum .,1.623385528189818,0.2885190617418552,0.7339403027836827,0.6903553211592428,0.7114809382581447
1793,"The general public may not know his name , but he 's famous -- make that infamous -- in advertising circles : A marketing consultant , he pioneered slashing ad agency commissions , to the delight of advertising clients and the dismay of agencies .",2.7803432717006373,0.44826214382430013,0.5784502243450317,0.5273836992442745,0.5517378561757
1794,"Now , after beating them , Mr. Achenbaum is joining them .",1.292481250360578,0.23312689556523775,0.7906413091782799,0.744492230136365,0.7668731044347621
1795,"Backer Spielvogel Bates Worldwide named Mr. Achenbaum , 62 , vice chairman of professional services , reporting directly to Carl Spielvogel , chairman and chief executive officer .",1.7835440909713536,0.32001383695081337,0.6847263394266073,0.6753111653905987,0.6799861630491867
1796,"He joins Nov. 13 , dissolving his consulting firm , Canter , Achenbaum Associates .",1.4666666666666663,0.269287922274428,0.8326288469122815,0.6510243526058922,0.7307120777255719
1797,"In years past , the ad industry 's most distinguished executives did n't hesitate to excorciate Mr. Achenbaum .",2.0933914479377544,0.34998288302830044,0.6160575812903498,0.6879390437739,0.6500171169716995
1798,"They have since mellowed , although one senior Young & Rubicam executive , echoing others , said : `` I think ad agencies owe Carl -LCB- Spielvogel -RCB- a vote of thanks for getting him out of the consulting business . ''",2.515827450541619,0.38111611902678033,0.626553682638057,0.6113995844466619,0.6188838809732196
1799,"But industry executives also believe hiring Mr. Achenbaum is a shrewd move for Backer Spielvogel , a unit of Saatchi & Saatchi .",2.689063975302797,0.4748976209241517,0.5044974126243854,0.5474621348232537,0.5251023790758481
1800,"Mr. Achenbaum has counted among his clients some of the most visible blue-chip advertisers in the country , including Nissan , Toyota , Seagram and Backer Spielvogel clients Hyundai and J.P. Morgan .",1.7642446837534935,0.2753933562508441,0.7528651074804951,0.6983927752697983,0.7246066437491557
1801,"At Backer Spielvogel , he will work with clients and potential clients on marketing strategies ; aside from agency compensation issues , he helped Nissan , for example , come up with its positioning and pricing for its new Infiniti line .",2.2783147578192855,0.37521268390394835,0.64166711116843,0.6087728427767185,0.6247873160960515
1802,"His client contacts , meanwhile , could prove a gold mine for an agency that has had few new business wins of late .",1.7046920576351363,0.2888170118280396,0.7031925838310715,0.7193570701922768,0.7111829881719602
1803,"`` I 've done over 40 ad agency searches -LCB- for clients -RCB- , so I have a pretty good notion of what clients are interested in when they look for an agency , '' Mr. Achenbaum said .",2.898828688033835,0.45099466627075624,0.5290244329263132,0.5705548092088089,0.549005333729244
1804,"As a consultant , he has given seminars at agencies including Ogilvy & Mather on how to win new business .",1.3818833337454208,0.20228634274869148,0.7786632251920197,0.8177196260391159,0.7977136572513084
1805,"Mr. Spielvogel said he hopes Mr. Achenbaum will do some strategic consulting at the agency for `` non-clients , in hopes that they become clients . ''",2.0586595898323665,0.33150650575389123,0.6670432917849118,0.6699500161454494,0.6684934942461086
1806,"At Backer Spielvogel , Mr. Spielvogel 's hallmark has been personal involvement with all major clients .",1.2652808826074677,0.20395379310971384,0.827428628564014,0.7669573197253076,0.7960462068902862
1807,He pampers them ; he invites them to fabulous parties ; he strokes them .,1.4434322969602147,0.31591549655082235,0.6980178909253015,0.6706964883670627,0.6840845034491776
1808,"Mr. Achenbaum , too , delves into his clients ' business .",1.3553885422075336,0.2472793857616114,0.7224611506818254,0.7856256510484161,0.7527206142383883
1809,`` Carl has a much higher degree of intimacy with his clients than is ordinary for an agency his size .,1.6791011870876202,0.28503873573152355,0.6713204127742091,0.7646705750105198,0.7149612642684763
1810,"And with Al 's record of being a delver and a detail guy , you can see how the two fit , '' said Alan Gottesman , an analyst with PaineWebber .",2.0503012648261496,0.3229280512465832,0.632287777200662,0.7286837278387409,0.6770719487534169
1811,"Mr. Achenbaum 's move follows the announcement last month that his consulting partner , Stanley Canter , 66 , would retire .",1.9554340913024477,0.3135639903834009,0.6789643084242132,0.6940739861130075,0.686436009616599
1812,"When the announcement came out , `` I picked up the phone and said , ` Why do n't you come to us ? ' '' Mr. Spielvogel said .",2.505772109459135,0.4289719607919949,0.5317779691180684,0.6165338686370773,0.5710280392080052
1813,"Mr. Achenbaum , who had been considering paring down his firm or merging it with another small consulting outfit , soon agreed .",1.294540761339885,0.20350322654305705,0.7689310166318492,0.8261124535534301,0.7964967734569429
1814,"The two men are longtime friends and tennis partners , having met about 25 years ago .",2.048760083724145,0.4139164290650134,0.47531350287761354,0.7641707639516147,0.5860835709349868
1815,"Before becoming a consultant in 1974 , Mr. Achenbaum was a senior executive at J. Walter Thompson Co .",2.269442919934934,0.4114759985128537,0.5586204022362276,0.6218102253987923,0.5885240014871461
1816,"He spent most of his career formulating marketing strategies , but became best-known for chipping away at ad agency compensation .",1.4818769275601777,0.2512707510887202,0.7634646743936533,0.7345518618156428,0.7487292489112797
1817,"Ad agencies typically earned a straight 15 % commission ; if a client spent $ 100 million on TV time , the agency made $ 15 million .",1.597811071142372,0.2787027423908633,0.6865446652314983,0.7597557639653791,0.7212972576091365
1818,"But Mr. Achenbaum pioneered negotiated fees , which often worked out to less than 15 % .",1.3096860297935553,0.2126335534785946,0.7266131944299205,0.8592059868996719,0.7873664465214057
1819,"More recently , he negotiated `` indemnification '' clauses in which an ad agency in some cases must pay a client if it drops the account .",2.038354164431756,0.31679088890008733,0.7491274098398323,0.6279533361007464,0.6832091110999128
1820,"He ultimately became so well-known for cutting compensation , however , that clients did n't seek him out for anything else .",2.0972257039735283,0.358873073034732,0.5797557134587824,0.7170295388743106,0.641126926965268
1821,"`` I was very frustrated , '' he said .",1.6754887502163474,0.36675875405904657,0.6816627519830243,0.5912426759411544,0.6332412459409535
1822,"`` The fact of the matter is , I am a marketer .",2.3012420739148958,0.5131829546100709,0.44563755493117085,0.5363818325377517,0.4868170453899291
1823,That 's another reason -LCB- for the Backer Spielvogel job -RCB- .,1.3637106647166894,0.26533670903786877,0.7021620643791415,0.7703193376265073,0.7346632909621309
1824,It struck me as a way to get back to what I really want to do . '',2.2844119710424304,0.42392074486686276,0.5471988494210424,0.6081780600522014,0.5760792551331373
1825,Mr. Spielvogel added pointedly : `` The pressure on commissions did n't begin with Al Achenbaum . '',1.4172097224626077,0.22653703643290812,0.8207686211452079,0.731313144132663,0.7734629635670914
1826,"Mr. Spielvogel said Mr. Achenbaum will work with clients to determine the mix of promotion , merchandising , publicity and other marketing outlets , and to integrate those services .",1.8575172791850063,0.2884669957777783,0.7474671682831697,0.6788953986261298,0.7115330042222219
1827,"He will concentrate on , among others , J.P. Morgan and Hyundai .",0.519606730935652,0.08894239330352231,0.945349130880858,0.8791667763273406,0.9110576066964778
1828,"Mr. Achenbaum helped Morgan in its recent agency search , and he has a long relationship with Hyundai , which is having severe troubles , including declining sales .",1.8703045157768106,0.27956100793784644,0.7752176969086937,0.6728909366457039,0.7204389920621534
1829,"`` The trail of revenue is increasingly going away from pure advertising , and going towards other services , '' Mr. Spielvogel said .",1.9428829367954457,0.29615423187423356,0.73959080147635,0.6713966159968204,0.7038457681257666
1830,"Instead of being just an ad agency , he said : `` We have redefined our mission here .",1.5670756584640717,0.2666841806243756,0.7624393246467633,0.7063353620779896,0.733315819375625
1831,"Our mission is to help our clients grow , and to use every tool of marketing communications to accomplish that . ''",1.612906520698365,0.2879692983238036,0.7236241212091936,0.7008029082851771,0.7120307016761964
1832,Industry executives are wishing Mr. Achenbaum well .,0.8443609377704333,0.18136305810744538,0.7622556248918265,0.8840251114481908,0.8186369418925544
1833,"Leonard Matthews , then-president of the American Association of Advertising Agencies , called Mr. Achenbaum a `` quisling '' in an incendiary 1987 speech .",1.7549721192370873,0.2806724805724485,0.8394241422301946,0.629294235187689,0.7193275194275514
1834,"Yesterday , Mr. Matthews , now a consultant with the Stamford , Conn. , firm Matthews & Johnston , quipped , `` I think he 'll be very good at that -LCB- new job -RCB- .",2.6775678953513227,0.4365152917933087,0.5560952104417487,0.571073236803486,0.5634847082066912
1835,And much better at that than at -LCB- the price-cutting -RCB- he 's been doing recently . '',1.8672022485798232,0.32631389094757435,0.6161954458140703,0.7430083386659557,0.6736861090524258
1836,Cotton Inc . Campaign,1.0,0.3333333333333333,0.6666666666666666,0.6666666666666666,0.6666666666666666
1837,"Cotton Inc. , the fiber company that represents cotton growers , will begin a new ad campaign , developed by Ogilvy & Mather , Thanksgiving Day .",1.8579554457918723,0.3024342872287228,0.7323314777100879,0.6659511999673513,0.6975657127712774
1838,"J. Nicholas Hahn , Cotton Inc. 's president and chief executive , was an outspoken critic of WPP Group 's acquisition of Ogilvy Group earlier this year .",2.0485088012961152,0.36223853920971794,0.6179355720200196,0.6589017100417031,0.6377614607902821
1839,"During the takeover , Mr. Hahn said he would put his account up for review if WPP 's bid were successful , but he did n't .",2.273484369824229,0.35000645164893274,0.6238657997578171,0.6784054387861235,0.6499935483510676
1840,Cotton Inc. 's new $ 9 million campaign calls cotton the `` Fabric of Our Lives . '',1.0838763891292746,0.1644901956810735,0.8498400939632336,0.8216547848416724,0.8355098043189265
1841,The campaign replaces its `` Take Comfort in Cotton '' ads and marks the end of its national cooperative advertising efforts .,1.6325521345860743,0.2889499671132339,0.7250874121156254,0.6975458464770962,0.7110500328867662
1842,"For years , the company 's ads were tied in with pitches for Cannon sheets or Martex towels , for example , and an announcer at the end of the ads would tell customers where to `` find the true performance label . ''",1.9692487539513372,0.3128384063318977,0.7177490645379907,0.659074584368505,0.687161593668102
1843,"With the new TV spots , Ogilvy & Mather has opted for a family style with lots of laughter , hugs and tears .",1.416666666666666,0.22885078032609169,0.8513767252942255,0.7047397119640114,0.771149219673908
1844,"`` We 're making a fairly obvious plea for some emotional reaction , '' says Tom Rost , creative director at Ogilvy & Mather .",2.21935773821456,0.3540574624766178,0.6250227595273432,0.6683111979940421,0.645942537523382
1845,"Cotton Inc. will spend nearly $ 2 million on broadcasting on Thanksgiving Day alone , advertising on such programs as `` Good Morning America , '' `` Macy 's Thanksgiving Day Parade '' and the NFL holiday game .",2.1022069814379734,0.3286508135761964,0.6664389595034768,0.6763323061066715,0.6713491864238036
1846,Frank Mingo Dies at 49,1.1999999999999997,0.34844660574473535,0.5837513369370433,0.737175493807016,0.6515533942552646
1847,"Frank L. Mingo , one of the pioneers of advertising targeted at black audiences , died at the age of 49 after a stroke .",1.9949721192370875,0.338592371366957,0.6888802701268139,0.6360421776550127,0.6614076286330426
1848,"Mr. Mingo was chief executive officer of the Mingo Group , which he founded in 1977 and which created ads for the black market .",1.886450378349207,0.3032453780246728,0.6786806383610103,0.7158176022379322,0.6967546219753273
1849,Clients include Miller Brewing Co. and General Motors .,0.8455156082707567,0.21173629795713395,0.8371785540157277,0.7447493252961067,0.7882637020428661
1850,"Mr. Mingo was hospitalized Sept. 23 and died Monday , according to Samuel J. Chisholm , the agency 's president and chief operating officer .",1.684635116044534,0.27604812755437097,0.7494316022374367,0.7001477321140072,0.7239518724456289
1851,Ad Notes ... .,1.5,0.6,0.49999999999999994,0.3333333333333333,0.39999999999999997
1852,EARNINGS :,0.0,0.0,1.0,1.0,1.0
1853,"Omnicom Group Inc. , New York , reported third-quarter net income rose 54 % to $ 5.6 million , or 22 cents a share , from $ 3.6 million , or 15 cents a share , a year earlier .",2.3981271059149094,0.4319382361196264,0.48918340370809466,0.6772677829566287,0.5680617638803734
1854,Revenue increased 20 % to $ 246.6 million from $ 204.8 million .,1.2697105712828134,0.3045688612317709,0.6336193153876909,0.7706065558862871,0.695431138768229
1855,"Prime Minister Lee Kuan Yew , Singapore 's leader and one of Asia 's leading statesmen for 30 years , recently announced his intention to retire next year -- though not necessarily to end his influence .",2.6324348761150733,0.42517954105211714,0.5522371018875694,0.5993296327180546,0.574820458947883
1856,"The prime minister , whose hair is thinning and gray and whose face has a perpetual pallor , nonetheless continues to display an energy , a precision of thought and a willingness to say publicly what most other Asian leaders dare say only privately .",2.6265115272294666,0.43929072417627807,0.5388866839920887,0.5843739043446957,0.560709275823722
1857,"The 66-year-old Mr. Lee recently spent an hour discussing the state of Asia and the world with two Journal reporters in his plainly furnished , wood-paneled office .",2.0983888393629817,0.3274394023694612,0.6643210241745624,0.6810071288374534,0.6725605976305389
1858,The interview did not touch on Singapore 's domestic affairs .,0.7958988638330426,0.12998587208595652,0.8603710954403706,0.879875768611275,0.8700141279140434
1859,"Skipping personal pleasantries , Mr. Lee picked up exactly where he left off several months earlier -- before the government crackdown in China -- when he had warned that the orthodox leadership in Beijing feared a plurality of views .",3.2416188230687024,0.5093286813809299,0.47824794561216505,0.503757345362791,0.4906713186190702
1860,Excerpts follow :,4.440892098500626e-16,1.4009454786722165e-16,1.0,1.0,1.0
1861,"On China 's turmoil : `` It is a very unhappy scene , '' he said .",1.9540753499337429,0.339823701403194,0.6219990678781177,0.7033464941296894,0.6601762985968059
1862,"`` It took Zhao Ziyang -LRB- former premier and party chief -RRB- 10 years to build a team of economists who understood how the Western economies work and now that team is part in exile , part being rusticated and part missing . ''",3.1309169251755615,0.5025176463147284,0.4784442578051625,0.5180983521917681,0.4974823536852713
1863,"Rebuilding that team , Mr. Lee predicted , will take another 10 years .",1.7942439627688391,0.341823434818934,0.6398917617591537,0.6775370773983632,0.658176565181066
1864,"`` That 's very sad for China and for Asia because China could have been a good engine for growth , not just for Hong Kong and Taiwan but for Japan , Korea and the rest of Asia . ''",2.0136334360996075,0.33195341414372787,0.6153084585598443,0.7306725793133199,0.6680465858562719
1865,"On similarities between China and the Soviet Union : `` In important particulars , the Soviets are different from the Chinese .",1.1863575213686302,0.2014099177663042,0.8380382352307408,0.762688780323472,0.7985900822336958
1866,They are already industrialized ... .,1.4591479170272446,0.39321896299175063,0.49999999999999983,0.7715561736794709,0.6067810370082493
1867,Their problem is one of inefficiency of an industrial economy .,1.159535227469406,0.2149002025148576,0.7443996387538635,0.8305079401435885,0.7850997974851422
1868,The Chinese problem is much greater -- it 's how to industrialize to begin with . '',1.707032353450229,0.2846332355556472,0.7119435355579447,0.7188230721173491,0.7153667644443529
1869,"Asked if the Soviets , like Chinese officials , wo n't one day face a similar conflict between the desire to liberalize economically and yet retain political control , Mr. Lee said , `` I would think that the Soviets face a deeper dilemma because they have been more in blinkers than the Chinese -- I mean keeping their people cut off from the outside world . ''",2.8076706495066897,0.41741311505144474,0.5534889634705015,0.61491403410802,0.5825868849485553
1870,"Mikhail Gorbachev , he said , is ahead of China 's leaders in his awareness of the world .",1.106292105718624,0.16896514089939982,0.8959977737571977,0.7748551971442698,0.8310348591006003
1871,`` But I think the Soviet peoples are more introverted than the Chinese . '',0.9006516669551283,0.14733070244636637,0.8170288989354227,0.8915609291069314,0.8526692975536334
1872,"Regardless , he said , he still believes the Soviet Union , while falling far short of the efficiency of a Western economy , may well manage to improve considerably .",1.6206074502428214,0.2439941434688096,0.762335167700181,0.7497807785640068,0.7560058565311905
1873,"On Asia-Pacific prosperity : `` If America can keep up the present situation -- her markets open for another 15 years , with adjustments , and Japan can grow and not cut back , and so too , Korea , Taiwan , Hong Kong , Singapore , ASEAN , Australia and New Zealand -- then in 15 years , the economies of these countries would be totally restructured to be able to almost sustain growth by themselves . ''",2.4950568201156917,0.3655652925153643,0.6236239685924116,0.6456268744196355,0.6344347074846356
1874,"In such an arrangement , `` all benefit , '' he said .",1.7203483058923301,0.3201935443558667,0.7305863163446283,0.6356268147343466,0.6798064556441332
1875,"`` And if the Europeans come in , they benefit too .",1.3553885422075336,0.24727938576161135,0.7224611506818255,0.7856256510484162,0.7527206142383882
1876,It 's not a zero-sum game . '',0.8443609377704338,0.1637742533134754,0.7838687499016604,0.8960775105770447,0.8362257466865246
1877,"Asked about the possibility of greater economic cooperation among Asia-Pacific nations , which will be discussed Nov. 6 and 7 at a ministerial meeting in Canberra , Mr. Lee said the goal `` is to have a free and open world trading system . ''",2.830864592333273,0.42483031920801584,0.5690798997607398,0.5813912063486648,0.5751696807919845
1878,"An Asian bloc is n't intended , he said .",1.5609640474436817,0.3333333333333334,0.5734773267433709,0.7960186977821233,0.6666666666666665
1879,`` That 's not possible . '',1.072825000618134,0.2702019433296064,0.6808071321652726,0.7863864775827528,0.7297980566703935
1880,On U.S.-Japan relations : `` I 'm encouraged .,1.1949875002403862,0.23226811204890585,0.8162983545263642,0.7246199192766691,0.7677318879510941
1881,I think the earlier strident notes struck by -LCB- U.S. Commerce Secretary Robert -RCB- Mosbacher and -LCB- U.S. Trade Representative -RCB- Carla Hills have been more rounded .,1.783869175074078,0.3369333038852595,0.6123024170274997,0.7230093795066287,0.6630666961147405
1882,"I believe the U.S. is becoming more patient and circumspect , '' he said .",1.5412943652509155,0.2566334529455339,0.7425434072281757,0.7441915138745794,0.7433665470544657
1883,`` It 's the total relationship that is important . '',0.6827068185751752,0.1326868807428874,0.8990841569354387,0.8377108374518766,0.8673131192571125
1884,"The total relationship , as Mr. Lee sees it , is `` the flow of dollars to the U.S. to fund the deficits , the investments the Japanese are making in the U.S. in order to satisfy American demand that American products consumed in America should be made as much as possible in America by Americans with Japanese technology and capital . ''",2.2433918513495437,0.33528520391990224,0.6540826904538469,0.6756982625496303,0.6647147960800974
1885,"Japan 's recent political turbulence , Mr. Lee said , may mean Japan will slow market adjustments .",1.8344194449252154,0.31417941863702636,0.7385971479155371,0.6400833337217019,0.6858205813629737
1886,"`` They 'll be more timorous in tackling their own voters , like opening up more to agricultural imports from America , hurting their farmers . ''",1.9664290344370685,0.3304906470759324,0.6271354537325998,0.7180243785926267,0.6695093529240678
1887,"On U.S. military presence in Asia : Asked if his offer to allow the American military to use facilities in Singapore would help preserve America 's presence in the region at bases in the Philippines , he said , `` What we have done is make it easier for the Philippines to continue to host American bases without it being said they are lackeys of the imperialists and the only ones in Asia or in Southeast Asia .",2.3533895285492976,0.3501006995618196,0.6416174422519965,0.6583977552494134,0.6498993004381803
1888,"We are willing to share the political burden of being host to America , an imperial power .",1.612197222702993,0.2659958614833432,0.7049883582057125,0.7655108941558458,0.7340041385166567
1889,"We think it is n't such a great burden , that it carries no stigma , and we are prepared to do it . ''",2.3734063539994796,0.41392422864576295,0.5667173643544949,0.6068034732802146,0.586075771354237
1890,On U.S.-Philippine relations : `` It 's such a mixed-up relationship going back into history ... .,1.9711632355486435,0.3644181547962854,0.6090866241918823,0.6644869772874715,0.6355818452037146
1891,I really do not understand how it is that Filipinos feel so passionately involved in this father figure that they want to dispose of and yet they need .,2.6223518059373805,0.4562112604937655,0.4713712276171186,0.642496499218412,0.5437887395062344
1892,I just do n't understand it .,1.4285714285714293,0.3412623489149146,0.5467803277018796,0.8283480523167006,0.6587376510850855
1893,My relationships with the British are totally different .,0.44444444444444464,0.07538827312875093,0.8597933880952315,0.9999999999999999,0.924611726871249
1894,They lorded it over me .,0.45914791702724456,0.11353496062129774,1.0,0.7960819109658652,0.8864650393787022
1895,They did me some good .,1.6666666666666665,0.47574757765427617,0.40783617806826955,0.733680436651211,0.524252422345724
1896,They did themselves even more good .,0.6792696431662097,0.15565257401499102,0.823985545256799,0.8657411483701791,0.8443474259850089
1897,They let me down when the Japanese came down -LCB- during World War II -RCB- ... .,2.0444051471860876,0.4079245706559061,0.5544942251843056,0.6351211772420166,0.5920754293440942
1898,I do n't feel down or done in because I show British serials on my television network or read their books .,2.2938360657595505,0.41969434576855685,0.4976388666800458,0.6959086228310553,0.5803056542314428
1899,I mean it is a normal adult relationship .,1.1949875002403858,0.2807788789803992,0.6114003638760093,0.8732125948308145,0.7192211210196011
1900,"`` But the Filipinos and the Americans , when I talk to them , there 's so much passion about Filipino manhood being diminished as a result of being squatted upon by the Americans and so on .",2.6228288654054386,0.410753248741277,0.5383536394855206,0.6507668109742137,0.5892467512587228
1901,The occasional Englishman tries to put on airs but we let it pass ... .,1.8339850002884623,0.3430695426541728,0.5651673405100734,0.7842676953673056,0.656930457345827
1902,It 's just comic when they try to pretend they 're still the master race . '',1.367359558696267,0.2620375957557103,0.6822418481360475,0.8035941330852667,0.7379624042442898
1903,Mr. Lee added that the Filipinos are `` making it very difficult '' for the U.S. military presence to last beyond five or 10 years .,2.0280406135846354,0.2934383556793522,0.6703407129520627,0.7469204559677238,0.7065616443206476
1904,On military alternatives if the U.S. pulls back : `` The Soviets already are present .,1.2665414066556497,0.20318437793233662,0.8068889576657029,0.7869906996238353,0.7968156220676633
1905,"I suppose sooner or later , the Japanese would have to fill up a large part of the gap on the naval side .",1.959147917027245,0.3406248664527545,0.5565281326246576,0.8088518259409653,0.6593751335472454
1906,"Maybe the Chinese , maybe even the Indians . ''",0.4754887502163463,0.10764020309931205,1.0,0.8056404908414813,0.8923597969006879
1907,On economic consequences of a diminished U.S. presence : `` America is the only major power in recent history that has used its military might to sustain a system that enables all participants to equally benefit without her as the provider of the security taking royalties . '',3.1056787718871055,0.49518417577661095,0.47904442540695213,0.5335177525793915,0.5048158242233891
1908,"Asked why so few nations seem to share his views of America , he said , `` Many people see it that way .",1.8280959575386344,0.29114807123369923,0.7249436006863595,0.6934591221088148,0.7088519287663009
1909,But they have just taken it for granted . '',1.4754887502163467,0.285484491470758,0.6783571352010399,0.7547456055646927,0.7145155085292421
1910,On Cambodia : `` Let 's assume that -LCB- former Cambodian leader Prince Norodom -RCB- Sihanouk does what the press wants him to do and joins up with -LCB- Vietnamese-backed Cambodian leader -RCB- Hun Sen .,2.292362536884655,0.39304953684123073,0.5730979224677939,0.6450533675986487,0.6069504631587692
1911,Is the trouble over ?,0.40000000000000036,0.09425390072448082,0.8277293767706427,1.0,0.9057460992755192
1912,Can Sihanouk and Hun Sen knock off the Khmer Rouge still supported by China ?,0.7673183336217955,0.1628494563727805,0.7567433310436987,0.936676415288629,0.8371505436272193
1913,He ca n't .,2.0,1.0,0.0,1.0,0.0
1914,`` What is the way forward ?,0.8571428571428585,0.1801641173923506,0.7733901638509398,0.8722165935233486,0.8198358826076496
1915,To get the Khmer Rouge as part of a process for elections .,1.404974038960801,0.2469974343124368,0.8047491340837818,0.7075087019646574,0.7530025656875632
1916,"And when they lose , then we can expect China to stop aid .",0.7682062501545346,0.13061356484371492,0.8412410788254995,0.899480297821741,0.8693864351562854
1917,Let 's put it bluntly .,1.3333333333333333,0.42061983571430495,0.4787039713856801,0.7336804366512112,0.5793801642856952
1918,The Chinese can not be seen to have made use of the Khmer Rouge and then discard them . '',1.3754887502163458,0.21515952625685036,0.7582128279097002,0.8134064626158037,0.7848404737431492
1919,Ms. House is vice president of Dow Jones International Group .,1.773615909484267,0.4014545283434798,0.7079435385642435,0.5184324355438116,0.5985454716565201
1920,Mr. Wain is editor of The Asian Wall Street Journal .,1.0463431822115394,0.20336110502600482,0.9999999999999999,0.6620115039839014,0.796638894973995
1921,Everything looked good as neurosurgeon Walter Levy and colleagues carefully cut away a woman 's spinal tumor at the Cleveland Clinic in 1978 .,2.2040248730099896,0.36692455347586783,0.5429940117319562,0.758990131737596,0.633075446524132
1922,"Using small electrical shocks applied to her feet , they were able to monitor sensory nerves .",1.6470588235294121,0.2995807102675162,0.7317355550630233,0.6716735142377381,0.7004192897324839
1923,"The shocks generated nerve impulses that traveled via spine to brain and showed up clearly on a brain-wave monitor , indicating no damage to the delicate spinal tissue .",1.948490945747467,0.3430289048954934,0.6557509459526017,0.65819579335925,0.6569710951045065
1924,"Then , says Dr. Levy , `` she woke up paralyzed . ''",1.6245704214433658,0.3147828365040908,0.7073562037186231,0.6644218937941233,0.685217163495909
1925,"The damage was to her motor nerves , which could n't be monitored along with the sensory nerves , he explains .",1.989747159582607,0.3305214021297822,0.6608200281258882,0.6783670825506534,0.6694785978702176
1926,"The tragedy , he adds , `` galvanized me '' to look for a way to prevent similar cases .",1.6559707739381864,0.2765535174668734,0.7725348684544473,0.6802237281394603,0.7234464825331263
1927,"Dr. Levy 's answer may come with a new kind of magnetic brain probe , a device that he and dozens of U.S. researchers are studying with great hope .",2.6856703260848125,0.4608647156079487,0.5008840925876907,0.5837118096172587,0.5391352843920514
1928,"Besides holding the promise of safer spinal surgery , the probe could improve the diagnosis of brain and nerve disorders such as strokes and multiple sclerosis .",1.910511441684219,0.3379203509348221,0.6746972981611444,0.6499252666836761,0.6620796490651782
1929,"Perhaps most exciting , the device is thrusting open a window to the workings of the brain .",1.63943194468483,0.27554056917539793,0.771194550330469,0.6830650428651643,0.724459430824602
1930,"The probe , which is painless , non-invasive and apparently harmless , employs strong magnetic fields to induce small whirlwinds of electricity within the brain .",1.8036097303685041,0.2903122622138089,0.7316783230170072,0.6889804371210555,0.7096877377861912
1931,"If positioned over the brain 's motor-control area , the hand-held electromagnets generate nerve impulses that zip down motor nerves and activate muscles , making , say , a finger twitch .",1.9335668094298017,0.33373896340666326,0.6753218741998794,0.6574401196531576,0.6662610365933368
1932,"In principle , they will enable doctors to check the body 's motor system the way an electrician tests a home 's electrical circuits by running current through them .",2.5739760316291216,0.42387511169604003,0.6015834945286678,0.5527335774972982,0.57612488830396
1933,"`` Until now , we 've had no objective way of measuring motor function , '' says Keith Chiappa , a neurologist conducting clinical tests with the devices at Boston 's Massachusetts General Hospital .",2.305546344267465,0.35526722771191344,0.6452008927265473,0.644265330639347,0.6447327722880863
1934,"`` All we could do was tell a patient , ` squeeze my fingers as hard as you can ' or ` raise your arm . '",2.3356071847637163,0.40820861753889104,0.5770073516999519,0.6073529247818432,0.5917913824611091
1935,"`` Under the best circumstances such tests are subjective ; when a patient is unconscious , they do n't work at all .",2.1897620859391425,0.36975769383810103,0.5979959115997295,0.6661646383287665,0.6302423061618989
1936,"Magnetic brain tweaking started in the early 1900s , when researchers produced flashes of light in the visual field with magnets .",1.6586465907124124,0.2926118578115654,0.7968458419172423,0.6359889961373137,0.7073881421884346
1937,"In the 1960s , Mayo Clinic researchers developed magnetic devices to stimulate motor nerves in the hand and other limbs .",1.1981552123204828,0.20403876793879006,0.8100295353931581,0.7823732531503175,0.7959612320612096
1938,"But for brain tests , the unwieldy machines `` would have required patients to stand on their heads , '' says Reginald Bickford , a researcher at the University of California at San Diego .",1.3696924156342245,0.2080862840235747,0.830217754552594,0.7569882900795288,0.7919137159764251
1939,"The field took off in 1985 after scientists at Britain 's Sheffield University developed a handy , compact magnet for brain stimulation .",1.477137758740743,0.23743194649689814,0.7281921266434171,0.8003503705503628,0.7625680535031019
1940,"Since then , at least two commercial versions have been put on the U.S. market , and an estimated 500 have been sold .",1.8758145836939129,0.3010356982099738,0.6551555126841647,0.7490517211032715,0.6989643017900263
1941,"In August , a Chicago conference on such devices attracted more than 100 researchers , who reported studies on everything from brain mapping to physical therapy .",2.204658793901129,0.36694800694098073,0.6607359013361773,0.6075946295930243,0.6330519930590195
1942,"`` We do n't feel we can use -LCB- the devices -RCB- routinely in surgery yet , but we 're getting close , '' says Dr. Levy , who is now with the University of Pittsburgh .",2.2397504163047808,0.3517297014270568,0.6215173228551335,0.6774300147525931,0.648270298572943
1943,"A problem , he adds , is that anesthetized brains are more resistant to magnetic stimulation than awake ones .",1.588721875540866,0.25398685235673574,0.7918731548186713,0.705174167099111,0.7460131476432642
1944,"The devices could help indicate when surgery would help , says Charles Tator , a University of Toronto neurosurgeon .",1.6182263988300143,0.28142377506361743,0.725804090930999,0.7114908958293945,0.7185762249363826
1945,"For example , paralyzed car-crash victims occasionally have some intact spinal tissues that , if preserved by emergency surgery , enable partial recovery .",2.235364187156024,0.40825490773034356,0.5703909673564365,0.6147603029809816,0.5917450922696565
1946,But such operations typically are n't performed because there is no sign right after an injury that surgery would be beneficial .,2.4507339527678917,0.432058250637292,0.47503410103201976,0.7060272756304957,0.5679417493627079
1947,"`` The cost -LCB- of magnetic stimulators -RCB- would seem like peanuts if we could retrieve limb function '' in such people , Dr. Tator says .",2.493998530376097,0.41714454304158227,0.5747402117878856,0.5912031564260883,0.5828554569584181
1948,Scientists caution there is a chance the magnet technique might spark seizures in epileptics .,2.0176441670993586,0.36488922747918623,0.7248112622885804,0.5651673405100736,0.6351107725208135
1949,But no significant problems have been reported among hundreds of people tested with the devices .,0.9693609377704329,0.1676909641538067,0.8507045926234251,0.8146922075259241,0.8323090358461932
1950,"The main sensation , besides feeling like a puppet jerked with invisible strings , is `` like a rap on the head , '' says Sam Bridgers , a neurologist who has studied the brain stimulators at Yale University .",2.2416874221351692,0.3550655387535852,0.6810277752885153,0.6124743615607843,0.6449344612464148
1951,One apparent side effect is a minor increase in a brain hormone .,1.9399446883748936,0.4003559214781926,0.5811912634471681,0.6193070699587103,0.599644078521807
1952,And some doctors who have conducted hours of tests on themselves report temporary headaches .,0.6406426982957862,0.11495187121394916,0.8293931072394106,0.9487096876368059,0.8850481287860505
1953,"At least two companies , Cadwell Laboratories Inc. of Kennewick , Wash. , and Novametrix Medical Systems Inc. of Wallingford , Conn. , now sell versions of the magnetic devices .",1.4138124295428263,0.23906458599647928,0.8180920683549098,0.711243799136092,0.7609354140035208
1954,"The machines , which at $ 12,500 are inexpensive by medical standards , have n't been approved in the U.S. for marketing as brain stimulators but are sold for stimulating nerves in the hand , legs and other non-brain areas .",2.054501396887666,0.32171920415412747,0.635408088989835,0.727357584512332,0.6782807958458729
1955,Researchers can apply for permission to use the probes for brain studies .,1.3545877288028327,0.24942200369705808,0.8153623217279753,0.6953307379890604,0.7505779963029421
1956,"At the University of Kentucky , a team led by Dean Currier , a physical therapy researcher , is testing the stimulators in conjunction with electric shocks to induce muscle contractions to help prevent wasting of thigh muscles after knee surgery .",2.1634626787557325,0.3605053968884246,0.676618397820328,0.6062326401622542,0.6394946031115752
1957,"Similarly , a Purdue University team led by heart researcher W.A. Tacker hopes to develop ways to magnetically induce cardiac muscle contractions .",1.586531521551004,0.2752440475466116,0.7220858637538975,0.7274458610509422,0.7247559524533885
1958,"The devices might someday serve as temporary pacemakers or restarters for stopped hearts , says Dr. Tacker , whose prototype was dubbed the `` Tacker whacker . ''",1.7228153913402684,0.2665525744092876,0.7479531621640566,0.7194936306207355,0.7334474255907126
1959,"The devices ' most remarkable possibilities , though , involve the brain .",1.0972817312684926,0.20393597120788665,0.8047491340837819,0.7875643866891722,0.7960640287921134
1960,"Probing with the stimulators , National Institutes of Health scientists recently showed how the brain reorganizes motor-control resources after an amputation .",1.4552732923183411,0.24784141510204016,0.7653277458739194,0.7394349666063313,0.7521585848979597
1961,Similar studies are expected to reveal how stroke patients ' brains regroup -- a first step toward finding ways to bolster that process and speed rehabilitation .,2.2018151685749934,0.39350377464353037,0.591233129612344,0.6225682593369469,0.6064962253564696
1962,Scientists also are exploring memory and perception with the new machines .,1.0629072918469564,0.18409515009462638,0.8071109565801321,0.8248924821931785,0.8159048499053736
1963,"At the State University of New York at Brooklyn , researchers flash two groups of different letters on a computer screen in front of human guinea pigs .",2.149837759110235,0.4171914729231198,0.5732641604756505,0.5926760859264875,0.5828085270768801
1964,"Between flashes , certain areas in subjects ' brains are jolted with a magnetic stimulator .",1.194963467422733,0.21511352093094666,0.7993630618349075,0.7709249153243705,0.784886479069053
1965,"When the jolt is timed just right , the subjects do n't recall seeing the first group of letters .",1.5509775004326931,0.28372859125198563,0.6506865896793123,0.7965592032932233,0.7162714087480141
1966,`` Where does that first stimulus go ? '' exclaims SUNY neurologist Paul Maccabee .,1.6830074998557687,0.32179124922938446,0.6357068256932281,0.7268010288892823,0.6782087507706154
1967,"`` Trying to answer that is suggesting all kinds of theories , '' such as precisely where and how the brain processes incoming signals from the eyes .",2.2133631589656098,0.3410272031802976,0.6404867821201431,0.6785576292615277,0.6589727968197024
1968,He and others say that the machines are weak enough that they do n't jeopardize the memory .,1.6596834989404003,0.2661573885275987,0.6916057949049705,0.7815738348663417,0.7338426114724012
1969,"Both the SUNY team and researchers at the National Magnet Laboratory in Cambridge , Mass. , are working with more potent magnetic brain stimulators .",1.4389667380414828,0.25752984891608577,0.6794580337290399,0.81836426450066,0.7424701510839141
1970,"Among other things , the stronger devices may be able to summon forth half-forgotten memories and induce mood changes , neurologists say .",1.6965021742892983,0.2718099622285871,0.7711655142717203,0.6897515925749267,0.7281900377714128
1971,"Du Pont Co. , Hewlett-Packard Co. and Los Alamos National Laboratory said they signed a three-year , $ 11 million agreement to collaborate on superconductor research .",1.1140074086894645,0.1804485658251811,0.817148190178987,0.8219688558141716,0.819551434174819
1972,"The collaboration will include at least 25 researchers and will be aimed primarily at developing thin films of high-temperature superconductors for use in electronics , the companies said .",1.707785773632085,0.26523051572317924,0.7479353713723204,0.7220590965806011,0.734769484276821
1973,"The materials , discovered during the past three years , conduct electricity without resistance and promise smaller , faster computers and other new technologies .",1.6487712379549446,0.2785952858995205,0.7599793718927356,0.6865568028237391,0.7214047141004797
1974,"Joint-research programs have proliferated as U.S. companies seek to spread the risks and costs of commercializing new superconductors and to meet the challenges posed by foreign consortia , especially in Japan .",1.70454179512451,0.2697121394412718,0.6961004899997072,0.7680067408322793,0.7302878605587282
1975,The latest research pact bolsters Du Pont 's growing portfolio of investments in superconductors .,1.440642698295787,0.2714878633988004,0.707272224845873,0.751067245447875,0.7285121366011996
1976,"The Wilmington , Del. , chemicals concern previously signed research superconductor agreements with Oak Ridge National Laboratory and with Argonne National Laboratory .",1.10429242491116,0.2316842346979255,0.7369255467371257,0.8024991702099609,0.7683157653020745
1977,"Last year , Du Pont agreed to pay $ 4.5 million for rights to superconductor work at the University of Houston .",1.5574846593859268,0.24838405842178052,0.7611912997121358,0.7422784958720379,0.7516159415782193
1978,"Hewlett-Packard is a Palo Alto , Calif. , computer maker .",0.9331511369536729,0.2453147109110164,0.6776762937451775,0.8514402748659147,0.7546852890889835
1979,The Los Alamos laboratory is one of three U.S. Department of Energy national laboratories designed as pilot centers to foster joint industry-government programs to speed the transfer of new superconductors to the marketplace .,2.3897041519876367,0.42066014034428173,0.5539564074195277,0.6071612710841395,0.5793398596557181
1980,"J.C. PENNEY Co. , Dallas , said it issued $ 350 million of securities backed by credit-card receivables .",1.785060366362822,0.3325264902534335,0.6251995214472347,0.7158789504702976,0.6674735097465665
1981,The offering was priced with an 8.95 % coupon rate at 99.1875 % to yield 9.19 % .,0.9580618054353636,0.16527352305523368,0.7947747005300438,0.8789074424519187,0.8347264769447665
1982,The retailer said the securities are expected to be rated triple-A by Standard & Poor 's Corp. and Aaa by Moody 's Investors Service Inc .,1.9048379782819396,0.3116846960773152,0.6747134900337061,0.7024768094575566,0.6883153039226847
1983,"They pay interest only for 115 months , with principal payments beginning thereafter .",0.6792696431662106,0.12334952424750416,0.8334104286113816,0.9246229242101136,0.876650475752496
1984,"The expected average life of the certificates is 10 years , with the final scheduled payment in October , 2001 .",0.9056928575549463,0.15344780854748546,0.874782829524265,0.8200866852520744,0.8465521914525144
1985,First Boston Corp. is sole underwriter .,1.0728250006181335,0.2702019433296063,0.6808071321652726,0.7863864775827529,0.7297980566703935
1986,"As part of the transaction , J.C. Penney will sell a portion of its credit-card receivables to its JCP Receivables Inc. unit , which will then transfer them to a master trust .",1.5840534806474764,0.25992963034072986,0.7614066633371604,0.7198972609677905,0.7400703696592704
1987,The trust will issue the certificates .,0.5714285714285712,0.1133049180745301,1.0,0.7964530359382731,0.8866950819254699
1988,"Credit support will be provided by a letter of credit facility from Credit Suisse in favor of the trustee , Fuji Bank & Trust Co. , for the benefit of the certificate holders .",2.2218176431274683,0.3836636542730378,0.6754028444762413,0.566770178902163,0.6163363457269622
1989,J.C. Penney will continue to service the receivables .,0.2222222222222232,0.03917064001854877,1.0,0.924611726871249,0.9608293599814514
1990,"Battle-tested Japanese industrial managers here always buck up nervous newcomers with the tale of the first of their countrymen to visit Mexico , a boatload of samurai warriors blown ashore 375 years ago .",2.206249260392739,0.3539736033398306,0.6189484443888718,0.6755819703333494,0.6460263966601693
1991,"`` From the beginning , it took a man with extraordinary qualities to succeed in Mexico , '' says Kimihide Takimura , president of Mitsui group 's Kensetsu Engineering Inc. unit .",2.0087710917966852,0.31666875077090656,0.749181612803637,0.6281216224810214,0.6833312492290935
1992,"Here in this new center for Japanese assembly plants just across the border from San Diego , turnover is dizzying , infrastructure shoddy , bureaucracy intense .",1.7639130705718644,0.3030811796210469,0.7289097323831867,0.6676179269951836,0.696918820378953
